filename,class_id,class_name,cc_count,significant_cc,main_ratio,voxel_count
103.nii.img.nii.gz,1,Myocardium,1,1,1.0,1709500
103.nii.img.nii.gz,2,LA,1,1,1.0,1245030
103.nii.img.nii.gz,3,LV,1,1,1.0,1517651
103.nii.img.nii.gz,4,RA,1,1,1.0,1688159
103.nii.img.nii.gz,5,RV,1,1,1.0,1729721
103.nii.img.nii.gz,6,Aorta,2,2,0.537112411344775,1034344
103.nii.img.nii.gz,7,PA,2,2,0.7464129679277133,161136
103.nii.img.nii.gz,8,LAA,1,1,1.0,84921
103.nii.img.nii.gz,9,Coronary,2,2,0.5982656895098502,69999
103.nii.img.nii.gz,10,PV,3,3,0.43155705395930827,298095
101.nii.img.nii.gz,1,Myocardium,1,1,1.0,1320565
101.nii.img.nii.gz,2,LA,1,1,1.0,1157309
101.nii.img.nii.gz,3,LV,1,1,1.0,1233031
101.nii.img.nii.gz,4,RA,1,1,1.0,1041463
101.nii.img.nii.gz,5,RV,1,1,1.0,1697195
101.nii.img.nii.gz,6,Aorta,2,2,0.5714658023859165,1020656
101.nii.img.nii.gz,7,PA,2,1,0.9869515255612593,411619
101.nii.img.nii.gz,8,LAA,1,1,1.0,82232
101.nii.img.nii.gz,9,Coronary,2,2,0.5762201245229965,74685
101.nii.img.nii.gz,10,PV,3,3,0.4907057270812943,269736
102.nii.img.nii.gz,1,Myocardium,1,1,1.0,1645726
102.nii.img.nii.gz,2,LA,1,1,1.0,909029
102.nii.img.nii.gz,3,LV,1,1,1.0,1289971
102.nii.img.nii.gz,4,RA,1,1,1.0,1064374
102.nii.img.nii.gz,5,RV,1,1,1.0,1870027
102.nii.img.nii.gz,6,Aorta,2,2,0.5181008703668402,1405844
102.nii.img.nii.gz,7,PA,2,1,0.9885357141800254,337919
102.nii.img.nii.gz,8,LAA,1,1,1.0,113165
102.nii.img.nii.gz,9,Coronary,2,2,0.5233406973393526,62466
102.nii.img.nii.gz,10,PV,3,3,0.5615403517393899,284870
1000.nii.img.nii.gz,1,Myocardium,1,1,1.0,1801303
1000.nii.img.nii.gz,2,LA,1,1,1.0,1155669
1000.nii.img.nii.gz,3,LV,1,1,1.0,1973757
1000.nii.img.nii.gz,4,RA,1,1,1.0,1260990
1000.nii.img.nii.gz,5,RV,1,1,1.0,2670646
1000.nii.img.nii.gz,6,Aorta,2,2,0.5357394085963534,1363299
1000.nii.img.nii.gz,7,PA,2,2,0.8789571853565469,468578
1000.nii.img.nii.gz,8,LAA,1,1,1.0,174562
1000.nii.img.nii.gz,9,Coronary,2,2,0.5491575352032201,78757
1000.nii.img.nii.gz,10,PV,3,3,0.5112496604033022,360722
104.nii.img.nii.gz,1,Myocardium,1,1,1.0,1791474
104.nii.img.nii.gz,2,LA,1,1,1.0,1148337
104.nii.img.nii.gz,3,LV,1,1,1.0,1510902
104.nii.img.nii.gz,4,RA,1,1,1.0,1310969
104.nii.img.nii.gz,5,RV,1,1,1.0,1974210
104.nii.img.nii.gz,6,Aorta,2,2,0.5105869905528618,1943234
104.nii.img.nii.gz,7,PA,1,1,1.0,794554
104.nii.img.nii.gz,8,LAA,1,1,1.0,106967
104.nii.img.nii.gz,9,Coronary,2,2,0.6374951441224458,64355
104.nii.img.nii.gz,10,PV,3,3,0.4686814190375834,355875
100.nii.img.nii.gz,1,Myocardium,1,1,1.0,1997813
100.nii.img.nii.gz,2,LA,1,1,1.0,1387127
100.nii.img.nii.gz,3,LV,1,1,1.0,1724295
100.nii.img.nii.gz,4,RA,1,1,1.0,1576161
100.nii.img.nii.gz,5,RV,1,1,1.0,2210633
100.nii.img.nii.gz,6,Aorta,2,2,0.540369774870749,1645055
100.nii.img.nii.gz,7,PA,2,1,0.9874075655467228,594881
100.nii.img.nii.gz,8,LAA,1,1,1.0,254659
100.nii.img.nii.gz,9,Coronary,2,2,0.6717706918648023,104558
100.nii.img.nii.gz,10,PV,3,3,0.5419311445391819,391022
1.nii.img.nii.gz,1,Myocardium,1,1,1.0,1759668
1.nii.img.nii.gz,2,LA,1,1,1.0,1118294
1.nii.img.nii.gz,3,LV,1,1,1.0,1584805
1.nii.img.nii.gz,4,RA,1,1,1.0,1105996
1.nii.img.nii.gz,5,RV,1,1,1.0,2061870
1.nii.img.nii.gz,6,Aorta,2,2,0.5411940684737737,2287708
1.nii.img.nii.gz,7,PA,1,1,1.0,988763
1.nii.img.nii.gz,8,LAA,1,1,1.0,116916
1.nii.img.nii.gz,9,Coronary,2,2,0.5775510204081633,77910
1.nii.img.nii.gz,10,PV,3,3,0.5243466447391941,335652
10.nii.img.nii.gz,1,Myocardium,1,1,1.0,1879743
10.nii.img.nii.gz,2,LA,1,1,1.0,1117974
10.nii.img.nii.gz,3,LV,1,1,1.0,1924953
10.nii.img.nii.gz,4,RA,1,1,1.0,1186107
10.nii.img.nii.gz,5,RV,1,1,1.0,2631242
10.nii.img.nii.gz,6,Aorta,2,2,0.5171304563714625,1671555
10.nii.img.nii.gz,7,PA,1,1,1.0,944946
10.nii.img.nii.gz,8,LAA,1,1,1.0,242598
10.nii.img.nii.gz,9,Coronary,2,2,0.5193447719811135,86199
10.nii.img.nii.gz,10,PV,2,2,0.5054660200343082,472190
105.nii.img.nii.gz,1,Myocardium,1,1,1.0,2015210
105.nii.img.nii.gz,2,LA,1,1,1.0,2331747
105.nii.img.nii.gz,3,LV,1,1,1.0,2149073
105.nii.img.nii.gz,4,RA,1,1,1.0,2988440
105.nii.img.nii.gz,5,RV,1,1,1.0,2841696
105.nii.img.nii.gz,6,Aorta,2,2,0.586063693770191,2459016
105.nii.img.nii.gz,7,PA,2,2,0.9403021891859827,851321
105.nii.img.nii.gz,8,LAA,1,1,1.0,319265
105.nii.img.nii.gz,9,Coronary,2,2,0.5714457132572046,100006
105.nii.img.nii.gz,10,PV,2,2,0.6080827621744722,457987
106.nii.img.nii.gz,1,Myocardium,1,1,1.0,1510838
106.nii.img.nii.gz,2,LA,1,1,1.0,706086
106.nii.img.nii.gz,3,LV,1,1,1.0,1677943
106.nii.img.nii.gz,4,RA,1,1,1.0,1035671
106.nii.img.nii.gz,5,RV,1,1,1.0,1892389
106.nii.img.nii.gz,6,Aorta,2,2,0.5911937579809209,1065040
106.nii.img.nii.gz,7,PA,2,2,0.7027266430175689,238205
106.nii.img.nii.gz,8,LAA,1,1,1.0,127584
106.nii.img.nii.gz,9,Coronary,2,2,0.6375680669000389,123408
106.nii.img.nii.gz,10,PV,2,2,0.5553872318982079,317510
107.nii.img.nii.gz,1,Myocardium,1,1,1.0,1667316
107.nii.img.nii.gz,2,LA,1,1,1.0,1145267
107.nii.img.nii.gz,3,LV,1,1,1.0,1735304
107.nii.img.nii.gz,4,RA,1,1,1.0,1733781
107.nii.img.nii.gz,5,RV,1,1,1.0,2439612
107.nii.img.nii.gz,6,Aorta,2,2,0.5526607259060545,1505980
107.nii.img.nii.gz,7,PA,1,1,1.0,836875
107.nii.img.nii.gz,8,LAA,1,1,1.0,196549
107.nii.img.nii.gz,9,Coronary,2,2,0.5061016393028861,79241
107.nii.img.nii.gz,10,PV,2,2,0.516774725597027,289811
108.nii.img.nii.gz,1,Myocardium,1,1,1.0,1675483
108.nii.img.nii.gz,2,LA,1,1,1.0,1504704
108.nii.img.nii.gz,3,LV,1,1,1.0,1865207
108.nii.img.nii.gz,4,RA,1,1,1.0,1638701
108.nii.img.nii.gz,5,RV,1,1,1.0,2179130
108.nii.img.nii.gz,6,Aorta,2,2,0.6017738221746202,2387387
108.nii.img.nii.gz,7,PA,1,1,1.0,1019431
108.nii.img.nii.gz,8,LAA,1,1,1.0,160629
108.nii.img.nii.gz,9,Coronary,2,2,0.5072623475213126,65337
108.nii.img.nii.gz,10,PV,2,2,0.5138196985889601,414517
109.nii.img.nii.gz,1,Myocardium,1,1,1.0,1312555
109.nii.img.nii.gz,2,LA,1,1,1.0,777661
109.nii.img.nii.gz,3,LV,1,1,1.0,1506805
109.nii.img.nii.gz,4,RA,1,1,1.0,1537428
109.nii.img.nii.gz,5,RV,1,1,1.0,2061238
109.nii.img.nii.gz,6,Aorta,2,2,0.5593882832457965,1321919
109.nii.img.nii.gz,7,PA,1,1,1.0,563051
109.nii.img.nii.gz,8,LAA,1,1,1.0,119420
109.nii.img.nii.gz,9,Coronary,2,2,0.5571331587624867,51555
109.nii.img.nii.gz,10,PV,2,2,0.5533967215462098,363159
11.nii.img.nii.gz,1,Myocardium,1,1,1.0,1355364
11.nii.img.nii.gz,2,LA,1,1,1.0,726819
11.nii.img.nii.gz,3,LV,1,1,1.0,1594959
11.nii.img.nii.gz,4,RA,1,1,1.0,1152399
11.nii.img.nii.gz,5,RV,1,1,1.0,1947036
11.nii.img.nii.gz,6,Aorta,2,2,0.555420985812862,1198057
11.nii.img.nii.gz,7,PA,1,1,1.0,665362
11.nii.img.nii.gz,8,LAA,1,1,1.0,173669
11.nii.img.nii.gz,9,Coronary,2,2,0.5000593800720479,50522
11.nii.img.nii.gz,10,PV,2,2,0.5041497467574145,314718
112.nii.img.nii.gz,1,Myocardium,1,1,1.0,1873993
112.nii.img.nii.gz,2,LA,1,1,1.0,948694
112.nii.img.nii.gz,3,LV,1,1,1.0,2345347
112.nii.img.nii.gz,4,RA,1,1,1.0,1275056
112.nii.img.nii.gz,5,RV,1,1,1.0,2537253
112.nii.img.nii.gz,6,Aorta,2,2,0.6158740424029353,1042192
112.nii.img.nii.gz,7,PA,2,2,0.6461166498843681,180746
112.nii.img.nii.gz,8,LAA,1,1,1.0,189640
112.nii.img.nii.gz,9,Coronary,2,2,0.5194495258520995,95118
112.nii.img.nii.gz,10,PV,2,2,0.5373718708710358,309551
111.nii.img.nii.gz,1,Myocardium,1,1,1.0,1747808
111.nii.img.nii.gz,2,LA,1,1,1.0,1110607
111.nii.img.nii.gz,3,LV,1,1,1.0,2156566
111.nii.img.nii.gz,4,RA,1,1,1.0,1979173
111.nii.img.nii.gz,5,RV,1,1,1.0,2542267
111.nii.img.nii.gz,6,Aorta,2,2,0.519012617201065,1589576
111.nii.img.nii.gz,7,PA,1,1,1.0,680227
111.nii.img.nii.gz,8,LAA,1,1,1.0,224024
111.nii.img.nii.gz,9,Coronary,2,2,0.7571039646077931,82278
111.nii.img.nii.gz,10,PV,2,2,0.571137058644148,350879
110.nii.img.nii.gz,1,Myocardium,1,1,1.0,1787572
110.nii.img.nii.gz,2,LA,1,1,1.0,1522130
110.nii.img.nii.gz,3,LV,1,1,1.0,2031119
110.nii.img.nii.gz,4,RA,1,1,1.0,1636550
110.nii.img.nii.gz,5,RV,1,1,1.0,2265494
110.nii.img.nii.gz,6,Aorta,2,2,0.5071402264901832,1664443
110.nii.img.nii.gz,7,PA,1,1,1.0,962206
110.nii.img.nii.gz,8,LAA,1,1,1.0,232920
110.nii.img.nii.gz,9,Coronary,2,2,0.563610322716283,76104
110.nii.img.nii.gz,10,PV,2,2,0.5903810003910354,424514
116.nii.img.nii.gz,1,Myocardium,1,1,1.0,1504407
116.nii.img.nii.gz,2,LA,1,1,1.0,1220367
116.nii.img.nii.gz,3,LV,1,1,1.0,1518341
116.nii.img.nii.gz,4,RA,1,1,1.0,1553898
116.nii.img.nii.gz,5,RV,1,1,1.0,1813513
116.nii.img.nii.gz,6,Aorta,2,2,0.5629981740825952,1242663
116.nii.img.nii.gz,7,PA,2,1,0.9764404767411382,64857
116.nii.img.nii.gz,8,LAA,1,1,1.0,75016
116.nii.img.nii.gz,9,Coronary,3,2,0.6528980592654424,76672
116.nii.img.nii.gz,10,PV,2,2,0.5589825362326755,183122
115.nii.img.nii.gz,1,Myocardium,1,1,1.0,2648683
115.nii.img.nii.gz,2,LA,1,1,1.0,1217775
115.nii.img.nii.gz,3,LV,1,1,1.0,2782471
115.nii.img.nii.gz,4,RA,1,1,1.0,1150535
115.nii.img.nii.gz,5,RV,1,1,1.0,2692453
115.nii.img.nii.gz,6,Aorta,2,2,0.5455556507862656,1470114
115.nii.img.nii.gz,7,PA,1,1,1.0,827472
115.nii.img.nii.gz,8,LAA,1,1,1.0,188653
115.nii.img.nii.gz,9,Coronary,2,2,0.5201918706189144,83598
115.nii.img.nii.gz,10,PV,3,3,0.5248478281954896,422713
114.nii.img.nii.gz,1,Myocardium,1,1,1.0,1270263
114.nii.img.nii.gz,2,LA,1,1,1.0,1151180
114.nii.img.nii.gz,3,LV,1,1,1.0,1117947
114.nii.img.nii.gz,4,RA,1,1,1.0,1375924
114.nii.img.nii.gz,5,RV,1,1,1.0,1428492
114.nii.img.nii.gz,6,Aorta,2,2,0.577201331663619,1103582
114.nii.img.nii.gz,7,PA,1,1,1.0,771408
114.nii.img.nii.gz,8,LAA,1,1,1.0,175181
114.nii.img.nii.gz,9,Coronary,2,2,0.8061545372866128,57876
114.nii.img.nii.gz,10,PV,3,3,0.41638086563556426,285455
113.nii.img.nii.gz,1,Myocardium,1,1,1.0,1688964
113.nii.img.nii.gz,2,LA,1,1,1.0,1156886
113.nii.img.nii.gz,3,LV,1,1,1.0,1452116
113.nii.img.nii.gz,4,RA,1,1,1.0,1163056
113.nii.img.nii.gz,5,RV,1,1,1.0,1942650
113.nii.img.nii.gz,6,Aorta,2,2,0.5406999306302592,1989340
113.nii.img.nii.gz,7,PA,1,1,1.0,667624
113.nii.img.nii.gz,8,LAA,1,1,1.0,73994
113.nii.img.nii.gz,9,Coronary,2,2,0.6274401127289807,106450
113.nii.img.nii.gz,10,PV,3,3,0.60959156987924,390030
118.nii.img.nii.gz,1,Myocardium,1,1,1.0,2198692
118.nii.img.nii.gz,2,LA,1,1,1.0,1439520
118.nii.img.nii.gz,3,LV,1,1,1.0,1922327
118.nii.img.nii.gz,4,RA,1,1,1.0,1569184
118.nii.img.nii.gz,5,RV,1,1,1.0,2525447
118.nii.img.nii.gz,6,Aorta,2,2,0.5198211521926054,2035250
118.nii.img.nii.gz,7,PA,1,1,1.0,1118327
118.nii.img.nii.gz,8,LAA,1,1,1.0,117451
118.nii.img.nii.gz,9,Coronary,2,2,0.5932809089146797,118647
118.nii.img.nii.gz,10,PV,3,3,0.4326533860666447,452339
120.nii.img.nii.gz,1,Myocardium,1,1,1.0,1522263
120.nii.img.nii.gz,2,LA,1,1,1.0,1019568
120.nii.img.nii.gz,3,LV,1,1,1.0,1681224
120.nii.img.nii.gz,4,RA,1,1,1.0,1305165
120.nii.img.nii.gz,5,RV,1,1,1.0,2105169
120.nii.img.nii.gz,6,Aorta,2,2,0.5041554144372077,1290485
120.nii.img.nii.gz,7,PA,1,1,1.0,676841
120.nii.img.nii.gz,8,LAA,1,1,1.0,108855
120.nii.img.nii.gz,9,Coronary,2,2,0.516472565264968,51176
120.nii.img.nii.gz,10,PV,2,2,0.5050414908187232,322722
117.nii.img.nii.gz,1,Myocardium,1,1,1.0,1413191
117.nii.img.nii.gz,2,LA,1,1,1.0,926129
117.nii.img.nii.gz,3,LV,1,1,1.0,1324767
117.nii.img.nii.gz,4,RA,1,1,1.0,1190856
117.nii.img.nii.gz,5,RV,1,1,1.0,1801464
117.nii.img.nii.gz,6,Aorta,2,2,0.539334691679951,1894460
117.nii.img.nii.gz,7,PA,1,1,1.0,781504
117.nii.img.nii.gz,8,LAA,1,1,1.0,136582
117.nii.img.nii.gz,9,Coronary,1,1,1.0,133434
117.nii.img.nii.gz,10,PV,2,2,0.5440452430273289,370267
121.nii.img.nii.gz,1,Myocardium,1,1,1.0,1757583
121.nii.img.nii.gz,2,LA,1,1,1.0,989071
121.nii.img.nii.gz,3,LV,1,1,1.0,1980739
121.nii.img.nii.gz,4,RA,1,1,1.0,1343446
121.nii.img.nii.gz,5,RV,1,1,1.0,2310782
121.nii.img.nii.gz,6,Aorta,2,2,0.5893207308056206,1267259
121.nii.img.nii.gz,7,PA,1,1,1.0,589823
121.nii.img.nii.gz,8,LAA,1,1,1.0,139508
121.nii.img.nii.gz,9,Coronary,2,2,0.6944373284537969,54650
121.nii.img.nii.gz,10,PV,2,2,0.5408234383066598,309920
122.nii.img.nii.gz,1,Myocardium,1,1,1.0,1771087
122.nii.img.nii.gz,2,LA,1,1,1.0,1142685
122.nii.img.nii.gz,3,LV,1,1,1.0,1294656
122.nii.img.nii.gz,4,RA,1,1,1.0,1228773
122.nii.img.nii.gz,5,RV,1,1,1.0,1873839
122.nii.img.nii.gz,6,Aorta,2,2,0.5601256159989804,1506496
122.nii.img.nii.gz,7,PA,1,1,1.0,613294
122.nii.img.nii.gz,8,LAA,1,1,1.0,161434
122.nii.img.nii.gz,9,Coronary,2,2,0.587219797170895,60938
122.nii.img.nii.gz,10,PV,2,2,0.5868164869122797,378943
12.nii.img.nii.gz,1,Myocardium,1,1,1.0,1322471
12.nii.img.nii.gz,2,LA,1,1,1.0,1172835
12.nii.img.nii.gz,3,LV,1,1,1.0,1488383
12.nii.img.nii.gz,4,RA,1,1,1.0,1501786
12.nii.img.nii.gz,5,RV,1,1,1.0,1909440
12.nii.img.nii.gz,6,Aorta,2,2,0.510673192851551,1721884
12.nii.img.nii.gz,7,PA,1,1,1.0,928412
12.nii.img.nii.gz,8,LAA,1,1,1.0,166993
12.nii.img.nii.gz,9,Coronary,2,2,0.5066915058285276,73003
12.nii.img.nii.gz,10,PV,2,2,0.5339691144654714,321704
119.nii.img.nii.gz,1,Myocardium,1,1,1.0,1586312
119.nii.img.nii.gz,2,LA,1,1,1.0,1102999
119.nii.img.nii.gz,3,LV,1,1,1.0,1379938
119.nii.img.nii.gz,4,RA,1,1,1.0,1183614
119.nii.img.nii.gz,5,RV,1,1,1.0,1845944
119.nii.img.nii.gz,6,Aorta,2,2,0.5171437260227189,2084786
119.nii.img.nii.gz,7,PA,1,1,1.0,984753
119.nii.img.nii.gz,8,LAA,1,1,1.0,135606
119.nii.img.nii.gz,9,Coronary,2,2,0.5330980734991524,93797
119.nii.img.nii.gz,10,PV,3,3,0.49799038780500976,259254
123.nii.img.nii.gz,1,Myocardium,1,1,1.0,1463094
123.nii.img.nii.gz,2,LA,1,1,1.0,810363
123.nii.img.nii.gz,3,LV,1,1,1.0,1453838
123.nii.img.nii.gz,4,RA,1,1,1.0,1022509
123.nii.img.nii.gz,5,RV,1,1,1.0,1833847
123.nii.img.nii.gz,6,Aorta,2,2,0.5510764941375156,1353607
123.nii.img.nii.gz,7,PA,1,1,1.0,580336
123.nii.img.nii.gz,8,LAA,1,1,1.0,199084
123.nii.img.nii.gz,9,Coronary,2,2,0.5790166228055564,60038
123.nii.img.nii.gz,10,PV,2,2,0.5168343412749425,281597
124.nii.img.nii.gz,1,Myocardium,1,1,1.0,1263179
124.nii.img.nii.gz,2,LA,1,1,1.0,1282627
124.nii.img.nii.gz,3,LV,1,1,1.0,1274754
124.nii.img.nii.gz,4,RA,1,1,1.0,1621834
124.nii.img.nii.gz,5,RV,1,1,1.0,1800995
124.nii.img.nii.gz,6,Aorta,2,2,0.517707527667207,1746743
124.nii.img.nii.gz,7,PA,2,1,0.9787731356126296,467191
124.nii.img.nii.gz,8,LAA,1,1,1.0,245775
124.nii.img.nii.gz,9,Coronary,2,2,0.5333272238514174,65472
124.nii.img.nii.gz,10,PV,2,2,0.5188122938010071,287950
125.nii.img.nii.gz,1,Myocardium,1,1,1.0,1622579
125.nii.img.nii.gz,2,LA,1,1,1.0,1340427
125.nii.img.nii.gz,3,LV,1,1,1.0,1479990
125.nii.img.nii.gz,4,RA,1,1,1.0,935048
125.nii.img.nii.gz,5,RV,1,1,1.0,1337686
125.nii.img.nii.gz,6,Aorta,2,2,0.5781494334954084,2198570
125.nii.img.nii.gz,7,PA,1,1,1.0,993409
125.nii.img.nii.gz,8,LAA,1,1,1.0,286765
125.nii.img.nii.gz,9,Coronary,2,2,0.5263862406348105,103842
125.nii.img.nii.gz,10,PV,2,2,0.535856231336069,279282
127.nii.img.nii.gz,1,Myocardium,1,1,1.0,1565745
127.nii.img.nii.gz,2,LA,1,1,1.0,590398
127.nii.img.nii.gz,3,LV,1,1,1.0,1733925
127.nii.img.nii.gz,4,RA,1,1,1.0,919202
127.nii.img.nii.gz,5,RV,1,1,1.0,2201684
127.nii.img.nii.gz,6,Aorta,2,2,0.5433598664670711,795609
127.nii.img.nii.gz,7,PA,2,2,0.8819600915376994,283599
127.nii.img.nii.gz,8,LAA,1,1,1.0,67651
127.nii.img.nii.gz,9,Coronary,2,2,0.507505013470537,49367
127.nii.img.nii.gz,10,PV,3,3,0.5023466115210038,285305
128.nii.img.nii.gz,1,Myocardium,1,1,1.0,1658866
128.nii.img.nii.gz,2,LA,1,1,1.0,918851
128.nii.img.nii.gz,3,LV,1,1,1.0,1754357
128.nii.img.nii.gz,4,RA,1,1,1.0,1230524
128.nii.img.nii.gz,5,RV,1,1,1.0,1887052
128.nii.img.nii.gz,6,Aorta,2,2,0.631060189581355,1200540
128.nii.img.nii.gz,7,PA,2,2,0.940757268732497,439210
128.nii.img.nii.gz,8,LAA,1,1,1.0,114239
128.nii.img.nii.gz,9,Coronary,2,2,0.5170146281162008,58244
128.nii.img.nii.gz,10,PV,3,3,0.4948524248395711,411553
126.nii.img.nii.gz,1,Myocardium,1,1,1.0,1484943
126.nii.img.nii.gz,2,LA,1,1,1.0,1059181
126.nii.img.nii.gz,3,LV,1,1,1.0,1463163
126.nii.img.nii.gz,4,RA,1,1,1.0,1304260
126.nii.img.nii.gz,5,RV,1,1,1.0,1973153
126.nii.img.nii.gz,6,Aorta,2,2,0.5646993255688431,1365447
126.nii.img.nii.gz,7,PA,2,2,0.8896162448669926,482417
126.nii.img.nii.gz,8,LAA,1,1,1.0,91313
126.nii.img.nii.gz,9,Coronary,3,2,0.5063135261923377,102320
126.nii.img.nii.gz,10,PV,2,2,0.5241494131059083,299117
13.nii.img.nii.gz,1,Myocardium,1,1,1.0,1329578
13.nii.img.nii.gz,2,LA,1,1,1.0,1314855
13.nii.img.nii.gz,3,LV,1,1,1.0,651312
13.nii.img.nii.gz,4,RA,1,1,1.0,1383972
13.nii.img.nii.gz,5,RV,1,1,1.0,1037181
13.nii.img.nii.gz,6,Aorta,2,2,0.5419196322010855,1156284
13.nii.img.nii.gz,7,PA,2,1,0.9941703838971384,387161
13.nii.img.nii.gz,8,LAA,1,1,1.0,153610
13.nii.img.nii.gz,9,Coronary,2,2,0.6331113813520464,100322
13.nii.img.nii.gz,10,PV,2,2,0.5487325760621901,238752
129.nii.img.nii.gz,1,Myocardium,1,1,1.0,1527881
129.nii.img.nii.gz,2,LA,1,1,1.0,1167216
129.nii.img.nii.gz,3,LV,1,1,1.0,1405202
129.nii.img.nii.gz,4,RA,1,1,1.0,1309724
129.nii.img.nii.gz,5,RV,1,1,1.0,1931910
129.nii.img.nii.gz,6,Aorta,2,2,0.5215282920691905,1816145
129.nii.img.nii.gz,7,PA,1,1,1.0,855945
129.nii.img.nii.gz,8,LAA,1,1,1.0,92070
129.nii.img.nii.gz,9,Coronary,2,2,0.5542479195131039,96612
129.nii.img.nii.gz,10,PV,2,2,0.5381636898756637,287446
131.nii.img.nii.gz,1,Myocardium,1,1,1.0,1433245
131.nii.img.nii.gz,2,LA,1,1,1.0,1003945
131.nii.img.nii.gz,3,LV,1,1,1.0,1648799
131.nii.img.nii.gz,4,RA,1,1,1.0,1070431
131.nii.img.nii.gz,5,RV,1,1,1.0,1725809
131.nii.img.nii.gz,6,Aorta,2,2,0.5866321393407165,1507212
131.nii.img.nii.gz,7,PA,2,2,0.9061733383947851,489978
131.nii.img.nii.gz,8,LAA,1,1,1.0,114871
131.nii.img.nii.gz,9,Coronary,2,2,0.7466677962272676,70824
131.nii.img.nii.gz,10,PV,2,2,0.5010433613920917,282740
134.nii.img.nii.gz,1,Myocardium,1,1,1.0,1461211
134.nii.img.nii.gz,2,LA,1,1,1.0,991280
134.nii.img.nii.gz,3,LV,1,1,1.0,1328487
134.nii.img.nii.gz,4,RA,1,1,1.0,723028
134.nii.img.nii.gz,5,RV,1,1,1.0,1565770
134.nii.img.nii.gz,6,Aorta,2,2,0.5688239514508672,1173574
134.nii.img.nii.gz,7,PA,2,1,0.955539371374381,513533
134.nii.img.nii.gz,8,LAA,1,1,1.0,173166
134.nii.img.nii.gz,9,Coronary,2,2,0.9063816699984623,65030
134.nii.img.nii.gz,10,PV,3,3,0.560825964264788,296962
132.nii.img.nii.gz,1,Myocardium,1,1,1.0,1579265
132.nii.img.nii.gz,2,LA,1,1,1.0,1538329
132.nii.img.nii.gz,3,LV,1,1,1.0,1886815
132.nii.img.nii.gz,4,RA,1,1,1.0,1396326
132.nii.img.nii.gz,5,RV,1,1,1.0,2179108
132.nii.img.nii.gz,6,Aorta,2,2,0.5695315053841388,1462258
132.nii.img.nii.gz,7,PA,1,1,1.0,899389
132.nii.img.nii.gz,8,LAA,1,1,1.0,133927
132.nii.img.nii.gz,9,Coronary,2,2,0.5142506895494944,78312
132.nii.img.nii.gz,10,PV,2,2,0.5994385897630519,375483
133.nii.img.nii.gz,1,Myocardium,1,1,1.0,1441900
133.nii.img.nii.gz,2,LA,1,1,1.0,1532069
133.nii.img.nii.gz,3,LV,1,1,1.0,1624538
133.nii.img.nii.gz,4,RA,1,1,1.0,2134312
133.nii.img.nii.gz,5,RV,1,1,1.0,2221432
133.nii.img.nii.gz,6,Aorta,2,2,0.5374546876754098,1380695
133.nii.img.nii.gz,7,PA,2,1,0.9946703577720228,492716
133.nii.img.nii.gz,8,LAA,1,1,1.0,201101
133.nii.img.nii.gz,9,Coronary,2,2,0.6016283713183187,96661
133.nii.img.nii.gz,10,PV,2,2,0.5346850441864394,343318
130.nii.img.nii.gz,1,Myocardium,1,1,1.0,1483468
130.nii.img.nii.gz,2,LA,1,1,1.0,1051816
130.nii.img.nii.gz,3,LV,1,1,1.0,1523329
130.nii.img.nii.gz,4,RA,1,1,1.0,1200304
130.nii.img.nii.gz,5,RV,1,1,1.0,2053096
130.nii.img.nii.gz,6,Aorta,2,2,0.5064904329352665,1626779
130.nii.img.nii.gz,7,PA,1,1,1.0,773754
130.nii.img.nii.gz,8,LAA,1,1,1.0,195106
130.nii.img.nii.gz,9,Coronary,2,2,0.5758062820146911,66571
130.nii.img.nii.gz,10,PV,2,2,0.5176718214552856,287435
138.nii.img.nii.gz,1,Myocardium,1,1,1.0,1563854
138.nii.img.nii.gz,2,LA,1,1,1.0,895945
138.nii.img.nii.gz,3,LV,1,1,1.0,1655707
138.nii.img.nii.gz,4,RA,1,1,1.0,1256123
138.nii.img.nii.gz,5,RV,1,1,1.0,1913758
138.nii.img.nii.gz,6,Aorta,2,2,0.5111363874184194,1395246
138.nii.img.nii.gz,7,PA,2,2,0.9379883584062948,620190
138.nii.img.nii.gz,8,LAA,1,1,1.0,119532
138.nii.img.nii.gz,9,Coronary,2,2,0.5692686300686816,62171
138.nii.img.nii.gz,10,PV,2,2,0.5114985414829387,324302
136.nii.img.nii.gz,1,Myocardium,1,1,1.0,1781900
136.nii.img.nii.gz,2,LA,1,1,1.0,818808
136.nii.img.nii.gz,3,LV,1,1,1.0,1961147
136.nii.img.nii.gz,4,RA,1,1,1.0,978277
136.nii.img.nii.gz,5,RV,1,1,1.0,2553326
136.nii.img.nii.gz,6,Aorta,2,2,0.5113562334028672,1488962
136.nii.img.nii.gz,7,PA,1,1,1.0,822023
136.nii.img.nii.gz,8,LAA,1,1,1.0,153025
136.nii.img.nii.gz,9,Coronary,2,2,0.6043674447106011,107706
136.nii.img.nii.gz,10,PV,2,2,0.5594558331597457,326444
135.nii.img.nii.gz,1,Myocardium,1,1,1.0,1414275
135.nii.img.nii.gz,2,LA,1,1,1.0,974925
135.nii.img.nii.gz,3,LV,1,1,1.0,1526819
135.nii.img.nii.gz,4,RA,1,1,1.0,1110096
135.nii.img.nii.gz,5,RV,1,1,1.0,1909225
135.nii.img.nii.gz,6,Aorta,2,2,0.588141221006705,1246840
135.nii.img.nii.gz,7,PA,2,1,0.9757291454211707,348113
135.nii.img.nii.gz,8,LAA,1,1,1.0,138997
135.nii.img.nii.gz,9,Coronary,3,2,0.754636886849663,87397
135.nii.img.nii.gz,10,PV,2,2,0.7030067240307583,316923
139.nii.img.nii.gz,1,Myocardium,1,1,1.0,1467326
139.nii.img.nii.gz,2,LA,1,1,1.0,874677
139.nii.img.nii.gz,3,LV,1,1,1.0,1484001
139.nii.img.nii.gz,4,RA,1,1,1.0,1149332
139.nii.img.nii.gz,5,RV,1,1,1.0,1648294
139.nii.img.nii.gz,6,Aorta,2,2,0.5173638264717979,1208403
139.nii.img.nii.gz,7,PA,1,1,1.0,524542
139.nii.img.nii.gz,8,LAA,1,1,1.0,117331
139.nii.img.nii.gz,9,Coronary,2,2,0.529810466234451,64474
139.nii.img.nii.gz,10,PV,2,2,0.6282053507873401,287995
137.nii.img.nii.gz,1,Myocardium,1,1,1.0,1110259
137.nii.img.nii.gz,2,LA,1,1,1.0,825721
137.nii.img.nii.gz,3,LV,1,1,1.0,930310
137.nii.img.nii.gz,4,RA,1,1,1.0,1037660
137.nii.img.nii.gz,5,RV,1,1,1.0,1421241
137.nii.img.nii.gz,6,Aorta,2,2,0.52577375394151,1551753
137.nii.img.nii.gz,7,PA,1,1,1.0,826463
137.nii.img.nii.gz,8,LAA,1,1,1.0,60787
137.nii.img.nii.gz,9,Coronary,3,2,0.4869604408661627,48813
137.nii.img.nii.gz,10,PV,2,2,0.53071100577026,222347
14.nii.img.nii.gz,1,Myocardium,1,1,1.0,1745451
14.nii.img.nii.gz,2,LA,1,1,1.0,950084
14.nii.img.nii.gz,3,LV,1,1,1.0,1802578
14.nii.img.nii.gz,4,RA,1,1,1.0,1561124
14.nii.img.nii.gz,5,RV,1,1,1.0,2360986
14.nii.img.nii.gz,6,Aorta,2,2,0.6339209425871206,1613941
14.nii.img.nii.gz,7,PA,2,2,0.6362091340598389,281255
14.nii.img.nii.gz,8,LAA,1,1,1.0,117818
14.nii.img.nii.gz,9,Coronary,2,2,0.5203655620358459,126709
14.nii.img.nii.gz,10,PV,3,3,0.37281982287061866,327783
140.nii.img.nii.gz,1,Myocardium,1,1,1.0,2312326
140.nii.img.nii.gz,2,LA,1,1,1.0,1313311
140.nii.img.nii.gz,3,LV,1,1,1.0,2240680
140.nii.img.nii.gz,4,RA,1,1,1.0,1422190
140.nii.img.nii.gz,5,RV,1,1,1.0,2927940
140.nii.img.nii.gz,6,Aorta,2,2,0.6268597295580468,2720288
140.nii.img.nii.gz,7,PA,1,1,1.0,878082
140.nii.img.nii.gz,8,LAA,1,1,1.0,211036
140.nii.img.nii.gz,9,Coronary,2,2,0.5517865255405804,125467
140.nii.img.nii.gz,10,PV,2,2,0.5702387505231236,485067
142.nii.img.nii.gz,1,Myocardium,1,1,1.0,1514787
142.nii.img.nii.gz,2,LA,1,1,1.0,805328
142.nii.img.nii.gz,3,LV,1,1,1.0,1571578
142.nii.img.nii.gz,4,RA,1,1,1.0,1003485
142.nii.img.nii.gz,5,RV,1,1,1.0,2084824
142.nii.img.nii.gz,6,Aorta,2,2,0.5194638196081649,1535901
142.nii.img.nii.gz,7,PA,1,1,1.0,925929
142.nii.img.nii.gz,8,LAA,1,1,1.0,32629
142.nii.img.nii.gz,9,Coronary,2,2,0.61158290005777,69240
142.nii.img.nii.gz,10,PV,3,3,0.47945731869820946,322694
148.nii.img.nii.gz,1,Myocardium,1,1,1.0,1780046
148.nii.img.nii.gz,2,LA,1,1,1.0,848416
148.nii.img.nii.gz,3,LV,1,1,1.0,1609838
148.nii.img.nii.gz,4,RA,1,1,1.0,1153948
148.nii.img.nii.gz,5,RV,1,1,1.0,2356646
148.nii.img.nii.gz,6,Aorta,2,2,0.5322256099260341,897035
148.nii.img.nii.gz,7,PA,2,2,0.9046916746820562,374280
148.nii.img.nii.gz,8,LAA,1,1,1.0,140503
148.nii.img.nii.gz,9,Coronary,2,2,0.5651010650233891,57933
148.nii.img.nii.gz,10,PV,3,3,0.5269346768710448,344166
143.nii.img.nii.gz,1,Myocardium,1,1,1.0,1548300
143.nii.img.nii.gz,2,LA,1,1,1.0,1172377
143.nii.img.nii.gz,3,LV,1,1,1.0,1400815
143.nii.img.nii.gz,4,RA,1,1,1.0,1009259
143.nii.img.nii.gz,5,RV,1,1,1.0,2015531
143.nii.img.nii.gz,6,Aorta,2,2,0.5757323210152534,2289399
143.nii.img.nii.gz,7,PA,1,1,1.0,859831
143.nii.img.nii.gz,8,LAA,1,1,1.0,96984
143.nii.img.nii.gz,9,Coronary,4,3,0.7740909501037625,88664
143.nii.img.nii.gz,10,PV,2,2,0.5165595631934888,273256
145.nii.img.nii.gz,1,Myocardium,1,1,1.0,1855201
145.nii.img.nii.gz,2,LA,1,1,1.0,939259
145.nii.img.nii.gz,3,LV,1,1,1.0,1504778
145.nii.img.nii.gz,4,RA,1,1,1.0,1074665
145.nii.img.nii.gz,5,RV,1,1,1.0,1977552
145.nii.img.nii.gz,6,Aorta,2,2,0.5636474095423784,1061685
145.nii.img.nii.gz,7,PA,2,2,0.5072765491628779,148903
145.nii.img.nii.gz,8,LAA,1,1,1.0,93439
145.nii.img.nii.gz,9,Coronary,2,2,0.56760791316722,71678
145.nii.img.nii.gz,10,PV,3,3,0.44660735873035556,258088
146.nii.img.nii.gz,1,Myocardium,1,1,1.0,1698413
146.nii.img.nii.gz,2,LA,1,1,1.0,2098900
146.nii.img.nii.gz,3,LV,1,1,1.0,853778
146.nii.img.nii.gz,4,RA,1,1,1.0,1670076
146.nii.img.nii.gz,5,RV,1,1,1.0,1463598
146.nii.img.nii.gz,6,Aorta,2,2,0.5522325117475199,1811659
146.nii.img.nii.gz,7,PA,1,1,1.0,1112132
146.nii.img.nii.gz,8,LAA,1,1,1.0,189826
146.nii.img.nii.gz,9,Coronary,2,2,0.5403550885456769,44158
146.nii.img.nii.gz,10,PV,2,2,0.5178312858480477,390886
149.nii.img.nii.gz,1,Myocardium,1,1,1.0,1800924
149.nii.img.nii.gz,2,LA,1,1,1.0,1513720
149.nii.img.nii.gz,3,LV,1,1,1.0,1389569
149.nii.img.nii.gz,4,RA,1,1,1.0,1062857
149.nii.img.nii.gz,5,RV,1,1,1.0,1732053
149.nii.img.nii.gz,6,Aorta,2,2,0.5886396033286209,1708215
149.nii.img.nii.gz,7,PA,1,1,1.0,1527477
149.nii.img.nii.gz,8,LAA,1,1,1.0,111643
149.nii.img.nii.gz,9,Coronary,2,2,0.757640369580668,67536
149.nii.img.nii.gz,10,PV,2,2,0.5084156717140167,340971
144.nii.img.nii.gz,1,Myocardium,1,1,1.0,1206056
144.nii.img.nii.gz,2,LA,1,1,1.0,1006057
144.nii.img.nii.gz,3,LV,1,1,1.0,1178721
144.nii.img.nii.gz,4,RA,1,1,1.0,929327
144.nii.img.nii.gz,5,RV,1,1,1.0,1545162
144.nii.img.nii.gz,6,Aorta,1,1,1.0,1773182
144.nii.img.nii.gz,7,PA,1,1,1.0,1020108
144.nii.img.nii.gz,8,LAA,1,1,1.0,124078
144.nii.img.nii.gz,9,Coronary,2,2,0.7541360568595831,66972
144.nii.img.nii.gz,10,PV,2,2,0.6473932148750815,208456
147.nii.img.nii.gz,1,Myocardium,1,1,1.0,2016465
147.nii.img.nii.gz,2,LA,1,1,1.0,777970
147.nii.img.nii.gz,3,LV,1,1,1.0,2057031
147.nii.img.nii.gz,4,RA,1,1,1.0,1174555
147.nii.img.nii.gz,5,RV,1,1,1.0,2660639
147.nii.img.nii.gz,6,Aorta,2,2,0.5444654277140083,1619809
147.nii.img.nii.gz,7,PA,1,1,1.0,593770
147.nii.img.nii.gz,8,LAA,1,1,1.0,149267
147.nii.img.nii.gz,9,Coronary,2,2,0.5455941151781573,90538
147.nii.img.nii.gz,10,PV,2,2,0.5150931615786534,304310
15.nii.img.nii.gz,1,Myocardium,1,1,1.0,2154602
15.nii.img.nii.gz,2,LA,1,1,1.0,1342557
15.nii.img.nii.gz,3,LV,1,1,1.0,1601796
15.nii.img.nii.gz,4,RA,1,1,1.0,1353416
15.nii.img.nii.gz,5,RV,1,1,1.0,2048617
15.nii.img.nii.gz,6,Aorta,2,2,0.5940546123555613,991424
15.nii.img.nii.gz,7,PA,2,2,0.833693936638341,95673
15.nii.img.nii.gz,8,LAA,1,1,1.0,106271
15.nii.img.nii.gz,9,Coronary,2,2,0.5562021541748264,89872
15.nii.img.nii.gz,10,PV,2,2,0.5830097522364432,267836
151.nii.img.nii.gz,1,Myocardium,1,1,1.0,1881766
151.nii.img.nii.gz,2,LA,1,1,1.0,1283337
151.nii.img.nii.gz,3,LV,1,1,1.0,1646580
151.nii.img.nii.gz,4,RA,1,1,1.0,1446801
151.nii.img.nii.gz,5,RV,1,1,1.0,2255498
151.nii.img.nii.gz,6,Aorta,2,2,0.558672350545847,1634799
151.nii.img.nii.gz,7,PA,2,2,0.9107621964203443,516586
151.nii.img.nii.gz,8,LAA,1,1,1.0,136691
151.nii.img.nii.gz,9,Coronary,2,2,0.7223615176451096,90535
151.nii.img.nii.gz,10,PV,2,2,0.5834290292428895,374450
150.nii.img.nii.gz,1,Myocardium,1,1,1.0,1677277
150.nii.img.nii.gz,2,LA,1,1,1.0,1214350
150.nii.img.nii.gz,3,LV,1,1,1.0,1441345
150.nii.img.nii.gz,4,RA,1,1,1.0,1121521
150.nii.img.nii.gz,5,RV,1,1,1.0,2038249
150.nii.img.nii.gz,6,Aorta,2,2,0.5608334706884237,1820100
150.nii.img.nii.gz,7,PA,1,1,1.0,970469
150.nii.img.nii.gz,8,LAA,1,1,1.0,77845
150.nii.img.nii.gz,9,Coronary,2,2,0.8982303347338546,71878
150.nii.img.nii.gz,10,PV,2,2,0.5264083217346714,327624
154.nii.img.nii.gz,1,Myocardium,1,1,1.0,2115167
154.nii.img.nii.gz,2,LA,1,1,1.0,1200916
154.nii.img.nii.gz,3,LV,1,1,1.0,2356235
154.nii.img.nii.gz,4,RA,1,1,1.0,1439980
154.nii.img.nii.gz,5,RV,1,1,1.0,2788635
154.nii.img.nii.gz,6,Aorta,2,2,0.5066208005884331,1076758
154.nii.img.nii.gz,7,PA,2,1,0.9652880388607735,433136
154.nii.img.nii.gz,8,LAA,1,1,1.0,102762
154.nii.img.nii.gz,9,Coronary,2,2,0.5811215029167738,73883
154.nii.img.nii.gz,10,PV,2,2,0.5100032968367719,288155
153.nii.img.nii.gz,1,Myocardium,1,1,1.0,1630208
153.nii.img.nii.gz,2,LA,1,1,1.0,966964
153.nii.img.nii.gz,3,LV,1,1,1.0,1572732
153.nii.img.nii.gz,4,RA,1,1,1.0,1504663
153.nii.img.nii.gz,5,RV,1,1,1.0,2159299
153.nii.img.nii.gz,6,Aorta,2,2,0.531172037026838,1216523
153.nii.img.nii.gz,7,PA,1,1,1.0,685527
153.nii.img.nii.gz,8,LAA,1,1,1.0,61179
153.nii.img.nii.gz,9,Coronary,2,2,0.6653043049569822,62881
153.nii.img.nii.gz,10,PV,3,3,0.5365940421095637,283926
152.nii.img.nii.gz,1,Myocardium,1,1,1.0,1597582
152.nii.img.nii.gz,2,LA,1,1,1.0,824717
152.nii.img.nii.gz,3,LV,1,1,1.0,1397062
152.nii.img.nii.gz,4,RA,1,1,1.0,1424343
152.nii.img.nii.gz,5,RV,1,1,1.0,2246122
152.nii.img.nii.gz,6,Aorta,2,2,0.5018543518375902,1324452
152.nii.img.nii.gz,7,PA,2,1,0.9656011606683204,576909
152.nii.img.nii.gz,8,LAA,1,1,1.0,132832
152.nii.img.nii.gz,9,Coronary,2,2,0.5565702328227216,98444
152.nii.img.nii.gz,10,PV,2,2,0.5368285553544347,327056
156.nii.img.nii.gz,1,Myocardium,1,1,1.0,1725181
156.nii.img.nii.gz,2,LA,1,1,1.0,1404592
156.nii.img.nii.gz,3,LV,1,1,1.0,1786099
156.nii.img.nii.gz,4,RA,1,1,1.0,1336268
156.nii.img.nii.gz,5,RV,1,1,1.0,2321447
156.nii.img.nii.gz,6,Aorta,2,2,0.5345070483469166,1271291
156.nii.img.nii.gz,7,PA,2,2,0.5579236734486094,176793
156.nii.img.nii.gz,8,LAA,1,1,1.0,86349
156.nii.img.nii.gz,9,Coronary,2,2,0.6514573139868399,94832
156.nii.img.nii.gz,10,PV,1,1,1.0,365234
155.nii.img.nii.gz,1,Myocardium,1,1,1.0,1761498
155.nii.img.nii.gz,2,LA,1,1,1.0,1186112
155.nii.img.nii.gz,3,LV,1,1,1.0,1694951
155.nii.img.nii.gz,4,RA,1,1,1.0,1421952
155.nii.img.nii.gz,5,RV,1,1,1.0,1961657
155.nii.img.nii.gz,6,Aorta,2,2,0.5766316052249407,1514199
155.nii.img.nii.gz,7,PA,1,1,1.0,546462
155.nii.img.nii.gz,8,LAA,1,1,1.0,120466
155.nii.img.nii.gz,9,Coronary,2,2,0.6621555915721232,61700
155.nii.img.nii.gz,10,PV,3,3,0.49800031941653244,300548
158.nii.img.nii.gz,1,Myocardium,1,1,1.0,1101810
158.nii.img.nii.gz,2,LA,1,1,1.0,769962
158.nii.img.nii.gz,3,LV,1,1,1.0,972671
158.nii.img.nii.gz,4,RA,1,1,1.0,1045895
158.nii.img.nii.gz,5,RV,1,1,1.0,1473393
158.nii.img.nii.gz,6,Aorta,2,2,0.517366995581038,1641562
158.nii.img.nii.gz,7,PA,2,1,0.9527092356630663,556430
158.nii.img.nii.gz,8,LAA,1,1,1.0,98488
158.nii.img.nii.gz,9,Coronary,2,2,0.5405693760335722,56237
158.nii.img.nii.gz,10,PV,2,2,0.5379905991339143,291888
160.nii.img.nii.gz,1,Myocardium,1,1,1.0,1891631
160.nii.img.nii.gz,2,LA,1,1,1.0,867422
160.nii.img.nii.gz,3,LV,1,1,1.0,2456872
160.nii.img.nii.gz,4,RA,1,1,1.0,1327652
160.nii.img.nii.gz,5,RV,1,1,1.0,2634774
160.nii.img.nii.gz,6,Aorta,2,2,0.5690854665138583,966788
160.nii.img.nii.gz,7,PA,2,2,0.668970902326436,174172
160.nii.img.nii.gz,8,LAA,1,1,1.0,117578
160.nii.img.nii.gz,9,Coronary,2,2,0.6976173791170287,79912
160.nii.img.nii.gz,10,PV,3,3,0.44446532378810566,329938
159.nii.img.nii.gz,1,Myocardium,1,1,1.0,1588124
159.nii.img.nii.gz,2,LA,1,1,1.0,966544
159.nii.img.nii.gz,3,LV,1,1,1.0,1583005
159.nii.img.nii.gz,4,RA,1,1,1.0,1419246
159.nii.img.nii.gz,5,RV,1,1,1.0,2212168
159.nii.img.nii.gz,6,Aorta,2,2,0.5934535603144454,1464674
159.nii.img.nii.gz,7,PA,1,1,1.0,704722
159.nii.img.nii.gz,8,LAA,1,1,1.0,111052
159.nii.img.nii.gz,9,Coronary,2,2,0.5446855775803144,70224
159.nii.img.nii.gz,10,PV,3,3,0.47184847171590993,392270
16.nii.img.nii.gz,1,Myocardium,1,1,1.0,1208747
16.nii.img.nii.gz,2,LA,1,1,1.0,1162465
16.nii.img.nii.gz,3,LV,1,1,1.0,1218486
16.nii.img.nii.gz,4,RA,1,1,1.0,1551573
16.nii.img.nii.gz,5,RV,1,1,1.0,1456468
16.nii.img.nii.gz,6,Aorta,2,2,0.5456109860255671,1343525
16.nii.img.nii.gz,7,PA,1,1,1.0,618528
16.nii.img.nii.gz,8,LAA,1,1,1.0,195994
16.nii.img.nii.gz,9,Coronary,3,2,0.6776933611582105,61336
16.nii.img.nii.gz,10,PV,3,3,0.40913530163023065,252909
157.nii.img.nii.gz,1,Myocardium,1,1,1.0,2145211
157.nii.img.nii.gz,2,LA,1,1,1.0,1055089
157.nii.img.nii.gz,3,LV,1,1,1.0,2087735
157.nii.img.nii.gz,4,RA,1,1,1.0,1267266
157.nii.img.nii.gz,5,RV,1,1,1.0,2826539
157.nii.img.nii.gz,6,Aorta,2,2,0.5173991613187221,1640194
157.nii.img.nii.gz,7,PA,1,1,1.0,996928
157.nii.img.nii.gz,8,LAA,1,1,1.0,152648
157.nii.img.nii.gz,9,Coronary,2,2,0.8735267255251599,91972
157.nii.img.nii.gz,10,PV,2,2,0.5889422405071074,357794
161.nii.img.nii.gz,1,Myocardium,1,1,1.0,1840643
161.nii.img.nii.gz,2,LA,1,1,1.0,950607
161.nii.img.nii.gz,3,LV,1,1,1.0,1937110
161.nii.img.nii.gz,4,RA,1,1,1.0,1519440
161.nii.img.nii.gz,5,RV,1,1,1.0,2361523
161.nii.img.nii.gz,6,Aorta,2,2,0.6518077259875714,1088301
161.nii.img.nii.gz,7,PA,2,2,0.887981899163439,365066
161.nii.img.nii.gz,8,LAA,1,1,1.0,80338
161.nii.img.nii.gz,9,Coronary,2,2,0.524437148217636,85280
161.nii.img.nii.gz,10,PV,3,3,0.5664542187950796,381270
162.nii.img.nii.gz,1,Myocardium,1,1,1.0,1355270
162.nii.img.nii.gz,2,LA,1,1,1.0,1153984
162.nii.img.nii.gz,3,LV,1,1,1.0,1720691
162.nii.img.nii.gz,4,RA,1,1,1.0,1280249
162.nii.img.nii.gz,5,RV,1,1,1.0,1715802
162.nii.img.nii.gz,6,Aorta,2,2,0.6340973143093175,1450167
162.nii.img.nii.gz,7,PA,2,1,0.9649372465054746,459576
162.nii.img.nii.gz,8,LAA,1,1,1.0,168609
162.nii.img.nii.gz,9,Coronary,2,2,0.5729308425089694,80830
162.nii.img.nii.gz,10,PV,3,3,0.531246474085432,345655
164.nii.img.nii.gz,1,Myocardium,1,1,1.0,1615379
164.nii.img.nii.gz,2,LA,1,1,1.0,1179825
164.nii.img.nii.gz,3,LV,1,1,1.0,2090731
164.nii.img.nii.gz,4,RA,1,1,1.0,1333557
164.nii.img.nii.gz,5,RV,1,1,1.0,2603595
164.nii.img.nii.gz,6,Aorta,2,2,0.6235013150281896,1095794
164.nii.img.nii.gz,7,PA,2,2,0.5998407374339423,165764
164.nii.img.nii.gz,8,LAA,1,1,1.0,109775
164.nii.img.nii.gz,9,Coronary,2,2,0.6815885541502268,54238
164.nii.img.nii.gz,10,PV,2,2,0.5685566622343762,398590
166.nii.img.nii.gz,1,Myocardium,1,1,1.0,1499126
166.nii.img.nii.gz,2,LA,1,1,1.0,1398240
166.nii.img.nii.gz,3,LV,1,1,1.0,825561
166.nii.img.nii.gz,4,RA,1,1,1.0,1845794
166.nii.img.nii.gz,5,RV,1,1,1.0,1556506
166.nii.img.nii.gz,6,Aorta,2,2,0.5358987928265326,1621308
166.nii.img.nii.gz,7,PA,2,1,0.9876289433916219,319617
166.nii.img.nii.gz,8,LAA,1,1,1.0,145481
166.nii.img.nii.gz,9,Coronary,2,2,0.5003632606273914,61939
166.nii.img.nii.gz,10,PV,2,2,0.625741066962441,229905
165.nii.img.nii.gz,1,Myocardium,1,1,1.0,1614611
165.nii.img.nii.gz,2,LA,1,1,1.0,1046747
165.nii.img.nii.gz,3,LV,1,1,1.0,1535523
165.nii.img.nii.gz,4,RA,1,1,1.0,1000913
165.nii.img.nii.gz,5,RV,1,1,1.0,2099641
165.nii.img.nii.gz,6,Aorta,2,2,0.5366472434366264,1867180
165.nii.img.nii.gz,7,PA,2,2,0.9082879719285896,750087
165.nii.img.nii.gz,8,LAA,1,1,1.0,67400
165.nii.img.nii.gz,9,Coronary,2,2,0.6450454075181056,104388
165.nii.img.nii.gz,10,PV,2,2,0.5102246395568959,320647
167.nii.img.nii.gz,1,Myocardium,1,1,1.0,1448045
167.nii.img.nii.gz,2,LA,1,1,1.0,887564
167.nii.img.nii.gz,3,LV,1,1,1.0,1441836
167.nii.img.nii.gz,4,RA,1,1,1.0,1171389
167.nii.img.nii.gz,5,RV,1,1,1.0,1724202
167.nii.img.nii.gz,6,Aorta,2,2,0.5330163068282857,1478951
167.nii.img.nii.gz,7,PA,1,1,1.0,669314
167.nii.img.nii.gz,8,LAA,1,1,1.0,184398
167.nii.img.nii.gz,9,Coronary,2,2,0.525907801572007,92366
167.nii.img.nii.gz,10,PV,3,3,0.6011397849462365,325500
163.nii.img.nii.gz,1,Myocardium,1,1,1.0,1789812
163.nii.img.nii.gz,2,LA,1,1,1.0,1249087
163.nii.img.nii.gz,3,LV,1,1,1.0,1780552
163.nii.img.nii.gz,4,RA,1,1,1.0,1163468
163.nii.img.nii.gz,5,RV,1,1,1.0,2393030
163.nii.img.nii.gz,6,Aorta,2,2,0.5109942471309952,1514201
163.nii.img.nii.gz,7,PA,1,1,1.0,758209
163.nii.img.nii.gz,8,LAA,1,1,1.0,94428
163.nii.img.nii.gz,9,Coronary,2,2,0.5163336125403853,83570
163.nii.img.nii.gz,10,PV,2,2,0.5379646182992235,374770
168.nii.img.nii.gz,1,Myocardium,1,1,1.0,1883342
168.nii.img.nii.gz,2,LA,1,1,1.0,1299310
168.nii.img.nii.gz,3,LV,1,1,1.0,2196680
168.nii.img.nii.gz,4,RA,1,1,1.0,1477566
168.nii.img.nii.gz,5,RV,1,1,1.0,2435965
168.nii.img.nii.gz,6,Aorta,2,2,0.535112418318476,2127011
168.nii.img.nii.gz,7,PA,1,1,1.0,955059
168.nii.img.nii.gz,8,LAA,1,1,1.0,194463
168.nii.img.nii.gz,9,Coronary,2,2,0.6236305644154764,86532
168.nii.img.nii.gz,10,PV,2,2,0.5453309363447613,394940
170.nii.img.nii.gz,1,Myocardium,1,1,1.0,1463859
170.nii.img.nii.gz,2,LA,1,1,1.0,996165
170.nii.img.nii.gz,3,LV,1,1,1.0,1001612
170.nii.img.nii.gz,4,RA,1,1,1.0,825386
170.nii.img.nii.gz,5,RV,1,1,1.0,1151401
170.nii.img.nii.gz,6,Aorta,2,2,0.609973993229281,1852979
170.nii.img.nii.gz,7,PA,1,1,1.0,701218
170.nii.img.nii.gz,8,LAA,1,1,1.0,103672
170.nii.img.nii.gz,9,Coronary,2,2,0.6685627991611481,187399
170.nii.img.nii.gz,10,PV,2,2,0.5516958023479028,293283
171.nii.img.nii.gz,1,Myocardium,1,1,1.0,1906397
171.nii.img.nii.gz,2,LA,1,1,1.0,1201175
171.nii.img.nii.gz,3,LV,1,1,1.0,1856250
171.nii.img.nii.gz,4,RA,1,1,1.0,1460832
171.nii.img.nii.gz,5,RV,1,1,1.0,2264591
171.nii.img.nii.gz,6,Aorta,2,2,0.5029072907527867,1518252
171.nii.img.nii.gz,7,PA,2,2,0.9306608553225157,720430
171.nii.img.nii.gz,8,LAA,1,1,1.0,84992
171.nii.img.nii.gz,9,Coronary,2,2,0.5640190807904899,79242
171.nii.img.nii.gz,10,PV,2,2,0.5094655944547125,390097
169.nii.img.nii.gz,1,Myocardium,1,1,1.0,1613094
169.nii.img.nii.gz,2,LA,1,1,1.0,880144
169.nii.img.nii.gz,3,LV,1,1,1.0,1805706
169.nii.img.nii.gz,4,RA,1,1,1.0,1310696
169.nii.img.nii.gz,5,RV,1,1,1.0,2174686
169.nii.img.nii.gz,6,Aorta,2,2,0.5632174062534873,1657795
169.nii.img.nii.gz,7,PA,2,2,0.5024160528032832,317253
169.nii.img.nii.gz,8,LAA,1,1,1.0,108966
169.nii.img.nii.gz,9,Coronary,2,2,0.538780852289931,102383
169.nii.img.nii.gz,10,PV,2,2,0.5818275787237445,350212
17.nii.img.nii.gz,1,Myocardium,1,1,1.0,921268
17.nii.img.nii.gz,2,LA,1,1,1.0,975033
17.nii.img.nii.gz,3,LV,1,1,1.0,967613
17.nii.img.nii.gz,4,RA,1,1,1.0,1033297
17.nii.img.nii.gz,5,RV,1,1,1.0,1357415
17.nii.img.nii.gz,6,Aorta,2,2,0.574240805068102,1822852
17.nii.img.nii.gz,7,PA,1,1,1.0,617214
17.nii.img.nii.gz,8,LAA,1,1,1.0,99873
17.nii.img.nii.gz,9,Coronary,2,2,0.5170265334622408,55854
17.nii.img.nii.gz,10,PV,2,2,0.5054400468542338,310751
172.nii.img.nii.gz,1,Myocardium,1,1,1.0,1611369
172.nii.img.nii.gz,2,LA,1,1,1.0,800513
172.nii.img.nii.gz,3,LV,1,1,1.0,1316768
172.nii.img.nii.gz,4,RA,1,1,1.0,935090
172.nii.img.nii.gz,5,RV,1,1,1.0,1575012
172.nii.img.nii.gz,6,Aorta,2,2,0.5447413056057406,1809413
172.nii.img.nii.gz,7,PA,1,1,1.0,608283
172.nii.img.nii.gz,8,LAA,1,1,1.0,81439
172.nii.img.nii.gz,9,Coronary,2,2,0.5271474321710548,94613
172.nii.img.nii.gz,10,PV,2,2,0.5579141897724923,304649
173.nii.img.nii.gz,1,Myocardium,1,1,1.0,2177504
173.nii.img.nii.gz,2,LA,1,1,1.0,1106920
173.nii.img.nii.gz,3,LV,1,1,1.0,2475366
173.nii.img.nii.gz,4,RA,1,1,1.0,1764345
173.nii.img.nii.gz,5,RV,1,1,1.0,3111084
173.nii.img.nii.gz,6,Aorta,2,2,0.5662230035032368,1995583
173.nii.img.nii.gz,7,PA,2,2,0.9260999549356459,545886
173.nii.img.nii.gz,8,LAA,1,1,1.0,245339
173.nii.img.nii.gz,9,Coronary,2,2,0.5535665066078657,68933
173.nii.img.nii.gz,10,PV,2,2,0.500488450369002,450404
174.nii.img.nii.gz,1,Myocardium,1,1,1.0,1392922
174.nii.img.nii.gz,2,LA,1,1,1.0,1135460
174.nii.img.nii.gz,3,LV,1,1,1.0,1691821
174.nii.img.nii.gz,4,RA,1,1,1.0,1364990
174.nii.img.nii.gz,5,RV,1,1,1.0,2101816
174.nii.img.nii.gz,6,Aorta,2,2,0.5076980560774211,1239144
174.nii.img.nii.gz,7,PA,1,1,1.0,622336
174.nii.img.nii.gz,8,LAA,1,1,1.0,155616
174.nii.img.nii.gz,9,Coronary,2,2,0.6118400921576039,55557
174.nii.img.nii.gz,10,PV,3,3,0.4969037481242359,352523
175.nii.img.nii.gz,1,Myocardium,1,1,1.0,1736145
175.nii.img.nii.gz,2,LA,1,1,1.0,1028356
175.nii.img.nii.gz,3,LV,1,1,1.0,2148032
175.nii.img.nii.gz,4,RA,1,1,1.0,1308985
175.nii.img.nii.gz,5,RV,1,1,1.0,2201631
175.nii.img.nii.gz,6,Aorta,2,2,0.5257387122073848,1540248
175.nii.img.nii.gz,7,PA,2,2,0.9423063681910416,493798
175.nii.img.nii.gz,8,LAA,1,1,1.0,144787
175.nii.img.nii.gz,9,Coronary,3,2,0.6301231013309047,68074
175.nii.img.nii.gz,10,PV,3,3,0.49058654440062716,336752
176.nii.img.nii.gz,1,Myocardium,1,1,1.0,1774390
176.nii.img.nii.gz,2,LA,1,1,1.0,876464
176.nii.img.nii.gz,3,LV,1,1,1.0,1822616
176.nii.img.nii.gz,4,RA,1,1,1.0,1131972
176.nii.img.nii.gz,5,RV,1,1,1.0,2188687
176.nii.img.nii.gz,6,Aorta,2,2,0.5297473035938285,1111294
176.nii.img.nii.gz,7,PA,2,2,0.9155346760817389,517893
176.nii.img.nii.gz,8,LAA,1,1,1.0,83602
176.nii.img.nii.gz,9,Coronary,2,2,0.730124730903623,92439
176.nii.img.nii.gz,10,PV,2,2,0.5489629282580318,339369
18.nii.img.nii.gz,1,Myocardium,1,1,1.0,1617959
18.nii.img.nii.gz,2,LA,1,1,1.0,1600358
18.nii.img.nii.gz,3,LV,1,1,1.0,2018756
18.nii.img.nii.gz,4,RA,1,1,1.0,1367060
18.nii.img.nii.gz,5,RV,1,1,1.0,2392629
18.nii.img.nii.gz,6,Aorta,2,2,0.6289517296186699,1238192
18.nii.img.nii.gz,7,PA,2,2,0.8739198373141317,721882
18.nii.img.nii.gz,8,LAA,1,1,1.0,252174
18.nii.img.nii.gz,9,Coronary,2,2,0.6573637976735526,45649
18.nii.img.nii.gz,10,PV,2,2,0.5574328820964117,383169
178.nii.img.nii.gz,1,Myocardium,1,1,1.0,1748356
178.nii.img.nii.gz,2,LA,1,1,1.0,1206909
178.nii.img.nii.gz,3,LV,1,1,1.0,1770666
178.nii.img.nii.gz,4,RA,1,1,1.0,1587594
178.nii.img.nii.gz,5,RV,1,1,1.0,2309201
178.nii.img.nii.gz,6,Aorta,2,2,0.5712338682098734,1204764
178.nii.img.nii.gz,7,PA,2,1,0.9661947104748584,140126
178.nii.img.nii.gz,8,LAA,1,1,1.0,133489
178.nii.img.nii.gz,9,Coronary,2,2,0.500189980541387,86851
178.nii.img.nii.gz,10,PV,2,2,0.6818753751417203,224915
177.nii.img.nii.gz,1,Myocardium,1,1,1.0,1190384
177.nii.img.nii.gz,2,LA,1,1,1.0,745948
177.nii.img.nii.gz,3,LV,1,1,1.0,1085938
177.nii.img.nii.gz,4,RA,1,1,1.0,897287
177.nii.img.nii.gz,5,RV,1,1,1.0,1413750
177.nii.img.nii.gz,6,Aorta,2,2,0.5923394692275176,1861777
177.nii.img.nii.gz,7,PA,1,1,1.0,725201
177.nii.img.nii.gz,8,LAA,1,1,1.0,98128
177.nii.img.nii.gz,9,Coronary,3,2,0.574693914161422,66893
177.nii.img.nii.gz,10,PV,2,2,0.6177749321889452,231157
180.nii.img.nii.gz,1,Myocardium,1,1,1.0,1315750
180.nii.img.nii.gz,2,LA,1,1,1.0,943423
180.nii.img.nii.gz,3,LV,1,1,1.0,1442732
180.nii.img.nii.gz,4,RA,1,1,1.0,1165136
180.nii.img.nii.gz,5,RV,1,1,1.0,1838574
180.nii.img.nii.gz,6,Aorta,2,2,0.5837790281978851,1450357
180.nii.img.nii.gz,7,PA,2,2,0.8730004099794259,531734
180.nii.img.nii.gz,8,LAA,1,1,1.0,144105
180.nii.img.nii.gz,9,Coronary,2,2,0.5519755409219191,59528
180.nii.img.nii.gz,10,PV,2,2,0.5833912341846627,356932
179.nii.img.nii.gz,1,Myocardium,1,1,1.0,2369436
179.nii.img.nii.gz,2,LA,1,1,1.0,1748693
179.nii.img.nii.gz,3,LV,1,1,1.0,2346037
179.nii.img.nii.gz,4,RA,1,1,1.0,1453252
179.nii.img.nii.gz,5,RV,1,1,1.0,2020802
179.nii.img.nii.gz,6,Aorta,2,2,0.5465699805533589,1407441
179.nii.img.nii.gz,7,PA,1,1,1.0,859355
179.nii.img.nii.gz,8,LAA,1,1,1.0,198279
179.nii.img.nii.gz,9,Coronary,2,2,0.6845885761757138,98706
179.nii.img.nii.gz,10,PV,2,2,0.5440231370962838,378267
186.nii.img.nii.gz,1,Myocardium,1,1,1.0,1651248
186.nii.img.nii.gz,2,LA,1,1,1.0,1061340
186.nii.img.nii.gz,3,LV,1,1,1.0,1826421
186.nii.img.nii.gz,4,RA,1,1,1.0,1163625
186.nii.img.nii.gz,5,RV,1,1,1.0,2062207
186.nii.img.nii.gz,6,Aorta,2,2,0.5461507520499657,1262948
186.nii.img.nii.gz,7,PA,2,1,0.9654554914273961,578529
186.nii.img.nii.gz,8,LAA,1,1,1.0,102125
186.nii.img.nii.gz,9,Coronary,3,3,0.698372357108095,55479
186.nii.img.nii.gz,10,PV,2,2,0.5177854771558762,386467
183.nii.img.nii.gz,1,Myocardium,1,1,1.0,1616008
183.nii.img.nii.gz,2,LA,1,1,1.0,1299971
183.nii.img.nii.gz,3,LV,1,1,1.0,1491143
183.nii.img.nii.gz,4,RA,1,1,1.0,1088425
183.nii.img.nii.gz,5,RV,1,1,1.0,1953873
183.nii.img.nii.gz,6,Aorta,2,2,0.5335387590364628,1969244
183.nii.img.nii.gz,7,PA,1,1,1.0,705105
183.nii.img.nii.gz,8,LAA,1,1,1.0,114413
183.nii.img.nii.gz,9,Coronary,2,2,0.6731422078731866,72169
183.nii.img.nii.gz,10,PV,2,2,0.5302947581320611,322366
181.nii.img.nii.gz,1,Myocardium,1,1,1.0,3373374
181.nii.img.nii.gz,2,LA,1,1,1.0,1478707
181.nii.img.nii.gz,3,LV,1,1,1.0,2920488
181.nii.img.nii.gz,4,RA,1,1,1.0,1734664
181.nii.img.nii.gz,5,RV,1,1,1.0,2776238
181.nii.img.nii.gz,6,Aorta,2,2,0.5854680642680347,2120681
181.nii.img.nii.gz,7,PA,2,2,0.9454544642445051,671659
181.nii.img.nii.gz,8,LAA,1,1,1.0,173360
181.nii.img.nii.gz,9,Coronary,2,2,0.6408044347406925,141068
181.nii.img.nii.gz,10,PV,3,3,0.5115076066173414,481160
184.nii.img.nii.gz,1,Myocardium,1,1,1.0,1271329
184.nii.img.nii.gz,2,LA,1,1,1.0,765269
184.nii.img.nii.gz,3,LV,1,1,1.0,1310398
184.nii.img.nii.gz,4,RA,1,1,1.0,1066298
184.nii.img.nii.gz,5,RV,1,1,1.0,1575577
184.nii.img.nii.gz,6,Aorta,2,2,0.5338915276345281,1355442
184.nii.img.nii.gz,7,PA,1,1,1.0,674863
184.nii.img.nii.gz,8,LAA,1,1,1.0,105673
184.nii.img.nii.gz,9,Coronary,2,2,0.5352857349387637,48419
184.nii.img.nii.gz,10,PV,3,3,0.5704224828396558,268934
182.nii.img.nii.gz,1,Myocardium,1,1,1.0,1613193
182.nii.img.nii.gz,2,LA,1,1,1.0,865956
182.nii.img.nii.gz,3,LV,1,1,1.0,1382158
182.nii.img.nii.gz,4,RA,1,1,1.0,921362
182.nii.img.nii.gz,5,RV,1,1,1.0,1735823
182.nii.img.nii.gz,6,Aorta,2,2,0.5020458276167861,1483996
182.nii.img.nii.gz,7,PA,1,1,1.0,638001
182.nii.img.nii.gz,8,LAA,1,1,1.0,118854
182.nii.img.nii.gz,9,Coronary,2,2,0.5004471219466278,63741
182.nii.img.nii.gz,10,PV,3,3,0.5541598195136896,287224
187.nii.img.nii.gz,1,Myocardium,1,1,1.0,1565935
187.nii.img.nii.gz,2,LA,1,1,1.0,1200447
187.nii.img.nii.gz,3,LV,1,1,1.0,1584411
187.nii.img.nii.gz,4,RA,1,1,1.0,1014615
187.nii.img.nii.gz,5,RV,1,1,1.0,2046384
187.nii.img.nii.gz,6,Aorta,2,2,0.5499254241038658,2349955
187.nii.img.nii.gz,7,PA,1,1,1.0,1387409
187.nii.img.nii.gz,8,LAA,1,1,1.0,165475
187.nii.img.nii.gz,9,Coronary,2,2,0.9033868019470517,97378
187.nii.img.nii.gz,10,PV,2,2,0.5608515552696178,379259
185.nii.img.nii.gz,1,Myocardium,1,1,1.0,1746667
185.nii.img.nii.gz,2,LA,1,1,1.0,1495325
185.nii.img.nii.gz,3,LV,1,1,1.0,1842108
185.nii.img.nii.gz,4,RA,1,1,1.0,1038079
185.nii.img.nii.gz,5,RV,1,1,1.0,1990339
185.nii.img.nii.gz,6,Aorta,2,2,0.5160870385470928,1595477
185.nii.img.nii.gz,7,PA,1,1,1.0,967309
185.nii.img.nii.gz,8,LAA,1,1,1.0,149291
185.nii.img.nii.gz,9,Coronary,2,2,0.6846920724921217,85361
185.nii.img.nii.gz,10,PV,2,2,0.5225293347196155,370295
19.nii.img.nii.gz,1,Myocardium,1,1,1.0,1455634
19.nii.img.nii.gz,2,LA,1,1,1.0,1010574
19.nii.img.nii.gz,3,LV,1,1,1.0,1535571
19.nii.img.nii.gz,4,RA,1,1,1.0,1327040
19.nii.img.nii.gz,5,RV,1,1,1.0,1609790
19.nii.img.nii.gz,6,Aorta,2,2,0.5662969182511313,1388692
19.nii.img.nii.gz,7,PA,1,1,1.0,703116
19.nii.img.nii.gz,8,LAA,1,1,1.0,118558
19.nii.img.nii.gz,9,Coronary,2,2,0.5464621334496704,84811
19.nii.img.nii.gz,10,PV,3,3,0.5812264937657197,298591
189.nii.img.nii.gz,1,Myocardium,1,1,1.0,1748392
189.nii.img.nii.gz,2,LA,1,1,1.0,1612541
189.nii.img.nii.gz,3,LV,1,1,1.0,1883531
189.nii.img.nii.gz,4,RA,1,1,1.0,1395605
189.nii.img.nii.gz,5,RV,1,1,1.0,1943167
189.nii.img.nii.gz,6,Aorta,2,2,0.5719403039927692,1741423
189.nii.img.nii.gz,7,PA,2,1,0.9671033382358104,512666
189.nii.img.nii.gz,8,LAA,1,1,1.0,248738
189.nii.img.nii.gz,9,Coronary,2,2,0.6369812630691539,120991
189.nii.img.nii.gz,10,PV,2,2,0.5430751036713876,454079
191.nii.img.nii.gz,1,Myocardium,1,1,1.0,1938338
191.nii.img.nii.gz,2,LA,1,1,1.0,992253
191.nii.img.nii.gz,3,LV,1,1,1.0,2574163
191.nii.img.nii.gz,4,RA,1,1,1.0,1127503
191.nii.img.nii.gz,5,RV,1,1,1.0,2758553
191.nii.img.nii.gz,6,Aorta,2,2,0.6543899788312665,1075643
191.nii.img.nii.gz,7,PA,2,2,0.6219860462018796,255271
191.nii.img.nii.gz,8,LAA,1,1,1.0,94205
191.nii.img.nii.gz,9,Coronary,2,2,0.5574985793253087,77428
191.nii.img.nii.gz,10,PV,2,2,0.5332008774031123,425802
188.nii.img.nii.gz,1,Myocardium,1,1,1.0,1749822
188.nii.img.nii.gz,2,LA,1,1,1.0,981043
188.nii.img.nii.gz,3,LV,1,1,1.0,1878903
188.nii.img.nii.gz,4,RA,1,1,1.0,1613349
188.nii.img.nii.gz,5,RV,1,1,1.0,2262096
188.nii.img.nii.gz,6,Aorta,2,2,0.6302067485959765,1163442
188.nii.img.nii.gz,7,PA,1,1,1.0,576814
188.nii.img.nii.gz,8,LAA,1,1,1.0,136908
188.nii.img.nii.gz,9,Coronary,2,2,0.6120101864782715,60865
188.nii.img.nii.gz,10,PV,3,3,0.5119238405790388,323847
193.nii.img.nii.gz,1,Myocardium,1,1,1.0,1568204
193.nii.img.nii.gz,2,LA,1,1,1.0,992837
193.nii.img.nii.gz,3,LV,1,1,1.0,1596787
193.nii.img.nii.gz,4,RA,1,1,1.0,1581633
193.nii.img.nii.gz,5,RV,1,1,1.0,2012975
193.nii.img.nii.gz,6,Aorta,2,2,0.5888971246498464,2077660
193.nii.img.nii.gz,7,PA,2,1,0.9714893545030833,472876
193.nii.img.nii.gz,8,LAA,1,1,1.0,78522
193.nii.img.nii.gz,9,Coronary,3,2,0.5394102824808806,135726
193.nii.img.nii.gz,10,PV,2,2,0.5298738524706581,387245
192.nii.img.nii.gz,1,Myocardium,1,1,1.0,2218467
192.nii.img.nii.gz,2,LA,1,1,1.0,1182913
192.nii.img.nii.gz,3,LV,1,1,1.0,2060977
192.nii.img.nii.gz,4,RA,1,1,1.0,1266094
192.nii.img.nii.gz,5,RV,1,1,1.0,2580751
192.nii.img.nii.gz,6,Aorta,2,2,0.5208251307521272,1396918
192.nii.img.nii.gz,7,PA,2,2,0.9116958136583363,428632
192.nii.img.nii.gz,8,LAA,1,1,1.0,160038
192.nii.img.nii.gz,9,Coronary,2,2,0.6725387007483853,58526
192.nii.img.nii.gz,10,PV,2,2,0.507347430242416,325556
190.nii.img.nii.gz,1,Myocardium,1,1,1.0,2084439
190.nii.img.nii.gz,2,LA,1,1,1.0,1188915
190.nii.img.nii.gz,3,LV,1,1,1.0,2311481
190.nii.img.nii.gz,4,RA,1,1,1.0,1624076
190.nii.img.nii.gz,5,RV,1,1,1.0,2489619
190.nii.img.nii.gz,6,Aorta,2,2,0.5487526126313232,2494133
190.nii.img.nii.gz,7,PA,2,2,0.9392031886125861,468166
190.nii.img.nii.gz,8,LAA,1,1,1.0,164955
190.nii.img.nii.gz,9,Coronary,2,2,0.6942894292659684,123823
190.nii.img.nii.gz,10,PV,2,2,0.5367879233530862,416142
195.nii.img.nii.gz,1,Myocardium,1,1,1.0,1589911
195.nii.img.nii.gz,2,LA,1,1,1.0,1204928
195.nii.img.nii.gz,3,LV,1,1,1.0,1634510
195.nii.img.nii.gz,4,RA,1,1,1.0,1529225
195.nii.img.nii.gz,5,RV,1,1,1.0,2227489
195.nii.img.nii.gz,6,Aorta,2,2,0.5409863118071507,1060476
195.nii.img.nii.gz,7,PA,2,2,0.9042951518151106,464710
195.nii.img.nii.gz,8,LAA,1,1,1.0,176580
195.nii.img.nii.gz,9,Coronary,2,2,0.5779394626602413,63498
195.nii.img.nii.gz,10,PV,1,1,1.0,416982
197.nii.img.nii.gz,1,Myocardium,1,1,1.0,1674503
197.nii.img.nii.gz,2,LA,1,1,1.0,1091776
197.nii.img.nii.gz,3,LV,1,1,1.0,1787136
197.nii.img.nii.gz,4,RA,1,1,1.0,958548
197.nii.img.nii.gz,5,RV,1,1,1.0,2268072
197.nii.img.nii.gz,6,Aorta,2,2,0.5176365449196847,1334927
197.nii.img.nii.gz,7,PA,2,1,0.9702589836274719,587875
197.nii.img.nii.gz,8,LAA,1,1,1.0,95027
197.nii.img.nii.gz,9,Coronary,2,2,0.7020489716717419,104101
197.nii.img.nii.gz,10,PV,2,2,0.537280992564178,309179
196.nii.img.nii.gz,1,Myocardium,1,1,1.0,1764713
196.nii.img.nii.gz,2,LA,1,1,1.0,1156360
196.nii.img.nii.gz,3,LV,1,1,1.0,2135388
196.nii.img.nii.gz,4,RA,1,1,1.0,1464948
196.nii.img.nii.gz,5,RV,1,1,1.0,2717128
196.nii.img.nii.gz,6,Aorta,2,2,0.5298740765024099,1763134
196.nii.img.nii.gz,7,PA,1,1,1.0,1224452
196.nii.img.nii.gz,8,LAA,1,1,1.0,148986
196.nii.img.nii.gz,9,Coronary,2,2,0.7139572172572807,80453
196.nii.img.nii.gz,10,PV,2,2,0.5113440558076456,430622
194.nii.img.nii.gz,1,Myocardium,1,1,1.0,2319034
194.nii.img.nii.gz,2,LA,1,1,1.0,955333
194.nii.img.nii.gz,3,LV,1,1,1.0,2348346
194.nii.img.nii.gz,4,RA,1,1,1.0,1315171
194.nii.img.nii.gz,5,RV,1,1,1.0,2793907
194.nii.img.nii.gz,6,Aorta,2,2,0.5208101907804432,2291954
194.nii.img.nii.gz,7,PA,1,1,1.0,900150
194.nii.img.nii.gz,8,LAA,1,1,1.0,145641
194.nii.img.nii.gz,9,Coronary,2,2,0.5369498232632913,97037
194.nii.img.nii.gz,10,PV,2,2,0.5246759610397396,383673
199.nii.img.nii.gz,1,Myocardium,1,1,1.0,1161738
199.nii.img.nii.gz,2,LA,1,1,1.0,751330
199.nii.img.nii.gz,3,LV,1,1,1.0,1171673
199.nii.img.nii.gz,4,RA,1,1,1.0,950725
199.nii.img.nii.gz,5,RV,1,1,1.0,1100775
199.nii.img.nii.gz,6,Aorta,2,2,0.5128411644370988,1430322
199.nii.img.nii.gz,7,PA,1,1,1.0,871633
199.nii.img.nii.gz,8,LAA,1,1,1.0,122324
199.nii.img.nii.gz,9,Coronary,2,2,0.8833490943478577,68735
199.nii.img.nii.gz,10,PV,2,2,0.5510672620063535,181633
198.nii.img.nii.gz,1,Myocardium,1,1,1.0,1472622
198.nii.img.nii.gz,2,LA,1,1,1.0,963687
198.nii.img.nii.gz,3,LV,1,1,1.0,1489917
198.nii.img.nii.gz,4,RA,1,1,1.0,1470931
198.nii.img.nii.gz,5,RV,1,1,1.0,2096061
198.nii.img.nii.gz,6,Aorta,2,2,0.5482746721383068,1396778
198.nii.img.nii.gz,7,PA,2,1,0.9804059357306302,572061
198.nii.img.nii.gz,8,LAA,1,1,1.0,126679
198.nii.img.nii.gz,9,Coronary,2,2,0.5192420812463237,56101
198.nii.img.nii.gz,10,PV,2,2,0.6558374986386868,266287
200.nii.img.nii.gz,1,Myocardium,1,1,1.0,1473496
200.nii.img.nii.gz,2,LA,1,1,1.0,1008412
200.nii.img.nii.gz,3,LV,1,1,1.0,1782524
200.nii.img.nii.gz,4,RA,1,1,1.0,1064023
200.nii.img.nii.gz,5,RV,1,1,1.0,1949981
200.nii.img.nii.gz,6,Aorta,2,2,0.521635906507973,1470842
200.nii.img.nii.gz,7,PA,2,2,0.925874730202812,476747
200.nii.img.nii.gz,8,LAA,1,1,1.0,101667
200.nii.img.nii.gz,9,Coronary,3,2,0.7097639900790575,103216
200.nii.img.nii.gz,10,PV,2,2,0.5125554807177521,347418
202.nii.img.nii.gz,1,Myocardium,1,1,1.0,1472981
202.nii.img.nii.gz,2,LA,1,1,1.0,997072
202.nii.img.nii.gz,3,LV,1,1,1.0,1781879
202.nii.img.nii.gz,4,RA,1,1,1.0,1128834
202.nii.img.nii.gz,5,RV,1,1,1.0,1945314
202.nii.img.nii.gz,6,Aorta,2,2,0.5194733849574981,988426
202.nii.img.nii.gz,7,PA,2,2,0.9130715965113397,496351
202.nii.img.nii.gz,8,LAA,1,1,1.0,186823
202.nii.img.nii.gz,9,Coronary,3,3,0.698189692507579,57725
202.nii.img.nii.gz,10,PV,2,2,0.5791472613275904,282783
20.nii.img.nii.gz,1,Myocardium,1,1,1.0,1343625
20.nii.img.nii.gz,2,LA,1,1,1.0,930332
20.nii.img.nii.gz,3,LV,1,1,1.0,1460036
20.nii.img.nii.gz,4,RA,1,1,1.0,1118991
20.nii.img.nii.gz,5,RV,1,1,1.0,1829686
20.nii.img.nii.gz,6,Aorta,2,2,0.5252340086987036,2239874
20.nii.img.nii.gz,7,PA,1,1,1.0,831007
20.nii.img.nii.gz,8,LAA,1,1,1.0,123543
20.nii.img.nii.gz,9,Coronary,3,2,0.6001413979794973,107498
20.nii.img.nii.gz,10,PV,2,2,0.5666705042195639,286641
2.nii.img.nii.gz,1,Myocardium,1,1,1.0,1301087
2.nii.img.nii.gz,2,LA,1,1,1.0,769408
2.nii.img.nii.gz,3,LV,1,1,1.0,1692919
2.nii.img.nii.gz,4,RA,1,1,1.0,945967
2.nii.img.nii.gz,5,RV,1,1,1.0,1684039
2.nii.img.nii.gz,6,Aorta,2,2,0.5951426045689294,1289580
2.nii.img.nii.gz,7,PA,2,2,0.6655638805098765,133601
2.nii.img.nii.gz,8,LAA,1,1,1.0,24784
2.nii.img.nii.gz,9,Coronary,2,2,0.5796785879451211,51896
2.nii.img.nii.gz,10,PV,2,2,0.6042264119537966,288377
201.nii.img.nii.gz,1,Myocardium,1,1,1.0,1930398
201.nii.img.nii.gz,2,LA,1,1,1.0,856021
201.nii.img.nii.gz,3,LV,1,1,1.0,2064759
201.nii.img.nii.gz,4,RA,1,1,1.0,1146554
201.nii.img.nii.gz,5,RV,1,1,1.0,2477625
201.nii.img.nii.gz,6,Aorta,2,2,0.5840055927126363,1758002
201.nii.img.nii.gz,7,PA,1,1,1.0,552159
201.nii.img.nii.gz,8,LAA,1,1,1.0,149791
201.nii.img.nii.gz,9,Coronary,2,2,0.6281026201501337,69538
201.nii.img.nii.gz,10,PV,3,3,0.5281891584564748,366719
203.nii.img.nii.gz,1,Myocardium,1,1,1.0,2635675
203.nii.img.nii.gz,2,LA,1,1,1.0,1611132
203.nii.img.nii.gz,3,LV,1,1,1.0,3079566
203.nii.img.nii.gz,4,RA,1,1,1.0,1598747
203.nii.img.nii.gz,5,RV,1,1,1.0,3279300
203.nii.img.nii.gz,6,Aorta,2,2,0.5237004681580367,1926059
203.nii.img.nii.gz,7,PA,1,1,1.0,884381
203.nii.img.nii.gz,8,LAA,1,1,1.0,218974
203.nii.img.nii.gz,9,Coronary,2,2,0.5831668176255437,144631
203.nii.img.nii.gz,10,PV,2,2,0.6014949803579223,549840
204.nii.img.nii.gz,1,Myocardium,1,1,1.0,1778747
204.nii.img.nii.gz,2,LA,1,1,1.0,1095844
204.nii.img.nii.gz,3,LV,1,1,1.0,1714981
204.nii.img.nii.gz,4,RA,1,1,1.0,1079271
204.nii.img.nii.gz,5,RV,1,1,1.0,2704266
204.nii.img.nii.gz,6,Aorta,2,2,0.5356399317324471,2089426
204.nii.img.nii.gz,7,PA,1,1,1.0,883092
204.nii.img.nii.gz,8,LAA,1,1,1.0,151135
204.nii.img.nii.gz,9,Coronary,2,2,0.5310679946238412,116068
204.nii.img.nii.gz,10,PV,3,3,0.5090079421470639,316665
206.nii.img.nii.gz,1,Myocardium,1,1,1.0,1609111
206.nii.img.nii.gz,2,LA,1,1,1.0,925526
206.nii.img.nii.gz,3,LV,1,1,1.0,1631808
206.nii.img.nii.gz,4,RA,1,1,1.0,923830
206.nii.img.nii.gz,5,RV,1,1,1.0,2035064
206.nii.img.nii.gz,6,Aorta,2,2,0.543846167168507,2020895
206.nii.img.nii.gz,7,PA,1,1,1.0,860606
206.nii.img.nii.gz,8,LAA,1,1,1.0,114540
206.nii.img.nii.gz,9,Coronary,2,2,0.5256594052148793,92773
206.nii.img.nii.gz,10,PV,2,2,0.6082072158019124,368968
207.nii.img.nii.gz,1,Myocardium,1,1,1.0,1705247
207.nii.img.nii.gz,2,LA,1,1,1.0,1098225
207.nii.img.nii.gz,3,LV,1,1,1.0,1647327
207.nii.img.nii.gz,4,RA,1,1,1.0,1247836
207.nii.img.nii.gz,5,RV,1,1,1.0,2164939
207.nii.img.nii.gz,6,Aorta,2,2,0.5934635704632019,1627800
207.nii.img.nii.gz,7,PA,1,1,1.0,719213
207.nii.img.nii.gz,8,LAA,1,1,1.0,134458
207.nii.img.nii.gz,9,Coronary,2,2,0.6710478550953222,79887
207.nii.img.nii.gz,10,PV,3,3,0.5182301312053156,356388
205.nii.img.nii.gz,1,Myocardium,1,1,1.0,2021332
205.nii.img.nii.gz,2,LA,1,1,1.0,1379468
205.nii.img.nii.gz,3,LV,1,1,1.0,1791890
205.nii.img.nii.gz,4,RA,1,1,1.0,1415493
205.nii.img.nii.gz,5,RV,1,1,1.0,2610577
205.nii.img.nii.gz,6,Aorta,2,2,0.5336213238862793,1493799
205.nii.img.nii.gz,7,PA,2,2,0.9160407281962215,381161
205.nii.img.nii.gz,8,LAA,1,1,1.0,134019
205.nii.img.nii.gz,9,Coronary,2,2,0.5075888775345561,92965
205.nii.img.nii.gz,10,PV,2,2,0.5482491095499538,406536
209.nii.img.nii.gz,1,Myocardium,1,1,1.0,1548832
209.nii.img.nii.gz,2,LA,1,1,1.0,1080944
209.nii.img.nii.gz,3,LV,1,1,1.0,1863970
209.nii.img.nii.gz,4,RA,1,1,1.0,1425884
209.nii.img.nii.gz,5,RV,1,1,1.0,2107390
209.nii.img.nii.gz,6,Aorta,2,2,0.5365866459529532,1143204
209.nii.img.nii.gz,7,PA,2,2,0.7491343116244576,171251
209.nii.img.nii.gz,8,LAA,1,1,1.0,110712
209.nii.img.nii.gz,9,Coronary,2,2,0.5162885626815291,50956
209.nii.img.nii.gz,10,PV,2,2,0.577640303979603,303573
21.nii.img.nii.gz,1,Myocardium,1,1,1.0,1790520
21.nii.img.nii.gz,2,LA,1,1,1.0,1257553
21.nii.img.nii.gz,3,LV,1,1,1.0,1753465
21.nii.img.nii.gz,4,RA,1,1,1.0,1259399
21.nii.img.nii.gz,5,RV,1,1,1.0,1864717
21.nii.img.nii.gz,6,Aorta,2,2,0.5823577991403488,1834465
21.nii.img.nii.gz,7,PA,1,1,1.0,822746
21.nii.img.nii.gz,8,LAA,1,1,1.0,211426
21.nii.img.nii.gz,9,Coronary,2,2,0.7097309913522247,66838
21.nii.img.nii.gz,10,PV,2,2,0.5528523942714005,314981
208.nii.img.nii.gz,1,Myocardium,1,1,1.0,1665294
208.nii.img.nii.gz,2,LA,1,1,1.0,841056
208.nii.img.nii.gz,3,LV,1,1,1.0,1791170
208.nii.img.nii.gz,4,RA,1,1,1.0,1171837
208.nii.img.nii.gz,5,RV,1,1,1.0,2113779
208.nii.img.nii.gz,6,Aorta,2,2,0.5225987881459058,2069226
208.nii.img.nii.gz,7,PA,1,1,1.0,897962
208.nii.img.nii.gz,8,LAA,1,1,1.0,59660
208.nii.img.nii.gz,9,Coronary,2,2,0.6026515151515152,79200
208.nii.img.nii.gz,10,PV,2,2,0.5006429540494308,423825
211.nii.img.nii.gz,1,Myocardium,1,1,1.0,1738808
211.nii.img.nii.gz,2,LA,1,1,1.0,1156926
211.nii.img.nii.gz,3,LV,1,1,1.0,1702207
211.nii.img.nii.gz,4,RA,1,1,1.0,1189777
211.nii.img.nii.gz,5,RV,1,1,1.0,2085483
211.nii.img.nii.gz,6,Aorta,2,2,0.5137592613377768,1621526
211.nii.img.nii.gz,7,PA,1,1,1.0,836634
211.nii.img.nii.gz,8,LAA,1,1,1.0,163514
211.nii.img.nii.gz,9,Coronary,2,2,0.5596150967248291,120238
211.nii.img.nii.gz,10,PV,2,2,0.5591097926743629,304738
210.nii.img.nii.gz,1,Myocardium,1,1,1.0,1943082
210.nii.img.nii.gz,2,LA,1,1,1.0,1021713
210.nii.img.nii.gz,3,LV,1,1,1.0,2133438
210.nii.img.nii.gz,4,RA,1,1,1.0,1279555
210.nii.img.nii.gz,5,RV,1,1,1.0,2431601
210.nii.img.nii.gz,6,Aorta,2,2,0.5821463654223968,1392624
210.nii.img.nii.gz,7,PA,2,2,0.5572587917042381,158587
210.nii.img.nii.gz,8,LAA,1,1,1.0,56974
210.nii.img.nii.gz,9,Coronary,2,2,0.5149251296773563,91959
210.nii.img.nii.gz,10,PV,3,3,0.5064739251592356,401920
212.nii.img.nii.gz,1,Myocardium,1,1,1.0,1471203
212.nii.img.nii.gz,2,LA,1,1,1.0,1430838
212.nii.img.nii.gz,3,LV,1,1,1.0,1487088
212.nii.img.nii.gz,4,RA,1,1,1.0,1410802
212.nii.img.nii.gz,5,RV,1,1,1.0,1889461
212.nii.img.nii.gz,6,Aorta,2,2,0.6519868383083041,1084663
212.nii.img.nii.gz,7,PA,2,1,0.9895023887133002,424287
212.nii.img.nii.gz,8,LAA,1,1,1.0,154284
212.nii.img.nii.gz,9,Coronary,2,2,0.5390993857140439,59093
212.nii.img.nii.gz,10,PV,2,2,0.5048117972243528,276404
213.nii.img.nii.gz,1,Myocardium,1,1,1.0,2071373
213.nii.img.nii.gz,2,LA,1,1,1.0,954451
213.nii.img.nii.gz,3,LV,1,1,1.0,2069750
213.nii.img.nii.gz,4,RA,1,1,1.0,1458448
213.nii.img.nii.gz,5,RV,1,1,1.0,2785738
213.nii.img.nii.gz,6,Aorta,2,2,0.5737486091141878,1476577
213.nii.img.nii.gz,7,PA,1,1,1.0,592851
213.nii.img.nii.gz,8,LAA,1,1,1.0,98351
213.nii.img.nii.gz,9,Coronary,2,2,0.6562197134400294,76354
213.nii.img.nii.gz,10,PV,3,3,0.5025601373524344,328498
216.nii.img.nii.gz,1,Myocardium,1,1,1.0,1770779
216.nii.img.nii.gz,2,LA,1,1,1.0,1558122
216.nii.img.nii.gz,3,LV,1,1,1.0,1742092
216.nii.img.nii.gz,4,RA,1,1,1.0,1424797
216.nii.img.nii.gz,5,RV,1,1,1.0,2350530
216.nii.img.nii.gz,6,Aorta,2,2,0.5869990269542004,2404820
216.nii.img.nii.gz,7,PA,2,2,0.9480128941624204,582279
216.nii.img.nii.gz,8,LAA,1,1,1.0,178674
216.nii.img.nii.gz,9,Coronary,2,2,0.5112018386337307,107036
216.nii.img.nii.gz,10,PV,2,2,0.5609978266428024,438032
214.nii.img.nii.gz,1,Myocardium,1,1,1.0,2576000
214.nii.img.nii.gz,2,LA,1,1,1.0,1428312
214.nii.img.nii.gz,3,LV,1,1,1.0,2594760
214.nii.img.nii.gz,4,RA,1,1,1.0,2343053
214.nii.img.nii.gz,5,RV,1,1,1.0,3297976
214.nii.img.nii.gz,6,Aorta,2,2,0.5869817864742284,1536770
214.nii.img.nii.gz,7,PA,2,2,0.9330290499969,419346
214.nii.img.nii.gz,8,LAA,1,1,1.0,147453
214.nii.img.nii.gz,9,Coronary,2,2,0.5974804305283757,106288
214.nii.img.nii.gz,10,PV,3,3,0.48077521939678686,478471
218.nii.img.nii.gz,1,Myocardium,1,1,1.0,1943574
218.nii.img.nii.gz,2,LA,1,1,1.0,1106617
218.nii.img.nii.gz,3,LV,1,1,1.0,1776760
218.nii.img.nii.gz,4,RA,1,1,1.0,1394091
218.nii.img.nii.gz,5,RV,1,1,1.0,2183516
218.nii.img.nii.gz,6,Aorta,2,2,0.5364930881251457,2582078
218.nii.img.nii.gz,7,PA,1,1,1.0,838716
218.nii.img.nii.gz,8,LAA,1,1,1.0,108845
218.nii.img.nii.gz,9,Coronary,2,2,0.6600895348480668,65226
218.nii.img.nii.gz,10,PV,2,2,0.5169677674120144,405180
217.nii.img.nii.gz,1,Myocardium,1,1,1.0,1577734
217.nii.img.nii.gz,2,LA,1,1,1.0,865116
217.nii.img.nii.gz,3,LV,1,1,1.0,1825069
217.nii.img.nii.gz,4,RA,1,1,1.0,1164920
217.nii.img.nii.gz,5,RV,1,1,1.0,2195284
217.nii.img.nii.gz,6,Aorta,2,2,0.5156824394193233,1247510
217.nii.img.nii.gz,7,PA,1,1,1.0,527926
217.nii.img.nii.gz,8,LAA,1,1,1.0,117043
217.nii.img.nii.gz,9,Coronary,2,2,0.548952210155757,60222
217.nii.img.nii.gz,10,PV,2,2,0.5610805678969446,322312
215.nii.img.nii.gz,1,Myocardium,1,1,1.0,1492487
215.nii.img.nii.gz,2,LA,1,1,1.0,949309
215.nii.img.nii.gz,3,LV,1,1,1.0,1383335
215.nii.img.nii.gz,4,RA,1,1,1.0,1073670
215.nii.img.nii.gz,5,RV,1,1,1.0,1949695
215.nii.img.nii.gz,6,Aorta,2,2,0.5944456092742949,1244817
215.nii.img.nii.gz,7,PA,1,1,1.0,550697
215.nii.img.nii.gz,8,LAA,1,1,1.0,112042
215.nii.img.nii.gz,9,Coronary,2,2,0.5796428852355856,50852
215.nii.img.nii.gz,10,PV,2,2,0.5321504071036082,264429
22.nii.img.nii.gz,1,Myocardium,1,1,1.0,1771165
22.nii.img.nii.gz,2,LA,1,1,1.0,1517243
22.nii.img.nii.gz,3,LV,1,1,1.0,1951542
22.nii.img.nii.gz,4,RA,1,1,1.0,1494260
22.nii.img.nii.gz,5,RV,1,1,1.0,2236143
22.nii.img.nii.gz,6,Aorta,2,2,0.5127786211373199,1546724
22.nii.img.nii.gz,7,PA,2,1,0.9737471338280212,590945
22.nii.img.nii.gz,8,LAA,1,1,1.0,127759
22.nii.img.nii.gz,9,Coronary,2,2,0.5552291243904656,99051
22.nii.img.nii.gz,10,PV,2,2,0.5292316241716611,334706
221.nii.img.nii.gz,1,Myocardium,1,1,1.0,1502304
221.nii.img.nii.gz,2,LA,1,1,1.0,1127553
221.nii.img.nii.gz,3,LV,1,1,1.0,1564452
221.nii.img.nii.gz,4,RA,1,1,1.0,1102511
221.nii.img.nii.gz,5,RV,1,1,1.0,1926904
221.nii.img.nii.gz,6,Aorta,2,2,0.5290499779200395,1062049
221.nii.img.nii.gz,7,PA,2,2,0.5517656946933548,224869
221.nii.img.nii.gz,8,LAA,1,1,1.0,101243
221.nii.img.nii.gz,9,Coronary,2,2,0.6581893372668844,75928
221.nii.img.nii.gz,10,PV,4,4,0.3833715849704884,221777
219.nii.img.nii.gz,1,Myocardium,1,1,1.0,1783845
219.nii.img.nii.gz,2,LA,1,1,1.0,804958
219.nii.img.nii.gz,3,LV,1,1,1.0,1720023
219.nii.img.nii.gz,4,RA,1,1,1.0,1166611
219.nii.img.nii.gz,5,RV,1,1,1.0,2261005
219.nii.img.nii.gz,6,Aorta,2,2,0.5644232543116261,1631577
219.nii.img.nii.gz,7,PA,2,2,0.9258914759042043,612804
219.nii.img.nii.gz,8,LAA,1,1,1.0,158618
219.nii.img.nii.gz,9,Coronary,2,2,0.6813174907002781,83067
219.nii.img.nii.gz,10,PV,2,2,0.5593081364738782,347583
220.nii.img.nii.gz,1,Myocardium,1,1,1.0,1605793
220.nii.img.nii.gz,2,LA,1,1,1.0,1058456
220.nii.img.nii.gz,3,LV,1,1,1.0,1300809
220.nii.img.nii.gz,4,RA,1,1,1.0,892438
220.nii.img.nii.gz,5,RV,1,1,1.0,1757260
220.nii.img.nii.gz,6,Aorta,2,2,0.500318941831085,1810675
220.nii.img.nii.gz,7,PA,1,1,1.0,810120
220.nii.img.nii.gz,8,LAA,1,1,1.0,81930
220.nii.img.nii.gz,9,Coronary,2,2,0.6392754083004729,66189
220.nii.img.nii.gz,10,PV,2,2,0.5073533297481123,321691
223.nii.img.nii.gz,1,Myocardium,1,1,1.0,1498113
223.nii.img.nii.gz,2,LA,1,1,1.0,746373
223.nii.img.nii.gz,3,LV,1,1,1.0,1500317
223.nii.img.nii.gz,4,RA,1,1,1.0,954563
223.nii.img.nii.gz,5,RV,1,1,1.0,1850091
223.nii.img.nii.gz,6,Aorta,2,2,0.5466714292591076,1433393
223.nii.img.nii.gz,7,PA,1,1,1.0,616805
223.nii.img.nii.gz,8,LAA,1,1,1.0,157093
223.nii.img.nii.gz,9,Coronary,2,2,0.6551864151162284,68959
223.nii.img.nii.gz,10,PV,2,2,0.5334274875058295,302341
226.nii.img.nii.gz,1,Myocardium,1,1,1.0,2142396
226.nii.img.nii.gz,2,LA,1,1,1.0,1300981
226.nii.img.nii.gz,3,LV,1,1,1.0,2227619
226.nii.img.nii.gz,4,RA,1,1,1.0,1687922
226.nii.img.nii.gz,5,RV,1,1,1.0,2423915
226.nii.img.nii.gz,6,Aorta,2,2,0.5609684254464421,1351183
226.nii.img.nii.gz,7,PA,1,1,1.0,682886
226.nii.img.nii.gz,8,LAA,1,1,1.0,246224
226.nii.img.nii.gz,9,Coronary,2,2,0.6484021170755507,94281
226.nii.img.nii.gz,10,PV,2,2,0.5634872924782381,377611
227.nii.img.nii.gz,1,Myocardium,1,1,1.0,2042598
227.nii.img.nii.gz,2,LA,1,1,1.0,1646879
227.nii.img.nii.gz,3,LV,1,1,1.0,1977014
227.nii.img.nii.gz,4,RA,1,1,1.0,1786224
227.nii.img.nii.gz,5,RV,1,1,1.0,2735224
227.nii.img.nii.gz,6,Aorta,2,2,0.5289563330879964,2179316
227.nii.img.nii.gz,7,PA,1,1,1.0,908247
227.nii.img.nii.gz,8,LAA,1,1,1.0,179161
227.nii.img.nii.gz,9,Coronary,2,2,0.6466816923777604,85631
227.nii.img.nii.gz,10,PV,3,3,0.5391882230926465,496565
222.nii.img.nii.gz,1,Myocardium,1,1,1.0,1321376
222.nii.img.nii.gz,2,LA,1,1,1.0,1282281
222.nii.img.nii.gz,3,LV,1,1,1.0,1475745
222.nii.img.nii.gz,4,RA,1,1,1.0,1459747
222.nii.img.nii.gz,5,RV,1,1,1.0,1756555
222.nii.img.nii.gz,6,Aorta,2,2,0.5394836987233544,1265269
222.nii.img.nii.gz,7,PA,2,1,0.9682778572085518,598005
222.nii.img.nii.gz,8,LAA,1,1,1.0,187675
222.nii.img.nii.gz,9,Coronary,2,2,0.7328631048413979,74999
222.nii.img.nii.gz,10,PV,2,2,0.6007772267785619,335552
228.nii.img.nii.gz,1,Myocardium,1,1,1.0,1589012
228.nii.img.nii.gz,2,LA,1,1,1.0,1327978
228.nii.img.nii.gz,3,LV,1,1,1.0,1466669
228.nii.img.nii.gz,4,RA,1,1,1.0,1319545
228.nii.img.nii.gz,5,RV,1,1,1.0,1539418
228.nii.img.nii.gz,6,Aorta,2,2,0.5598695541841467,1296477
228.nii.img.nii.gz,7,PA,2,2,0.676370672554381,205173
228.nii.img.nii.gz,8,LAA,1,1,1.0,168092
228.nii.img.nii.gz,9,Coronary,3,3,0.6475658554866476,82719
228.nii.img.nii.gz,10,PV,2,2,0.6128109770460042,301429
225.nii.img.nii.gz,1,Myocardium,1,1,1.0,1643163
225.nii.img.nii.gz,2,LA,1,1,1.0,997538
225.nii.img.nii.gz,3,LV,1,1,1.0,1620074
225.nii.img.nii.gz,4,RA,1,1,1.0,1363193
225.nii.img.nii.gz,5,RV,1,1,1.0,2393505
225.nii.img.nii.gz,6,Aorta,2,2,0.5190469280870391,1826305
225.nii.img.nii.gz,7,PA,2,2,0.9318757284675053,845954
225.nii.img.nii.gz,8,LAA,1,1,1.0,121218
225.nii.img.nii.gz,9,Coronary,2,2,0.5742841876984002,95451
225.nii.img.nii.gz,10,PV,2,2,0.5280712725505248,337409
229.nii.img.nii.gz,1,Myocardium,1,1,1.0,2794198
229.nii.img.nii.gz,2,LA,1,1,1.0,1260702
229.nii.img.nii.gz,3,LV,1,1,1.0,1917074
229.nii.img.nii.gz,4,RA,1,1,1.0,1457772
229.nii.img.nii.gz,5,RV,1,1,1.0,1993455
229.nii.img.nii.gz,6,Aorta,1,1,1.0,1393838
229.nii.img.nii.gz,7,PA,1,1,1.0,984804
229.nii.img.nii.gz,8,LAA,1,1,1.0,213310
229.nii.img.nii.gz,9,Coronary,2,2,0.5677863361947564,81661
229.nii.img.nii.gz,10,PV,2,2,0.5201763405118381,283996
224.nii.img.nii.gz,1,Myocardium,1,1,1.0,1282448
224.nii.img.nii.gz,2,LA,1,1,1.0,1079889
224.nii.img.nii.gz,3,LV,1,1,1.0,1506841
224.nii.img.nii.gz,4,RA,1,1,1.0,1620528
224.nii.img.nii.gz,5,RV,1,1,1.0,2167658
224.nii.img.nii.gz,6,Aorta,2,2,0.5677147241134527,1229799
224.nii.img.nii.gz,7,PA,2,1,0.9586184727243805,301753
224.nii.img.nii.gz,8,LAA,1,1,1.0,118650
224.nii.img.nii.gz,9,Coronary,2,2,0.5242763174733178,78142
224.nii.img.nii.gz,10,PV,3,3,0.48404348015509957,275436
23.nii.img.nii.gz,1,Myocardium,1,1,1.0,1171352
23.nii.img.nii.gz,2,LA,1,1,1.0,1337982
23.nii.img.nii.gz,3,LV,1,1,1.0,1370507
23.nii.img.nii.gz,4,RA,1,1,1.0,1046087
23.nii.img.nii.gz,5,RV,1,1,1.0,1400035
23.nii.img.nii.gz,6,Aorta,2,2,0.6417271610668212,1949905
23.nii.img.nii.gz,7,PA,1,1,1.0,874699
23.nii.img.nii.gz,8,LAA,1,1,1.0,126017
23.nii.img.nii.gz,9,Coronary,3,2,0.48860820209449196,62545
23.nii.img.nii.gz,10,PV,2,2,0.5434542336591265,403528
230.nii.img.nii.gz,1,Myocardium,1,1,1.0,1697094
230.nii.img.nii.gz,2,LA,1,1,1.0,1070806
230.nii.img.nii.gz,3,LV,1,1,1.0,1652593
230.nii.img.nii.gz,4,RA,1,1,1.0,1332669
230.nii.img.nii.gz,5,RV,1,1,1.0,2179866
230.nii.img.nii.gz,6,Aorta,2,2,0.5012493376472461,1300289
230.nii.img.nii.gz,7,PA,1,1,1.0,737090
230.nii.img.nii.gz,8,LAA,1,1,1.0,169703
230.nii.img.nii.gz,9,Coronary,2,2,0.6994303298957741,54593
230.nii.img.nii.gz,10,PV,4,4,0.3485359168019576,340008
231.nii.img.nii.gz,1,Myocardium,1,1,1.0,1337520
231.nii.img.nii.gz,2,LA,1,1,1.0,952864
231.nii.img.nii.gz,3,LV,1,1,1.0,1735648
231.nii.img.nii.gz,4,RA,1,1,1.0,1287877
231.nii.img.nii.gz,5,RV,1,1,1.0,1961402
231.nii.img.nii.gz,6,Aorta,2,2,0.5415874995739179,1584202
231.nii.img.nii.gz,7,PA,2,1,0.9635454980226602,520649
231.nii.img.nii.gz,8,LAA,1,1,1.0,176319
231.nii.img.nii.gz,9,Coronary,2,2,0.5298011529244122,77195
231.nii.img.nii.gz,10,PV,2,2,0.5341900781445453,271804
235.nii.img.nii.gz,1,Myocardium,1,1,1.0,1581809
235.nii.img.nii.gz,2,LA,1,1,1.0,908706
235.nii.img.nii.gz,3,LV,1,1,1.0,1984401
235.nii.img.nii.gz,4,RA,1,1,1.0,1621351
235.nii.img.nii.gz,5,RV,1,1,1.0,2330251
235.nii.img.nii.gz,6,Aorta,2,2,0.5212335431874211,1454185
235.nii.img.nii.gz,7,PA,1,1,1.0,655844
235.nii.img.nii.gz,8,LAA,1,1,1.0,123827
235.nii.img.nii.gz,9,Coronary,2,1,0.9701356305538373,132566
235.nii.img.nii.gz,10,PV,3,3,0.4893979766548281,275089
232.nii.img.nii.gz,1,Myocardium,1,1,1.0,2541871
232.nii.img.nii.gz,2,LA,1,1,1.0,1257051
232.nii.img.nii.gz,3,LV,1,1,1.0,2328182
232.nii.img.nii.gz,4,RA,1,1,1.0,1529069
232.nii.img.nii.gz,5,RV,1,1,1.0,2723770
232.nii.img.nii.gz,6,Aorta,2,2,0.6119015534632454,1492343
232.nii.img.nii.gz,7,PA,2,2,0.5751278172241301,181118
232.nii.img.nii.gz,8,LAA,1,1,1.0,112736
232.nii.img.nii.gz,9,Coronary,2,2,0.5456221645357724,82438
232.nii.img.nii.gz,10,PV,2,2,0.5443516827550222,444628
237.nii.img.nii.gz,1,Myocardium,1,1,1.0,1839502
237.nii.img.nii.gz,2,LA,1,1,1.0,911506
237.nii.img.nii.gz,3,LV,1,1,1.0,2009615
237.nii.img.nii.gz,4,RA,1,1,1.0,1264044
237.nii.img.nii.gz,5,RV,1,1,1.0,2486407
237.nii.img.nii.gz,6,Aorta,2,2,0.5317179201512378,971186
237.nii.img.nii.gz,7,PA,2,2,0.5503480593325976,279981
237.nii.img.nii.gz,8,LAA,1,1,1.0,148352
237.nii.img.nii.gz,9,Coronary,2,2,0.6698741742390784,106417
237.nii.img.nii.gz,10,PV,3,3,0.5726446976286558,280516
233.nii.img.nii.gz,1,Myocardium,1,1,1.0,1746389
233.nii.img.nii.gz,2,LA,1,1,1.0,1338765
233.nii.img.nii.gz,3,LV,1,1,1.0,1699478
233.nii.img.nii.gz,4,RA,1,1,1.0,1338059
233.nii.img.nii.gz,5,RV,1,1,1.0,2306983
233.nii.img.nii.gz,6,Aorta,2,2,0.5541164563673061,1554213
233.nii.img.nii.gz,7,PA,2,2,0.9361431313577154,487105
233.nii.img.nii.gz,8,LAA,1,1,1.0,138487
233.nii.img.nii.gz,9,Coronary,2,2,0.6540418797175553,82140
233.nii.img.nii.gz,10,PV,2,2,0.5804467454966701,316377
234.nii.img.nii.gz,1,Myocardium,1,1,1.0,1486153
234.nii.img.nii.gz,2,LA,1,1,1.0,848174
234.nii.img.nii.gz,3,LV,1,1,1.0,1589884
234.nii.img.nii.gz,4,RA,1,1,1.0,1210971
234.nii.img.nii.gz,5,RV,1,1,1.0,1903233
234.nii.img.nii.gz,6,Aorta,2,2,0.5623117434513335,1437201
234.nii.img.nii.gz,7,PA,1,1,1.0,696417
234.nii.img.nii.gz,8,LAA,1,1,1.0,126580
234.nii.img.nii.gz,9,Coronary,2,2,0.633737695137715,80456
234.nii.img.nii.gz,10,PV,2,2,0.5537761825828459,291988
238.nii.img.nii.gz,1,Myocardium,1,1,1.0,1558954
238.nii.img.nii.gz,2,LA,1,1,1.0,1387073
238.nii.img.nii.gz,3,LV,1,1,1.0,1426852
238.nii.img.nii.gz,4,RA,1,1,1.0,1549798
238.nii.img.nii.gz,5,RV,1,1,1.0,1541603
238.nii.img.nii.gz,6,Aorta,2,2,0.5451566922933732,1144249
238.nii.img.nii.gz,7,PA,2,2,0.8094952099141594,204798
238.nii.img.nii.gz,8,LAA,1,1,1.0,44601
238.nii.img.nii.gz,9,Coronary,2,2,0.588849725748005,101002
238.nii.img.nii.gz,10,PV,2,2,0.6770734562964307,242566
236.nii.img.nii.gz,1,Myocardium,1,1,1.0,1433322
236.nii.img.nii.gz,2,LA,1,1,1.0,1261405
236.nii.img.nii.gz,3,LV,1,1,1.0,1599613
236.nii.img.nii.gz,4,RA,1,1,1.0,1368570
236.nii.img.nii.gz,5,RV,1,1,1.0,1996314
236.nii.img.nii.gz,6,Aorta,2,2,0.5230705262185273,1709974
236.nii.img.nii.gz,7,PA,1,1,1.0,665276
236.nii.img.nii.gz,8,LAA,1,1,1.0,144285
236.nii.img.nii.gz,9,Coronary,2,2,0.8159466350015716,85899
236.nii.img.nii.gz,10,PV,2,2,0.5200414118725976,279147
239.nii.img.nii.gz,1,Myocardium,1,1,1.0,2233173
239.nii.img.nii.gz,2,LA,1,1,1.0,1499280
239.nii.img.nii.gz,3,LV,1,1,1.0,2152823
239.nii.img.nii.gz,4,RA,1,1,1.0,1676984
239.nii.img.nii.gz,5,RV,1,1,1.0,1885050
239.nii.img.nii.gz,6,Aorta,2,2,0.5298759144112506,1392426
239.nii.img.nii.gz,7,PA,1,1,1.0,994699
239.nii.img.nii.gz,8,LAA,1,1,1.0,178563
239.nii.img.nii.gz,9,Coronary,2,2,0.7729020041748891,87667
239.nii.img.nii.gz,10,PV,2,2,0.6139863110541883,315437
241.nii.img.nii.gz,1,Myocardium,1,1,1.0,1781219
241.nii.img.nii.gz,2,LA,1,1,1.0,1180812
241.nii.img.nii.gz,3,LV,1,1,1.0,1577690
241.nii.img.nii.gz,4,RA,1,1,1.0,1334185
241.nii.img.nii.gz,5,RV,1,1,1.0,2066642
241.nii.img.nii.gz,6,Aorta,2,2,0.6934944763866019,2035624
241.nii.img.nii.gz,7,PA,2,2,0.9037952499216796,880996
241.nii.img.nii.gz,8,LAA,1,1,1.0,166527
241.nii.img.nii.gz,9,Coronary,2,2,0.5163082665309412,165039
241.nii.img.nii.gz,10,PV,2,2,0.5897161467245138,435401
24.nii.img.nii.gz,1,Myocardium,1,1,1.0,1625774
24.nii.img.nii.gz,2,LA,1,1,1.0,1170853
24.nii.img.nii.gz,3,LV,1,1,1.0,1712805
24.nii.img.nii.gz,4,RA,1,1,1.0,1582886
24.nii.img.nii.gz,5,RV,1,1,1.0,2045258
24.nii.img.nii.gz,6,Aorta,2,2,0.5426027857393292,2039315
24.nii.img.nii.gz,7,PA,1,1,1.0,950116
24.nii.img.nii.gz,8,LAA,1,1,1.0,303501
24.nii.img.nii.gz,9,Coronary,2,2,0.528272340085979,100257
24.nii.img.nii.gz,10,PV,2,2,0.5715760380008169,357466
240.nii.img.nii.gz,1,Myocardium,1,1,1.0,2138291
240.nii.img.nii.gz,2,LA,1,1,1.0,1498128
240.nii.img.nii.gz,3,LV,1,1,1.0,2441445
240.nii.img.nii.gz,4,RA,1,1,1.0,1622705
240.nii.img.nii.gz,5,RV,1,1,1.0,2644393
240.nii.img.nii.gz,6,Aorta,2,2,0.5785349215125585,1305814
240.nii.img.nii.gz,7,PA,2,2,0.6854061285063333,239210
240.nii.img.nii.gz,8,LAA,1,1,1.0,310846
240.nii.img.nii.gz,9,Coronary,2,2,0.6393762620596815,89140
240.nii.img.nii.gz,10,PV,2,2,0.6333089264563369,464350
244.nii.img.nii.gz,1,Myocardium,1,1,1.0,1650122
244.nii.img.nii.gz,2,LA,1,1,1.0,1088338
244.nii.img.nii.gz,3,LV,1,1,1.0,1697542
244.nii.img.nii.gz,4,RA,1,1,1.0,1450690
244.nii.img.nii.gz,5,RV,1,1,1.0,2021467
244.nii.img.nii.gz,6,Aorta,1,1,1.0,1510489
244.nii.img.nii.gz,7,PA,1,1,1.0,941990
244.nii.img.nii.gz,8,LAA,1,1,1.0,246274
244.nii.img.nii.gz,9,Coronary,2,2,0.5915137653251711,59461
244.nii.img.nii.gz,10,PV,2,2,0.5268666447417767,346638
242.nii.img.nii.gz,1,Myocardium,1,1,1.0,1918775
242.nii.img.nii.gz,2,LA,1,1,1.0,1163494
242.nii.img.nii.gz,3,LV,1,1,1.0,1955685
242.nii.img.nii.gz,4,RA,1,1,1.0,1289278
242.nii.img.nii.gz,5,RV,1,1,1.0,2679462
242.nii.img.nii.gz,6,Aorta,2,2,0.5607515802343095,1586790
242.nii.img.nii.gz,7,PA,1,1,1.0,750507
242.nii.img.nii.gz,8,LAA,1,1,1.0,93694
242.nii.img.nii.gz,9,Coronary,2,2,0.6049414230438521,74432
242.nii.img.nii.gz,10,PV,2,2,0.5212353016450783,351655
243.nii.img.nii.gz,1,Myocardium,1,1,1.0,1842458
243.nii.img.nii.gz,2,LA,1,1,1.0,1112481
243.nii.img.nii.gz,3,LV,1,1,1.0,1954117
243.nii.img.nii.gz,4,RA,1,1,1.0,1183723
243.nii.img.nii.gz,5,RV,1,1,1.0,2251753
243.nii.img.nii.gz,6,Aorta,2,2,0.5308050340631338,1922900
243.nii.img.nii.gz,7,PA,1,1,1.0,1145791
243.nii.img.nii.gz,8,LAA,1,1,1.0,112384
243.nii.img.nii.gz,9,Coronary,1,1,1.0,120001
243.nii.img.nii.gz,10,PV,3,3,0.5227595623817548,415979
245.nii.img.nii.gz,1,Myocardium,1,1,1.0,2077738
245.nii.img.nii.gz,2,LA,1,1,1.0,994855
245.nii.img.nii.gz,3,LV,1,1,1.0,2429982
245.nii.img.nii.gz,4,RA,1,1,1.0,1323062
245.nii.img.nii.gz,5,RV,1,1,1.0,2653852
245.nii.img.nii.gz,6,Aorta,2,2,0.5362552640177419,1756738
245.nii.img.nii.gz,7,PA,1,1,1.0,1051456
245.nii.img.nii.gz,8,LAA,1,1,1.0,121477
245.nii.img.nii.gz,9,Coronary,2,2,0.8013518170600202,89953
245.nii.img.nii.gz,10,PV,3,3,0.5901087664262812,446921
246.nii.img.nii.gz,1,Myocardium,1,1,1.0,2377773
246.nii.img.nii.gz,2,LA,1,1,1.0,1042786
246.nii.img.nii.gz,3,LV,1,1,1.0,2620570
246.nii.img.nii.gz,4,RA,1,1,1.0,1180624
246.nii.img.nii.gz,5,RV,1,1,1.0,1977746
246.nii.img.nii.gz,6,Aorta,2,2,0.5428123026695866,2381792
246.nii.img.nii.gz,7,PA,2,1,0.964805736031711,884235
246.nii.img.nii.gz,8,LAA,1,1,1.0,212162
246.nii.img.nii.gz,9,Coronary,2,2,0.6382480678641557,103383
246.nii.img.nii.gz,10,PV,2,2,0.552035889607745,321653
247.nii.img.nii.gz,1,Myocardium,1,1,1.0,1331701
247.nii.img.nii.gz,2,LA,1,1,1.0,1229398
247.nii.img.nii.gz,3,LV,1,1,1.0,1487201
247.nii.img.nii.gz,4,RA,1,1,1.0,1299305
247.nii.img.nii.gz,5,RV,1,1,1.0,1928850
247.nii.img.nii.gz,6,Aorta,2,2,0.6000706376158487,2199961
247.nii.img.nii.gz,7,PA,1,1,1.0,998336
247.nii.img.nii.gz,8,LAA,1,1,1.0,103477
247.nii.img.nii.gz,9,Coronary,3,3,0.6473873211559125,70732
247.nii.img.nii.gz,10,PV,2,2,0.5330020451471411,337873
248.nii.img.nii.gz,1,Myocardium,1,1,1.0,1630070
248.nii.img.nii.gz,2,LA,1,1,1.0,975899
248.nii.img.nii.gz,3,LV,1,1,1.0,1730409
248.nii.img.nii.gz,4,RA,1,1,1.0,1139978
248.nii.img.nii.gz,5,RV,1,1,1.0,1859099
248.nii.img.nii.gz,6,Aorta,2,2,0.6045514025382756,1159291
248.nii.img.nii.gz,7,PA,1,1,1.0,604728
248.nii.img.nii.gz,8,LAA,1,1,1.0,92736
248.nii.img.nii.gz,9,Coronary,2,2,0.503785951575734,66826
248.nii.img.nii.gz,10,PV,3,3,0.4911004720212316,267149
25.nii.img.nii.gz,1,Myocardium,1,1,1.0,1295709
25.nii.img.nii.gz,2,LA,1,1,1.0,1275410
25.nii.img.nii.gz,3,LV,1,1,1.0,1343498
25.nii.img.nii.gz,4,RA,1,1,1.0,1157956
25.nii.img.nii.gz,5,RV,1,1,1.0,1692470
25.nii.img.nii.gz,6,Aorta,2,2,0.5881316362802431,1090125
25.nii.img.nii.gz,7,PA,2,2,0.6691144465098654,195279
25.nii.img.nii.gz,8,LAA,1,1,1.0,104296
25.nii.img.nii.gz,9,Coronary,2,2,0.7037477148080439,65640
25.nii.img.nii.gz,10,PV,2,2,0.6049029226370684,237491
249.nii.img.nii.gz,1,Myocardium,1,1,1.0,1785429
249.nii.img.nii.gz,2,LA,1,1,1.0,984409
249.nii.img.nii.gz,3,LV,1,1,1.0,1715286
249.nii.img.nii.gz,4,RA,1,1,1.0,1264407
249.nii.img.nii.gz,5,RV,1,1,1.0,2087052
249.nii.img.nii.gz,6,Aorta,2,2,0.5434513755376471,1644666
249.nii.img.nii.gz,7,PA,2,2,0.9471591066654269,613029
249.nii.img.nii.gz,8,LAA,1,1,1.0,141844
249.nii.img.nii.gz,9,Coronary,2,2,0.6352199072062835,115094
249.nii.img.nii.gz,10,PV,2,2,0.512313945419269,423666
253.nii.img.nii.gz,1,Myocardium,1,1,1.0,1428986
253.nii.img.nii.gz,2,LA,1,1,1.0,1583303
253.nii.img.nii.gz,3,LV,1,1,1.0,735989
253.nii.img.nii.gz,4,RA,1,1,1.0,1386837
253.nii.img.nii.gz,5,RV,1,1,1.0,1112582
253.nii.img.nii.gz,6,Aorta,2,2,0.5193646806999522,1627654
253.nii.img.nii.gz,7,PA,1,1,1.0,756142
253.nii.img.nii.gz,8,LAA,1,1,1.0,141870
253.nii.img.nii.gz,9,Coronary,2,2,0.5499027348666895,43695
253.nii.img.nii.gz,10,PV,2,2,0.5591429228170816,500305
251.nii.img.nii.gz,1,Myocardium,1,1,1.0,2367032
251.nii.img.nii.gz,2,LA,1,1,1.0,1315127
251.nii.img.nii.gz,3,LV,1,1,1.0,2361348
251.nii.img.nii.gz,4,RA,1,1,1.0,1814934
251.nii.img.nii.gz,5,RV,1,1,1.0,2690426
251.nii.img.nii.gz,6,Aorta,2,2,0.6272548172996962,1345619
251.nii.img.nii.gz,7,PA,2,2,0.5004240046832001,182781
251.nii.img.nii.gz,8,LAA,1,1,1.0,186458
251.nii.img.nii.gz,9,Coronary,3,2,0.5088651123060244,91313
251.nii.img.nii.gz,10,PV,2,2,0.6264274061990212,318760
252.nii.img.nii.gz,1,Myocardium,1,1,1.0,1315293
252.nii.img.nii.gz,2,LA,1,1,1.0,1174927
252.nii.img.nii.gz,3,LV,1,1,1.0,1452385
252.nii.img.nii.gz,4,RA,1,1,1.0,1158294
252.nii.img.nii.gz,5,RV,1,1,1.0,1562948
252.nii.img.nii.gz,6,Aorta,2,2,0.6319256513859399,1543862
252.nii.img.nii.gz,7,PA,1,1,1.0,744406
252.nii.img.nii.gz,8,LAA,1,1,1.0,163604
252.nii.img.nii.gz,9,Coronary,2,2,0.5428444194440538,85332
252.nii.img.nii.gz,10,PV,2,2,0.5555039839096465,258540
250.nii.img.nii.gz,1,Myocardium,1,1,1.0,1572946
250.nii.img.nii.gz,2,LA,1,1,1.0,1028488
250.nii.img.nii.gz,3,LV,1,1,1.0,1586326
250.nii.img.nii.gz,4,RA,1,1,1.0,1108312
250.nii.img.nii.gz,5,RV,1,1,1.0,1677491
250.nii.img.nii.gz,6,Aorta,2,2,0.5091704978628402,1436018
250.nii.img.nii.gz,7,PA,1,1,1.0,776205
250.nii.img.nii.gz,8,LAA,1,1,1.0,85180
250.nii.img.nii.gz,9,Coronary,2,2,0.5084586984074503,54441
250.nii.img.nii.gz,10,PV,2,2,0.5309112255380513,313446
254.nii.img.nii.gz,1,Myocardium,1,1,1.0,1352048
254.nii.img.nii.gz,2,LA,1,1,1.0,860372
254.nii.img.nii.gz,3,LV,1,1,1.0,1654209
254.nii.img.nii.gz,4,RA,1,1,1.0,1003760
254.nii.img.nii.gz,5,RV,1,1,1.0,1829350
254.nii.img.nii.gz,6,Aorta,2,2,0.5088938747269783,1345589
254.nii.img.nii.gz,7,PA,1,1,1.0,618102
254.nii.img.nii.gz,8,LAA,1,1,1.0,103211
254.nii.img.nii.gz,9,Coronary,2,2,0.6724463954077325,59230
254.nii.img.nii.gz,10,PV,2,2,0.5324943140999155,268647
255.nii.img.nii.gz,1,Myocardium,1,1,1.0,1327987
255.nii.img.nii.gz,2,LA,1,1,1.0,993529
255.nii.img.nii.gz,3,LV,1,1,1.0,1599350
255.nii.img.nii.gz,4,RA,1,1,1.0,1048432
255.nii.img.nii.gz,5,RV,1,1,1.0,1678257
255.nii.img.nii.gz,6,Aorta,2,2,0.5245667147658075,1908558
255.nii.img.nii.gz,7,PA,1,1,1.0,961369
255.nii.img.nii.gz,8,LAA,1,1,1.0,139649
255.nii.img.nii.gz,9,Coronary,2,2,0.5306174847019556,70107
255.nii.img.nii.gz,10,PV,2,2,0.5041898880120673,323517
256.nii.img.nii.gz,1,Myocardium,1,1,1.0,1780869
256.nii.img.nii.gz,2,LA,1,1,1.0,1065023
256.nii.img.nii.gz,3,LV,1,1,1.0,1549031
256.nii.img.nii.gz,4,RA,1,1,1.0,955540
256.nii.img.nii.gz,5,RV,1,1,1.0,1845227
256.nii.img.nii.gz,6,Aorta,2,2,0.5134544442397181,1530498
256.nii.img.nii.gz,7,PA,2,1,0.9777482743327609,351748
256.nii.img.nii.gz,8,LAA,1,1,1.0,119474
256.nii.img.nii.gz,9,Coronary,2,2,0.5554691649794844,129901
256.nii.img.nii.gz,10,PV,3,3,0.42221158276696236,277792
258.nii.img.nii.gz,1,Myocardium,1,1,1.0,1359039
258.nii.img.nii.gz,2,LA,1,1,1.0,1321403
258.nii.img.nii.gz,3,LV,1,1,1.0,1326665
258.nii.img.nii.gz,4,RA,1,1,1.0,1508912
258.nii.img.nii.gz,5,RV,1,1,1.0,1850664
258.nii.img.nii.gz,6,Aorta,1,1,1.0,1723213
258.nii.img.nii.gz,7,PA,1,1,1.0,890951
258.nii.img.nii.gz,8,LAA,1,1,1.0,52789
258.nii.img.nii.gz,9,Coronary,2,2,0.6578316743034708,75948
258.nii.img.nii.gz,10,PV,2,2,0.5164491053995309,325732
257.nii.img.nii.gz,1,Myocardium,1,1,1.0,1601176
257.nii.img.nii.gz,2,LA,1,1,1.0,964719
257.nii.img.nii.gz,3,LV,1,1,1.0,1598830
257.nii.img.nii.gz,4,RA,1,1,1.0,1140671
257.nii.img.nii.gz,5,RV,1,1,1.0,2005540
257.nii.img.nii.gz,6,Aorta,2,2,0.5456246671797758,1391517
257.nii.img.nii.gz,7,PA,1,1,1.0,905844
257.nii.img.nii.gz,8,LAA,1,1,1.0,77697
257.nii.img.nii.gz,9,Coronary,2,2,0.6241151988334296,65834
257.nii.img.nii.gz,10,PV,3,3,0.5240918644985751,387745
263.nii.img.nii.gz,1,Myocardium,1,1,1.0,1736596
263.nii.img.nii.gz,2,LA,1,1,1.0,1078548
263.nii.img.nii.gz,3,LV,1,1,1.0,1766956
263.nii.img.nii.gz,4,RA,1,1,1.0,1121722
263.nii.img.nii.gz,5,RV,1,1,1.0,2432661
263.nii.img.nii.gz,6,Aorta,2,2,0.5179594714988142,1561321
263.nii.img.nii.gz,7,PA,2,2,0.8814363611625692,477735
263.nii.img.nii.gz,8,LAA,1,1,1.0,122301
263.nii.img.nii.gz,9,Coronary,3,3,0.5801126923354765,55372
263.nii.img.nii.gz,10,PV,2,2,0.5025620368650817,382313
261.nii.img.nii.gz,1,Myocardium,1,1,1.0,1691736
261.nii.img.nii.gz,2,LA,1,1,1.0,1009587
261.nii.img.nii.gz,3,LV,1,1,1.0,1424318
261.nii.img.nii.gz,4,RA,1,1,1.0,1102411
261.nii.img.nii.gz,5,RV,1,1,1.0,1829790
261.nii.img.nii.gz,6,Aorta,1,1,1.0,2140415
261.nii.img.nii.gz,7,PA,1,1,1.0,1043381
261.nii.img.nii.gz,8,LAA,1,1,1.0,149255
261.nii.img.nii.gz,9,Coronary,3,3,0.7810201009307214,105617
261.nii.img.nii.gz,10,PV,2,2,0.5367984122616489,341618
262.nii.img.nii.gz,1,Myocardium,1,1,1.0,1328119
262.nii.img.nii.gz,2,LA,1,1,1.0,797977
262.nii.img.nii.gz,3,LV,1,1,1.0,1386085
262.nii.img.nii.gz,4,RA,1,1,1.0,847874
262.nii.img.nii.gz,5,RV,1,1,1.0,1828418
262.nii.img.nii.gz,6,Aorta,2,2,0.5378468795446906,1668843
262.nii.img.nii.gz,7,PA,1,1,1.0,668472
262.nii.img.nii.gz,8,LAA,1,1,1.0,76193
262.nii.img.nii.gz,9,Coronary,2,2,0.9087730101827619,45469
262.nii.img.nii.gz,10,PV,2,2,0.5405107017068546,295280
259.nii.img.nii.gz,1,Myocardium,1,1,1.0,1927551
259.nii.img.nii.gz,2,LA,1,1,1.0,1161488
259.nii.img.nii.gz,3,LV,1,1,1.0,2166076
259.nii.img.nii.gz,4,RA,1,1,1.0,1518909
259.nii.img.nii.gz,5,RV,1,1,1.0,2689401
259.nii.img.nii.gz,6,Aorta,2,2,0.6370631680638225,1604450
259.nii.img.nii.gz,7,PA,2,2,0.9492797336977062,275176
259.nii.img.nii.gz,8,LAA,1,1,1.0,166385
259.nii.img.nii.gz,9,Coronary,2,2,0.7581287224990884,65816
259.nii.img.nii.gz,10,PV,3,3,0.44906921800054994,392788
26.nii.img.nii.gz,1,Myocardium,1,1,1.0,1442438
26.nii.img.nii.gz,2,LA,1,1,1.0,994175
26.nii.img.nii.gz,3,LV,1,1,1.0,1461406
26.nii.img.nii.gz,4,RA,1,1,1.0,1092665
26.nii.img.nii.gz,5,RV,1,1,1.0,1531582
26.nii.img.nii.gz,6,Aorta,2,2,0.5874995584547092,1358864
26.nii.img.nii.gz,7,PA,1,1,1.0,556522
26.nii.img.nii.gz,8,LAA,1,1,1.0,70848
26.nii.img.nii.gz,9,Coronary,2,2,0.929924414898461,65886
26.nii.img.nii.gz,10,PV,3,3,0.531553107412286,300636
260.nii.img.nii.gz,1,Myocardium,1,1,1.0,1415471
260.nii.img.nii.gz,2,LA,1,1,1.0,1079129
260.nii.img.nii.gz,3,LV,1,1,1.0,1208000
260.nii.img.nii.gz,4,RA,1,1,1.0,1092198
260.nii.img.nii.gz,5,RV,1,1,1.0,1585173
260.nii.img.nii.gz,6,Aorta,2,2,0.5279588604681141,1086060
260.nii.img.nii.gz,7,PA,1,1,1.0,592394
260.nii.img.nii.gz,8,LAA,1,1,1.0,142347
260.nii.img.nii.gz,9,Coronary,4,3,0.4272471478999335,97735
260.nii.img.nii.gz,10,PV,2,2,0.583326035189564,239787
264.nii.img.nii.gz,1,Myocardium,1,1,1.0,2476812
264.nii.img.nii.gz,2,LA,1,1,1.0,1599690
264.nii.img.nii.gz,3,LV,1,1,1.0,2845330
264.nii.img.nii.gz,4,RA,1,1,1.0,1621817
264.nii.img.nii.gz,5,RV,1,1,1.0,3416438
264.nii.img.nii.gz,6,Aorta,2,2,0.5925456783402958,1814974
264.nii.img.nii.gz,7,PA,1,1,1.0,1130642
264.nii.img.nii.gz,8,LAA,1,1,1.0,286665
264.nii.img.nii.gz,9,Coronary,2,2,0.6666469559634732,118379
264.nii.img.nii.gz,10,PV,2,2,0.5695173363159253,604396
266.nii.img.nii.gz,1,Myocardium,1,1,1.0,2236955
266.nii.img.nii.gz,2,LA,1,1,1.0,964053
266.nii.img.nii.gz,3,LV,1,1,1.0,2340422
266.nii.img.nii.gz,4,RA,1,1,1.0,1582734
266.nii.img.nii.gz,5,RV,1,1,1.0,3139589
266.nii.img.nii.gz,6,Aorta,2,2,0.5326341726132341,1323873
266.nii.img.nii.gz,7,PA,1,1,1.0,680048
266.nii.img.nii.gz,8,LAA,1,1,1.0,112198
266.nii.img.nii.gz,9,Coronary,2,2,0.9259863058363221,79742
266.nii.img.nii.gz,10,PV,2,2,0.5666310545077589,472685
265.nii.img.nii.gz,1,Myocardium,1,1,1.0,1772913
265.nii.img.nii.gz,2,LA,1,1,1.0,1510697
265.nii.img.nii.gz,3,LV,1,1,1.0,1857317
265.nii.img.nii.gz,4,RA,1,1,1.0,1767071
265.nii.img.nii.gz,5,RV,1,1,1.0,2416892
265.nii.img.nii.gz,6,Aorta,2,2,0.5129374963962405,1664928
265.nii.img.nii.gz,7,PA,2,2,0.9431983624229358,412805
265.nii.img.nii.gz,8,LAA,1,1,1.0,158766
265.nii.img.nii.gz,9,Coronary,2,2,0.5856911750140315,60578
265.nii.img.nii.gz,10,PV,3,3,0.45461145501532546,415975
267.nii.img.nii.gz,1,Myocardium,1,1,1.0,1584054
267.nii.img.nii.gz,2,LA,1,1,1.0,883533
267.nii.img.nii.gz,3,LV,1,1,1.0,1381793
267.nii.img.nii.gz,4,RA,1,1,1.0,1090379
267.nii.img.nii.gz,5,RV,1,1,1.0,2024392
267.nii.img.nii.gz,6,Aorta,2,2,0.5519697397789868,2155437
267.nii.img.nii.gz,7,PA,1,1,1.0,850260
267.nii.img.nii.gz,8,LAA,1,1,1.0,181287
267.nii.img.nii.gz,9,Coronary,2,2,0.638172832910378,74870
267.nii.img.nii.gz,10,PV,2,2,0.7100193617584377,358955
268.nii.img.nii.gz,1,Myocardium,1,1,1.0,2271449
268.nii.img.nii.gz,2,LA,1,1,1.0,1413414
268.nii.img.nii.gz,3,LV,1,1,1.0,1955132
268.nii.img.nii.gz,4,RA,1,1,1.0,1651406
268.nii.img.nii.gz,5,RV,1,1,1.0,2594079
268.nii.img.nii.gz,6,Aorta,2,2,0.5705208392253438,1838648
268.nii.img.nii.gz,7,PA,1,1,1.0,868295
268.nii.img.nii.gz,8,LAA,1,1,1.0,113755
268.nii.img.nii.gz,9,Coronary,2,2,0.5995062522464577,105722
268.nii.img.nii.gz,10,PV,2,2,0.5232883352778893,420833
271.nii.img.nii.gz,1,Myocardium,1,1,1.0,1649671
271.nii.img.nii.gz,2,LA,1,1,1.0,1048063
271.nii.img.nii.gz,3,LV,1,1,1.0,1892886
271.nii.img.nii.gz,4,RA,1,1,1.0,1348580
271.nii.img.nii.gz,5,RV,1,1,1.0,2218699
271.nii.img.nii.gz,6,Aorta,2,2,0.6202979291058521,1275874
271.nii.img.nii.gz,7,PA,2,2,0.8736721873215305,507790
271.nii.img.nii.gz,8,LAA,1,1,1.0,117773
271.nii.img.nii.gz,9,Coronary,2,2,0.6184534977217904,74620
271.nii.img.nii.gz,10,PV,2,2,0.5105980250352672,392007
272.nii.img.nii.gz,1,Myocardium,1,1,1.0,1402254
272.nii.img.nii.gz,2,LA,1,1,1.0,1065005
272.nii.img.nii.gz,3,LV,1,1,1.0,1524496
272.nii.img.nii.gz,4,RA,1,1,1.0,1094826
272.nii.img.nii.gz,5,RV,1,1,1.0,1943535
272.nii.img.nii.gz,6,Aorta,2,2,0.5345949922170069,1334962
272.nii.img.nii.gz,7,PA,1,1,1.0,728302
272.nii.img.nii.gz,8,LAA,1,1,1.0,84183
272.nii.img.nii.gz,9,Coronary,2,2,0.526955704439196,82988
272.nii.img.nii.gz,10,PV,2,2,0.5627123324620611,311422
269.nii.img.nii.gz,1,Myocardium,1,1,1.0,1397420
269.nii.img.nii.gz,2,LA,1,1,1.0,1480148
269.nii.img.nii.gz,3,LV,1,1,1.0,1410453
269.nii.img.nii.gz,4,RA,1,1,1.0,1748909
269.nii.img.nii.gz,5,RV,1,1,1.0,2045860
269.nii.img.nii.gz,6,Aorta,2,2,0.5034440934136128,1330684
269.nii.img.nii.gz,7,PA,1,1,1.0,544140
269.nii.img.nii.gz,8,LAA,1,1,1.0,78769
269.nii.img.nii.gz,9,Coronary,2,2,0.6094230476480439,65690
269.nii.img.nii.gz,10,PV,2,2,0.5935543158018919,322107
27.nii.img.nii.gz,1,Myocardium,1,1,1.0,1380606
27.nii.img.nii.gz,2,LA,1,1,1.0,922481
27.nii.img.nii.gz,3,LV,1,1,1.0,1629282
27.nii.img.nii.gz,4,RA,1,1,1.0,1324811
27.nii.img.nii.gz,5,RV,1,1,1.0,1849985
27.nii.img.nii.gz,6,Aorta,2,2,0.5608537645986913,1159008
27.nii.img.nii.gz,7,PA,2,1,0.9679596990793324,374185
27.nii.img.nii.gz,8,LAA,1,1,1.0,106482
27.nii.img.nii.gz,9,Coronary,2,2,0.7756022206130823,103575
27.nii.img.nii.gz,10,PV,3,3,0.49368930836305985,322944
270.nii.img.nii.gz,1,Myocardium,1,1,1.0,1512469
270.nii.img.nii.gz,2,LA,1,1,1.0,1462968
270.nii.img.nii.gz,3,LV,1,1,1.0,1073218
270.nii.img.nii.gz,4,RA,1,1,1.0,1064739
270.nii.img.nii.gz,5,RV,1,1,1.0,1620942
270.nii.img.nii.gz,6,Aorta,2,2,0.5241473186361321,1515572
270.nii.img.nii.gz,7,PA,1,1,1.0,1064954
270.nii.img.nii.gz,8,LAA,1,1,1.0,209318
270.nii.img.nii.gz,9,Coronary,2,2,0.6267436929037287,87243
270.nii.img.nii.gz,10,PV,3,3,0.5569775839363345,353095
275.nii.img.nii.gz,1,Myocardium,1,1,1.0,1391455
275.nii.img.nii.gz,2,LA,1,1,1.0,941315
275.nii.img.nii.gz,3,LV,1,1,1.0,1374621
275.nii.img.nii.gz,4,RA,1,1,1.0,1010218
275.nii.img.nii.gz,5,RV,1,1,1.0,1780191
275.nii.img.nii.gz,6,Aorta,2,2,0.5370413782879194,1369293
275.nii.img.nii.gz,7,PA,1,1,1.0,582185
275.nii.img.nii.gz,8,LAA,1,1,1.0,111301
275.nii.img.nii.gz,9,Coronary,2,2,0.6510393403195327,58210
275.nii.img.nii.gz,10,PV,3,3,0.5203695454125882,249171
274.nii.img.nii.gz,1,Myocardium,1,1,1.0,1470476
274.nii.img.nii.gz,2,LA,1,1,1.0,1025068
274.nii.img.nii.gz,3,LV,1,1,1.0,1842715
274.nii.img.nii.gz,4,RA,1,1,1.0,1606154
274.nii.img.nii.gz,5,RV,1,1,1.0,2204801
274.nii.img.nii.gz,6,Aorta,2,2,0.5771653148900919,1297675
274.nii.img.nii.gz,7,PA,2,2,0.7937558010772533,279043
274.nii.img.nii.gz,8,LAA,1,1,1.0,167229
274.nii.img.nii.gz,9,Coronary,2,2,0.6650967597647771,76013
274.nii.img.nii.gz,10,PV,2,2,0.5191744647734614,264701
276.nii.img.nii.gz,1,Myocardium,1,1,1.0,1611310
276.nii.img.nii.gz,2,LA,1,1,1.0,566157
276.nii.img.nii.gz,3,LV,1,1,1.0,2071012
276.nii.img.nii.gz,4,RA,1,1,1.0,483821
276.nii.img.nii.gz,5,RV,1,1,1.0,2136699
276.nii.img.nii.gz,6,Aorta,2,2,0.5441664483645099,1126115
276.nii.img.nii.gz,7,PA,1,1,1.0,666648
276.nii.img.nii.gz,8,LAA,1,1,1.0,34958
276.nii.img.nii.gz,9,Coronary,2,2,0.5704784381034113,27966
276.nii.img.nii.gz,10,PV,3,3,0.5272413438165594,252594
273.nii.img.nii.gz,1,Myocardium,1,1,1.0,1676920
273.nii.img.nii.gz,2,LA,1,1,1.0,1112851
273.nii.img.nii.gz,3,LV,1,1,1.0,1654524
273.nii.img.nii.gz,4,RA,1,1,1.0,1007815
273.nii.img.nii.gz,5,RV,1,1,1.0,2087484
273.nii.img.nii.gz,6,Aorta,2,2,0.5742958042238965,1369115
273.nii.img.nii.gz,7,PA,1,1,1.0,703280
273.nii.img.nii.gz,8,LAA,1,1,1.0,112947
273.nii.img.nii.gz,9,Coronary,2,2,0.842334521779569,64510
273.nii.img.nii.gz,10,PV,2,2,0.5756809363851783,307224
277.nii.img.nii.gz,1,Myocardium,1,1,1.0,1555704
277.nii.img.nii.gz,2,LA,1,1,1.0,947842
277.nii.img.nii.gz,3,LV,1,1,1.0,1548097
277.nii.img.nii.gz,4,RA,1,1,1.0,1273744
277.nii.img.nii.gz,5,RV,1,1,1.0,2114886
277.nii.img.nii.gz,6,Aorta,2,2,0.502812714223144,1139291
277.nii.img.nii.gz,7,PA,1,1,1.0,754147
277.nii.img.nii.gz,8,LAA,1,1,1.0,100913
277.nii.img.nii.gz,9,Coronary,2,2,0.5117919854136114,75687
277.nii.img.nii.gz,10,PV,3,3,0.5082944824481141,344265
278.nii.img.nii.gz,1,Myocardium,1,1,1.0,1455084
278.nii.img.nii.gz,2,LA,1,1,1.0,886789
278.nii.img.nii.gz,3,LV,1,1,1.0,1470100
278.nii.img.nii.gz,4,RA,1,1,1.0,1591172
278.nii.img.nii.gz,5,RV,1,1,1.0,1603435
278.nii.img.nii.gz,6,Aorta,2,2,0.5580883375565212,1474005
278.nii.img.nii.gz,7,PA,1,1,1.0,670306
278.nii.img.nii.gz,8,LAA,1,1,1.0,109815
278.nii.img.nii.gz,9,Coronary,2,2,0.5214386095735223,69734
278.nii.img.nii.gz,10,PV,3,3,0.5393194583273835,336144
279.nii.img.nii.gz,1,Myocardium,1,1,1.0,1490647
279.nii.img.nii.gz,2,LA,1,1,1.0,1248030
279.nii.img.nii.gz,3,LV,1,1,1.0,1426654
279.nii.img.nii.gz,4,RA,1,1,1.0,1207569
279.nii.img.nii.gz,5,RV,1,1,1.0,1719924
279.nii.img.nii.gz,6,Aorta,2,2,0.5458592488722335,1432699
279.nii.img.nii.gz,7,PA,1,1,1.0,680556
279.nii.img.nii.gz,8,LAA,1,1,1.0,71841
279.nii.img.nii.gz,9,Coronary,2,2,0.5351772913554188,72959
279.nii.img.nii.gz,10,PV,2,2,0.5438876868607396,325376
280.nii.img.nii.gz,1,Myocardium,1,1,1.0,1550863
280.nii.img.nii.gz,2,LA,1,1,1.0,1092864
280.nii.img.nii.gz,3,LV,1,1,1.0,1924844
280.nii.img.nii.gz,4,RA,1,1,1.0,1495697
280.nii.img.nii.gz,5,RV,1,1,1.0,2175308
280.nii.img.nii.gz,6,Aorta,2,2,0.5145892547291328,1315146
280.nii.img.nii.gz,7,PA,1,1,1.0,865505
280.nii.img.nii.gz,8,LAA,1,1,1.0,118931
280.nii.img.nii.gz,9,Coronary,2,2,0.5512091286596643,57314
280.nii.img.nii.gz,10,PV,2,2,0.5317527812425193,317484
281.nii.img.nii.gz,1,Myocardium,1,1,1.0,1182304
281.nii.img.nii.gz,2,LA,1,1,1.0,827366
281.nii.img.nii.gz,3,LV,1,1,1.0,1250101
281.nii.img.nii.gz,4,RA,1,1,1.0,1323251
281.nii.img.nii.gz,5,RV,1,1,1.0,1774587
281.nii.img.nii.gz,6,Aorta,2,2,0.5309317712639297,1615976
281.nii.img.nii.gz,7,PA,2,2,0.9330127580643904,641555
281.nii.img.nii.gz,8,LAA,1,1,1.0,114159
281.nii.img.nii.gz,9,Coronary,2,2,0.6318923771351987,79091
281.nii.img.nii.gz,10,PV,2,2,0.5391916011881631,303662
282.nii.img.nii.gz,1,Myocardium,1,1,1.0,1362109
282.nii.img.nii.gz,2,LA,1,1,1.0,1396737
282.nii.img.nii.gz,3,LV,1,1,1.0,1600844
282.nii.img.nii.gz,4,RA,1,1,1.0,1587684
282.nii.img.nii.gz,5,RV,1,1,1.0,1460081
282.nii.img.nii.gz,6,Aorta,2,2,0.5731347354277774,1693942
282.nii.img.nii.gz,7,PA,2,2,0.9005081959130099,588159
282.nii.img.nii.gz,8,LAA,1,1,1.0,127505
282.nii.img.nii.gz,9,Coronary,2,2,0.8898116358912499,86216
282.nii.img.nii.gz,10,PV,2,2,0.5652483258928571,286720
28.nii.img.nii.gz,1,Myocardium,1,1,1.0,1475966
28.nii.img.nii.gz,2,LA,1,1,1.0,1024382
28.nii.img.nii.gz,3,LV,1,1,1.0,1809406
28.nii.img.nii.gz,4,RA,1,1,1.0,1255861
28.nii.img.nii.gz,5,RV,1,1,1.0,2305178
28.nii.img.nii.gz,6,Aorta,2,2,0.5749762979214427,1370133
28.nii.img.nii.gz,7,PA,1,1,1.0,755680
28.nii.img.nii.gz,8,LAA,1,1,1.0,138844
28.nii.img.nii.gz,9,Coronary,2,2,0.5077521459227468,74560
28.nii.img.nii.gz,10,PV,2,2,0.5205622028025978,356455
284.nii.img.nii.gz,1,Myocardium,1,1,1.0,1668614
284.nii.img.nii.gz,2,LA,1,1,1.0,1030620
284.nii.img.nii.gz,3,LV,1,1,1.0,2123844
284.nii.img.nii.gz,4,RA,1,1,1.0,1189983
284.nii.img.nii.gz,5,RV,1,1,1.0,2156588
284.nii.img.nii.gz,6,Aorta,2,2,0.5757052222765746,1349220
284.nii.img.nii.gz,7,PA,2,2,0.8909510680743281,267678
284.nii.img.nii.gz,8,LAA,1,1,1.0,91692
284.nii.img.nii.gz,9,Coronary,2,2,0.5530927335304668,82516
284.nii.img.nii.gz,10,PV,2,2,0.6453846478976065,260251
283.nii.img.nii.gz,1,Myocardium,1,1,1.0,1117099
283.nii.img.nii.gz,2,LA,1,1,1.0,1360193
283.nii.img.nii.gz,3,LV,1,1,1.0,1429553
283.nii.img.nii.gz,4,RA,1,1,1.0,1635681
283.nii.img.nii.gz,5,RV,1,1,1.0,1415813
283.nii.img.nii.gz,6,Aorta,2,2,0.5364728672513455,1284352
283.nii.img.nii.gz,7,PA,2,2,0.9051780491279825,477284
283.nii.img.nii.gz,8,LAA,1,1,1.0,159914
283.nii.img.nii.gz,9,Coronary,2,2,0.7339183798711261,81475
283.nii.img.nii.gz,10,PV,2,2,0.5235193253140628,307343
289.nii.img.nii.gz,1,Myocardium,1,1,1.0,1656659
289.nii.img.nii.gz,2,LA,1,1,1.0,1162921
289.nii.img.nii.gz,3,LV,1,1,1.0,1836309
289.nii.img.nii.gz,4,RA,1,1,1.0,1324400
289.nii.img.nii.gz,5,RV,1,1,1.0,2037799
289.nii.img.nii.gz,6,Aorta,2,2,0.5757135159152573,1057790
289.nii.img.nii.gz,7,PA,2,2,0.6223791719904385,212099
289.nii.img.nii.gz,8,LAA,1,1,1.0,146762
289.nii.img.nii.gz,9,Coronary,2,2,0.5457728106643327,59413
289.nii.img.nii.gz,10,PV,2,2,0.5388935303946718,339928
287.nii.img.nii.gz,1,Myocardium,1,1,1.0,1858846
287.nii.img.nii.gz,2,LA,1,1,1.0,873709
287.nii.img.nii.gz,3,LV,1,1,1.0,2232472
287.nii.img.nii.gz,4,RA,1,1,1.0,1274833
287.nii.img.nii.gz,5,RV,1,1,1.0,2477906
287.nii.img.nii.gz,6,Aorta,2,2,0.5890846983929819,1069123
287.nii.img.nii.gz,7,PA,1,1,1.0,435136
287.nii.img.nii.gz,8,LAA,1,1,1.0,105704
287.nii.img.nii.gz,9,Coronary,2,2,0.6501969157085359,69319
287.nii.img.nii.gz,10,PV,2,2,0.5027748084132553,332095
288.nii.img.nii.gz,1,Myocardium,1,1,1.0,1379715
288.nii.img.nii.gz,2,LA,1,1,1.0,808289
288.nii.img.nii.gz,3,LV,1,1,1.0,1626602
288.nii.img.nii.gz,4,RA,1,1,1.0,1286671
288.nii.img.nii.gz,5,RV,1,1,1.0,1814308
288.nii.img.nii.gz,6,Aorta,2,2,0.5697347841035102,1239066
288.nii.img.nii.gz,7,PA,2,1,0.9696405962670407,373591
288.nii.img.nii.gz,8,LAA,1,1,1.0,98793
288.nii.img.nii.gz,9,Coronary,3,2,0.7636123950806815,59927
288.nii.img.nii.gz,10,PV,3,3,0.5076073311574191,278810
29.nii.img.nii.gz,1,Myocardium,1,1,1.0,1691451
29.nii.img.nii.gz,2,LA,1,1,1.0,979981
29.nii.img.nii.gz,3,LV,1,1,1.0,1965914
29.nii.img.nii.gz,4,RA,1,1,1.0,1263156
29.nii.img.nii.gz,5,RV,1,1,1.0,2095396
29.nii.img.nii.gz,6,Aorta,2,2,0.5388545935570888,1387944
29.nii.img.nii.gz,7,PA,2,1,0.9663390027808316,463890
29.nii.img.nii.gz,8,LAA,1,1,1.0,149678
29.nii.img.nii.gz,9,Coronary,2,2,0.5468940034517508,86333
29.nii.img.nii.gz,10,PV,3,3,0.5505570155393053,350080
286.nii.img.nii.gz,1,Myocardium,1,1,1.0,1678586
286.nii.img.nii.gz,2,LA,1,1,1.0,1007680
286.nii.img.nii.gz,3,LV,1,1,1.0,1813659
286.nii.img.nii.gz,4,RA,1,1,1.0,1407131
286.nii.img.nii.gz,5,RV,1,1,1.0,2087639
286.nii.img.nii.gz,6,Aorta,2,2,0.5419084734312954,1761565
286.nii.img.nii.gz,7,PA,2,2,0.9227907743372892,703776
286.nii.img.nii.gz,8,LAA,1,1,1.0,144036
286.nii.img.nii.gz,9,Coronary,2,2,0.5003556437934296,127937
286.nii.img.nii.gz,10,PV,3,3,0.44092414687334236,424175
285.nii.img.nii.gz,1,Myocardium,1,1,1.0,1628980
285.nii.img.nii.gz,2,LA,1,1,1.0,1117710
285.nii.img.nii.gz,3,LV,1,1,1.0,1599569
285.nii.img.nii.gz,4,RA,1,1,1.0,1472996
285.nii.img.nii.gz,5,RV,1,1,1.0,2348415
285.nii.img.nii.gz,6,Aorta,2,2,0.5124178141248104,1765206
285.nii.img.nii.gz,7,PA,1,1,1.0,1103555
285.nii.img.nii.gz,8,LAA,1,1,1.0,198652
285.nii.img.nii.gz,9,Coronary,2,2,0.7324459354652526,55443
285.nii.img.nii.gz,10,PV,3,3,0.5035183112106189,387686
290.nii.img.nii.gz,1,Myocardium,1,1,1.0,1630344
290.nii.img.nii.gz,2,LA,1,1,1.0,1231751
290.nii.img.nii.gz,3,LV,1,1,1.0,1947620
290.nii.img.nii.gz,4,RA,1,1,1.0,1085431
290.nii.img.nii.gz,5,RV,1,1,1.0,2218117
290.nii.img.nii.gz,6,Aorta,2,2,0.5507927054634781,1858761
290.nii.img.nii.gz,7,PA,1,1,1.0,867955
290.nii.img.nii.gz,8,LAA,1,1,1.0,86032
290.nii.img.nii.gz,9,Coronary,2,2,0.5737808376362593,52290
290.nii.img.nii.gz,10,PV,2,2,0.5751737360371281,414134
292.nii.img.nii.gz,1,Myocardium,1,1,1.0,1540445
292.nii.img.nii.gz,2,LA,1,1,1.0,1066431
292.nii.img.nii.gz,3,LV,1,1,1.0,1557104
292.nii.img.nii.gz,4,RA,1,1,1.0,1015744
292.nii.img.nii.gz,5,RV,1,1,1.0,1945999
292.nii.img.nii.gz,6,Aorta,2,2,0.5329933884533864,1818334
292.nii.img.nii.gz,7,PA,1,1,1.0,647890
292.nii.img.nii.gz,8,LAA,1,1,1.0,64092
292.nii.img.nii.gz,9,Coronary,2,2,0.6859212508068565,69715
292.nii.img.nii.gz,10,PV,2,2,0.5214405894832046,300738
294.nii.img.nii.gz,1,Myocardium,1,1,1.0,1214313
294.nii.img.nii.gz,2,LA,1,1,1.0,1128704
294.nii.img.nii.gz,3,LV,1,1,1.0,1269285
294.nii.img.nii.gz,4,RA,1,1,1.0,1239769
294.nii.img.nii.gz,5,RV,1,1,1.0,1521728
294.nii.img.nii.gz,6,Aorta,2,2,0.5135726653220262,1141817
294.nii.img.nii.gz,7,PA,2,1,0.9702382714222288,405420
294.nii.img.nii.gz,8,LAA,1,1,1.0,72217
294.nii.img.nii.gz,9,Coronary,2,2,0.5001022991739341,78202
294.nii.img.nii.gz,10,PV,3,3,0.5107659520670411,276845
293.nii.img.nii.gz,1,Myocardium,1,1,1.0,2002165
293.nii.img.nii.gz,2,LA,1,1,1.0,1003227
293.nii.img.nii.gz,3,LV,1,1,1.0,1262311
293.nii.img.nii.gz,4,RA,1,1,1.0,895266
293.nii.img.nii.gz,5,RV,1,1,1.0,1406579
293.nii.img.nii.gz,6,Aorta,2,2,0.549065100801211,1088727
293.nii.img.nii.gz,7,PA,1,1,1.0,621208
293.nii.img.nii.gz,8,LAA,1,1,1.0,57081
293.nii.img.nii.gz,9,Coronary,2,2,0.5470652317929542,135854
293.nii.img.nii.gz,10,PV,3,3,0.5534826861015743,213499
291.nii.img.nii.gz,1,Myocardium,1,1,1.0,2088712
291.nii.img.nii.gz,2,LA,1,1,1.0,1162868
291.nii.img.nii.gz,3,LV,1,1,1.0,2625409
291.nii.img.nii.gz,4,RA,1,1,1.0,1658097
291.nii.img.nii.gz,5,RV,1,1,1.0,3345339
291.nii.img.nii.gz,6,Aorta,2,2,0.6181187168517043,1006462
291.nii.img.nii.gz,7,PA,1,1,1.0,546653
291.nii.img.nii.gz,8,LAA,1,1,1.0,120845
291.nii.img.nii.gz,9,Coronary,2,2,0.6193851150500935,72664
291.nii.img.nii.gz,10,PV,2,2,0.5128410571731444,444317
298.nii.img.nii.gz,1,Myocardium,1,1,1.0,1295061
298.nii.img.nii.gz,2,LA,1,1,1.0,1028968
298.nii.img.nii.gz,3,LV,1,1,1.0,1285179
298.nii.img.nii.gz,4,RA,1,1,1.0,803984
298.nii.img.nii.gz,5,RV,1,1,1.0,1413431
298.nii.img.nii.gz,6,Aorta,2,2,0.5023790436293113,1443227
298.nii.img.nii.gz,7,PA,1,1,1.0,591309
298.nii.img.nii.gz,8,LAA,1,1,1.0,154593
298.nii.img.nii.gz,9,Coronary,2,2,0.5506441073026576,48051
298.nii.img.nii.gz,10,PV,2,2,0.5018285647233685,306798
296.nii.img.nii.gz,1,Myocardium,1,1,1.0,1579830
296.nii.img.nii.gz,2,LA,1,1,1.0,908681
296.nii.img.nii.gz,3,LV,1,1,1.0,1933312
296.nii.img.nii.gz,4,RA,1,1,1.0,1273935
296.nii.img.nii.gz,5,RV,1,1,1.0,2170858
296.nii.img.nii.gz,6,Aorta,2,2,0.5766380511369983,948902
296.nii.img.nii.gz,7,PA,1,1,1.0,578231
296.nii.img.nii.gz,8,LAA,1,1,1.0,108652
296.nii.img.nii.gz,9,Coronary,2,2,0.6369463532944505,51951
296.nii.img.nii.gz,10,PV,2,2,0.5154957718428105,312311
295.nii.img.nii.gz,1,Myocardium,1,1,1.0,1668746
295.nii.img.nii.gz,2,LA,1,1,1.0,1740727
295.nii.img.nii.gz,3,LV,1,1,1.0,2093037
295.nii.img.nii.gz,4,RA,1,1,1.0,2208967
295.nii.img.nii.gz,5,RV,1,1,1.0,2067393
295.nii.img.nii.gz,6,Aorta,2,2,0.5844942133704947,1209858
295.nii.img.nii.gz,7,PA,2,1,0.959214014417487,645050
295.nii.img.nii.gz,8,LAA,1,1,1.0,168735
295.nii.img.nii.gz,9,Coronary,2,2,0.6062182508109432,65356
295.nii.img.nii.gz,10,PV,2,2,0.5221466077190107,400129
299.nii.img.nii.gz,1,Myocardium,1,1,1.0,1364958
299.nii.img.nii.gz,2,LA,1,1,1.0,1243055
299.nii.img.nii.gz,3,LV,1,1,1.0,1593492
299.nii.img.nii.gz,4,RA,1,1,1.0,1238206
299.nii.img.nii.gz,5,RV,1,1,1.0,2002996
299.nii.img.nii.gz,6,Aorta,2,2,0.5257901467632909,1527153
299.nii.img.nii.gz,7,PA,2,2,0.9334498355042335,931027
299.nii.img.nii.gz,8,LAA,1,1,1.0,209753
299.nii.img.nii.gz,9,Coronary,2,2,0.9050165120301934,44513
299.nii.img.nii.gz,10,PV,2,2,0.5850884509783477,460368
3.nii.img.nii.gz,1,Myocardium,1,1,1.0,1558904
3.nii.img.nii.gz,2,LA,1,1,1.0,1135718
3.nii.img.nii.gz,3,LV,1,1,1.0,1522428
3.nii.img.nii.gz,4,RA,1,1,1.0,1488903
3.nii.img.nii.gz,5,RV,1,1,1.0,2012219
3.nii.img.nii.gz,6,Aorta,2,2,0.5156934357982444,1632689
3.nii.img.nii.gz,7,PA,1,1,1.0,670406
3.nii.img.nii.gz,8,LAA,1,1,1.0,153879
3.nii.img.nii.gz,9,Coronary,2,2,0.5211840841296325,79116
3.nii.img.nii.gz,10,PV,2,2,0.5804345167733257,367995
297.nii.img.nii.gz,1,Myocardium,1,1,1.0,1475993
297.nii.img.nii.gz,2,LA,1,1,1.0,713486
297.nii.img.nii.gz,3,LV,1,1,1.0,1576652
297.nii.img.nii.gz,4,RA,1,1,1.0,1187412
297.nii.img.nii.gz,5,RV,1,1,1.0,2180291
297.nii.img.nii.gz,6,Aorta,2,2,0.6060953277764699,960014
297.nii.img.nii.gz,7,PA,2,2,0.9261098984204466,465448
297.nii.img.nii.gz,8,LAA,1,1,1.0,84676
297.nii.img.nii.gz,9,Coronary,2,2,0.5510567047475605,62411
297.nii.img.nii.gz,10,PV,3,3,0.4759047153955162,333779
30.nii.img.nii.gz,1,Myocardium,1,1,1.0,1583399
30.nii.img.nii.gz,2,LA,1,1,1.0,858837
30.nii.img.nii.gz,3,LV,1,1,1.0,1699418
30.nii.img.nii.gz,4,RA,1,1,1.0,1200165
30.nii.img.nii.gz,5,RV,1,1,1.0,1964635
30.nii.img.nii.gz,6,Aorta,2,2,0.5450266650701397,1737104
30.nii.img.nii.gz,7,PA,2,2,0.948666172844517,492755
30.nii.img.nii.gz,8,LAA,1,1,1.0,130783
30.nii.img.nii.gz,9,Coronary,2,2,0.657745102394385,90044
30.nii.img.nii.gz,10,PV,3,3,0.49101960869345246,276714
303.nii.img.nii.gz,1,Myocardium,1,1,1.0,1530931
303.nii.img.nii.gz,2,LA,1,1,1.0,1063484
303.nii.img.nii.gz,3,LV,1,1,1.0,1649930
303.nii.img.nii.gz,4,RA,1,1,1.0,900985
303.nii.img.nii.gz,5,RV,1,1,1.0,1924120
303.nii.img.nii.gz,6,Aorta,2,2,0.6042060187501404,979406
303.nii.img.nii.gz,7,PA,2,2,0.5750487646293888,184560
303.nii.img.nii.gz,8,LAA,1,1,1.0,162846
303.nii.img.nii.gz,9,Coronary,2,2,0.7467179334664571,47074
303.nii.img.nii.gz,10,PV,2,2,0.5666521830090603,310695
301.nii.img.nii.gz,1,Myocardium,1,1,1.0,1722951
301.nii.img.nii.gz,2,LA,1,1,1.0,1421368
301.nii.img.nii.gz,3,LV,1,1,1.0,2029837
301.nii.img.nii.gz,4,RA,1,1,1.0,1587090
301.nii.img.nii.gz,5,RV,1,1,1.0,2422910
301.nii.img.nii.gz,6,Aorta,2,2,0.607259894126544,960014
301.nii.img.nii.gz,7,PA,1,1,1.0,773037
301.nii.img.nii.gz,8,LAA,1,1,1.0,103823
301.nii.img.nii.gz,9,Coronary,2,2,0.7156833679217314,67460
301.nii.img.nii.gz,10,PV,2,2,0.5851574432564913,450448
300.nii.img.nii.gz,1,Myocardium,1,1,1.0,1445130
300.nii.img.nii.gz,2,LA,1,1,1.0,847161
300.nii.img.nii.gz,3,LV,1,1,1.0,1445649
300.nii.img.nii.gz,4,RA,1,1,1.0,1291767
300.nii.img.nii.gz,5,RV,1,1,1.0,2264020
300.nii.img.nii.gz,6,Aorta,2,2,0.5216022076313482,1480682
300.nii.img.nii.gz,7,PA,2,2,0.7529478889311525,283932
300.nii.img.nii.gz,8,LAA,1,1,1.0,83088
300.nii.img.nii.gz,9,Coronary,2,2,0.5111106971892637,53687
300.nii.img.nii.gz,10,PV,2,2,0.520690398034111,273871
304.nii.img.nii.gz,1,Myocardium,1,1,1.0,1593579
304.nii.img.nii.gz,2,LA,1,1,1.0,1057632
304.nii.img.nii.gz,3,LV,1,1,1.0,1543031
304.nii.img.nii.gz,4,RA,1,1,1.0,1143132
304.nii.img.nii.gz,5,RV,1,1,1.0,1804138
304.nii.img.nii.gz,6,Aorta,2,2,0.5117205171884163,1253315
304.nii.img.nii.gz,7,PA,1,1,1.0,663869
304.nii.img.nii.gz,8,LAA,1,1,1.0,114473
304.nii.img.nii.gz,9,Coronary,2,2,0.6159836934750336,84874
304.nii.img.nii.gz,10,PV,3,3,0.5308726378017526,273527
302.nii.img.nii.gz,1,Myocardium,1,1,1.0,2267477
302.nii.img.nii.gz,2,LA,1,1,1.0,1282036
302.nii.img.nii.gz,3,LV,1,1,1.0,2407539
302.nii.img.nii.gz,4,RA,1,1,1.0,1145422
302.nii.img.nii.gz,5,RV,1,1,1.0,2180798
302.nii.img.nii.gz,6,Aorta,2,2,0.5372390114259488,1540441
302.nii.img.nii.gz,7,PA,2,1,0.9629628575048796,702403
302.nii.img.nii.gz,8,LAA,1,1,1.0,203504
302.nii.img.nii.gz,9,Coronary,2,2,0.7301908363380529,68226
302.nii.img.nii.gz,10,PV,2,2,0.5215179418942442,348709
305.nii.img.nii.gz,1,Myocardium,1,1,1.0,1384123
305.nii.img.nii.gz,2,LA,1,1,1.0,1229795
305.nii.img.nii.gz,3,LV,1,1,1.0,1355696
305.nii.img.nii.gz,4,RA,1,1,1.0,1548144
305.nii.img.nii.gz,5,RV,1,1,1.0,1990239
305.nii.img.nii.gz,6,Aorta,2,2,0.6375114592399188,1723500
305.nii.img.nii.gz,7,PA,2,1,0.9728449865491956,883962
305.nii.img.nii.gz,8,LAA,1,1,1.0,109991
305.nii.img.nii.gz,9,Coronary,3,2,0.6158882187130603,65986
305.nii.img.nii.gz,10,PV,1,1,1.0,404129
307.nii.img.nii.gz,1,Myocardium,1,1,1.0,1608039
307.nii.img.nii.gz,2,LA,1,1,1.0,1334317
307.nii.img.nii.gz,3,LV,1,1,1.0,1642538
307.nii.img.nii.gz,4,RA,1,1,1.0,1942675
307.nii.img.nii.gz,5,RV,1,1,1.0,2445381
307.nii.img.nii.gz,6,Aorta,2,2,0.5305462099015126,1864503
307.nii.img.nii.gz,7,PA,2,2,0.9053250175834047,708054
307.nii.img.nii.gz,8,LAA,1,1,1.0,185128
307.nii.img.nii.gz,9,Coronary,2,2,0.7278577433894041,158193
307.nii.img.nii.gz,10,PV,3,3,0.4811529250980368,324878
306.nii.img.nii.gz,1,Myocardium,1,1,1.0,1918035
306.nii.img.nii.gz,2,LA,1,1,1.0,1051492
306.nii.img.nii.gz,3,LV,1,1,1.0,2079953
306.nii.img.nii.gz,4,RA,1,1,1.0,1199932
306.nii.img.nii.gz,5,RV,1,1,1.0,2487759
306.nii.img.nii.gz,6,Aorta,2,2,0.6274527308465399,2520354
306.nii.img.nii.gz,7,PA,1,1,1.0,954131
306.nii.img.nii.gz,8,LAA,1,1,1.0,120274
306.nii.img.nii.gz,9,Coronary,2,2,0.7077959196399805,96217
306.nii.img.nii.gz,10,PV,2,2,0.536401864923129,253737
309.nii.img.nii.gz,1,Myocardium,1,1,1.0,1555243
309.nii.img.nii.gz,2,LA,1,1,1.0,1218225
309.nii.img.nii.gz,3,LV,1,1,1.0,1660651
309.nii.img.nii.gz,4,RA,1,1,1.0,1047930
309.nii.img.nii.gz,5,RV,1,1,1.0,1648962
309.nii.img.nii.gz,6,Aorta,2,2,0.5119838118449942,1795881
309.nii.img.nii.gz,7,PA,1,1,1.0,863695
309.nii.img.nii.gz,8,LAA,1,1,1.0,115267
309.nii.img.nii.gz,9,Coronary,2,2,0.6363793057728514,75422
309.nii.img.nii.gz,10,PV,2,2,0.5082334681152952,300238
310.nii.img.nii.gz,1,Myocardium,1,1,1.0,1882528
310.nii.img.nii.gz,2,LA,1,1,1.0,1300740
310.nii.img.nii.gz,3,LV,1,1,1.0,1992922
310.nii.img.nii.gz,4,RA,1,1,1.0,1537704
310.nii.img.nii.gz,5,RV,1,1,1.0,2388441
310.nii.img.nii.gz,6,Aorta,2,2,0.5207165716767175,1202057
310.nii.img.nii.gz,7,PA,2,2,0.5664984163010891,118078
310.nii.img.nii.gz,8,LAA,1,1,1.0,37535
310.nii.img.nii.gz,9,Coronary,2,2,0.5980239736830246,88764
310.nii.img.nii.gz,10,PV,2,2,0.6477185703622563,309477
312.nii.img.nii.gz,1,Myocardium,1,1,1.0,1610345
312.nii.img.nii.gz,2,LA,1,1,1.0,883757
312.nii.img.nii.gz,3,LV,1,1,1.0,1579574
312.nii.img.nii.gz,4,RA,1,1,1.0,1496574
312.nii.img.nii.gz,5,RV,1,1,1.0,2275287
312.nii.img.nii.gz,6,Aorta,2,2,0.5070974157086762,1281241
312.nii.img.nii.gz,7,PA,2,2,0.9244028058910925,594321
312.nii.img.nii.gz,8,LAA,1,1,1.0,53852
312.nii.img.nii.gz,9,Coronary,2,2,0.8802037697401935,98150
312.nii.img.nii.gz,10,PV,3,3,0.4768992186500426,453318
308.nii.img.nii.gz,1,Myocardium,1,1,1.0,1666070
308.nii.img.nii.gz,2,LA,1,1,1.0,1445259
308.nii.img.nii.gz,3,LV,1,1,1.0,1666025
308.nii.img.nii.gz,4,RA,1,1,1.0,1562864
308.nii.img.nii.gz,5,RV,1,1,1.0,2357484
308.nii.img.nii.gz,6,Aorta,2,2,0.535506775131506,1785279
308.nii.img.nii.gz,7,PA,2,2,0.9353839118636317,664788
308.nii.img.nii.gz,8,LAA,1,1,1.0,161663
308.nii.img.nii.gz,9,Coronary,2,2,0.5641186956065849,95370
308.nii.img.nii.gz,10,PV,2,2,0.555111495774361,510692
313.nii.img.nii.gz,1,Myocardium,1,1,1.0,1951402
313.nii.img.nii.gz,2,LA,1,1,1.0,1300720
313.nii.img.nii.gz,3,LV,1,1,1.0,2273324
313.nii.img.nii.gz,4,RA,1,1,1.0,1814354
313.nii.img.nii.gz,5,RV,1,1,1.0,2537973
313.nii.img.nii.gz,6,Aorta,2,2,0.5784397399739043,1546614
313.nii.img.nii.gz,7,PA,2,2,0.9147040274509538,294926
313.nii.img.nii.gz,8,LAA,1,1,1.0,118138
313.nii.img.nii.gz,9,Coronary,2,2,0.6837480676208049,100265
313.nii.img.nii.gz,10,PV,2,2,0.5639729403436212,340433
31.nii.img.nii.gz,1,Myocardium,1,1,1.0,2115991
31.nii.img.nii.gz,2,LA,1,1,1.0,1186693
31.nii.img.nii.gz,3,LV,1,1,1.0,1871485
31.nii.img.nii.gz,4,RA,1,1,1.0,1437503
31.nii.img.nii.gz,5,RV,1,1,1.0,2838985
31.nii.img.nii.gz,6,Aorta,2,2,0.5428046246238406,1608693
31.nii.img.nii.gz,7,PA,2,2,0.9050462815343511,636647
31.nii.img.nii.gz,8,LAA,1,1,1.0,150943
31.nii.img.nii.gz,9,Coronary,2,2,0.6301080769968664,78185
31.nii.img.nii.gz,10,PV,2,2,0.5737913664031344,428790
311.nii.img.nii.gz,1,Myocardium,1,1,1.0,1881246
311.nii.img.nii.gz,2,LA,1,1,1.0,842659
311.nii.img.nii.gz,3,LV,1,1,1.0,1951710
311.nii.img.nii.gz,4,RA,1,1,1.0,1178031
311.nii.img.nii.gz,5,RV,1,1,1.0,2935609
311.nii.img.nii.gz,6,Aorta,2,2,0.5987667396501875,2006389
311.nii.img.nii.gz,7,PA,2,1,0.9730189633053736,864459
311.nii.img.nii.gz,8,LAA,1,1,1.0,138609
311.nii.img.nii.gz,9,Coronary,2,2,0.5918047155754229,114090
311.nii.img.nii.gz,10,PV,2,2,0.5038514209765902,371681
315.nii.img.nii.gz,1,Myocardium,1,1,1.0,1506562
315.nii.img.nii.gz,2,LA,1,1,1.0,1200097
315.nii.img.nii.gz,3,LV,1,1,1.0,1453784
315.nii.img.nii.gz,4,RA,1,1,1.0,1169615
315.nii.img.nii.gz,5,RV,1,1,1.0,1456718
315.nii.img.nii.gz,6,Aorta,2,2,0.6275000492372831,2386403
315.nii.img.nii.gz,7,PA,2,1,0.9582713496886109,515593
315.nii.img.nii.gz,8,LAA,1,1,1.0,218642
315.nii.img.nii.gz,9,Coronary,2,2,0.8611311971799159,88508
315.nii.img.nii.gz,10,PV,3,3,0.5302348484623759,337111
316.nii.img.nii.gz,1,Myocardium,1,1,1.0,1218963
316.nii.img.nii.gz,2,LA,1,1,1.0,1061624
316.nii.img.nii.gz,3,LV,1,1,1.0,1335907
316.nii.img.nii.gz,4,RA,1,1,1.0,1038660
316.nii.img.nii.gz,5,RV,1,1,1.0,1340214
316.nii.img.nii.gz,6,Aorta,2,2,0.5092675632236735,1475199
316.nii.img.nii.gz,7,PA,1,1,1.0,767357
316.nii.img.nii.gz,8,LAA,1,1,1.0,116836
316.nii.img.nii.gz,9,Coronary,2,2,0.5946290844368822,89333
316.nii.img.nii.gz,10,PV,2,2,0.6366118188909111,269230
314.nii.img.nii.gz,1,Myocardium,1,1,1.0,1641474
314.nii.img.nii.gz,2,LA,1,1,1.0,1171287
314.nii.img.nii.gz,3,LV,1,1,1.0,1772766
314.nii.img.nii.gz,4,RA,1,1,1.0,1140994
314.nii.img.nii.gz,5,RV,1,1,1.0,1984044
314.nii.img.nii.gz,6,Aorta,2,2,0.5243660967927869,1554496
314.nii.img.nii.gz,7,PA,1,1,1.0,744612
314.nii.img.nii.gz,8,LAA,1,1,1.0,193217
314.nii.img.nii.gz,9,Coronary,3,2,0.5710425232111491,103614
314.nii.img.nii.gz,10,PV,2,2,0.554059299430517,360678
319.nii.img.nii.gz,1,Myocardium,1,1,1.0,1603734
319.nii.img.nii.gz,2,LA,1,1,1.0,1434238
319.nii.img.nii.gz,3,LV,1,1,1.0,1756914
319.nii.img.nii.gz,4,RA,1,1,1.0,1325685
319.nii.img.nii.gz,5,RV,1,1,1.0,2241389
319.nii.img.nii.gz,6,Aorta,2,2,0.5057294609426545,1688466
319.nii.img.nii.gz,7,PA,1,1,1.0,689781
319.nii.img.nii.gz,8,LAA,1,1,1.0,204391
319.nii.img.nii.gz,9,Coronary,3,2,0.6562371500130836,80253
319.nii.img.nii.gz,10,PV,2,2,0.5724263952070984,443823
317.nii.img.nii.gz,1,Myocardium,1,1,1.0,1411864
317.nii.img.nii.gz,2,LA,1,1,1.0,981390
317.nii.img.nii.gz,3,LV,1,1,1.0,1579613
317.nii.img.nii.gz,4,RA,1,1,1.0,1721721
317.nii.img.nii.gz,5,RV,1,1,1.0,2016383
317.nii.img.nii.gz,6,Aorta,2,2,0.5838488585136768,1800591
317.nii.img.nii.gz,7,PA,2,2,0.9451602193591225,250001
317.nii.img.nii.gz,8,LAA,1,1,1.0,177432
317.nii.img.nii.gz,9,Coronary,2,2,0.641513397135468,76173
317.nii.img.nii.gz,10,PV,2,2,0.6367674344509624,266785
318.nii.img.nii.gz,1,Myocardium,1,1,1.0,2031489
318.nii.img.nii.gz,2,LA,1,1,1.0,973936
318.nii.img.nii.gz,3,LV,1,1,1.0,2572302
318.nii.img.nii.gz,4,RA,1,1,1.0,1295947
318.nii.img.nii.gz,5,RV,1,1,1.0,3139092
318.nii.img.nii.gz,6,Aorta,2,2,0.5720716563090271,1375957
318.nii.img.nii.gz,7,PA,1,1,1.0,676387
318.nii.img.nii.gz,8,LAA,1,1,1.0,127328
318.nii.img.nii.gz,9,Coronary,2,2,0.5881547168451029,83223
318.nii.img.nii.gz,10,PV,2,2,0.5695104677002248,384755
321.nii.img.nii.gz,1,Myocardium,1,1,1.0,1774096
321.nii.img.nii.gz,2,LA,1,1,1.0,1605303
321.nii.img.nii.gz,3,LV,1,1,1.0,1336400
321.nii.img.nii.gz,4,RA,1,1,1.0,1280250
321.nii.img.nii.gz,5,RV,1,1,1.0,1862310
321.nii.img.nii.gz,6,Aorta,2,2,0.6628422063767687,1082680
321.nii.img.nii.gz,7,PA,2,1,0.9600333219378593,508974
321.nii.img.nii.gz,8,LAA,1,1,1.0,148603
321.nii.img.nii.gz,9,Coronary,2,2,0.7052334075176472,73241
321.nii.img.nii.gz,10,PV,2,2,0.5370853730550577,286191
320.nii.img.nii.gz,1,Myocardium,1,1,1.0,1721267
320.nii.img.nii.gz,2,LA,1,1,1.0,1246902
320.nii.img.nii.gz,3,LV,1,1,1.0,2046982
320.nii.img.nii.gz,4,RA,1,1,1.0,1660528
320.nii.img.nii.gz,5,RV,1,1,1.0,2489662
320.nii.img.nii.gz,6,Aorta,2,2,0.5031050602026339,1559068
320.nii.img.nii.gz,7,PA,2,1,0.9679773347544917,836876
320.nii.img.nii.gz,8,LAA,1,1,1.0,137133
320.nii.img.nii.gz,9,Coronary,2,2,0.5337713534822602,87515
320.nii.img.nii.gz,10,PV,2,2,0.553294320645696,352364
32.nii.img.nii.gz,1,Myocardium,1,1,1.0,2100190
32.nii.img.nii.gz,2,LA,1,1,1.0,1568083
32.nii.img.nii.gz,3,LV,1,1,1.0,1792736
32.nii.img.nii.gz,4,RA,1,1,1.0,1818501
32.nii.img.nii.gz,5,RV,1,1,1.0,1878235
32.nii.img.nii.gz,6,Aorta,2,2,0.5265926724242244,2479292
32.nii.img.nii.gz,7,PA,2,1,0.9599843631864733,698352
32.nii.img.nii.gz,8,LAA,1,1,1.0,191884
32.nii.img.nii.gz,9,Coronary,2,2,0.6133420157730989,96747
32.nii.img.nii.gz,10,PV,2,2,0.6054328228369381,427623
325.nii.img.nii.gz,1,Myocardium,1,1,1.0,1507108
325.nii.img.nii.gz,2,LA,1,1,1.0,1417710
325.nii.img.nii.gz,3,LV,1,1,1.0,1591970
325.nii.img.nii.gz,4,RA,1,1,1.0,1504141
325.nii.img.nii.gz,5,RV,1,1,1.0,1959512
325.nii.img.nii.gz,6,Aorta,2,2,0.5381257641921398,1145000
325.nii.img.nii.gz,7,PA,2,1,0.9859654831036241,504043
325.nii.img.nii.gz,8,LAA,1,1,1.0,125271
325.nii.img.nii.gz,9,Coronary,3,2,0.5861576881912237,103711
325.nii.img.nii.gz,10,PV,3,3,0.46753222341568207,372400
322.nii.img.nii.gz,1,Myocardium,1,1,1.0,1742841
322.nii.img.nii.gz,2,LA,1,1,1.0,717176
322.nii.img.nii.gz,3,LV,1,1,1.0,1652123
322.nii.img.nii.gz,4,RA,1,1,1.0,723564
322.nii.img.nii.gz,5,RV,1,1,1.0,2131337
322.nii.img.nii.gz,6,Aorta,2,2,0.5399556900202334,1935907
322.nii.img.nii.gz,7,PA,2,1,0.9564879601354793,852086
322.nii.img.nii.gz,8,LAA,1,1,1.0,151063
322.nii.img.nii.gz,9,Coronary,2,2,0.9042728644450423,85493
322.nii.img.nii.gz,10,PV,2,2,0.5692508332125779,345050
324.nii.img.nii.gz,1,Myocardium,1,1,1.0,1729577
324.nii.img.nii.gz,2,LA,1,1,1.0,1060585
324.nii.img.nii.gz,3,LV,1,1,1.0,1640326
324.nii.img.nii.gz,4,RA,1,1,1.0,1096642
324.nii.img.nii.gz,5,RV,1,1,1.0,2003936
324.nii.img.nii.gz,6,Aorta,2,2,0.5466922410746212,1451451
324.nii.img.nii.gz,7,PA,2,2,0.9102273551241683,648193
324.nii.img.nii.gz,8,LAA,1,1,1.0,100863
324.nii.img.nii.gz,9,Coronary,2,2,0.5792221013444053,100193
324.nii.img.nii.gz,10,PV,3,3,0.592070649545178,320455
323.nii.img.nii.gz,1,Myocardium,1,1,1.0,1846908
323.nii.img.nii.gz,2,LA,1,1,1.0,1390252
323.nii.img.nii.gz,3,LV,1,1,1.0,1994131
323.nii.img.nii.gz,4,RA,1,1,1.0,1894797
323.nii.img.nii.gz,5,RV,1,1,1.0,2566144
323.nii.img.nii.gz,6,Aorta,2,2,0.5358892431741468,1819626
323.nii.img.nii.gz,7,PA,1,1,1.0,1042226
323.nii.img.nii.gz,8,LAA,1,1,1.0,179162
323.nii.img.nii.gz,9,Coronary,4,3,0.47531758756783427,64864
323.nii.img.nii.gz,10,PV,2,2,0.5039373035053364,506057
326.nii.img.nii.gz,1,Myocardium,1,1,1.0,1622799
326.nii.img.nii.gz,2,LA,1,1,1.0,1086296
326.nii.img.nii.gz,3,LV,1,1,1.0,1663115
326.nii.img.nii.gz,4,RA,1,1,1.0,1256637
326.nii.img.nii.gz,5,RV,1,1,1.0,2050569
326.nii.img.nii.gz,6,Aorta,2,2,0.6021291572109932,1395106
326.nii.img.nii.gz,7,PA,2,2,0.8838130667745533,608046
326.nii.img.nii.gz,8,LAA,1,1,1.0,112142
326.nii.img.nii.gz,9,Coronary,2,2,0.8805455821055672,48462
326.nii.img.nii.gz,10,PV,2,2,0.5661024435235583,307916
327.nii.img.nii.gz,1,Myocardium,1,1,1.0,1714046
327.nii.img.nii.gz,2,LA,1,1,1.0,985398
327.nii.img.nii.gz,3,LV,1,1,1.0,2038587
327.nii.img.nii.gz,4,RA,1,1,1.0,1293314
327.nii.img.nii.gz,5,RV,1,1,1.0,2316743
327.nii.img.nii.gz,6,Aorta,2,2,0.5344984826903737,1366234
327.nii.img.nii.gz,7,PA,2,2,0.9021445271089651,629183
327.nii.img.nii.gz,8,LAA,1,1,1.0,122710
327.nii.img.nii.gz,9,Coronary,4,2,0.5693335782201439,70781
327.nii.img.nii.gz,10,PV,3,3,0.5707411439229526,288446
33.nii.img.nii.gz,1,Myocardium,1,1,1.0,1227887
33.nii.img.nii.gz,2,LA,1,1,1.0,1299504
33.nii.img.nii.gz,3,LV,1,1,1.0,556457
33.nii.img.nii.gz,4,RA,1,1,1.0,1360236
33.nii.img.nii.gz,5,RV,1,1,1.0,968048
33.nii.img.nii.gz,6,Aorta,2,2,0.5003089968532769,1902932
33.nii.img.nii.gz,7,PA,1,1,1.0,1300010
33.nii.img.nii.gz,8,LAA,1,1,1.0,216133
33.nii.img.nii.gz,9,Coronary,2,2,0.5588350486303009,91918
33.nii.img.nii.gz,10,PV,2,2,0.5773182381448277,343774
330.nii.img.nii.gz,1,Myocardium,1,1,1.0,1276298
330.nii.img.nii.gz,2,LA,1,1,1.0,889813
330.nii.img.nii.gz,3,LV,1,1,1.0,1435244
330.nii.img.nii.gz,4,RA,1,1,1.0,894659
330.nii.img.nii.gz,5,RV,1,1,1.0,1644732
330.nii.img.nii.gz,6,Aorta,2,2,0.5474128483028459,1126857
330.nii.img.nii.gz,7,PA,2,1,0.950529155666713,518184
330.nii.img.nii.gz,8,LAA,1,1,1.0,106420
330.nii.img.nii.gz,9,Coronary,1,1,1.0,93882
330.nii.img.nii.gz,10,PV,2,2,0.5152304777235609,298185
329.nii.img.nii.gz,1,Myocardium,1,1,1.0,1351688
329.nii.img.nii.gz,2,LA,1,1,1.0,846984
329.nii.img.nii.gz,3,LV,1,1,1.0,1596686
329.nii.img.nii.gz,4,RA,1,1,1.0,1093111
329.nii.img.nii.gz,5,RV,1,1,1.0,1874444
329.nii.img.nii.gz,6,Aorta,2,2,0.5986375114580784,2652059
329.nii.img.nii.gz,7,PA,1,1,1.0,1055280
329.nii.img.nii.gz,8,LAA,1,1,1.0,172289
329.nii.img.nii.gz,9,Coronary,2,2,0.8218989108291493,62341
329.nii.img.nii.gz,10,PV,2,2,0.5111446182187538,317014
328.nii.img.nii.gz,1,Myocardium,1,1,1.0,1776096
328.nii.img.nii.gz,2,LA,1,1,1.0,1111608
328.nii.img.nii.gz,3,LV,1,1,1.0,1930519
328.nii.img.nii.gz,4,RA,1,1,1.0,1120862
328.nii.img.nii.gz,5,RV,1,1,1.0,2461887
328.nii.img.nii.gz,6,Aorta,2,2,0.5780901680152718,1661099
328.nii.img.nii.gz,7,PA,2,2,0.917347115988345,673697
328.nii.img.nii.gz,8,LAA,1,1,1.0,75020
328.nii.img.nii.gz,9,Coronary,2,2,0.55103556153968,101008
328.nii.img.nii.gz,10,PV,2,2,0.5288387019593361,384518
331.nii.img.nii.gz,1,Myocardium,1,1,1.0,1819520
331.nii.img.nii.gz,2,LA,1,1,1.0,1180865
331.nii.img.nii.gz,3,LV,1,1,1.0,1657670
331.nii.img.nii.gz,4,RA,1,1,1.0,1232655
331.nii.img.nii.gz,5,RV,1,1,1.0,2092747
331.nii.img.nii.gz,6,Aorta,2,2,0.5642559646098924,1499176
331.nii.img.nii.gz,7,PA,1,1,1.0,753142
331.nii.img.nii.gz,8,LAA,1,1,1.0,200814
331.nii.img.nii.gz,9,Coronary,2,2,0.5623310256450328,63989
331.nii.img.nii.gz,10,PV,2,2,0.587941796945082,323282
334.nii.img.nii.gz,1,Myocardium,1,1,1.0,2359495
334.nii.img.nii.gz,2,LA,1,1,1.0,1235884
334.nii.img.nii.gz,3,LV,1,1,1.0,2292177
334.nii.img.nii.gz,4,RA,1,1,1.0,1422169
334.nii.img.nii.gz,5,RV,1,1,1.0,2912426
334.nii.img.nii.gz,6,Aorta,2,2,0.5069085320872259,1596866
334.nii.img.nii.gz,7,PA,2,2,0.7808044434404773,150514
334.nii.img.nii.gz,8,LAA,1,1,1.0,120047
334.nii.img.nii.gz,9,Coronary,2,2,0.6493195427327164,110220
334.nii.img.nii.gz,10,PV,2,2,0.5391503072081523,346996
336.nii.img.nii.gz,1,Myocardium,1,1,1.0,1983049
336.nii.img.nii.gz,2,LA,1,1,1.0,1497162
336.nii.img.nii.gz,3,LV,1,1,1.0,1798556
336.nii.img.nii.gz,4,RA,1,1,1.0,1159141
336.nii.img.nii.gz,5,RV,1,1,1.0,2361413
336.nii.img.nii.gz,6,Aorta,2,2,0.5291262761309827,1397192
336.nii.img.nii.gz,7,PA,2,1,0.9873534414783721,427389
336.nii.img.nii.gz,8,LAA,1,1,1.0,165376
336.nii.img.nii.gz,9,Coronary,2,2,0.5215503113733202,85428
336.nii.img.nii.gz,10,PV,2,2,0.5763175870386578,374776
335.nii.img.nii.gz,1,Myocardium,1,1,1.0,1573516
335.nii.img.nii.gz,2,LA,1,1,1.0,1248419
335.nii.img.nii.gz,3,LV,1,1,1.0,1515165
335.nii.img.nii.gz,4,RA,1,1,1.0,1204905
335.nii.img.nii.gz,5,RV,1,1,1.0,2001994
335.nii.img.nii.gz,6,Aorta,2,2,0.51567641587314,1739492
335.nii.img.nii.gz,7,PA,2,2,0.915567745770956,666108
335.nii.img.nii.gz,8,LAA,1,1,1.0,167665
335.nii.img.nii.gz,9,Coronary,2,2,0.5646392208942009,112950
335.nii.img.nii.gz,10,PV,2,2,0.5487121079376205,353834
332.nii.img.nii.gz,1,Myocardium,1,1,1.0,1544487
332.nii.img.nii.gz,2,LA,1,1,1.0,929327
332.nii.img.nii.gz,3,LV,1,1,1.0,1741783
332.nii.img.nii.gz,4,RA,1,1,1.0,1129593
332.nii.img.nii.gz,5,RV,1,1,1.0,1850616
332.nii.img.nii.gz,6,Aorta,2,2,0.518260315779897,1209070
332.nii.img.nii.gz,7,PA,2,2,0.926345319326135,410646
332.nii.img.nii.gz,8,LAA,1,1,1.0,94598
332.nii.img.nii.gz,9,Coronary,2,2,0.6381581890573972,89412
332.nii.img.nii.gz,10,PV,3,3,0.541746163875977,271498
333.nii.img.nii.gz,1,Myocardium,1,1,1.0,2226075
333.nii.img.nii.gz,2,LA,1,1,1.0,935944
333.nii.img.nii.gz,3,LV,1,1,1.0,2217093
333.nii.img.nii.gz,4,RA,1,1,1.0,1369992
333.nii.img.nii.gz,5,RV,1,1,1.0,3117181
333.nii.img.nii.gz,6,Aorta,2,2,0.5976305254456117,1291932
333.nii.img.nii.gz,7,PA,2,2,0.7552029573441513,124977
333.nii.img.nii.gz,8,LAA,1,1,1.0,167382
333.nii.img.nii.gz,9,Coronary,2,2,0.6457028647568288,75050
333.nii.img.nii.gz,10,PV,2,2,0.5766369945078362,373077
339.nii.img.nii.gz,1,Myocardium,1,1,1.0,1426241
339.nii.img.nii.gz,2,LA,1,1,1.0,1051690
339.nii.img.nii.gz,3,LV,1,1,1.0,1256176
339.nii.img.nii.gz,4,RA,1,1,1.0,942224
339.nii.img.nii.gz,5,RV,1,1,1.0,1702130
339.nii.img.nii.gz,6,Aorta,2,2,0.5082082290305525,1552771
339.nii.img.nii.gz,7,PA,2,1,0.950849728386964,573242
339.nii.img.nii.gz,8,LAA,1,1,1.0,98053
339.nii.img.nii.gz,9,Coronary,2,2,0.9496369748415123,65147
339.nii.img.nii.gz,10,PV,2,2,0.5222956439505881,422975
337.nii.img.nii.gz,1,Myocardium,1,1,1.0,1850187
337.nii.img.nii.gz,2,LA,1,1,1.0,1288185
337.nii.img.nii.gz,3,LV,1,1,1.0,1852320
337.nii.img.nii.gz,4,RA,1,1,1.0,1260474
337.nii.img.nii.gz,5,RV,1,1,1.0,2309206
337.nii.img.nii.gz,6,Aorta,2,2,0.5314671050478542,2230631
337.nii.img.nii.gz,7,PA,1,1,1.0,757315
337.nii.img.nii.gz,8,LAA,1,1,1.0,152198
337.nii.img.nii.gz,9,Coronary,2,2,0.526801576443201,97942
337.nii.img.nii.gz,10,PV,2,2,0.5100288139477058,410218
338.nii.img.nii.gz,1,Myocardium,1,1,1.0,1706750
338.nii.img.nii.gz,2,LA,1,1,1.0,930513
338.nii.img.nii.gz,3,LV,1,1,1.0,1928253
338.nii.img.nii.gz,4,RA,1,1,1.0,1451841
338.nii.img.nii.gz,5,RV,1,1,1.0,2523701
338.nii.img.nii.gz,6,Aorta,2,2,0.5380370445057975,1492637
338.nii.img.nii.gz,7,PA,2,2,0.6104243617548872,270194
338.nii.img.nii.gz,8,LAA,1,1,1.0,103073
338.nii.img.nii.gz,9,Coronary,2,2,0.5641530456605692,92443
338.nii.img.nii.gz,10,PV,2,2,0.5566970892266728,363546
34.nii.img.nii.gz,1,Myocardium,1,1,1.0,1354501
34.nii.img.nii.gz,2,LA,1,1,1.0,731807
34.nii.img.nii.gz,3,LV,1,1,1.0,1261121
34.nii.img.nii.gz,4,RA,1,1,1.0,981272
34.nii.img.nii.gz,5,RV,1,1,1.0,1436176
34.nii.img.nii.gz,6,Aorta,2,2,0.568459036518419,1182773
34.nii.img.nii.gz,7,PA,1,1,1.0,643498
34.nii.img.nii.gz,8,LAA,1,1,1.0,160258
34.nii.img.nii.gz,9,Coronary,2,2,0.5730691813494361,72534
34.nii.img.nii.gz,10,PV,3,3,0.5296237770231651,297430
341.nii.img.nii.gz,1,Myocardium,1,1,1.0,2680828
341.nii.img.nii.gz,2,LA,1,1,1.0,1355537
341.nii.img.nii.gz,3,LV,1,1,1.0,2850571
341.nii.img.nii.gz,4,RA,1,1,1.0,1457904
341.nii.img.nii.gz,5,RV,1,1,1.0,3701220
341.nii.img.nii.gz,6,Aorta,2,2,0.5589585711043124,1564005
341.nii.img.nii.gz,7,PA,2,2,0.9400539994000067,450005
341.nii.img.nii.gz,8,LAA,1,1,1.0,160323
341.nii.img.nii.gz,9,Coronary,3,2,0.5079375158750318,125984
341.nii.img.nii.gz,10,PV,3,3,0.48979128534740846,422874
340.nii.img.nii.gz,1,Myocardium,1,1,1.0,1531814
340.nii.img.nii.gz,2,LA,1,1,1.0,794119
340.nii.img.nii.gz,3,LV,1,1,1.0,1525257
340.nii.img.nii.gz,4,RA,1,1,1.0,1260253
340.nii.img.nii.gz,5,RV,1,1,1.0,1821194
340.nii.img.nii.gz,6,Aorta,2,2,0.5357229572046899,1495047
340.nii.img.nii.gz,7,PA,1,1,1.0,696687
340.nii.img.nii.gz,8,LAA,1,1,1.0,119735
340.nii.img.nii.gz,9,Coronary,2,2,0.6028161634684656,76345
340.nii.img.nii.gz,10,PV,2,2,0.5582283440667958,362418
342.nii.img.nii.gz,1,Myocardium,1,1,1.0,2380425
342.nii.img.nii.gz,2,LA,1,1,1.0,1368615
342.nii.img.nii.gz,3,LV,1,1,1.0,2378150
342.nii.img.nii.gz,4,RA,1,1,1.0,1676851
342.nii.img.nii.gz,5,RV,1,1,1.0,2979640
342.nii.img.nii.gz,6,Aorta,2,2,0.5459989807228315,1402955
342.nii.img.nii.gz,7,PA,2,2,0.9224697953979722,609427
342.nii.img.nii.gz,8,LAA,1,1,1.0,176349
342.nii.img.nii.gz,9,Coronary,3,2,0.49556126112404536,91918
342.nii.img.nii.gz,10,PV,2,2,0.5154411764705882,447440
344.nii.img.nii.gz,1,Myocardium,1,1,1.0,1804227
344.nii.img.nii.gz,2,LA,1,1,1.0,1047076
344.nii.img.nii.gz,3,LV,1,1,1.0,1733416
344.nii.img.nii.gz,4,RA,1,1,1.0,1256063
344.nii.img.nii.gz,5,RV,1,1,1.0,2255477
344.nii.img.nii.gz,6,Aorta,2,2,0.5536571143118145,2009836
344.nii.img.nii.gz,7,PA,2,1,0.9553833242330482,593388
344.nii.img.nii.gz,8,LAA,1,1,1.0,106362
344.nii.img.nii.gz,9,Coronary,2,2,0.5535201149425287,94656
344.nii.img.nii.gz,10,PV,3,3,0.5195075108405286,367602
343.nii.img.nii.gz,1,Myocardium,1,1,1.0,1440097
343.nii.img.nii.gz,2,LA,1,1,1.0,1143443
343.nii.img.nii.gz,3,LV,1,1,1.0,1031541
343.nii.img.nii.gz,4,RA,1,1,1.0,917955
343.nii.img.nii.gz,5,RV,1,1,1.0,1342309
343.nii.img.nii.gz,6,Aorta,2,2,0.5604433398175086,1462535
343.nii.img.nii.gz,7,PA,1,1,1.0,578311
343.nii.img.nii.gz,8,LAA,1,1,1.0,133262
343.nii.img.nii.gz,9,Coronary,3,2,0.5587121509718578,63641
343.nii.img.nii.gz,10,PV,3,3,0.5449182096684072,259505
347.nii.img.nii.gz,1,Myocardium,1,1,1.0,1687554
347.nii.img.nii.gz,2,LA,1,1,1.0,1339758
347.nii.img.nii.gz,3,LV,1,1,1.0,1737919
347.nii.img.nii.gz,4,RA,1,1,1.0,1269706
347.nii.img.nii.gz,5,RV,1,1,1.0,2178334
347.nii.img.nii.gz,6,Aorta,1,1,1.0,2372585
347.nii.img.nii.gz,7,PA,1,1,1.0,999482
347.nii.img.nii.gz,8,LAA,1,1,1.0,91690
347.nii.img.nii.gz,9,Coronary,2,2,0.5413281826961314,140824
347.nii.img.nii.gz,10,PV,2,2,0.5873864364780416,441493
345.nii.img.nii.gz,1,Myocardium,1,1,1.0,1562764
345.nii.img.nii.gz,2,LA,1,1,1.0,726363
345.nii.img.nii.gz,3,LV,1,1,1.0,1881856
345.nii.img.nii.gz,4,RA,1,1,1.0,913010
345.nii.img.nii.gz,5,RV,1,1,1.0,2152011
345.nii.img.nii.gz,6,Aorta,2,2,0.5988989872132653,827420
345.nii.img.nii.gz,7,PA,1,1,1.0,481494
345.nii.img.nii.gz,8,LAA,1,1,1.0,75214
345.nii.img.nii.gz,9,Coronary,2,2,0.5551036582822342,47946
345.nii.img.nii.gz,10,PV,2,2,0.5247629373397353,290535
348.nii.img.nii.gz,1,Myocardium,1,1,1.0,1952064
348.nii.img.nii.gz,2,LA,1,1,1.0,1019417
348.nii.img.nii.gz,3,LV,1,1,1.0,2421072
348.nii.img.nii.gz,4,RA,1,1,1.0,1128954
348.nii.img.nii.gz,5,RV,1,1,1.0,2752040
348.nii.img.nii.gz,6,Aorta,2,2,0.6331882444707129,870501
348.nii.img.nii.gz,7,PA,2,2,0.6524065956604485,209653
348.nii.img.nii.gz,8,LAA,1,1,1.0,38530
348.nii.img.nii.gz,9,Coronary,2,2,0.589893880391291,74727
348.nii.img.nii.gz,10,PV,2,2,0.5093304478235283,421416
349.nii.img.nii.gz,1,Myocardium,1,1,1.0,2364006
349.nii.img.nii.gz,2,LA,1,1,1.0,1122011
349.nii.img.nii.gz,3,LV,1,1,1.0,2527247
349.nii.img.nii.gz,4,RA,1,1,1.0,1562868
349.nii.img.nii.gz,5,RV,1,1,1.0,3243674
349.nii.img.nii.gz,6,Aorta,2,2,0.5195706142889115,1639831
349.nii.img.nii.gz,7,PA,1,1,1.0,923966
349.nii.img.nii.gz,8,LAA,1,1,1.0,127535
349.nii.img.nii.gz,9,Coronary,2,2,0.6060487327047875,81670
349.nii.img.nii.gz,10,PV,3,3,0.5476409285985911,441784
346.nii.img.nii.gz,1,Myocardium,1,1,1.0,2054965
346.nii.img.nii.gz,2,LA,1,1,1.0,1057716
346.nii.img.nii.gz,3,LV,1,1,1.0,2283429
346.nii.img.nii.gz,4,RA,1,1,1.0,1975922
346.nii.img.nii.gz,5,RV,1,1,1.0,2750510
346.nii.img.nii.gz,6,Aorta,2,2,0.6629059691174534,1586851
346.nii.img.nii.gz,7,PA,1,1,1.0,800545
346.nii.img.nii.gz,8,LAA,1,1,1.0,196952
346.nii.img.nii.gz,9,Coronary,3,2,0.5217081197843962,98143
346.nii.img.nii.gz,10,PV,2,2,0.561287532435438,372278
350.nii.img.nii.gz,1,Myocardium,1,1,1.0,1615580
350.nii.img.nii.gz,2,LA,1,1,1.0,737487
350.nii.img.nii.gz,3,LV,1,1,1.0,1608535
350.nii.img.nii.gz,4,RA,1,1,1.0,961673
350.nii.img.nii.gz,5,RV,1,1,1.0,2145935
350.nii.img.nii.gz,6,Aorta,2,2,0.5518166583714229,1095005
350.nii.img.nii.gz,7,PA,1,1,1.0,655549
350.nii.img.nii.gz,8,LAA,1,1,1.0,90482
350.nii.img.nii.gz,9,Coronary,2,2,0.5729613470165305,81365
350.nii.img.nii.gz,10,PV,3,3,0.4781710707001914,270169
35.nii.img.nii.gz,1,Myocardium,1,1,1.0,1527119
35.nii.img.nii.gz,2,LA,1,1,1.0,1356698
35.nii.img.nii.gz,3,LV,1,1,1.0,1349907
35.nii.img.nii.gz,4,RA,1,1,1.0,1762207
35.nii.img.nii.gz,5,RV,1,1,1.0,1754440
35.nii.img.nii.gz,6,Aorta,2,2,0.5280643999067487,1415530
35.nii.img.nii.gz,7,PA,2,2,0.9022907442044368,356609
35.nii.img.nii.gz,8,LAA,1,1,1.0,117594
35.nii.img.nii.gz,9,Coronary,2,2,0.5205586745828177,167253
35.nii.img.nii.gz,10,PV,3,3,0.4759665230821852,280671
351.nii.img.nii.gz,1,Myocardium,1,1,1.0,1958476
351.nii.img.nii.gz,2,LA,1,1,1.0,931701
351.nii.img.nii.gz,3,LV,1,1,1.0,1735195
351.nii.img.nii.gz,4,RA,1,1,1.0,1027216
351.nii.img.nii.gz,5,RV,1,1,1.0,2055718
351.nii.img.nii.gz,6,Aorta,2,2,0.5067485915353446,1312422
351.nii.img.nii.gz,7,PA,2,2,0.7667589337251404,304912
351.nii.img.nii.gz,8,LAA,1,1,1.0,110466
351.nii.img.nii.gz,9,Coronary,2,2,0.5404606438618718,92349
351.nii.img.nii.gz,10,PV,2,2,0.5857725675653173,300265
352.nii.img.nii.gz,1,Myocardium,2,1,0.9952927939960967,1590965
352.nii.img.nii.gz,2,LA,1,1,1.0,898460
352.nii.img.nii.gz,3,LV,1,1,1.0,1357117
352.nii.img.nii.gz,4,RA,1,1,1.0,1090672
352.nii.img.nii.gz,5,RV,1,1,1.0,2099261
352.nii.img.nii.gz,6,Aorta,1,1,1.0,2272191
352.nii.img.nii.gz,7,PA,1,1,1.0,848388
352.nii.img.nii.gz,8,LAA,1,1,1.0,81514
352.nii.img.nii.gz,9,Coronary,3,2,0.5308353487156023,61196
352.nii.img.nii.gz,10,PV,2,2,0.5130644533005723,333730
355.nii.img.nii.gz,1,Myocardium,1,1,1.0,2012179
355.nii.img.nii.gz,2,LA,1,1,1.0,1247842
355.nii.img.nii.gz,3,LV,1,1,1.0,2186561
355.nii.img.nii.gz,4,RA,1,1,1.0,1387363
355.nii.img.nii.gz,5,RV,1,1,1.0,2720072
355.nii.img.nii.gz,6,Aorta,2,2,0.5294759624038036,1138945
355.nii.img.nii.gz,7,PA,2,2,0.9388651091842896,409079
355.nii.img.nii.gz,8,LAA,1,1,1.0,131018
355.nii.img.nii.gz,9,Coronary,2,2,0.8383814102564102,49920
355.nii.img.nii.gz,10,PV,2,2,0.5731521761683116,289178
354.nii.img.nii.gz,1,Myocardium,1,1,1.0,1423123
354.nii.img.nii.gz,2,LA,1,1,1.0,677502
354.nii.img.nii.gz,3,LV,1,1,1.0,1395844
354.nii.img.nii.gz,4,RA,1,1,1.0,941190
354.nii.img.nii.gz,5,RV,1,1,1.0,1643656
354.nii.img.nii.gz,6,Aorta,2,2,0.5474314706760783,1098216
354.nii.img.nii.gz,7,PA,1,1,1.0,618246
354.nii.img.nii.gz,8,LAA,1,1,1.0,137175
354.nii.img.nii.gz,9,Coronary,2,2,0.5770051845074717,49185
354.nii.img.nii.gz,10,PV,2,2,0.534574713492166,270935
353.nii.img.nii.gz,1,Myocardium,1,1,1.0,1762169
353.nii.img.nii.gz,2,LA,1,1,1.0,812656
353.nii.img.nii.gz,3,LV,1,1,1.0,1753858
353.nii.img.nii.gz,4,RA,1,1,1.0,1021435
353.nii.img.nii.gz,5,RV,1,1,1.0,2369267
353.nii.img.nii.gz,6,Aorta,2,2,0.5243551484260606,1578968
353.nii.img.nii.gz,7,PA,2,2,0.8917422124455513,619161
353.nii.img.nii.gz,8,LAA,1,1,1.0,180796
353.nii.img.nii.gz,9,Coronary,2,2,0.6115337094541287,67177
353.nii.img.nii.gz,10,PV,3,3,0.5308839847121194,340662
357.nii.img.nii.gz,1,Myocardium,1,1,1.0,1814965
357.nii.img.nii.gz,2,LA,1,1,1.0,872264
357.nii.img.nii.gz,3,LV,1,1,1.0,1921459
357.nii.img.nii.gz,4,RA,1,1,1.0,1514797
357.nii.img.nii.gz,5,RV,1,1,1.0,3274540
357.nii.img.nii.gz,6,Aorta,2,2,0.5302910524257117,1091659
357.nii.img.nii.gz,7,PA,1,1,1.0,601717
357.nii.img.nii.gz,8,LAA,1,1,1.0,119600
357.nii.img.nii.gz,9,Coronary,2,2,0.5436400497024394,76455
357.nii.img.nii.gz,10,PV,2,2,0.5763179858346007,303133
356.nii.img.nii.gz,1,Myocardium,1,1,1.0,1598665
356.nii.img.nii.gz,2,LA,1,1,1.0,1179429
356.nii.img.nii.gz,3,LV,1,1,1.0,1679083
356.nii.img.nii.gz,4,RA,1,1,1.0,1383448
356.nii.img.nii.gz,5,RV,1,1,1.0,2023359
356.nii.img.nii.gz,6,Aorta,2,2,0.6322187484301448,1353628
356.nii.img.nii.gz,7,PA,1,1,1.0,649042
356.nii.img.nii.gz,8,LAA,1,1,1.0,215254
356.nii.img.nii.gz,9,Coronary,2,2,0.5216413252146466,84907
356.nii.img.nii.gz,10,PV,2,2,0.6231877195806779,422396
360.nii.img.nii.gz,1,Myocardium,1,1,1.0,1533162
360.nii.img.nii.gz,2,LA,1,1,1.0,1222441
360.nii.img.nii.gz,3,LV,1,1,1.0,1854114
360.nii.img.nii.gz,4,RA,1,1,1.0,1618941
360.nii.img.nii.gz,5,RV,1,1,1.0,2148618
360.nii.img.nii.gz,6,Aorta,2,2,0.5457763332998251,1502119
360.nii.img.nii.gz,7,PA,2,1,0.9607713907876206,465808
360.nii.img.nii.gz,8,LAA,1,1,1.0,211922
360.nii.img.nii.gz,9,Coronary,2,2,0.6083303081423904,93658
360.nii.img.nii.gz,10,PV,2,2,0.6306250733359036,298285
36.nii.img.nii.gz,1,Myocardium,1,1,1.0,1739880
36.nii.img.nii.gz,2,LA,1,1,1.0,1006713
36.nii.img.nii.gz,3,LV,1,1,1.0,1531069
36.nii.img.nii.gz,4,RA,1,1,1.0,1343738
36.nii.img.nii.gz,5,RV,1,1,1.0,2030896
36.nii.img.nii.gz,6,Aorta,2,2,0.5357064874039612,1373924
36.nii.img.nii.gz,7,PA,2,1,0.9575043976044495,491745
36.nii.img.nii.gz,8,LAA,1,1,1.0,194362
36.nii.img.nii.gz,9,Coronary,2,2,0.6819172714478876,72478
36.nii.img.nii.gz,10,PV,2,2,0.5092032563896438,313476
358.nii.img.nii.gz,1,Myocardium,1,1,1.0,1674365
358.nii.img.nii.gz,2,LA,1,1,1.0,1082024
358.nii.img.nii.gz,3,LV,1,1,1.0,1615512
358.nii.img.nii.gz,4,RA,1,1,1.0,1092732
358.nii.img.nii.gz,5,RV,1,1,1.0,2247909
358.nii.img.nii.gz,6,Aorta,2,2,0.5098655617926856,1740651
358.nii.img.nii.gz,7,PA,1,1,1.0,626133
358.nii.img.nii.gz,8,LAA,1,1,1.0,127261
358.nii.img.nii.gz,9,Coronary,2,2,0.6810074829804392,53321
358.nii.img.nii.gz,10,PV,2,2,0.5224431687244906,390542
361.nii.img.nii.gz,1,Myocardium,1,1,1.0,1165960
361.nii.img.nii.gz,2,LA,1,1,1.0,2092926
361.nii.img.nii.gz,3,LV,1,1,1.0,1138317
361.nii.img.nii.gz,4,RA,1,1,1.0,1215203
361.nii.img.nii.gz,5,RV,1,1,1.0,1304761
361.nii.img.nii.gz,6,Aorta,2,2,0.5030400408865063,1455737
361.nii.img.nii.gz,7,PA,1,1,1.0,1197850
361.nii.img.nii.gz,8,LAA,1,1,1.0,309619
361.nii.img.nii.gz,9,Coronary,2,2,0.5531860143459101,62178
361.nii.img.nii.gz,10,PV,2,2,0.543335151355998,445539
359.nii.img.nii.gz,1,Myocardium,1,1,1.0,1652854
359.nii.img.nii.gz,2,LA,1,1,1.0,831877
359.nii.img.nii.gz,3,LV,1,1,1.0,1763437
359.nii.img.nii.gz,4,RA,1,1,1.0,966975
359.nii.img.nii.gz,5,RV,1,1,1.0,2179446
359.nii.img.nii.gz,6,Aorta,2,2,0.6634780110707075,1242739
359.nii.img.nii.gz,7,PA,2,1,0.9593433316044958,321989
359.nii.img.nii.gz,8,LAA,1,1,1.0,103057
359.nii.img.nii.gz,9,Coronary,2,2,0.7199042043640235,37580
359.nii.img.nii.gz,10,PV,2,2,0.5634118080792121,303792
363.nii.img.nii.gz,1,Myocardium,1,1,1.0,1491171
363.nii.img.nii.gz,2,LA,1,1,1.0,892223
363.nii.img.nii.gz,3,LV,1,1,1.0,1490103
363.nii.img.nii.gz,4,RA,1,1,1.0,1417366
363.nii.img.nii.gz,5,RV,1,1,1.0,2039778
363.nii.img.nii.gz,6,Aorta,2,2,0.5080667526024681,1557752
363.nii.img.nii.gz,7,PA,1,1,1.0,596078
363.nii.img.nii.gz,8,LAA,1,1,1.0,100583
363.nii.img.nii.gz,9,Coronary,3,3,0.5510643427941582,58064
363.nii.img.nii.gz,10,PV,3,3,0.5191046785364071,292677
365.nii.img.nii.gz,1,Myocardium,1,1,1.0,1759802
365.nii.img.nii.gz,2,LA,1,1,1.0,1305920
365.nii.img.nii.gz,3,LV,1,1,1.0,1709997
365.nii.img.nii.gz,4,RA,1,1,1.0,1153431
365.nii.img.nii.gz,5,RV,1,1,1.0,1996657
365.nii.img.nii.gz,6,Aorta,2,2,0.5344495235997136,1470717
365.nii.img.nii.gz,7,PA,2,1,0.9599603159187552,669286
365.nii.img.nii.gz,8,LAA,1,1,1.0,171885
365.nii.img.nii.gz,9,Coronary,2,2,0.5668381843212685,102419
365.nii.img.nii.gz,10,PV,2,2,0.5128162548780054,337228
362.nii.img.nii.gz,1,Myocardium,1,1,1.0,1362502
362.nii.img.nii.gz,2,LA,1,1,1.0,804085
362.nii.img.nii.gz,3,LV,1,1,1.0,1574100
362.nii.img.nii.gz,4,RA,1,1,1.0,1042976
362.nii.img.nii.gz,5,RV,1,1,1.0,1939693
362.nii.img.nii.gz,6,Aorta,2,2,0.5500624707233951,1193359
362.nii.img.nii.gz,7,PA,2,2,0.9040217627775433,537799
362.nii.img.nii.gz,8,LAA,1,1,1.0,140221
362.nii.img.nii.gz,9,Coronary,2,2,0.6498727818371608,61312
362.nii.img.nii.gz,10,PV,3,3,0.6274383656096117,368382
366.nii.img.nii.gz,1,Myocardium,1,1,1.0,1223657
366.nii.img.nii.gz,2,LA,1,1,1.0,799281
366.nii.img.nii.gz,3,LV,1,1,1.0,1050354
366.nii.img.nii.gz,4,RA,1,1,1.0,938379
366.nii.img.nii.gz,5,RV,1,1,1.0,1264822
366.nii.img.nii.gz,6,Aorta,2,2,0.5304186741056567,1558993
366.nii.img.nii.gz,7,PA,1,1,1.0,779783
366.nii.img.nii.gz,8,LAA,1,1,1.0,123407
366.nii.img.nii.gz,9,Coronary,3,2,0.5497490404487747,94836
366.nii.img.nii.gz,10,PV,2,2,0.6229516713377538,365725
364.nii.img.nii.gz,1,Myocardium,1,1,1.0,1832223
364.nii.img.nii.gz,2,LA,1,1,1.0,1254180
364.nii.img.nii.gz,3,LV,1,1,1.0,1098170
364.nii.img.nii.gz,4,RA,1,1,1.0,1475390
364.nii.img.nii.gz,5,RV,1,1,1.0,1903399
364.nii.img.nii.gz,6,Aorta,2,2,0.5597820360434841,2097411
364.nii.img.nii.gz,7,PA,1,1,1.0,1194348
364.nii.img.nii.gz,8,LAA,1,1,1.0,178064
364.nii.img.nii.gz,9,Coronary,2,2,0.6442644950742672,131148
364.nii.img.nii.gz,10,PV,2,2,0.5607767675966417,390799
368.nii.img.nii.gz,1,Myocardium,1,1,1.0,1830532
368.nii.img.nii.gz,2,LA,1,1,1.0,990440
368.nii.img.nii.gz,3,LV,1,1,1.0,1997572
368.nii.img.nii.gz,4,RA,1,1,1.0,1125761
368.nii.img.nii.gz,5,RV,1,1,1.0,2140985
368.nii.img.nii.gz,6,Aorta,2,2,0.5819988153943635,1451960
368.nii.img.nii.gz,7,PA,1,1,1.0,599274
368.nii.img.nii.gz,8,LAA,1,1,1.0,162125
368.nii.img.nii.gz,9,Coronary,2,2,0.6331853128313892,90528
368.nii.img.nii.gz,10,PV,2,2,0.5183373217790919,367311
367.nii.img.nii.gz,1,Myocardium,1,1,1.0,1823280
367.nii.img.nii.gz,2,LA,1,1,1.0,1404550
367.nii.img.nii.gz,3,LV,1,1,1.0,1764696
367.nii.img.nii.gz,4,RA,1,1,1.0,1359225
367.nii.img.nii.gz,5,RV,1,1,1.0,2125133
367.nii.img.nii.gz,6,Aorta,2,2,0.5117421744907494,1694107
367.nii.img.nii.gz,7,PA,1,1,1.0,665266
367.nii.img.nii.gz,8,LAA,1,1,1.0,192510
367.nii.img.nii.gz,9,Coronary,2,2,0.5204364969178653,144056
367.nii.img.nii.gz,10,PV,2,2,0.5470227541371159,324864
370.nii.img.nii.gz,1,Myocardium,1,1,1.0,1271328
370.nii.img.nii.gz,2,LA,1,1,1.0,1279528
370.nii.img.nii.gz,3,LV,1,1,1.0,709882
370.nii.img.nii.gz,4,RA,1,1,1.0,1519966
370.nii.img.nii.gz,5,RV,1,1,1.0,1007686
370.nii.img.nii.gz,6,Aorta,2,2,0.6381085816480614,991383
370.nii.img.nii.gz,7,PA,2,2,0.79938224267212,234720
370.nii.img.nii.gz,8,LAA,1,1,1.0,139525
370.nii.img.nii.gz,9,Coronary,2,2,0.6356949146533846,56417
370.nii.img.nii.gz,10,PV,3,3,0.45984134657294334,252374
369.nii.img.nii.gz,1,Myocardium,1,1,1.0,1528899
369.nii.img.nii.gz,2,LA,1,1,1.0,1062211
369.nii.img.nii.gz,3,LV,1,1,1.0,1457886
369.nii.img.nii.gz,4,RA,1,1,1.0,1166977
369.nii.img.nii.gz,5,RV,1,1,1.0,2149823
369.nii.img.nii.gz,6,Aorta,2,2,0.6248437596683374,1292880
369.nii.img.nii.gz,7,PA,2,2,0.9496654571637281,669421
369.nii.img.nii.gz,8,LAA,1,1,1.0,133022
369.nii.img.nii.gz,9,Coronary,2,2,0.6344392587240524,51209
369.nii.img.nii.gz,10,PV,3,3,0.5722838566883386,361450
37.nii.img.nii.gz,1,Myocardium,1,1,1.0,2205247
37.nii.img.nii.gz,2,LA,1,1,1.0,913412
37.nii.img.nii.gz,3,LV,1,1,1.0,2114574
37.nii.img.nii.gz,4,RA,1,1,1.0,1339609
37.nii.img.nii.gz,5,RV,1,1,1.0,2488159
37.nii.img.nii.gz,6,Aorta,2,2,0.534418449047663,1602164
37.nii.img.nii.gz,7,PA,1,1,1.0,733484
37.nii.img.nii.gz,8,LAA,1,1,1.0,115671
37.nii.img.nii.gz,9,Coronary,2,2,0.5334570979456881,73796
37.nii.img.nii.gz,10,PV,2,2,0.5273439103786035,340990
371.nii.img.nii.gz,1,Myocardium,1,1,1.0,1721107
371.nii.img.nii.gz,2,LA,1,1,1.0,1463147
371.nii.img.nii.gz,3,LV,1,1,1.0,1647249
371.nii.img.nii.gz,4,RA,1,1,1.0,1269431
371.nii.img.nii.gz,5,RV,1,1,1.0,2123488
371.nii.img.nii.gz,6,Aorta,2,2,0.5601342391718757,1075394
371.nii.img.nii.gz,7,PA,2,1,0.955433413128386,317480
371.nii.img.nii.gz,8,LAA,1,1,1.0,121928
371.nii.img.nii.gz,9,Coronary,2,2,0.6554745246116067,81039
371.nii.img.nii.gz,10,PV,3,3,0.45516049032032513,366128
372.nii.img.nii.gz,1,Myocardium,1,1,1.0,1770134
372.nii.img.nii.gz,2,LA,1,1,1.0,1074639
372.nii.img.nii.gz,3,LV,1,1,1.0,1581204
372.nii.img.nii.gz,4,RA,1,1,1.0,1172320
372.nii.img.nii.gz,5,RV,1,1,1.0,2011015
372.nii.img.nii.gz,6,Aorta,2,2,0.5332182173207712,1416542
372.nii.img.nii.gz,7,PA,2,1,0.9777135372120118,593948
372.nii.img.nii.gz,8,LAA,1,1,1.0,118204
372.nii.img.nii.gz,9,Coronary,2,2,0.5452586206896551,67744
372.nii.img.nii.gz,10,PV,2,2,0.5047238003449326,315424
374.nii.img.nii.gz,1,Myocardium,1,1,1.0,1399841
374.nii.img.nii.gz,2,LA,1,1,1.0,855317
374.nii.img.nii.gz,3,LV,1,1,1.0,1358623
374.nii.img.nii.gz,4,RA,1,1,1.0,1050485
374.nii.img.nii.gz,5,RV,1,1,1.0,1685453
374.nii.img.nii.gz,6,Aorta,2,2,0.5320695092344312,1222111
374.nii.img.nii.gz,7,PA,1,1,1.0,573448
374.nii.img.nii.gz,8,LAA,1,1,1.0,185530
374.nii.img.nii.gz,9,Coronary,2,2,0.730680854555899,73114
374.nii.img.nii.gz,10,PV,2,2,0.516581865127582,263360
373.nii.img.nii.gz,1,Myocardium,1,1,1.0,1094711
373.nii.img.nii.gz,2,LA,1,1,1.0,1210255
373.nii.img.nii.gz,3,LV,1,1,1.0,706938
373.nii.img.nii.gz,4,RA,1,1,1.0,1232930
373.nii.img.nii.gz,5,RV,1,1,1.0,856115
373.nii.img.nii.gz,6,Aorta,2,2,0.5349329747116673,1271535
373.nii.img.nii.gz,7,PA,2,1,0.9771587064201694,754248
373.nii.img.nii.gz,8,LAA,1,1,1.0,212648
373.nii.img.nii.gz,9,Coronary,3,3,0.5096088297354325,61610
373.nii.img.nii.gz,10,PV,2,2,0.5423240545338827,328383
376.nii.img.nii.gz,1,Myocardium,1,1,1.0,1694147
376.nii.img.nii.gz,2,LA,1,1,1.0,905637
376.nii.img.nii.gz,3,LV,1,1,1.0,1597525
376.nii.img.nii.gz,4,RA,1,1,1.0,1158567
376.nii.img.nii.gz,5,RV,1,1,1.0,2023571
376.nii.img.nii.gz,6,Aorta,2,2,0.5759951011364459,1283563
376.nii.img.nii.gz,7,PA,2,1,0.9502871822858778,300506
376.nii.img.nii.gz,8,LAA,1,1,1.0,75821
376.nii.img.nii.gz,9,Coronary,2,2,0.5147737929888291,84237
376.nii.img.nii.gz,10,PV,2,2,0.501623470748536,310446
378.nii.img.nii.gz,1,Myocardium,1,1,1.0,1926345
378.nii.img.nii.gz,2,LA,1,1,1.0,906344
378.nii.img.nii.gz,3,LV,1,1,1.0,1975881
378.nii.img.nii.gz,4,RA,1,1,1.0,1395064
378.nii.img.nii.gz,5,RV,1,1,1.0,2482509
378.nii.img.nii.gz,6,Aorta,2,2,0.5058621670907049,1781679
378.nii.img.nii.gz,7,PA,1,1,1.0,733699
378.nii.img.nii.gz,8,LAA,1,1,1.0,110308
378.nii.img.nii.gz,9,Coronary,2,2,0.6832739294385041,77436
378.nii.img.nii.gz,10,PV,2,2,0.5656743370822324,301244
375.nii.img.nii.gz,1,Myocardium,1,1,1.0,1560596
375.nii.img.nii.gz,2,LA,1,1,1.0,1265040
375.nii.img.nii.gz,3,LV,1,1,1.0,1735740
375.nii.img.nii.gz,4,RA,1,1,1.0,1260818
375.nii.img.nii.gz,5,RV,1,1,1.0,1950078
375.nii.img.nii.gz,6,Aorta,2,2,0.5177878436610135,1904784
375.nii.img.nii.gz,7,PA,1,1,1.0,1117149
375.nii.img.nii.gz,8,LAA,1,1,1.0,115200
375.nii.img.nii.gz,9,Coronary,2,2,0.6005330368384049,61159
375.nii.img.nii.gz,10,PV,2,2,0.5173400970157537,306342
377.nii.img.nii.gz,1,Myocardium,1,1,1.0,1893822
377.nii.img.nii.gz,2,LA,1,1,1.0,1177318
377.nii.img.nii.gz,3,LV,1,1,1.0,2285412
377.nii.img.nii.gz,4,RA,1,1,1.0,1469486
377.nii.img.nii.gz,5,RV,1,1,1.0,2606243
377.nii.img.nii.gz,6,Aorta,2,2,0.5705923822608502,1995789
377.nii.img.nii.gz,7,PA,1,1,1.0,875514
377.nii.img.nii.gz,8,LAA,1,1,1.0,153938
377.nii.img.nii.gz,9,Coronary,2,2,0.6256149796443395,75409
377.nii.img.nii.gz,10,PV,2,2,0.5436964180698906,370694
380.nii.img.nii.gz,1,Myocardium,1,1,1.0,1967999
380.nii.img.nii.gz,2,LA,1,1,1.0,1548951
380.nii.img.nii.gz,3,LV,1,1,1.0,1878531
380.nii.img.nii.gz,4,RA,1,1,1.0,1328565
380.nii.img.nii.gz,5,RV,1,1,1.0,2202112
380.nii.img.nii.gz,6,Aorta,2,2,0.6364288189586049,1379342
380.nii.img.nii.gz,7,PA,2,2,0.711688015384114,306810
380.nii.img.nii.gz,8,LAA,1,1,1.0,239032
380.nii.img.nii.gz,9,Coronary,2,2,0.7141321503220578,117215
380.nii.img.nii.gz,10,PV,2,2,0.5843349245194955,404939
38.nii.img.nii.gz,1,Myocardium,1,1,1.0,1559931
38.nii.img.nii.gz,2,LA,1,1,1.0,1124943
38.nii.img.nii.gz,3,LV,1,1,1.0,1778501
38.nii.img.nii.gz,4,RA,1,1,1.0,1222361
38.nii.img.nii.gz,5,RV,1,1,1.0,2288065
38.nii.img.nii.gz,6,Aorta,2,2,0.5268663186434025,2221499
38.nii.img.nii.gz,7,PA,1,1,1.0,796465
38.nii.img.nii.gz,8,LAA,1,1,1.0,87339
38.nii.img.nii.gz,9,Coronary,2,2,0.5852356143382401,76969
38.nii.img.nii.gz,10,PV,2,2,0.5173571524048404,381543
379.nii.img.nii.gz,1,Myocardium,1,1,1.0,2085523
379.nii.img.nii.gz,2,LA,1,1,1.0,1274589
379.nii.img.nii.gz,3,LV,1,1,1.0,2174720
379.nii.img.nii.gz,4,RA,1,1,1.0,1765351
379.nii.img.nii.gz,5,RV,1,1,1.0,2707902
379.nii.img.nii.gz,6,Aorta,2,2,0.6029957751888363,1460657
379.nii.img.nii.gz,7,PA,1,1,1.0,815682
379.nii.img.nii.gz,8,LAA,1,1,1.0,147406
379.nii.img.nii.gz,9,Coronary,2,2,0.6506039388234298,94546
379.nii.img.nii.gz,10,PV,3,3,0.4954308791211289,440019
382.nii.img.nii.gz,1,Myocardium,1,1,1.0,1523836
382.nii.img.nii.gz,2,LA,1,1,1.0,1400019
382.nii.img.nii.gz,3,LV,1,1,1.0,1477975
382.nii.img.nii.gz,4,RA,1,1,1.0,1016706
382.nii.img.nii.gz,5,RV,1,1,1.0,1699562
382.nii.img.nii.gz,6,Aorta,2,2,0.5114669249070151,1575793
382.nii.img.nii.gz,7,PA,1,1,1.0,810754
382.nii.img.nii.gz,8,LAA,1,1,1.0,87386
382.nii.img.nii.gz,9,Coronary,3,2,0.6367245158116026,89428
382.nii.img.nii.gz,10,PV,3,3,0.5871571738049796,325894
383.nii.img.nii.gz,1,Myocardium,1,1,1.0,1806774
383.nii.img.nii.gz,2,LA,1,1,1.0,1147262
383.nii.img.nii.gz,3,LV,1,1,1.0,1856343
383.nii.img.nii.gz,4,RA,1,1,1.0,1176170
383.nii.img.nii.gz,5,RV,1,1,1.0,2164028
383.nii.img.nii.gz,6,Aorta,1,1,1.0,1694378
383.nii.img.nii.gz,7,PA,1,1,1.0,824189
383.nii.img.nii.gz,8,LAA,1,1,1.0,158736
383.nii.img.nii.gz,9,Coronary,2,2,0.6634921784472769,55232
383.nii.img.nii.gz,10,PV,2,2,0.5532403839417082,428190
386.nii.img.nii.gz,1,Myocardium,1,1,1.0,1830134
386.nii.img.nii.gz,2,LA,1,1,1.0,1682818
386.nii.img.nii.gz,3,LV,1,1,1.0,1997004
386.nii.img.nii.gz,4,RA,1,1,1.0,1372291
386.nii.img.nii.gz,5,RV,1,1,1.0,1871995
386.nii.img.nii.gz,6,Aorta,2,2,0.5715981661261438,1878428
386.nii.img.nii.gz,7,PA,2,1,0.9778148148148148,513000
386.nii.img.nii.gz,8,LAA,1,1,1.0,194397
386.nii.img.nii.gz,9,Coronary,2,2,0.6333502061963108,134338
386.nii.img.nii.gz,10,PV,2,2,0.5054462297646988,382191
381.nii.img.nii.gz,1,Myocardium,1,1,1.0,1481488
381.nii.img.nii.gz,2,LA,1,1,1.0,1236084
381.nii.img.nii.gz,3,LV,1,1,1.0,1445459
381.nii.img.nii.gz,4,RA,1,1,1.0,989194
381.nii.img.nii.gz,5,RV,1,1,1.0,1563086
381.nii.img.nii.gz,6,Aorta,1,1,1.0,1246983
381.nii.img.nii.gz,7,PA,1,1,1.0,805985
381.nii.img.nii.gz,8,LAA,1,1,1.0,81155
381.nii.img.nii.gz,9,Coronary,2,2,0.5692129773041736,96846
381.nii.img.nii.gz,10,PV,2,2,0.5017042111223369,270213
387.nii.img.nii.gz,1,Myocardium,1,1,1.0,1803525
387.nii.img.nii.gz,2,LA,1,1,1.0,1162081
387.nii.img.nii.gz,3,LV,1,1,1.0,1930721
387.nii.img.nii.gz,4,RA,1,1,1.0,1759683
387.nii.img.nii.gz,5,RV,1,1,1.0,2310812
387.nii.img.nii.gz,6,Aorta,2,2,0.607627928977685,1674347
387.nii.img.nii.gz,7,PA,2,2,0.8906874847863129,460112
387.nii.img.nii.gz,8,LAA,1,1,1.0,83995
387.nii.img.nii.gz,9,Coronary,2,2,0.533542388431676,73027
387.nii.img.nii.gz,10,PV,2,2,0.5029069282716838,359830
384.nii.img.nii.gz,1,Myocardium,1,1,1.0,1719420
384.nii.img.nii.gz,2,LA,1,1,1.0,745882
384.nii.img.nii.gz,3,LV,1,1,1.0,1799602
384.nii.img.nii.gz,4,RA,1,1,1.0,1343739
384.nii.img.nii.gz,5,RV,1,1,1.0,2269479
384.nii.img.nii.gz,6,Aorta,2,2,0.610276803729896,1020940
384.nii.img.nii.gz,7,PA,1,1,1.0,429472
384.nii.img.nii.gz,8,LAA,1,1,1.0,128940
384.nii.img.nii.gz,9,Coronary,2,2,0.5326007096965812,63971
384.nii.img.nii.gz,10,PV,2,2,0.5394743876866048,336674
385.nii.img.nii.gz,1,Myocardium,1,1,1.0,1830393
385.nii.img.nii.gz,2,LA,1,1,1.0,917101
385.nii.img.nii.gz,3,LV,1,1,1.0,2196034
385.nii.img.nii.gz,4,RA,1,1,1.0,1350876
385.nii.img.nii.gz,5,RV,1,1,1.0,2521217
385.nii.img.nii.gz,6,Aorta,2,2,0.6343208980051439,1250416
385.nii.img.nii.gz,7,PA,2,2,0.6224083619255156,320309
385.nii.img.nii.gz,8,LAA,1,1,1.0,96662
385.nii.img.nii.gz,9,Coronary,2,2,0.5753068863014645,101259
385.nii.img.nii.gz,10,PV,3,3,0.463887386738518,423467
39.nii.img.nii.gz,1,Myocardium,1,1,1.0,1510464
39.nii.img.nii.gz,2,LA,1,1,1.0,852399
39.nii.img.nii.gz,3,LV,1,1,1.0,1296472
39.nii.img.nii.gz,4,RA,1,1,1.0,1113397
39.nii.img.nii.gz,5,RV,1,1,1.0,1753751
39.nii.img.nii.gz,6,Aorta,2,2,0.5084752528672977,1452936
39.nii.img.nii.gz,7,PA,2,1,0.9881564151682862,546034
39.nii.img.nii.gz,8,LAA,1,1,1.0,124927
39.nii.img.nii.gz,9,Coronary,1,1,1.0,141556
39.nii.img.nii.gz,10,PV,3,3,0.49348220811255256,350272
388.nii.img.nii.gz,1,Myocardium,1,1,1.0,1268839
388.nii.img.nii.gz,2,LA,1,1,1.0,1145013
388.nii.img.nii.gz,3,LV,1,1,1.0,688519
388.nii.img.nii.gz,4,RA,1,1,1.0,1216818
388.nii.img.nii.gz,5,RV,1,1,1.0,1224828
388.nii.img.nii.gz,6,Aorta,2,2,0.5423671001281335,1228406
388.nii.img.nii.gz,7,PA,1,1,1.0,538179
388.nii.img.nii.gz,8,LAA,1,1,1.0,108656
388.nii.img.nii.gz,9,Coronary,2,2,0.6121452611459675,48134
388.nii.img.nii.gz,10,PV,2,2,0.5015464848059372,249275
390.nii.img.nii.gz,1,Myocardium,1,1,1.0,1279537
390.nii.img.nii.gz,2,LA,1,1,1.0,929565
390.nii.img.nii.gz,3,LV,1,1,1.0,1352307
390.nii.img.nii.gz,4,RA,1,1,1.0,1154606
390.nii.img.nii.gz,5,RV,1,1,1.0,1620803
390.nii.img.nii.gz,6,Aorta,2,2,0.5261342891597276,1258806
390.nii.img.nii.gz,7,PA,2,2,0.9488480026520802,542970
390.nii.img.nii.gz,8,LAA,1,1,1.0,106295
390.nii.img.nii.gz,9,Coronary,2,2,0.5290210119664562,42452
390.nii.img.nii.gz,10,PV,3,3,0.5901140191759523,308720
389.nii.img.nii.gz,1,Myocardium,1,1,1.0,2116543
389.nii.img.nii.gz,2,LA,1,1,1.0,1133234
389.nii.img.nii.gz,3,LV,1,1,1.0,1563974
389.nii.img.nii.gz,4,RA,1,1,1.0,1243070
389.nii.img.nii.gz,5,RV,1,1,1.0,2164289
389.nii.img.nii.gz,6,Aorta,2,2,0.5945749180377278,1493065
389.nii.img.nii.gz,7,PA,2,1,0.9754525546747248,627438
389.nii.img.nii.gz,8,LAA,1,1,1.0,179822
389.nii.img.nii.gz,9,Coronary,2,2,0.6397324020838615,122273
389.nii.img.nii.gz,10,PV,3,3,0.537410609774622,335747
392.nii.img.nii.gz,1,Myocardium,1,1,1.0,1280006
392.nii.img.nii.gz,2,LA,1,1,1.0,815154
392.nii.img.nii.gz,3,LV,1,1,1.0,1210049
392.nii.img.nii.gz,4,RA,1,1,1.0,849230
392.nii.img.nii.gz,5,RV,1,1,1.0,1647871
392.nii.img.nii.gz,6,Aorta,2,2,0.5030203425594071,1050212
392.nii.img.nii.gz,7,PA,2,2,0.9054561168604938,446618
392.nii.img.nii.gz,8,LAA,1,1,1.0,122782
392.nii.img.nii.gz,9,Coronary,4,3,0.556070069638883,55716
392.nii.img.nii.gz,10,PV,2,2,0.5217991201185239,265263
391.nii.img.nii.gz,1,Myocardium,1,1,1.0,2102941
391.nii.img.nii.gz,2,LA,1,1,1.0,865456
391.nii.img.nii.gz,3,LV,1,1,1.0,2539394
391.nii.img.nii.gz,4,RA,1,1,1.0,1063702
391.nii.img.nii.gz,5,RV,1,1,1.0,2733077
391.nii.img.nii.gz,6,Aorta,2,2,0.5355358361011395,1788420
391.nii.img.nii.gz,7,PA,1,1,1.0,757902
391.nii.img.nii.gz,8,LAA,1,1,1.0,195956
391.nii.img.nii.gz,9,Coronary,2,2,0.516694302080193,106144
391.nii.img.nii.gz,10,PV,2,2,0.5214724430363455,365189
397.nii.img.nii.gz,1,Myocardium,1,1,1.0,1480969
397.nii.img.nii.gz,2,LA,1,1,1.0,1125905
397.nii.img.nii.gz,3,LV,1,1,1.0,1438371
397.nii.img.nii.gz,4,RA,1,1,1.0,974881
397.nii.img.nii.gz,5,RV,1,1,1.0,1410118
397.nii.img.nii.gz,6,Aorta,2,2,0.6464668604949565,1656105
397.nii.img.nii.gz,7,PA,2,1,0.9755898815010501,841864
397.nii.img.nii.gz,8,LAA,1,1,1.0,247375
397.nii.img.nii.gz,9,Coronary,2,2,0.5848232367065903,103698
397.nii.img.nii.gz,10,PV,2,2,0.5008026083208934,320206
393.nii.img.nii.gz,1,Myocardium,1,1,1.0,1979340
393.nii.img.nii.gz,2,LA,1,1,1.0,1417591
393.nii.img.nii.gz,3,LV,1,1,1.0,2326818
393.nii.img.nii.gz,4,RA,1,1,1.0,1850249
393.nii.img.nii.gz,5,RV,1,1,1.0,2722233
393.nii.img.nii.gz,6,Aorta,2,2,0.5918701042642981,2059190
393.nii.img.nii.gz,7,PA,2,2,0.8774310722936839,942074
393.nii.img.nii.gz,8,LAA,1,1,1.0,208291
393.nii.img.nii.gz,9,Coronary,2,2,0.6363983324525865,102186
393.nii.img.nii.gz,10,PV,2,2,0.6035690706603888,460456
395.nii.img.nii.gz,1,Myocardium,1,1,1.0,1261754
395.nii.img.nii.gz,2,LA,1,1,1.0,1401576
395.nii.img.nii.gz,3,LV,1,1,1.0,1201241
395.nii.img.nii.gz,4,RA,1,1,1.0,1184790
395.nii.img.nii.gz,5,RV,1,1,1.0,1607982
395.nii.img.nii.gz,6,Aorta,2,2,0.5204621749244335,1579402
395.nii.img.nii.gz,7,PA,1,1,1.0,984583
395.nii.img.nii.gz,8,LAA,1,1,1.0,182174
395.nii.img.nii.gz,9,Coronary,2,2,0.7044209509380935,91089
395.nii.img.nii.gz,10,PV,2,2,0.5741781872982886,290638
398.nii.img.nii.gz,1,Myocardium,1,1,1.0,1312046
398.nii.img.nii.gz,2,LA,1,1,1.0,815470
398.nii.img.nii.gz,3,LV,1,1,1.0,1355013
398.nii.img.nii.gz,4,RA,1,1,1.0,1242917
398.nii.img.nii.gz,5,RV,1,1,1.0,1606063
398.nii.img.nii.gz,6,Aorta,2,2,0.6262076850751986,1033796
398.nii.img.nii.gz,7,PA,2,2,0.6599481692024745,239240
398.nii.img.nii.gz,8,LAA,1,1,1.0,102416
398.nii.img.nii.gz,9,Coronary,2,2,0.5289753403746646,89093
398.nii.img.nii.gz,10,PV,2,2,0.6154637836109473,200158
399.nii.img.nii.gz,1,Myocardium,1,1,1.0,1406753
399.nii.img.nii.gz,2,LA,1,1,1.0,1259287
399.nii.img.nii.gz,3,LV,1,1,1.0,1640660
399.nii.img.nii.gz,4,RA,1,1,1.0,1315081
399.nii.img.nii.gz,5,RV,1,1,1.0,2050998
399.nii.img.nii.gz,6,Aorta,2,2,0.5054730924036884,1220882
399.nii.img.nii.gz,7,PA,1,1,1.0,517390
399.nii.img.nii.gz,8,LAA,1,1,1.0,203494
399.nii.img.nii.gz,9,Coronary,1,1,1.0,87484
399.nii.img.nii.gz,10,PV,2,2,0.5135358265048364,324620
394.nii.img.nii.gz,1,Myocardium,1,1,1.0,2711722
394.nii.img.nii.gz,2,LA,1,1,1.0,1196970
394.nii.img.nii.gz,3,LV,1,1,1.0,3111385
394.nii.img.nii.gz,4,RA,1,1,1.0,1426302
394.nii.img.nii.gz,5,RV,1,1,1.0,2283146
394.nii.img.nii.gz,6,Aorta,2,2,0.549067715196903,1400055
394.nii.img.nii.gz,7,PA,2,2,0.8007157315081943,281111
394.nii.img.nii.gz,8,LAA,1,1,1.0,202066
394.nii.img.nii.gz,9,Coronary,3,2,0.7148815462095989,83197
394.nii.img.nii.gz,10,PV,2,2,0.5304261650308791,387479
396.nii.img.nii.gz,1,Myocardium,1,1,1.0,1472456
396.nii.img.nii.gz,2,LA,1,1,1.0,966560
396.nii.img.nii.gz,3,LV,1,1,1.0,1733595
396.nii.img.nii.gz,4,RA,1,1,1.0,955880
396.nii.img.nii.gz,5,RV,1,1,1.0,1514218
396.nii.img.nii.gz,6,Aorta,2,2,0.5113151183144062,1057479
396.nii.img.nii.gz,7,PA,2,2,0.9011525688611057,332735
396.nii.img.nii.gz,8,LAA,1,1,1.0,238660
396.nii.img.nii.gz,9,Coronary,2,2,0.6713629995785829,87799
396.nii.img.nii.gz,10,PV,2,2,0.5003869652975743,257129
40.nii.img.nii.gz,1,Myocardium,1,1,1.0,1752477
40.nii.img.nii.gz,2,LA,1,1,1.0,1166509
40.nii.img.nii.gz,3,LV,1,1,1.0,1705969
40.nii.img.nii.gz,4,RA,1,1,1.0,1394275
40.nii.img.nii.gz,5,RV,1,1,1.0,2038539
40.nii.img.nii.gz,6,Aorta,2,2,0.5038978531515206,1493771
40.nii.img.nii.gz,7,PA,2,2,0.938769403329654,504617
40.nii.img.nii.gz,8,LAA,1,1,1.0,88093
40.nii.img.nii.gz,9,Coronary,2,2,0.5948170214370557,106078
40.nii.img.nii.gz,10,PV,2,2,0.5879417210013684,260883
401.nii.img.nii.gz,1,Myocardium,1,1,1.0,1669276
401.nii.img.nii.gz,2,LA,1,1,1.0,1186603
401.nii.img.nii.gz,3,LV,1,1,1.0,1968114
401.nii.img.nii.gz,4,RA,1,1,1.0,1760739
401.nii.img.nii.gz,5,RV,1,1,1.0,2267430
401.nii.img.nii.gz,6,Aorta,2,2,0.5241870442335802,1843735
401.nii.img.nii.gz,7,PA,1,1,1.0,892009
401.nii.img.nii.gz,8,LAA,1,1,1.0,118684
401.nii.img.nii.gz,9,Coronary,2,2,0.6755602705211511,75410
401.nii.img.nii.gz,10,PV,2,2,0.5269502992383758,371443
4.nii.img.nii.gz,1,Myocardium,1,1,1.0,1912767
4.nii.img.nii.gz,2,LA,1,1,1.0,1142864
4.nii.img.nii.gz,3,LV,1,1,1.0,1734506
4.nii.img.nii.gz,4,RA,1,1,1.0,1402721
4.nii.img.nii.gz,5,RV,1,1,1.0,2144547
4.nii.img.nii.gz,6,Aorta,2,2,0.5259447318616598,2189616
4.nii.img.nii.gz,7,PA,1,1,1.0,764654
4.nii.img.nii.gz,8,LAA,1,1,1.0,115267
4.nii.img.nii.gz,9,Coronary,2,2,0.6447597211750042,129974
4.nii.img.nii.gz,10,PV,3,3,0.5194364284501782,412370
403.nii.img.nii.gz,1,Myocardium,1,1,1.0,1256589
403.nii.img.nii.gz,2,LA,1,1,1.0,877835
403.nii.img.nii.gz,3,LV,1,1,1.0,1505027
403.nii.img.nii.gz,4,RA,1,1,1.0,873203
403.nii.img.nii.gz,5,RV,1,1,1.0,1513105
403.nii.img.nii.gz,6,Aorta,2,2,0.5230351572925569,1483732
403.nii.img.nii.gz,7,PA,1,1,1.0,652911
403.nii.img.nii.gz,8,LAA,1,1,1.0,97738
403.nii.img.nii.gz,9,Coronary,3,2,0.7018203934992009,70699
403.nii.img.nii.gz,10,PV,2,2,0.5122903597490718,249952
402.nii.img.nii.gz,1,Myocardium,1,1,1.0,1705117
402.nii.img.nii.gz,2,LA,1,1,1.0,997056
402.nii.img.nii.gz,3,LV,1,1,1.0,1935935
402.nii.img.nii.gz,4,RA,1,1,1.0,1357376
402.nii.img.nii.gz,5,RV,1,1,1.0,2389045
402.nii.img.nii.gz,6,Aorta,2,2,0.5102330908158853,1408421
402.nii.img.nii.gz,7,PA,1,1,1.0,848640
402.nii.img.nii.gz,8,LAA,1,1,1.0,94988
402.nii.img.nii.gz,9,Coronary,2,2,0.5036169946631087,95936
402.nii.img.nii.gz,10,PV,2,2,0.5129012812632973,338416
400.nii.img.nii.gz,1,Myocardium,1,1,1.0,1410568
400.nii.img.nii.gz,2,LA,1,1,1.0,987413
400.nii.img.nii.gz,3,LV,1,1,1.0,1546183
400.nii.img.nii.gz,4,RA,1,1,1.0,973085
400.nii.img.nii.gz,5,RV,1,1,1.0,1860577
400.nii.img.nii.gz,6,Aorta,2,2,0.5212704025661905,1619833
400.nii.img.nii.gz,7,PA,1,1,1.0,727551
400.nii.img.nii.gz,8,LAA,1,1,1.0,99612
400.nii.img.nii.gz,9,Coronary,4,2,0.5745714848624155,76135
400.nii.img.nii.gz,10,PV,3,3,0.5268474748522987,279449
404.nii.img.nii.gz,1,Myocardium,1,1,1.0,1383807
404.nii.img.nii.gz,2,LA,1,1,1.0,1457693
404.nii.img.nii.gz,3,LV,1,1,1.0,1321229
404.nii.img.nii.gz,4,RA,1,1,1.0,1135000
404.nii.img.nii.gz,5,RV,1,1,1.0,1262385
404.nii.img.nii.gz,6,Aorta,2,2,0.5620841952683688,1306653
404.nii.img.nii.gz,7,PA,2,1,0.9739704960984222,438925
404.nii.img.nii.gz,8,LAA,1,1,1.0,161739
404.nii.img.nii.gz,9,Coronary,2,2,0.5534390781705669,70295
404.nii.img.nii.gz,10,PV,2,2,0.6010578577585247,314409
406.nii.img.nii.gz,1,Myocardium,1,1,1.0,1797158
406.nii.img.nii.gz,2,LA,1,1,1.0,1372707
406.nii.img.nii.gz,3,LV,1,1,1.0,2024491
406.nii.img.nii.gz,4,RA,1,1,1.0,1311095
406.nii.img.nii.gz,5,RV,1,1,1.0,1947652
406.nii.img.nii.gz,6,Aorta,2,2,0.5621636766832796,1631057
406.nii.img.nii.gz,7,PA,2,1,0.961469591050897,738845
406.nii.img.nii.gz,8,LAA,1,1,1.0,149369
406.nii.img.nii.gz,9,Coronary,2,2,0.5102744175028083,130859
406.nii.img.nii.gz,10,PV,2,2,0.5569130648330058,423488
405.nii.img.nii.gz,1,Myocardium,1,1,1.0,1485801
405.nii.img.nii.gz,2,LA,1,1,1.0,811857
405.nii.img.nii.gz,3,LV,1,1,1.0,1527349
405.nii.img.nii.gz,4,RA,1,1,1.0,1042715
405.nii.img.nii.gz,5,RV,1,1,1.0,1758797
405.nii.img.nii.gz,6,Aorta,2,2,0.5456335392573504,1587155
405.nii.img.nii.gz,7,PA,2,2,0.9492199058347871,422449
405.nii.img.nii.gz,8,LAA,1,1,1.0,152687
405.nii.img.nii.gz,9,Coronary,2,2,0.6535570517616045,84213
405.nii.img.nii.gz,10,PV,2,2,0.5319571258435887,367774
41.nii.img.nii.gz,1,Myocardium,1,1,1.0,1334425
41.nii.img.nii.gz,2,LA,1,1,1.0,903995
41.nii.img.nii.gz,3,LV,1,1,1.0,1070506
41.nii.img.nii.gz,4,RA,1,1,1.0,994451
41.nii.img.nii.gz,5,RV,1,1,1.0,1260877
41.nii.img.nii.gz,6,Aorta,2,2,0.5178897804222177,1105212
41.nii.img.nii.gz,7,PA,2,1,0.9808814833534938,407563
41.nii.img.nii.gz,8,LAA,1,1,1.0,150768
41.nii.img.nii.gz,9,Coronary,2,2,0.5466558467580348,99816
41.nii.img.nii.gz,10,PV,3,3,0.41284954115807176,203338
407.nii.img.nii.gz,1,Myocardium,1,1,1.0,1613505
407.nii.img.nii.gz,2,LA,1,1,1.0,893471
407.nii.img.nii.gz,3,LV,1,1,1.0,1790339
407.nii.img.nii.gz,4,RA,1,1,1.0,1277418
407.nii.img.nii.gz,5,RV,1,1,1.0,2095567
407.nii.img.nii.gz,6,Aorta,2,2,0.5232109876309651,1358473
407.nii.img.nii.gz,7,PA,1,1,1.0,671407
407.nii.img.nii.gz,8,LAA,1,1,1.0,169452
407.nii.img.nii.gz,9,Coronary,2,2,0.9333543552455854,53912
407.nii.img.nii.gz,10,PV,2,2,0.5269724030940786,277821
409.nii.img.nii.gz,1,Myocardium,1,1,1.0,2146562
409.nii.img.nii.gz,2,LA,1,1,1.0,1494034
409.nii.img.nii.gz,3,LV,1,1,1.0,2472921
409.nii.img.nii.gz,4,RA,1,1,1.0,1942193
409.nii.img.nii.gz,5,RV,1,1,1.0,2769509
409.nii.img.nii.gz,6,Aorta,2,2,0.6212122215433145,1661165
409.nii.img.nii.gz,7,PA,1,1,1.0,691136
409.nii.img.nii.gz,8,LAA,1,1,1.0,190385
409.nii.img.nii.gz,9,Coronary,2,2,0.6216690398698128,78656
409.nii.img.nii.gz,10,PV,3,3,0.540908041554444,519800
408.nii.img.nii.gz,1,Myocardium,1,1,1.0,2363602
408.nii.img.nii.gz,2,LA,1,1,1.0,1250451
408.nii.img.nii.gz,3,LV,1,1,1.0,2993722
408.nii.img.nii.gz,4,RA,1,1,1.0,1385003
408.nii.img.nii.gz,5,RV,1,1,1.0,2055105
408.nii.img.nii.gz,6,Aorta,2,2,0.6185094743075451,1323949
408.nii.img.nii.gz,7,PA,2,2,0.9309342499364494,452395
408.nii.img.nii.gz,8,LAA,1,1,1.0,226750
408.nii.img.nii.gz,9,Coronary,2,2,0.7162220776404251,92220
408.nii.img.nii.gz,10,PV,2,2,0.557609219938219,292323
410.nii.img.nii.gz,1,Myocardium,1,1,1.0,2112274
410.nii.img.nii.gz,2,LA,1,1,1.0,1035226
410.nii.img.nii.gz,3,LV,1,1,1.0,2148787
410.nii.img.nii.gz,4,RA,1,1,1.0,1452818
410.nii.img.nii.gz,5,RV,1,1,1.0,3095347
410.nii.img.nii.gz,6,Aorta,2,2,0.5679455362273335,1293043
410.nii.img.nii.gz,7,PA,1,1,1.0,432948
410.nii.img.nii.gz,8,LAA,1,1,1.0,102934
410.nii.img.nii.gz,9,Coronary,3,2,0.49819360665784973,62002
410.nii.img.nii.gz,10,PV,3,3,0.5104970512998898,373724
412.nii.img.nii.gz,1,Myocardium,1,1,1.0,1658348
412.nii.img.nii.gz,2,LA,1,1,1.0,889761
412.nii.img.nii.gz,3,LV,1,1,1.0,1507379
412.nii.img.nii.gz,4,RA,1,1,1.0,1425971
412.nii.img.nii.gz,5,RV,1,1,1.0,2034980
412.nii.img.nii.gz,6,Aorta,2,2,0.5788694113453509,1571040
412.nii.img.nii.gz,7,PA,2,1,0.9571038718916338,555155
412.nii.img.nii.gz,8,LAA,1,1,1.0,212987
412.nii.img.nii.gz,9,Coronary,2,2,0.569677519455809,122457
412.nii.img.nii.gz,10,PV,2,2,0.5100101057001611,256291
416.nii.img.nii.gz,1,Myocardium,1,1,1.0,2076981
416.nii.img.nii.gz,2,LA,1,1,1.0,2015420
416.nii.img.nii.gz,3,LV,1,1,1.0,1832372
416.nii.img.nii.gz,4,RA,1,1,1.0,1644193
416.nii.img.nii.gz,5,RV,1,1,1.0,2288539
416.nii.img.nii.gz,6,Aorta,2,2,0.5429161593834588,1353616
416.nii.img.nii.gz,7,PA,2,1,0.9714308651278903,386151
416.nii.img.nii.gz,8,LAA,1,1,1.0,158983
416.nii.img.nii.gz,9,Coronary,2,2,0.7176650969225714,118703
416.nii.img.nii.gz,10,PV,2,2,0.5686727220446204,354726
415.nii.img.nii.gz,1,Myocardium,1,1,1.0,1919668
415.nii.img.nii.gz,2,LA,1,1,1.0,1065340
415.nii.img.nii.gz,3,LV,1,1,1.0,1946607
415.nii.img.nii.gz,4,RA,1,1,1.0,1449733
415.nii.img.nii.gz,5,RV,1,1,1.0,1982349
415.nii.img.nii.gz,6,Aorta,2,2,0.6486745884220225,938765
415.nii.img.nii.gz,7,PA,2,2,0.7191524947390788,145887
415.nii.img.nii.gz,8,LAA,1,1,1.0,77728
415.nii.img.nii.gz,9,Coronary,2,2,0.7654753761969905,81872
415.nii.img.nii.gz,10,PV,3,3,0.5171912392050775,384440
411.nii.img.nii.gz,1,Myocardium,1,1,1.0,1492658
411.nii.img.nii.gz,2,LA,1,1,1.0,817393
411.nii.img.nii.gz,3,LV,1,1,1.0,1460630
411.nii.img.nii.gz,4,RA,1,1,1.0,713013
411.nii.img.nii.gz,5,RV,1,1,1.0,1486581
411.nii.img.nii.gz,6,Aorta,2,2,0.5147400902640361,1416511
411.nii.img.nii.gz,7,PA,1,1,1.0,961905
411.nii.img.nii.gz,8,LAA,1,1,1.0,115122
411.nii.img.nii.gz,9,Coronary,2,2,0.5071840844897458,65144
411.nii.img.nii.gz,10,PV,3,3,0.505240836568301,264557
414.nii.img.nii.gz,1,Myocardium,1,1,1.0,1461991
414.nii.img.nii.gz,2,LA,1,1,1.0,1033056
414.nii.img.nii.gz,3,LV,1,1,1.0,1460844
414.nii.img.nii.gz,4,RA,1,1,1.0,1000838
414.nii.img.nii.gz,5,RV,1,1,1.0,1697409
414.nii.img.nii.gz,6,Aorta,2,2,0.509385580447767,1093113
414.nii.img.nii.gz,7,PA,1,1,1.0,628366
414.nii.img.nii.gz,8,LAA,1,1,1.0,64177
414.nii.img.nii.gz,9,Coronary,2,2,0.5338876579025515,43777
414.nii.img.nii.gz,10,PV,3,3,0.5508453801997862,293714
413.nii.img.nii.gz,1,Myocardium,1,1,1.0,1558408
413.nii.img.nii.gz,2,LA,1,1,1.0,1235622
413.nii.img.nii.gz,3,LV,1,1,1.0,1458352
413.nii.img.nii.gz,4,RA,1,1,1.0,1363942
413.nii.img.nii.gz,5,RV,1,1,1.0,1647229
413.nii.img.nii.gz,6,Aorta,2,2,0.5445724082312565,1892202
413.nii.img.nii.gz,7,PA,1,1,1.0,1020223
413.nii.img.nii.gz,8,LAA,1,1,1.0,121224
413.nii.img.nii.gz,9,Coronary,2,2,0.5974883344086183,66649
413.nii.img.nii.gz,10,PV,2,2,0.5212495997629641,418502
419.nii.img.nii.gz,1,Myocardium,1,1,1.0,1439903
419.nii.img.nii.gz,2,LA,1,1,1.0,1161234
419.nii.img.nii.gz,3,LV,1,1,1.0,1692940
419.nii.img.nii.gz,4,RA,1,1,1.0,1547424
419.nii.img.nii.gz,5,RV,1,1,1.0,2141231
419.nii.img.nii.gz,6,Aorta,2,2,0.5910426932186998,998894
419.nii.img.nii.gz,7,PA,2,2,0.5486530456279708,172723
419.nii.img.nii.gz,8,LAA,1,1,1.0,95089
419.nii.img.nii.gz,9,Coronary,2,2,0.7584529415101833,70508
419.nii.img.nii.gz,10,PV,2,2,0.600520658746501,229709
418.nii.img.nii.gz,1,Myocardium,1,1,1.0,1781142
418.nii.img.nii.gz,2,LA,1,1,1.0,1045366
418.nii.img.nii.gz,3,LV,1,1,1.0,1808258
418.nii.img.nii.gz,4,RA,1,1,1.0,1575144
418.nii.img.nii.gz,5,RV,1,1,1.0,2192451
418.nii.img.nii.gz,6,Aorta,2,2,0.5249299348482305,935201
418.nii.img.nii.gz,7,PA,2,2,0.8479570242552499,221148
418.nii.img.nii.gz,8,LAA,1,1,1.0,69505
418.nii.img.nii.gz,9,Coronary,1,1,1.0,102770
418.nii.img.nii.gz,10,PV,2,2,0.541618514415736,334010
42.nii.img.nii.gz,1,Myocardium,1,1,1.0,2017832
42.nii.img.nii.gz,2,LA,1,1,1.0,927363
42.nii.img.nii.gz,3,LV,1,1,1.0,2470453
42.nii.img.nii.gz,4,RA,1,1,1.0,1769662
42.nii.img.nii.gz,5,RV,1,1,1.0,3202584
42.nii.img.nii.gz,6,Aorta,2,2,0.6138589186751765,1368303
42.nii.img.nii.gz,7,PA,2,2,0.5676801657401611,397731
42.nii.img.nii.gz,8,LAA,1,1,1.0,174431
42.nii.img.nii.gz,9,Coronary,2,2,0.5044682574459892,75309
42.nii.img.nii.gz,10,PV,3,3,0.5060266926503862,426934
417.nii.img.nii.gz,1,Myocardium,1,1,1.0,2429705
417.nii.img.nii.gz,2,LA,1,1,1.0,1023260
417.nii.img.nii.gz,3,LV,1,1,1.0,2911594
417.nii.img.nii.gz,4,RA,1,1,1.0,1231510
417.nii.img.nii.gz,5,RV,1,1,1.0,2501098
417.nii.img.nii.gz,6,Aorta,2,2,0.5143115860909195,1808919
417.nii.img.nii.gz,7,PA,2,1,0.9500112481119241,466745
417.nii.img.nii.gz,8,LAA,1,1,1.0,202959
417.nii.img.nii.gz,9,Coronary,2,2,0.6738483987574756,90461
417.nii.img.nii.gz,10,PV,2,2,0.5367342729091937,373289
420.nii.img.nii.gz,1,Myocardium,1,1,1.0,1794043
420.nii.img.nii.gz,2,LA,1,1,1.0,1016619
420.nii.img.nii.gz,3,LV,1,1,1.0,1642910
420.nii.img.nii.gz,4,RA,1,1,1.0,1605696
420.nii.img.nii.gz,5,RV,1,1,1.0,2516009
420.nii.img.nii.gz,6,Aorta,2,2,0.6045419995428766,1881330
420.nii.img.nii.gz,7,PA,1,1,1.0,1030547
420.nii.img.nii.gz,8,LAA,1,1,1.0,192120
420.nii.img.nii.gz,9,Coronary,2,2,0.5036231473186442,88183
420.nii.img.nii.gz,10,PV,1,1,1.0,385606
422.nii.img.nii.gz,1,Myocardium,1,1,1.0,1412756
422.nii.img.nii.gz,2,LA,1,1,1.0,954523
422.nii.img.nii.gz,3,LV,1,1,1.0,1523700
422.nii.img.nii.gz,4,RA,1,1,1.0,1032124
422.nii.img.nii.gz,5,RV,1,1,1.0,2085217
422.nii.img.nii.gz,6,Aorta,2,2,0.5383297620719527,1438334
422.nii.img.nii.gz,7,PA,1,1,1.0,530236
422.nii.img.nii.gz,8,LAA,1,1,1.0,185592
422.nii.img.nii.gz,9,Coronary,2,2,0.6068494722349702,87160
422.nii.img.nii.gz,10,PV,3,3,0.6014193386586775,295067
421.nii.img.nii.gz,1,Myocardium,1,1,1.0,1271078
421.nii.img.nii.gz,2,LA,1,1,1.0,775848
421.nii.img.nii.gz,3,LV,1,1,1.0,1286901
421.nii.img.nii.gz,4,RA,1,1,1.0,816131
421.nii.img.nii.gz,5,RV,1,1,1.0,1494711
421.nii.img.nii.gz,6,Aorta,2,2,0.5268097210033896,1426684
421.nii.img.nii.gz,7,PA,1,1,1.0,732576
421.nii.img.nii.gz,8,LAA,1,1,1.0,95730
421.nii.img.nii.gz,9,Coronary,2,2,0.5664049378569029,47632
421.nii.img.nii.gz,10,PV,2,2,0.5785246993379559,331851
424.nii.img.nii.gz,1,Myocardium,1,1,1.0,1533221
424.nii.img.nii.gz,2,LA,1,1,1.0,627239
424.nii.img.nii.gz,3,LV,1,1,1.0,1799458
424.nii.img.nii.gz,4,RA,1,1,1.0,1033787
424.nii.img.nii.gz,5,RV,1,1,1.0,1801974
424.nii.img.nii.gz,6,Aorta,2,2,0.6532180020942548,1788703
424.nii.img.nii.gz,7,PA,1,1,1.0,751172
424.nii.img.nii.gz,8,LAA,1,1,1.0,112751
424.nii.img.nii.gz,9,Coronary,3,2,0.6054078394822549,95491
424.nii.img.nii.gz,10,PV,2,2,0.5268308282699072,312700
423.nii.img.nii.gz,1,Myocardium,1,1,1.0,2510483
423.nii.img.nii.gz,2,LA,1,1,1.0,1331597
423.nii.img.nii.gz,3,LV,1,1,1.0,2385506
423.nii.img.nii.gz,4,RA,1,1,1.0,1582472
423.nii.img.nii.gz,5,RV,1,1,1.0,3261776
423.nii.img.nii.gz,6,Aorta,2,2,0.5471846306004695,1930173
423.nii.img.nii.gz,7,PA,1,1,1.0,1175612
423.nii.img.nii.gz,8,LAA,1,1,1.0,144545
423.nii.img.nii.gz,9,Coronary,2,2,0.5147579567863276,94322
423.nii.img.nii.gz,10,PV,3,3,0.53940727771887,486636
426.nii.img.nii.gz,1,Myocardium,1,1,1.0,1690743
426.nii.img.nii.gz,2,LA,1,1,1.0,934317
426.nii.img.nii.gz,3,LV,1,1,1.0,1692473
426.nii.img.nii.gz,4,RA,1,1,1.0,1160685
426.nii.img.nii.gz,5,RV,1,1,1.0,2146038
426.nii.img.nii.gz,6,Aorta,2,2,0.5586989330005755,1002531
426.nii.img.nii.gz,7,PA,2,2,0.9403862612111228,404286
426.nii.img.nii.gz,8,LAA,1,1,1.0,126534
426.nii.img.nii.gz,9,Coronary,3,2,0.560224902707003,93018
426.nii.img.nii.gz,10,PV,2,2,0.5321634772129801,242309
425.nii.img.nii.gz,1,Myocardium,1,1,1.0,1755121
425.nii.img.nii.gz,2,LA,1,1,1.0,998717
425.nii.img.nii.gz,3,LV,1,1,1.0,1805412
425.nii.img.nii.gz,4,RA,1,1,1.0,1020625
425.nii.img.nii.gz,5,RV,1,1,1.0,2055324
425.nii.img.nii.gz,6,Aorta,2,2,0.5269328368380909,1724085
425.nii.img.nii.gz,7,PA,1,1,1.0,866486
425.nii.img.nii.gz,8,LAA,1,1,1.0,69657
425.nii.img.nii.gz,9,Coronary,3,3,0.5002772841993277,88357
425.nii.img.nii.gz,10,PV,2,2,0.5066327309480068,379934
428.nii.img.nii.gz,1,Myocardium,1,1,1.0,2409477
428.nii.img.nii.gz,2,LA,1,1,1.0,1178915
428.nii.img.nii.gz,3,LV,1,1,1.0,2044517
428.nii.img.nii.gz,4,RA,1,1,1.0,1805310
428.nii.img.nii.gz,5,RV,1,1,1.0,2676861
428.nii.img.nii.gz,6,Aorta,2,2,0.673098205202905,3154507
428.nii.img.nii.gz,7,PA,1,1,1.0,985826
428.nii.img.nii.gz,8,LAA,1,1,1.0,75608
428.nii.img.nii.gz,9,Coronary,2,2,0.5663839834067623,135959
428.nii.img.nii.gz,10,PV,2,2,0.5183667874480472,386649
429.nii.img.nii.gz,1,Myocardium,1,1,1.0,1800389
429.nii.img.nii.gz,2,LA,1,1,1.0,1119041
429.nii.img.nii.gz,3,LV,1,1,1.0,1810238
429.nii.img.nii.gz,4,RA,1,1,1.0,1292526
429.nii.img.nii.gz,5,RV,1,1,1.0,2169439
429.nii.img.nii.gz,6,Aorta,2,2,0.5996872740066064,1279075
429.nii.img.nii.gz,7,PA,1,1,1.0,575597
429.nii.img.nii.gz,8,LAA,1,1,1.0,118489
429.nii.img.nii.gz,9,Coronary,2,2,0.5272272338183973,60748
429.nii.img.nii.gz,10,PV,2,2,0.5266341551872649,308814
430.nii.img.nii.gz,1,Myocardium,1,1,1.0,1908869
430.nii.img.nii.gz,2,LA,1,1,1.0,1281149
430.nii.img.nii.gz,3,LV,1,1,1.0,1924545
430.nii.img.nii.gz,4,RA,1,1,1.0,1384016
430.nii.img.nii.gz,5,RV,1,1,1.0,2533301
430.nii.img.nii.gz,6,Aorta,2,2,0.5340155172928605,1908967
430.nii.img.nii.gz,7,PA,2,2,0.8957266241081487,599175
430.nii.img.nii.gz,8,LAA,1,1,1.0,114373
430.nii.img.nii.gz,9,Coronary,2,2,0.7967675622031616,84642
430.nii.img.nii.gz,10,PV,2,2,0.5221923452529064,373755
427.nii.img.nii.gz,1,Myocardium,1,1,1.0,1383149
427.nii.img.nii.gz,2,LA,1,1,1.0,979626
427.nii.img.nii.gz,3,LV,1,1,1.0,1566594
427.nii.img.nii.gz,4,RA,1,1,1.0,874456
427.nii.img.nii.gz,5,RV,1,1,1.0,1715747
427.nii.img.nii.gz,6,Aorta,2,2,0.5262392145856916,1393201
427.nii.img.nii.gz,7,PA,1,1,1.0,786368
427.nii.img.nii.gz,8,LAA,1,1,1.0,101670
427.nii.img.nii.gz,9,Coronary,2,2,0.8712965008045941,31693
427.nii.img.nii.gz,10,PV,2,2,0.555716773987564,316341
432.nii.img.nii.gz,1,Myocardium,1,1,1.0,1310788
432.nii.img.nii.gz,2,LA,1,1,1.0,867734
432.nii.img.nii.gz,3,LV,1,1,1.0,1135653
432.nii.img.nii.gz,4,RA,1,1,1.0,829067
432.nii.img.nii.gz,5,RV,1,1,1.0,1404621
432.nii.img.nii.gz,6,Aorta,2,2,0.5322678521351765,1305138
432.nii.img.nii.gz,7,PA,1,1,1.0,615113
432.nii.img.nii.gz,8,LAA,1,1,1.0,150810
432.nii.img.nii.gz,9,Coronary,2,2,0.6070973168018666,110577
432.nii.img.nii.gz,10,PV,2,2,0.5926680968196327,309524
43.nii.img.nii.gz,1,Myocardium,1,1,1.0,1540760
43.nii.img.nii.gz,2,LA,1,1,1.0,1079497
43.nii.img.nii.gz,3,LV,1,1,1.0,2011445
43.nii.img.nii.gz,4,RA,1,1,1.0,1122069
43.nii.img.nii.gz,5,RV,1,1,1.0,1989908
43.nii.img.nii.gz,6,Aorta,2,2,0.5494598911028414,2056252
43.nii.img.nii.gz,7,PA,2,1,0.9552817910113568,911083
43.nii.img.nii.gz,8,LAA,1,1,1.0,213367
43.nii.img.nii.gz,9,Coronary,2,2,0.7956989989168156,144943
43.nii.img.nii.gz,10,PV,2,2,0.6184944684944685,374220
431.nii.img.nii.gz,1,Myocardium,1,1,1.0,1768817
431.nii.img.nii.gz,2,LA,1,1,1.0,1104904
431.nii.img.nii.gz,3,LV,1,1,1.0,2367514
431.nii.img.nii.gz,4,RA,1,1,1.0,1897764
431.nii.img.nii.gz,5,RV,1,1,1.0,2775828
431.nii.img.nii.gz,6,Aorta,2,2,0.6891134499617961,905668
431.nii.img.nii.gz,7,PA,2,2,0.5356312845699766,258172
431.nii.img.nii.gz,8,LAA,1,1,1.0,132950
431.nii.img.nii.gz,9,Coronary,2,2,0.561430567775995,96605
431.nii.img.nii.gz,10,PV,2,2,0.5435161464350174,354041
436.nii.img.nii.gz,1,Myocardium,1,1,1.0,1203830
436.nii.img.nii.gz,2,LA,1,1,1.0,645679
436.nii.img.nii.gz,3,LV,1,1,1.0,1611622
436.nii.img.nii.gz,4,RA,1,1,1.0,1075198
436.nii.img.nii.gz,5,RV,1,1,1.0,1900013
436.nii.img.nii.gz,6,Aorta,2,2,0.5771676280272319,569332
436.nii.img.nii.gz,7,PA,2,2,0.885555840325678,269223
436.nii.img.nii.gz,8,LAA,1,1,1.0,88274
436.nii.img.nii.gz,9,Coronary,2,2,0.5549401709401709,43875
436.nii.img.nii.gz,10,PV,2,2,0.5172465732791083,265560
434.nii.img.nii.gz,1,Myocardium,1,1,1.0,1267936
434.nii.img.nii.gz,2,LA,1,1,1.0,1222922
434.nii.img.nii.gz,3,LV,1,1,1.0,1142271
434.nii.img.nii.gz,4,RA,1,1,1.0,1123447
434.nii.img.nii.gz,5,RV,1,1,1.0,1407482
434.nii.img.nii.gz,6,Aorta,2,2,0.575529836062469,1478429
434.nii.img.nii.gz,7,PA,1,1,1.0,931441
434.nii.img.nii.gz,8,LAA,1,1,1.0,81533
434.nii.img.nii.gz,9,Coronary,3,3,0.6394737776515286,56326
434.nii.img.nii.gz,10,PV,2,2,0.5149110409519358,350948
435.nii.img.nii.gz,1,Myocardium,1,1,1.0,2069648
435.nii.img.nii.gz,2,LA,1,1,1.0,1092380
435.nii.img.nii.gz,3,LV,1,1,1.0,2032883
435.nii.img.nii.gz,4,RA,1,1,1.0,1213356
435.nii.img.nii.gz,5,RV,1,1,1.0,2591034
435.nii.img.nii.gz,6,Aorta,2,2,0.5173164459016917,1752467
435.nii.img.nii.gz,7,PA,2,2,0.9242805586347137,670277
435.nii.img.nii.gz,8,LAA,1,1,1.0,156589
435.nii.img.nii.gz,9,Coronary,2,2,0.5443841469403792,81448
435.nii.img.nii.gz,10,PV,2,2,0.5355324345347885,294393
438.nii.img.nii.gz,1,Myocardium,1,1,1.0,1485185
438.nii.img.nii.gz,2,LA,1,1,1.0,975346
438.nii.img.nii.gz,3,LV,1,1,1.0,1793843
438.nii.img.nii.gz,4,RA,1,1,1.0,1285048
438.nii.img.nii.gz,5,RV,1,1,1.0,2289804
438.nii.img.nii.gz,6,Aorta,2,2,0.5192446786281909,1057669
438.nii.img.nii.gz,7,PA,1,1,1.0,677358
438.nii.img.nii.gz,8,LAA,1,1,1.0,186488
438.nii.img.nii.gz,9,Coronary,2,2,0.5373840544742909,74604
438.nii.img.nii.gz,10,PV,2,2,0.5192849425290565,358181
433.nii.img.nii.gz,1,Myocardium,1,1,1.0,1574577
433.nii.img.nii.gz,2,LA,1,1,1.0,901295
433.nii.img.nii.gz,3,LV,1,1,1.0,1834881
433.nii.img.nii.gz,4,RA,1,1,1.0,1069995
433.nii.img.nii.gz,5,RV,1,1,1.0,2005480
433.nii.img.nii.gz,6,Aorta,2,2,0.5770868655833096,1287541
433.nii.img.nii.gz,7,PA,1,1,1.0,756624
433.nii.img.nii.gz,8,LAA,1,1,1.0,231747
433.nii.img.nii.gz,9,Coronary,2,2,0.749325062470962,79637
433.nii.img.nii.gz,10,PV,2,2,0.5617353697498636,256660
437.nii.img.nii.gz,1,Myocardium,1,1,1.0,1375683
437.nii.img.nii.gz,2,LA,1,1,1.0,1139195
437.nii.img.nii.gz,3,LV,1,1,1.0,1604140
437.nii.img.nii.gz,4,RA,1,1,1.0,1580890
437.nii.img.nii.gz,5,RV,1,1,1.0,1894106
437.nii.img.nii.gz,6,Aorta,2,2,0.5389273391557378,984244
437.nii.img.nii.gz,7,PA,2,2,0.757296559401007,265913
437.nii.img.nii.gz,8,LAA,1,1,1.0,80361
437.nii.img.nii.gz,9,Coronary,2,2,0.6547598494527123,57922
437.nii.img.nii.gz,10,PV,2,2,0.5782598967247747,344129
441.nii.img.nii.gz,1,Myocardium,1,1,1.0,1622396
441.nii.img.nii.gz,2,LA,1,1,1.0,1105088
441.nii.img.nii.gz,3,LV,1,1,1.0,1714587
441.nii.img.nii.gz,4,RA,1,1,1.0,1284172
441.nii.img.nii.gz,5,RV,1,1,1.0,1932064
441.nii.img.nii.gz,6,Aorta,2,2,0.5188924486258615,1373697
441.nii.img.nii.gz,7,PA,2,1,0.9649870355931897,496359
441.nii.img.nii.gz,8,LAA,1,1,1.0,203040
441.nii.img.nii.gz,9,Coronary,2,2,0.7054713372825225,107195
441.nii.img.nii.gz,10,PV,2,2,0.516210413138029,308783
44.nii.img.nii.gz,1,Myocardium,1,1,1.0,1882249
44.nii.img.nii.gz,2,LA,1,1,1.0,1371425
44.nii.img.nii.gz,3,LV,1,1,1.0,1892281
44.nii.img.nii.gz,4,RA,1,1,1.0,1432466
44.nii.img.nii.gz,5,RV,1,1,1.0,2199920
44.nii.img.nii.gz,6,Aorta,2,2,0.5199944893460691,1088800
44.nii.img.nii.gz,7,PA,2,2,0.7864296490175764,275085
44.nii.img.nii.gz,8,LAA,1,1,1.0,86727
44.nii.img.nii.gz,9,Coronary,2,2,0.637760504305144,121831
44.nii.img.nii.gz,10,PV,3,3,0.3996346591300751,348168
440.nii.img.nii.gz,1,Myocardium,1,1,1.0,1483294
440.nii.img.nii.gz,2,LA,1,1,1.0,1104427
440.nii.img.nii.gz,3,LV,1,1,1.0,1341731
440.nii.img.nii.gz,4,RA,1,1,1.0,1190577
440.nii.img.nii.gz,5,RV,1,1,1.0,1818917
440.nii.img.nii.gz,6,Aorta,2,2,0.5424133369105661,1621365
440.nii.img.nii.gz,7,PA,1,1,1.0,762459
440.nii.img.nii.gz,8,LAA,1,1,1.0,162500
440.nii.img.nii.gz,9,Coronary,2,2,0.5060217525864356,56545
440.nii.img.nii.gz,10,PV,2,2,0.6332893024277285,309631
439.nii.img.nii.gz,1,Myocardium,1,1,1.0,1520940
439.nii.img.nii.gz,2,LA,1,1,1.0,1060517
439.nii.img.nii.gz,3,LV,1,1,1.0,1546617
439.nii.img.nii.gz,4,RA,1,1,1.0,1068961
439.nii.img.nii.gz,5,RV,1,1,1.0,1809711
439.nii.img.nii.gz,6,Aorta,2,2,0.5184730563444822,1806956
439.nii.img.nii.gz,7,PA,2,1,0.9531730089795399,629765
439.nii.img.nii.gz,8,LAA,1,1,1.0,204825
439.nii.img.nii.gz,9,Coronary,3,2,0.7733361061687887,129831
439.nii.img.nii.gz,10,PV,2,2,0.5761886779850852,389277
443.nii.img.nii.gz,1,Myocardium,1,1,1.0,2154974
443.nii.img.nii.gz,2,LA,1,1,1.0,1335519
443.nii.img.nii.gz,3,LV,1,1,1.0,2309974
443.nii.img.nii.gz,4,RA,1,1,1.0,1185184
443.nii.img.nii.gz,5,RV,1,1,1.0,2315523
443.nii.img.nii.gz,6,Aorta,2,2,0.5103769940564739,1892311
443.nii.img.nii.gz,7,PA,2,2,0.916637785871558,776179
443.nii.img.nii.gz,8,LAA,1,1,1.0,191756
443.nii.img.nii.gz,9,Coronary,2,2,0.6498854716042942,122677
443.nii.img.nii.gz,10,PV,2,2,0.532110895066895,388295
442.nii.img.nii.gz,1,Myocardium,1,1,1.0,2675076
442.nii.img.nii.gz,2,LA,1,1,1.0,1384121
442.nii.img.nii.gz,3,LV,1,1,1.0,2322668
442.nii.img.nii.gz,4,RA,1,1,1.0,1490015
442.nii.img.nii.gz,5,RV,1,1,1.0,2911495
442.nii.img.nii.gz,6,Aorta,2,2,0.5203787924020715,1775326
442.nii.img.nii.gz,7,PA,2,2,0.9309367418940061,631508
442.nii.img.nii.gz,8,LAA,1,1,1.0,235667
442.nii.img.nii.gz,9,Coronary,2,2,0.6051364861251106,97226
442.nii.img.nii.gz,10,PV,3,3,0.5280262528201272,365675
444.nii.img.nii.gz,1,Myocardium,1,1,1.0,1891214
444.nii.img.nii.gz,2,LA,1,1,1.0,900829
444.nii.img.nii.gz,3,LV,1,1,1.0,2347639
444.nii.img.nii.gz,4,RA,1,1,1.0,1304887
444.nii.img.nii.gz,5,RV,1,1,1.0,2532861
444.nii.img.nii.gz,6,Aorta,2,2,0.6450244479671348,1388459
444.nii.img.nii.gz,7,PA,2,2,0.7327392879417189,150718
444.nii.img.nii.gz,8,LAA,1,1,1.0,132580
444.nii.img.nii.gz,9,Coronary,2,2,0.5107123011381177,97178
444.nii.img.nii.gz,10,PV,2,2,0.5616863511521755,308026
446.nii.img.nii.gz,1,Myocardium,1,1,1.0,1502547
446.nii.img.nii.gz,2,LA,1,1,1.0,1306561
446.nii.img.nii.gz,3,LV,1,1,1.0,1328101
446.nii.img.nii.gz,4,RA,1,1,1.0,1217482
446.nii.img.nii.gz,5,RV,1,1,1.0,1870393
446.nii.img.nii.gz,6,Aorta,2,2,0.5875393201420599,1478250
446.nii.img.nii.gz,7,PA,2,1,0.9570854492624591,826666
446.nii.img.nii.gz,8,LAA,1,1,1.0,123694
446.nii.img.nii.gz,9,Coronary,2,2,0.5630600571973308,104900
446.nii.img.nii.gz,10,PV,2,2,0.5273009761623264,323102
445.nii.img.nii.gz,1,Myocardium,1,1,1.0,1642198
445.nii.img.nii.gz,2,LA,1,1,1.0,1234124
445.nii.img.nii.gz,3,LV,1,1,1.0,1613694
445.nii.img.nii.gz,4,RA,1,1,1.0,1414209
445.nii.img.nii.gz,5,RV,1,1,1.0,1828451
445.nii.img.nii.gz,6,Aorta,2,2,0.6442007277080148,949007
445.nii.img.nii.gz,7,PA,2,2,0.5724717588052056,196787
445.nii.img.nii.gz,8,LAA,1,1,1.0,100517
445.nii.img.nii.gz,9,Coronary,2,2,0.6461817479076544,67269
445.nii.img.nii.gz,10,PV,2,2,0.5163603495028624,265520
448.nii.img.nii.gz,1,Myocardium,1,1,1.0,1824398
448.nii.img.nii.gz,2,LA,1,1,1.0,1222983
448.nii.img.nii.gz,3,LV,1,1,1.0,2139067
448.nii.img.nii.gz,4,RA,1,1,1.0,1344066
448.nii.img.nii.gz,5,RV,1,1,1.0,2588054
448.nii.img.nii.gz,6,Aorta,2,2,0.516978929063089,1937313
448.nii.img.nii.gz,7,PA,1,1,1.0,860607
448.nii.img.nii.gz,8,LAA,1,1,1.0,134804
448.nii.img.nii.gz,9,Coronary,2,2,0.574806800618238,90580
448.nii.img.nii.gz,10,PV,2,2,0.5320109866170787,445269
45.nii.img.nii.gz,1,Myocardium,1,1,1.0,1602330
45.nii.img.nii.gz,2,LA,1,1,1.0,1211164
45.nii.img.nii.gz,3,LV,1,1,1.0,1574407
45.nii.img.nii.gz,4,RA,1,1,1.0,1436171
45.nii.img.nii.gz,5,RV,1,1,1.0,2032917
45.nii.img.nii.gz,6,Aorta,2,2,0.5644394649283628,2091234
45.nii.img.nii.gz,7,PA,1,1,1.0,954341
45.nii.img.nii.gz,8,LAA,1,1,1.0,86444
45.nii.img.nii.gz,9,Coronary,2,2,0.9233701641004259,67154
45.nii.img.nii.gz,10,PV,2,2,0.6006547989250971,340868
447.nii.img.nii.gz,1,Myocardium,1,1,1.0,1639244
447.nii.img.nii.gz,2,LA,1,1,1.0,1948034
447.nii.img.nii.gz,3,LV,1,1,1.0,1871813
447.nii.img.nii.gz,4,RA,1,1,1.0,1227529
447.nii.img.nii.gz,5,RV,1,1,1.0,1910141
447.nii.img.nii.gz,6,Aorta,2,2,0.5125863299003703,1202654
447.nii.img.nii.gz,7,PA,1,1,1.0,506354
447.nii.img.nii.gz,8,LAA,1,1,1.0,254058
447.nii.img.nii.gz,9,Coronary,2,2,0.5036525501289625,60095
447.nii.img.nii.gz,10,PV,2,2,0.576815568984081,285131
450.nii.img.nii.gz,1,Myocardium,1,1,1.0,1585719
450.nii.img.nii.gz,2,LA,1,1,1.0,1278880
450.nii.img.nii.gz,3,LV,1,1,1.0,1387606
450.nii.img.nii.gz,4,RA,1,1,1.0,1375606
450.nii.img.nii.gz,5,RV,1,1,1.0,1735344
450.nii.img.nii.gz,6,Aorta,2,2,0.6612005848601228,1850015
450.nii.img.nii.gz,7,PA,1,1,1.0,864840
450.nii.img.nii.gz,8,LAA,1,1,1.0,166572
450.nii.img.nii.gz,9,Coronary,2,2,0.6408058027740242,64383
450.nii.img.nii.gz,10,PV,2,2,0.5236901183252158,338981
449.nii.img.nii.gz,1,Myocardium,1,1,1.0,1784738
449.nii.img.nii.gz,2,LA,1,1,1.0,901574
449.nii.img.nii.gz,3,LV,1,1,1.0,1825756
449.nii.img.nii.gz,4,RA,1,1,1.0,1034583
449.nii.img.nii.gz,5,RV,1,1,1.0,2514233
449.nii.img.nii.gz,6,Aorta,2,2,0.5779502156329386,1167957
449.nii.img.nii.gz,7,PA,1,1,1.0,555162
449.nii.img.nii.gz,8,LAA,1,1,1.0,67451
449.nii.img.nii.gz,9,Coronary,2,2,0.5271435052169968,59517
449.nii.img.nii.gz,10,PV,2,2,0.567679117892851,332658
452.nii.img.nii.gz,1,Myocardium,1,1,1.0,1672220
452.nii.img.nii.gz,2,LA,1,1,1.0,985462
452.nii.img.nii.gz,3,LV,1,1,1.0,2103685
452.nii.img.nii.gz,4,RA,1,1,1.0,1203892
452.nii.img.nii.gz,5,RV,1,1,1.0,2296592
452.nii.img.nii.gz,6,Aorta,2,2,0.538520659225637,1215244
452.nii.img.nii.gz,7,PA,2,2,0.9149530723759194,545734
452.nii.img.nii.gz,8,LAA,1,1,1.0,156218
452.nii.img.nii.gz,9,Coronary,2,2,0.5773562350572543,63576
452.nii.img.nii.gz,10,PV,3,3,0.5561684490610449,390860
451.nii.img.nii.gz,1,Myocardium,1,1,1.0,1992496
451.nii.img.nii.gz,2,LA,1,1,1.0,752093
451.nii.img.nii.gz,3,LV,1,1,1.0,1327508
451.nii.img.nii.gz,4,RA,1,1,1.0,857966
451.nii.img.nii.gz,5,RV,1,1,1.0,1798512
451.nii.img.nii.gz,6,Aorta,2,2,0.5579910666997587,1293363
451.nii.img.nii.gz,7,PA,2,2,0.9278087336458921,407390
451.nii.img.nii.gz,8,LAA,1,1,1.0,132156
451.nii.img.nii.gz,9,Coronary,2,2,0.6351306535536623,87445
451.nii.img.nii.gz,10,PV,3,3,0.5607232987760102,311849
454.nii.img.nii.gz,1,Myocardium,1,1,1.0,1354099
454.nii.img.nii.gz,2,LA,1,1,1.0,1028432
454.nii.img.nii.gz,3,LV,1,1,1.0,1402176
454.nii.img.nii.gz,4,RA,1,1,1.0,1053203
454.nii.img.nii.gz,5,RV,1,1,1.0,1871928
454.nii.img.nii.gz,6,Aorta,2,2,0.5515735824241073,1205879
454.nii.img.nii.gz,7,PA,2,1,0.9512451525487081,342448
454.nii.img.nii.gz,8,LAA,1,1,1.0,97906
454.nii.img.nii.gz,9,Coronary,3,2,0.5556632121174956,81535
454.nii.img.nii.gz,10,PV,2,2,0.5597989610740066,296460
453.nii.img.nii.gz,1,Myocardium,1,1,1.0,1506017
453.nii.img.nii.gz,2,LA,1,1,1.0,1218414
453.nii.img.nii.gz,3,LV,1,1,1.0,1437041
453.nii.img.nii.gz,4,RA,1,1,1.0,1446243
453.nii.img.nii.gz,5,RV,1,1,1.0,1912424
453.nii.img.nii.gz,6,Aorta,2,2,0.5130946052056002,1104157
453.nii.img.nii.gz,7,PA,2,2,0.9215802674039549,486829
453.nii.img.nii.gz,8,LAA,1,1,1.0,133605
453.nii.img.nii.gz,9,Coronary,2,2,0.5307417955337893,75142
453.nii.img.nii.gz,10,PV,2,2,0.5116364223121416,322264
455.nii.img.nii.gz,1,Myocardium,1,1,1.0,2060389
455.nii.img.nii.gz,2,LA,1,1,1.0,1261126
455.nii.img.nii.gz,3,LV,1,1,1.0,2331577
455.nii.img.nii.gz,4,RA,1,1,1.0,1253301
455.nii.img.nii.gz,5,RV,1,1,1.0,1674286
455.nii.img.nii.gz,6,Aorta,2,2,0.578399718497219,1423787
455.nii.img.nii.gz,7,PA,2,2,0.8426073522699343,284810
455.nii.img.nii.gz,8,LAA,1,1,1.0,151295
455.nii.img.nii.gz,9,Coronary,2,2,0.5973585541559591,94948
455.nii.img.nii.gz,10,PV,3,3,0.3755201548132502,316252
456.nii.img.nii.gz,1,Myocardium,1,1,1.0,2045196
456.nii.img.nii.gz,2,LA,1,1,1.0,1184522
456.nii.img.nii.gz,3,LV,1,1,1.0,1835955
456.nii.img.nii.gz,4,RA,1,1,1.0,1094057
456.nii.img.nii.gz,5,RV,1,1,1.0,2219627
456.nii.img.nii.gz,6,Aorta,2,2,0.5651809072268618,2036624
456.nii.img.nii.gz,7,PA,2,2,0.9424385504218358,629866
456.nii.img.nii.gz,8,LAA,1,1,1.0,87610
456.nii.img.nii.gz,9,Coronary,2,2,0.7714387221885038,67553
456.nii.img.nii.gz,10,PV,2,2,0.5334681048857147,338845
457.nii.img.nii.gz,1,Myocardium,1,1,1.0,1278695
457.nii.img.nii.gz,2,LA,1,1,1.0,1388451
457.nii.img.nii.gz,3,LV,1,1,1.0,1538378
457.nii.img.nii.gz,4,RA,1,1,1.0,1248998
457.nii.img.nii.gz,5,RV,1,1,1.0,1673123
457.nii.img.nii.gz,6,Aorta,2,2,0.5574885976887414,2152853
457.nii.img.nii.gz,7,PA,1,1,1.0,990347
457.nii.img.nii.gz,8,LAA,1,1,1.0,224799
457.nii.img.nii.gz,9,Coronary,2,2,0.5648358636038471,62905
457.nii.img.nii.gz,10,PV,2,2,0.5619979042961928,280574
458.nii.img.nii.gz,1,Myocardium,1,1,1.0,1602892
458.nii.img.nii.gz,2,LA,1,1,1.0,792280
458.nii.img.nii.gz,3,LV,1,1,1.0,1474847
458.nii.img.nii.gz,4,RA,1,1,1.0,966673
458.nii.img.nii.gz,5,RV,1,1,1.0,1956688
458.nii.img.nii.gz,6,Aorta,2,2,0.6295839002178409,2670297
458.nii.img.nii.gz,7,PA,1,1,1.0,867754
458.nii.img.nii.gz,8,LAA,1,1,1.0,81703
458.nii.img.nii.gz,9,Coronary,2,2,0.6132337617228204,126676
458.nii.img.nii.gz,10,PV,2,2,0.5501364828139405,334108
459.nii.img.nii.gz,1,Myocardium,1,1,1.0,1690992
459.nii.img.nii.gz,2,LA,1,1,1.0,1602930
459.nii.img.nii.gz,3,LV,1,1,1.0,1361257
459.nii.img.nii.gz,4,RA,1,1,1.0,1893589
459.nii.img.nii.gz,5,RV,1,1,1.0,2245770
459.nii.img.nii.gz,6,Aorta,2,2,0.5268683114599061,1506775
459.nii.img.nii.gz,7,PA,2,2,0.9339724972882186,1000265
459.nii.img.nii.gz,8,LAA,1,1,1.0,165319
459.nii.img.nii.gz,9,Coronary,2,2,0.6459767841469596,80893
459.nii.img.nii.gz,10,PV,2,2,0.6212136301452436,381566
460.nii.img.nii.gz,1,Myocardium,1,1,1.0,1367913
460.nii.img.nii.gz,2,LA,1,1,1.0,933897
460.nii.img.nii.gz,3,LV,1,1,1.0,1412552
460.nii.img.nii.gz,4,RA,1,1,1.0,1161078
460.nii.img.nii.gz,5,RV,1,1,1.0,1720727
460.nii.img.nii.gz,6,Aorta,2,2,0.5785639524564203,1583137
460.nii.img.nii.gz,7,PA,1,1,1.0,855523
460.nii.img.nii.gz,8,LAA,1,1,1.0,159343
460.nii.img.nii.gz,9,Coronary,2,2,0.5903255772308588,89349
460.nii.img.nii.gz,10,PV,3,3,0.4845998047750621,314509
462.nii.img.nii.gz,1,Myocardium,1,1,1.0,2174270
462.nii.img.nii.gz,2,LA,1,1,1.0,928844
462.nii.img.nii.gz,3,LV,1,1,1.0,2024737
462.nii.img.nii.gz,4,RA,1,1,1.0,1785918
462.nii.img.nii.gz,5,RV,1,1,1.0,2206893
462.nii.img.nii.gz,6,Aorta,2,2,0.6096542772988828,1295923
462.nii.img.nii.gz,7,PA,2,2,0.5242560561472759,397241
462.nii.img.nii.gz,8,LAA,1,1,1.0,81319
462.nii.img.nii.gz,9,Coronary,3,2,0.6654370290149362,88644
462.nii.img.nii.gz,10,PV,3,3,0.4814180427278664,267975
464.nii.img.nii.gz,1,Myocardium,1,1,1.0,1587769
464.nii.img.nii.gz,2,LA,1,1,1.0,949409
464.nii.img.nii.gz,3,LV,1,1,1.0,1509515
464.nii.img.nii.gz,4,RA,1,1,1.0,1061055
464.nii.img.nii.gz,5,RV,1,1,1.0,1884435
464.nii.img.nii.gz,6,Aorta,2,2,0.5725448275903579,1661421
464.nii.img.nii.gz,7,PA,1,1,1.0,791853
464.nii.img.nii.gz,8,LAA,1,1,1.0,143837
464.nii.img.nii.gz,9,Coronary,2,2,0.608357493309545,71744
464.nii.img.nii.gz,10,PV,3,3,0.5425529822297581,254189
46.nii.img.nii.gz,1,Myocardium,1,1,1.0,2274390
46.nii.img.nii.gz,2,LA,1,1,1.0,1288733
46.nii.img.nii.gz,3,LV,1,1,1.0,2662368
46.nii.img.nii.gz,4,RA,1,1,1.0,1572834
46.nii.img.nii.gz,5,RV,1,1,1.0,2989342
46.nii.img.nii.gz,6,Aorta,2,2,0.5010852331149818,1736954
46.nii.img.nii.gz,7,PA,1,1,1.0,1243652
46.nii.img.nii.gz,8,LAA,1,1,1.0,40860
46.nii.img.nii.gz,9,Coronary,2,2,0.5642298272611023,138417
46.nii.img.nii.gz,10,PV,2,2,0.5553580537265544,513638
463.nii.img.nii.gz,1,Myocardium,1,1,1.0,1584833
463.nii.img.nii.gz,2,LA,1,1,1.0,1489655
463.nii.img.nii.gz,3,LV,1,1,1.0,1996954
463.nii.img.nii.gz,4,RA,1,1,1.0,1130208
463.nii.img.nii.gz,5,RV,1,1,1.0,2125863
463.nii.img.nii.gz,6,Aorta,2,2,0.5366305316156672,1598448
463.nii.img.nii.gz,7,PA,1,1,1.0,838681
463.nii.img.nii.gz,8,LAA,1,1,1.0,159755
463.nii.img.nii.gz,9,Coronary,2,2,0.6934819246990138,124009
463.nii.img.nii.gz,10,PV,2,2,0.551374441124267,356072
461.nii.img.nii.gz,1,Myocardium,1,1,1.0,1866259
461.nii.img.nii.gz,2,LA,1,1,1.0,957646
461.nii.img.nii.gz,3,LV,1,1,1.0,2187830
461.nii.img.nii.gz,4,RA,1,1,1.0,1160759
461.nii.img.nii.gz,5,RV,1,1,1.0,2445046
461.nii.img.nii.gz,6,Aorta,2,2,0.5073401740062194,2146475
461.nii.img.nii.gz,7,PA,1,1,1.0,750532
461.nii.img.nii.gz,8,LAA,1,1,1.0,86088
461.nii.img.nii.gz,9,Coronary,2,2,0.5573415459613469,121439
461.nii.img.nii.gz,10,PV,2,2,0.5314738692930037,336692
466.nii.img.nii.gz,1,Myocardium,1,1,1.0,1658545
466.nii.img.nii.gz,2,LA,1,1,1.0,1330593
466.nii.img.nii.gz,3,LV,1,1,1.0,1702432
466.nii.img.nii.gz,4,RA,1,1,1.0,1125395
466.nii.img.nii.gz,5,RV,1,1,1.0,2206186
466.nii.img.nii.gz,6,Aorta,2,2,0.5130083405162124,1193811
466.nii.img.nii.gz,7,PA,2,2,0.9230183981186886,534946
466.nii.img.nii.gz,8,LAA,1,1,1.0,64644
466.nii.img.nii.gz,9,Coronary,2,2,0.514960857458099,76132
466.nii.img.nii.gz,10,PV,2,2,0.5339408448528844,388470
467.nii.img.nii.gz,1,Myocardium,1,1,1.0,1612967
467.nii.img.nii.gz,2,LA,1,1,1.0,823161
467.nii.img.nii.gz,3,LV,1,1,1.0,1458594
467.nii.img.nii.gz,4,RA,1,1,1.0,937183
467.nii.img.nii.gz,5,RV,1,1,1.0,1778807
467.nii.img.nii.gz,6,Aorta,2,2,0.5897371500752326,1345825
467.nii.img.nii.gz,7,PA,1,1,1.0,793899
467.nii.img.nii.gz,8,LAA,1,1,1.0,103161
467.nii.img.nii.gz,9,Coronary,2,2,0.5275153263613415,69325
467.nii.img.nii.gz,10,PV,3,3,0.5116722840595592,313906
465.nii.img.nii.gz,1,Myocardium,1,1,1.0,1917518
465.nii.img.nii.gz,2,LA,1,1,1.0,1197850
465.nii.img.nii.gz,3,LV,1,1,1.0,1918409
465.nii.img.nii.gz,4,RA,1,1,1.0,2075061
465.nii.img.nii.gz,5,RV,1,1,1.0,2371214
465.nii.img.nii.gz,6,Aorta,2,2,0.6322385249175699,1612276
465.nii.img.nii.gz,7,PA,2,2,0.9111348074655107,345107
465.nii.img.nii.gz,8,LAA,1,1,1.0,202912
465.nii.img.nii.gz,9,Coronary,2,2,0.5093899322146905,80991
465.nii.img.nii.gz,10,PV,2,2,0.5672273838630807,306750
468.nii.img.nii.gz,1,Myocardium,1,1,1.0,1710527
468.nii.img.nii.gz,2,LA,1,1,1.0,1927769
468.nii.img.nii.gz,3,LV,1,1,1.0,1734749
468.nii.img.nii.gz,4,RA,1,1,1.0,1535428
468.nii.img.nii.gz,5,RV,1,1,1.0,1921624
468.nii.img.nii.gz,6,Aorta,2,2,0.5891833542863985,1069056
468.nii.img.nii.gz,7,PA,1,1,1.0,870682
468.nii.img.nii.gz,8,LAA,1,1,1.0,136883
468.nii.img.nii.gz,9,Coronary,2,2,0.6485027803383984,67258
468.nii.img.nii.gz,10,PV,2,2,0.5450050638967067,392978
469.nii.img.nii.gz,1,Myocardium,1,1,1.0,1559419
469.nii.img.nii.gz,2,LA,1,1,1.0,944744
469.nii.img.nii.gz,3,LV,1,1,1.0,1450235
469.nii.img.nii.gz,4,RA,1,1,1.0,1063525
469.nii.img.nii.gz,5,RV,1,1,1.0,1973123
469.nii.img.nii.gz,6,Aorta,2,2,0.606242951996369,1709704
469.nii.img.nii.gz,7,PA,1,1,1.0,870908
469.nii.img.nii.gz,8,LAA,1,1,1.0,84897
469.nii.img.nii.gz,9,Coronary,2,2,0.9256007584188616,72783
469.nii.img.nii.gz,10,PV,2,2,0.5315528083117085,411564
472.nii.img.nii.gz,1,Myocardium,1,1,1.0,1976004
472.nii.img.nii.gz,2,LA,1,1,1.0,1177333
472.nii.img.nii.gz,3,LV,1,1,1.0,1732081
472.nii.img.nii.gz,4,RA,1,1,1.0,1333494
472.nii.img.nii.gz,5,RV,1,1,1.0,2249043
472.nii.img.nii.gz,6,Aorta,2,2,0.5936132354091219,1035767
472.nii.img.nii.gz,7,PA,2,2,0.9084597226933221,433383
472.nii.img.nii.gz,8,LAA,1,1,1.0,226201
472.nii.img.nii.gz,9,Coronary,2,2,0.6049475190381531,104133
472.nii.img.nii.gz,10,PV,3,3,0.5310479845705037,412716
470.nii.img.nii.gz,1,Myocardium,1,1,1.0,1050083
470.nii.img.nii.gz,2,LA,1,1,1.0,675303
470.nii.img.nii.gz,3,LV,1,1,1.0,1142218
470.nii.img.nii.gz,4,RA,1,1,1.0,623507
470.nii.img.nii.gz,5,RV,1,1,1.0,1311976
470.nii.img.nii.gz,6,Aorta,2,2,0.5252225333015279,1593020
470.nii.img.nii.gz,7,PA,1,1,1.0,610044
470.nii.img.nii.gz,8,LAA,1,1,1.0,59758
470.nii.img.nii.gz,9,Coronary,2,2,0.674840277152884,66678
470.nii.img.nii.gz,10,PV,2,2,0.5351957566500933,276951
471.nii.img.nii.gz,1,Myocardium,1,1,1.0,1309383
471.nii.img.nii.gz,2,LA,1,1,1.0,758065
471.nii.img.nii.gz,3,LV,1,1,1.0,1470737
471.nii.img.nii.gz,4,RA,1,1,1.0,796821
471.nii.img.nii.gz,5,RV,1,1,1.0,1883727
471.nii.img.nii.gz,6,Aorta,2,2,0.5510447776244649,1190014
471.nii.img.nii.gz,7,PA,1,1,1.0,521999
471.nii.img.nii.gz,8,LAA,1,1,1.0,93738
471.nii.img.nii.gz,9,Coronary,2,2,0.6959584810840007,42583
471.nii.img.nii.gz,10,PV,2,2,0.5313782374705684,237840
47.nii.img.nii.gz,1,Myocardium,1,1,1.0,2031283
47.nii.img.nii.gz,2,LA,1,1,1.0,1121671
47.nii.img.nii.gz,3,LV,1,1,1.0,2193178
47.nii.img.nii.gz,4,RA,1,1,1.0,1337596
47.nii.img.nii.gz,5,RV,1,1,1.0,2459572
47.nii.img.nii.gz,6,Aorta,2,2,0.5685695848065402,1365219
47.nii.img.nii.gz,7,PA,2,2,0.9485482869095354,449159
47.nii.img.nii.gz,8,LAA,1,1,1.0,154705
47.nii.img.nii.gz,9,Coronary,4,2,0.49397085812117403,81189
47.nii.img.nii.gz,10,PV,2,2,0.5703296046873417,385037
473.nii.img.nii.gz,1,Myocardium,1,1,1.0,1796061
473.nii.img.nii.gz,2,LA,1,1,1.0,831746
473.nii.img.nii.gz,3,LV,1,1,1.0,1378536
473.nii.img.nii.gz,4,RA,1,1,1.0,1033376
473.nii.img.nii.gz,5,RV,1,1,1.0,1738160
473.nii.img.nii.gz,6,Aorta,2,2,0.5644404451912076,1883685
473.nii.img.nii.gz,7,PA,1,1,1.0,863985
473.nii.img.nii.gz,8,LAA,1,1,1.0,82647
473.nii.img.nii.gz,9,Coronary,2,2,0.6088940120123764,82415
473.nii.img.nii.gz,10,PV,3,3,0.5197678808926925,293987
476.nii.img.nii.gz,1,Myocardium,1,1,1.0,1930740
476.nii.img.nii.gz,2,LA,1,1,1.0,854667
476.nii.img.nii.gz,3,LV,1,1,1.0,1742793
476.nii.img.nii.gz,4,RA,1,1,1.0,1164548
476.nii.img.nii.gz,5,RV,1,1,1.0,1900644
476.nii.img.nii.gz,6,Aorta,2,2,0.5657560249082244,1220641
476.nii.img.nii.gz,7,PA,2,1,0.9708014096113049,285185
476.nii.img.nii.gz,8,LAA,1,1,1.0,147947
476.nii.img.nii.gz,9,Coronary,2,2,0.5655258617654308,56802
476.nii.img.nii.gz,10,PV,2,2,0.5001913301912664,313594
475.nii.img.nii.gz,1,Myocardium,1,1,1.0,1426792
475.nii.img.nii.gz,2,LA,1,1,1.0,754913
475.nii.img.nii.gz,3,LV,1,1,1.0,1606572
475.nii.img.nii.gz,4,RA,1,1,1.0,1010757
475.nii.img.nii.gz,5,RV,1,1,1.0,1998987
475.nii.img.nii.gz,6,Aorta,2,2,0.5156763499412287,1333984
475.nii.img.nii.gz,7,PA,1,1,1.0,650229
475.nii.img.nii.gz,8,LAA,1,1,1.0,124620
475.nii.img.nii.gz,9,Coronary,2,2,0.5661656990939179,55293
475.nii.img.nii.gz,10,PV,2,2,0.5326219644439487,322758
474.nii.img.nii.gz,1,Myocardium,1,1,1.0,1517635
474.nii.img.nii.gz,2,LA,1,1,1.0,883915
474.nii.img.nii.gz,3,LV,1,1,1.0,1838434
474.nii.img.nii.gz,4,RA,1,1,1.0,1191172
474.nii.img.nii.gz,5,RV,1,1,1.0,2245061
474.nii.img.nii.gz,6,Aorta,2,2,0.5505994775645292,1254509
474.nii.img.nii.gz,7,PA,1,1,1.0,581650
474.nii.img.nii.gz,8,LAA,1,1,1.0,73117
474.nii.img.nii.gz,9,Coronary,3,2,0.5413863600622062,57229
474.nii.img.nii.gz,10,PV,2,2,0.6002993479645308,309339
477.nii.img.nii.gz,1,Myocardium,1,1,1.0,1891910
477.nii.img.nii.gz,2,LA,1,1,1.0,1111257
477.nii.img.nii.gz,3,LV,1,1,1.0,1695657
477.nii.img.nii.gz,4,RA,1,1,1.0,1104334
477.nii.img.nii.gz,5,RV,1,1,1.0,2452504
477.nii.img.nii.gz,6,Aorta,2,2,0.5587694159779822,1584906
477.nii.img.nii.gz,7,PA,2,2,0.9107357521811839,374338
477.nii.img.nii.gz,8,LAA,1,1,1.0,57843
477.nii.img.nii.gz,9,Coronary,2,2,0.5206236986102368,103255
477.nii.img.nii.gz,10,PV,3,3,0.4961761263897016,341800
480.nii.img.nii.gz,1,Myocardium,1,1,1.0,1113952
480.nii.img.nii.gz,2,LA,1,1,1.0,750434
480.nii.img.nii.gz,3,LV,1,1,1.0,1203808
480.nii.img.nii.gz,4,RA,1,1,1.0,868439
480.nii.img.nii.gz,5,RV,1,1,1.0,1529055
480.nii.img.nii.gz,6,Aorta,2,2,0.5984013753134776,1128470
480.nii.img.nii.gz,7,PA,1,1,1.0,469336
480.nii.img.nii.gz,8,LAA,1,1,1.0,114678
480.nii.img.nii.gz,9,Coronary,2,2,0.5712706126460632,73256
480.nii.img.nii.gz,10,PV,2,2,0.5450384574706691,274199
482.nii.img.nii.gz,1,Myocardium,1,1,1.0,1577322
482.nii.img.nii.gz,2,LA,1,1,1.0,850475
482.nii.img.nii.gz,3,LV,1,1,1.0,1676706
482.nii.img.nii.gz,4,RA,1,1,1.0,1511811
482.nii.img.nii.gz,5,RV,1,1,1.0,2571255
482.nii.img.nii.gz,6,Aorta,2,2,0.558963900349434,1171895
482.nii.img.nii.gz,7,PA,1,1,1.0,575276
482.nii.img.nii.gz,8,LAA,1,1,1.0,117365
482.nii.img.nii.gz,9,Coronary,2,2,0.5710357846355877,48736
482.nii.img.nii.gz,10,PV,2,2,0.5068048643366247,265031
481.nii.img.nii.gz,1,Myocardium,1,1,1.0,1301627
481.nii.img.nii.gz,2,LA,1,1,1.0,981418
481.nii.img.nii.gz,3,LV,1,1,1.0,1374597
481.nii.img.nii.gz,4,RA,1,1,1.0,1139969
481.nii.img.nii.gz,5,RV,1,1,1.0,1675065
481.nii.img.nii.gz,6,Aorta,2,2,0.5843166433316609,1522748
481.nii.img.nii.gz,7,PA,2,2,0.9273052956050877,631958
481.nii.img.nii.gz,8,LAA,1,1,1.0,146210
481.nii.img.nii.gz,9,Coronary,2,2,0.5371198049686556,68912
481.nii.img.nii.gz,10,PV,2,2,0.537216393612073,290235
48.nii.img.nii.gz,1,Myocardium,1,1,1.0,1646329
48.nii.img.nii.gz,2,LA,1,1,1.0,1922404
48.nii.img.nii.gz,3,LV,1,1,1.0,1412176
48.nii.img.nii.gz,4,RA,1,1,1.0,1559073
48.nii.img.nii.gz,5,RV,1,1,1.0,2003873
48.nii.img.nii.gz,6,Aorta,2,2,0.5583014980831414,1186316
48.nii.img.nii.gz,7,PA,2,1,0.9661300583141897,565900
48.nii.img.nii.gz,8,LAA,1,1,1.0,211856
48.nii.img.nii.gz,9,Coronary,2,2,0.6460803669594618,169174
48.nii.img.nii.gz,10,PV,2,2,0.5311252090462026,402423
479.nii.img.nii.gz,1,Myocardium,1,1,1.0,1598820
479.nii.img.nii.gz,2,LA,1,1,1.0,1062817
479.nii.img.nii.gz,3,LV,1,1,1.0,1474082
479.nii.img.nii.gz,4,RA,1,1,1.0,1236426
479.nii.img.nii.gz,5,RV,1,1,1.0,1820457
479.nii.img.nii.gz,6,Aorta,2,2,0.5503031616932298,1429930
479.nii.img.nii.gz,7,PA,1,1,1.0,697980
479.nii.img.nii.gz,8,LAA,1,1,1.0,123180
479.nii.img.nii.gz,9,Coronary,3,3,0.5594322434239954,91659
479.nii.img.nii.gz,10,PV,2,2,0.5771147416892701,285354
478.nii.img.nii.gz,1,Myocardium,1,1,1.0,1668821
478.nii.img.nii.gz,2,LA,1,1,1.0,781361
478.nii.img.nii.gz,3,LV,1,1,1.0,1730358
478.nii.img.nii.gz,4,RA,1,1,1.0,1274002
478.nii.img.nii.gz,5,RV,1,1,1.0,2346000
478.nii.img.nii.gz,6,Aorta,2,2,0.6358166616527318,1199989
478.nii.img.nii.gz,7,PA,2,1,0.9535387679113397,501149
478.nii.img.nii.gz,8,LAA,1,1,1.0,152950
478.nii.img.nii.gz,9,Coronary,2,2,0.6220267807622217,63105
478.nii.img.nii.gz,10,PV,3,3,0.5327249334993609,241727
483.nii.img.nii.gz,1,Myocardium,1,1,1.0,1623088
483.nii.img.nii.gz,2,LA,1,1,1.0,1403479
483.nii.img.nii.gz,3,LV,1,1,1.0,1952954
483.nii.img.nii.gz,4,RA,1,1,1.0,1790938
483.nii.img.nii.gz,5,RV,1,1,1.0,2238168
483.nii.img.nii.gz,6,Aorta,2,2,0.5663844439807681,1792438
483.nii.img.nii.gz,7,PA,1,1,1.0,785109
483.nii.img.nii.gz,8,LAA,1,1,1.0,224940
483.nii.img.nii.gz,9,Coronary,2,2,0.7025059289848583,60297
483.nii.img.nii.gz,10,PV,3,3,0.5670581365818738,500081
484.nii.img.nii.gz,1,Myocardium,1,1,1.0,2556912
484.nii.img.nii.gz,2,LA,1,1,1.0,2017443
484.nii.img.nii.gz,3,LV,1,1,1.0,2934902
484.nii.img.nii.gz,4,RA,1,1,1.0,1085769
484.nii.img.nii.gz,5,RV,1,1,1.0,1530901
484.nii.img.nii.gz,6,Aorta,2,2,0.583432724911172,1281128
484.nii.img.nii.gz,7,PA,1,1,1.0,818492
484.nii.img.nii.gz,8,LAA,1,1,1.0,271612
484.nii.img.nii.gz,9,Coronary,2,2,0.6629276904415915,83267
484.nii.img.nii.gz,10,PV,2,2,0.5496611832348445,438290
487.nii.img.nii.gz,1,Myocardium,1,1,1.0,1437521
487.nii.img.nii.gz,2,LA,1,1,1.0,1627872
487.nii.img.nii.gz,3,LV,1,1,1.0,1475420
487.nii.img.nii.gz,4,RA,1,1,1.0,1330505
487.nii.img.nii.gz,5,RV,1,1,1.0,1636852
487.nii.img.nii.gz,6,Aorta,2,2,0.57244647070968,1172162
487.nii.img.nii.gz,7,PA,2,1,0.978216460795357,366653
487.nii.img.nii.gz,8,LAA,1,1,1.0,160856
487.nii.img.nii.gz,9,Coronary,2,2,0.6054600740349022,75640
487.nii.img.nii.gz,10,PV,2,2,0.5144125827897172,320692
485.nii.img.nii.gz,1,Myocardium,1,1,1.0,1442644
485.nii.img.nii.gz,2,LA,1,1,1.0,1061694
485.nii.img.nii.gz,3,LV,1,1,1.0,1694268
485.nii.img.nii.gz,4,RA,1,1,1.0,1174784
485.nii.img.nii.gz,5,RV,1,1,1.0,1968827
485.nii.img.nii.gz,6,Aorta,2,2,0.566363389549143,1093939
485.nii.img.nii.gz,7,PA,1,1,1.0,698553
485.nii.img.nii.gz,8,LAA,1,1,1.0,129291
485.nii.img.nii.gz,9,Coronary,1,1,1.0,96635
485.nii.img.nii.gz,10,PV,3,3,0.5103808475584328,292558
486.nii.img.nii.gz,1,Myocardium,1,1,1.0,1569272
486.nii.img.nii.gz,2,LA,1,1,1.0,1001104
486.nii.img.nii.gz,3,LV,1,1,1.0,1798148
486.nii.img.nii.gz,4,RA,1,1,1.0,1305811
486.nii.img.nii.gz,5,RV,1,1,1.0,1990299
486.nii.img.nii.gz,6,Aorta,2,2,0.5471513586503052,1504103
486.nii.img.nii.gz,7,PA,1,1,1.0,791632
486.nii.img.nii.gz,8,LAA,1,1,1.0,182273
486.nii.img.nii.gz,9,Coronary,2,2,0.5445742324894698,69087
486.nii.img.nii.gz,10,PV,2,2,0.5963089156908291,188129
489.nii.img.nii.gz,1,Myocardium,1,1,1.0,1544157
489.nii.img.nii.gz,2,LA,1,1,1.0,1122204
489.nii.img.nii.gz,3,LV,1,1,1.0,1557973
489.nii.img.nii.gz,4,RA,1,1,1.0,1249694
489.nii.img.nii.gz,5,RV,1,1,1.0,1992455
489.nii.img.nii.gz,6,Aorta,2,2,0.5489391174094367,1543479
489.nii.img.nii.gz,7,PA,2,2,0.9173634124469132,827418
489.nii.img.nii.gz,8,LAA,1,1,1.0,128336
489.nii.img.nii.gz,9,Coronary,2,2,0.5244347323557033,55372
489.nii.img.nii.gz,10,PV,2,2,0.5155249295964406,304317
488.nii.img.nii.gz,1,Myocardium,1,1,1.0,2065558
488.nii.img.nii.gz,2,LA,1,1,1.0,1269599
488.nii.img.nii.gz,3,LV,1,1,1.0,1892541
488.nii.img.nii.gz,4,RA,1,1,1.0,1451148
488.nii.img.nii.gz,5,RV,1,1,1.0,2393057
488.nii.img.nii.gz,6,Aorta,2,2,0.5176467990953378,1630664
488.nii.img.nii.gz,7,PA,2,1,0.9597988516131241,525781
488.nii.img.nii.gz,8,LAA,1,1,1.0,152133
488.nii.img.nii.gz,9,Coronary,2,2,0.5172949201220607,111420
488.nii.img.nii.gz,10,PV,3,3,0.5338829800213098,368843
49.nii.img.nii.gz,1,Myocardium,1,1,1.0,1615944
49.nii.img.nii.gz,2,LA,1,1,1.0,1345190
49.nii.img.nii.gz,3,LV,1,1,1.0,1875072
49.nii.img.nii.gz,4,RA,1,1,1.0,1660089
49.nii.img.nii.gz,5,RV,1,1,1.0,2325623
49.nii.img.nii.gz,6,Aorta,2,2,0.5151691886897359,1983791
49.nii.img.nii.gz,7,PA,1,1,1.0,1151955
49.nii.img.nii.gz,8,LAA,1,1,1.0,144829
49.nii.img.nii.gz,9,Coronary,2,2,0.7446031808674376,101356
49.nii.img.nii.gz,10,PV,2,2,0.6054398582713331,548654
492.nii.img.nii.gz,1,Myocardium,1,1,1.0,1482596
492.nii.img.nii.gz,2,LA,1,1,1.0,861885
492.nii.img.nii.gz,3,LV,1,1,1.0,1677152
492.nii.img.nii.gz,4,RA,1,1,1.0,857890
492.nii.img.nii.gz,5,RV,1,1,1.0,1874156
492.nii.img.nii.gz,6,Aorta,2,2,0.535172030545282,960934
492.nii.img.nii.gz,7,PA,2,2,0.7530398952722278,232985
492.nii.img.nii.gz,8,LAA,1,1,1.0,54965
492.nii.img.nii.gz,9,Coronary,2,2,0.5391913403374722,47115
492.nii.img.nii.gz,10,PV,3,3,0.46680267813049003,247038
491.nii.img.nii.gz,1,Myocardium,1,1,1.0,1514711
491.nii.img.nii.gz,2,LA,1,1,1.0,1098420
491.nii.img.nii.gz,3,LV,1,1,1.0,1768961
491.nii.img.nii.gz,4,RA,1,1,1.0,1462629
491.nii.img.nii.gz,5,RV,1,1,1.0,1832814
491.nii.img.nii.gz,6,Aorta,2,2,0.5152929103796465,1533848
491.nii.img.nii.gz,7,PA,2,1,0.961326951438382,712641
491.nii.img.nii.gz,8,LAA,1,1,1.0,194646
491.nii.img.nii.gz,9,Coronary,2,2,0.6904891565493161,93651
491.nii.img.nii.gz,10,PV,2,2,0.5266791769313092,337323
493.nii.img.nii.gz,1,Myocardium,1,1,1.0,2010131
493.nii.img.nii.gz,2,LA,1,1,1.0,1157854
493.nii.img.nii.gz,3,LV,1,1,1.0,2234932
493.nii.img.nii.gz,4,RA,1,1,1.0,1499635
493.nii.img.nii.gz,5,RV,1,1,1.0,2624373
493.nii.img.nii.gz,6,Aorta,2,2,0.5309700919885116,1596395
493.nii.img.nii.gz,7,PA,2,2,0.9166531868101612,581114
493.nii.img.nii.gz,8,LAA,1,1,1.0,161237
493.nii.img.nii.gz,9,Coronary,3,3,0.3829655714981456,106772
493.nii.img.nii.gz,10,PV,3,3,0.5440797287616701,428553
490.nii.img.nii.gz,1,Myocardium,1,1,1.0,1451311
490.nii.img.nii.gz,2,LA,1,1,1.0,1369023
490.nii.img.nii.gz,3,LV,1,1,1.0,1640399
490.nii.img.nii.gz,4,RA,1,1,1.0,1658103
490.nii.img.nii.gz,5,RV,1,1,1.0,2055097
490.nii.img.nii.gz,6,Aorta,2,2,0.515997056612122,1871313
490.nii.img.nii.gz,7,PA,2,2,0.933198688399943,841720
490.nii.img.nii.gz,8,LAA,1,1,1.0,168064
490.nii.img.nii.gz,9,Coronary,2,2,0.5535908625612844,92805
490.nii.img.nii.gz,10,PV,2,2,0.5388339774689581,304025
494.nii.img.nii.gz,1,Myocardium,1,1,1.0,1770453
494.nii.img.nii.gz,2,LA,1,1,1.0,1097774
494.nii.img.nii.gz,3,LV,1,1,1.0,2216342
494.nii.img.nii.gz,4,RA,1,1,1.0,1149920
494.nii.img.nii.gz,5,RV,1,1,1.0,2453605
494.nii.img.nii.gz,6,Aorta,2,2,0.5218662482031076,1396856
494.nii.img.nii.gz,7,PA,1,1,1.0,812212
494.nii.img.nii.gz,8,LAA,1,1,1.0,137403
494.nii.img.nii.gz,9,Coronary,2,2,0.6723937813669876,61171
494.nii.img.nii.gz,10,PV,2,2,0.5046447497519794,365897
5.nii.img.nii.gz,1,Myocardium,1,1,1.0,2136954
5.nii.img.nii.gz,2,LA,1,1,1.0,1386872
5.nii.img.nii.gz,3,LV,1,1,1.0,2099450
5.nii.img.nii.gz,4,RA,1,1,1.0,1748259
5.nii.img.nii.gz,5,RV,1,1,1.0,2927109
5.nii.img.nii.gz,6,Aorta,2,2,0.5987486697451643,1291106
5.nii.img.nii.gz,7,PA,2,2,0.5063706090981619,253194
5.nii.img.nii.gz,8,LAA,1,1,1.0,98495
5.nii.img.nii.gz,9,Coronary,2,2,0.5121054633033337,71001
5.nii.img.nii.gz,10,PV,2,2,0.5912002810454478,387126
495.nii.img.nii.gz,1,Myocardium,1,1,1.0,1818130
495.nii.img.nii.gz,2,LA,1,1,1.0,875176
495.nii.img.nii.gz,3,LV,1,1,1.0,1486660
495.nii.img.nii.gz,4,RA,1,1,1.0,1416167
495.nii.img.nii.gz,5,RV,1,1,1.0,2286069
495.nii.img.nii.gz,6,Aorta,2,2,0.649044428298051,1240043
495.nii.img.nii.gz,7,PA,2,2,0.9434601809310929,435746
495.nii.img.nii.gz,8,LAA,1,1,1.0,154831
495.nii.img.nii.gz,9,Coronary,2,2,0.5780585009521233,96101
495.nii.img.nii.gz,10,PV,3,3,0.5189879799636403,337187
498.nii.img.nii.gz,1,Myocardium,1,1,1.0,1476289
498.nii.img.nii.gz,2,LA,1,1,1.0,966055
498.nii.img.nii.gz,3,LV,1,1,1.0,1736159
498.nii.img.nii.gz,4,RA,1,1,1.0,1063757
498.nii.img.nii.gz,5,RV,1,1,1.0,2081887
498.nii.img.nii.gz,6,Aorta,2,2,0.5845164692519876,838168
498.nii.img.nii.gz,7,PA,2,2,0.9324440811473582,134570
498.nii.img.nii.gz,8,LAA,1,1,1.0,89197
498.nii.img.nii.gz,9,Coronary,2,2,0.7464225930125816,55557
498.nii.img.nii.gz,10,PV,3,3,0.3996069252913401,245246
496.nii.img.nii.gz,1,Myocardium,1,1,1.0,1724532
496.nii.img.nii.gz,2,LA,1,1,1.0,1036610
496.nii.img.nii.gz,3,LV,1,1,1.0,1436227
496.nii.img.nii.gz,4,RA,1,1,1.0,1026759
496.nii.img.nii.gz,5,RV,1,1,1.0,1518220
496.nii.img.nii.gz,6,Aorta,2,2,0.5817907757215457,1303625
496.nii.img.nii.gz,7,PA,2,2,0.9067035286189182,507479
496.nii.img.nii.gz,8,LAA,1,1,1.0,113204
496.nii.img.nii.gz,9,Coronary,2,2,0.6276517454324385,93759
496.nii.img.nii.gz,10,PV,2,2,0.5661698593870976,320312
499.nii.img.nii.gz,1,Myocardium,1,1,1.0,2041513
499.nii.img.nii.gz,2,LA,1,1,1.0,993756
499.nii.img.nii.gz,3,LV,1,1,1.0,2547606
499.nii.img.nii.gz,4,RA,1,1,1.0,1210991
499.nii.img.nii.gz,5,RV,1,1,1.0,3095187
499.nii.img.nii.gz,6,Aorta,2,2,0.5853214269458751,1142468
499.nii.img.nii.gz,7,PA,2,2,0.8859871880990219,488296
499.nii.img.nii.gz,8,LAA,1,1,1.0,166130
499.nii.img.nii.gz,9,Coronary,2,2,0.5292508795808829,77878
499.nii.img.nii.gz,10,PV,2,2,0.5539315915045744,392729
497.nii.img.nii.gz,1,Myocardium,1,1,1.0,1765261
497.nii.img.nii.gz,2,LA,1,1,1.0,921489
497.nii.img.nii.gz,3,LV,1,1,1.0,1553110
497.nii.img.nii.gz,4,RA,1,1,1.0,893156
497.nii.img.nii.gz,5,RV,1,1,1.0,1534758
497.nii.img.nii.gz,6,Aorta,2,2,0.5569493093528199,1096001
497.nii.img.nii.gz,7,PA,1,1,1.0,466624
497.nii.img.nii.gz,8,LAA,1,1,1.0,102495
497.nii.img.nii.gz,9,Coronary,2,2,0.5305315565968663,61461
497.nii.img.nii.gz,10,PV,2,2,0.5933182976978456,258497
500.nii.img.nii.gz,1,Myocardium,1,1,1.0,1578536
500.nii.img.nii.gz,2,LA,1,1,1.0,1018723
500.nii.img.nii.gz,3,LV,1,1,1.0,1696292
500.nii.img.nii.gz,4,RA,1,1,1.0,1117430
500.nii.img.nii.gz,5,RV,1,1,1.0,2109334
500.nii.img.nii.gz,6,Aorta,2,2,0.5231810884177291,1788872
500.nii.img.nii.gz,7,PA,2,1,0.9788879898662352,480769
500.nii.img.nii.gz,8,LAA,1,1,1.0,158435
500.nii.img.nii.gz,9,Coronary,2,2,0.5008377828913563,134283
500.nii.img.nii.gz,10,PV,2,2,0.5220323910180767,292365
50.nii.img.nii.gz,1,Myocardium,1,1,1.0,1183740
50.nii.img.nii.gz,2,LA,1,1,1.0,1001937
50.nii.img.nii.gz,3,LV,1,1,1.0,1401571
50.nii.img.nii.gz,4,RA,1,1,1.0,1168154
50.nii.img.nii.gz,5,RV,1,1,1.0,1680058
50.nii.img.nii.gz,6,Aorta,2,2,0.5618964135932649,1127117
50.nii.img.nii.gz,7,PA,1,1,1.0,580854
50.nii.img.nii.gz,8,LAA,1,1,1.0,118349
50.nii.img.nii.gz,9,Coronary,2,2,0.591437899480388,65241
50.nii.img.nii.gz,10,PV,2,2,0.574014765579181,347836
502.nii.img.nii.gz,1,Myocardium,1,1,1.0,1540551
502.nii.img.nii.gz,2,LA,1,1,1.0,877925
502.nii.img.nii.gz,3,LV,1,1,1.0,1565591
502.nii.img.nii.gz,4,RA,1,1,1.0,1119249
502.nii.img.nii.gz,5,RV,1,1,1.0,1822009
502.nii.img.nii.gz,6,Aorta,2,2,0.602174680093313,787886
502.nii.img.nii.gz,7,PA,2,2,0.6621211578511086,195431
502.nii.img.nii.gz,8,LAA,1,1,1.0,161807
502.nii.img.nii.gz,9,Coronary,2,2,0.5607491434658682,69466
502.nii.img.nii.gz,10,PV,4,4,0.3793502594891625,235848
501.nii.img.nii.gz,1,Myocardium,1,1,1.0,1998117
501.nii.img.nii.gz,2,LA,1,1,1.0,1031901
501.nii.img.nii.gz,3,LV,1,1,1.0,1931413
501.nii.img.nii.gz,4,RA,1,1,1.0,1334206
501.nii.img.nii.gz,5,RV,1,1,1.0,2844322
501.nii.img.nii.gz,6,Aorta,2,2,0.544921113458495,1569596
501.nii.img.nii.gz,7,PA,2,2,0.9413161822456013,370511
501.nii.img.nii.gz,8,LAA,1,1,1.0,174052
501.nii.img.nii.gz,9,Coronary,3,3,0.5128785695662317,72873
501.nii.img.nii.gz,10,PV,2,2,0.5821432768756885,365879
503.nii.img.nii.gz,1,Myocardium,1,1,1.0,1479598
503.nii.img.nii.gz,2,LA,1,1,1.0,850870
503.nii.img.nii.gz,3,LV,1,1,1.0,1239181
503.nii.img.nii.gz,4,RA,1,1,1.0,1049882
503.nii.img.nii.gz,5,RV,1,1,1.0,1783772
503.nii.img.nii.gz,6,Aorta,2,2,0.5095990044652661,1707625
503.nii.img.nii.gz,7,PA,1,1,1.0,791931
503.nii.img.nii.gz,8,LAA,1,1,1.0,63926
503.nii.img.nii.gz,9,Coronary,3,2,0.6993511015796863,90461
503.nii.img.nii.gz,10,PV,2,2,0.500617421110338,274529
505.nii.img.nii.gz,1,Myocardium,1,1,1.0,1926719
505.nii.img.nii.gz,2,LA,1,1,1.0,1400924
505.nii.img.nii.gz,3,LV,1,1,1.0,1892621
505.nii.img.nii.gz,4,RA,1,1,1.0,1429090
505.nii.img.nii.gz,5,RV,1,1,1.0,2387999
505.nii.img.nii.gz,6,Aorta,2,2,0.5519274060004243,1404634
505.nii.img.nii.gz,7,PA,1,1,1.0,688444
505.nii.img.nii.gz,8,LAA,1,1,1.0,219782
505.nii.img.nii.gz,9,Coronary,2,2,0.6486207160537933,78374
505.nii.img.nii.gz,10,PV,2,2,0.5552805260603192,414097
504.nii.img.nii.gz,1,Myocardium,1,1,1.0,1300700
504.nii.img.nii.gz,2,LA,1,1,1.0,819894
504.nii.img.nii.gz,3,LV,1,1,1.0,1636898
504.nii.img.nii.gz,4,RA,1,1,1.0,1012230
504.nii.img.nii.gz,5,RV,1,1,1.0,1938680
504.nii.img.nii.gz,6,Aorta,1,1,1.0,1495359
504.nii.img.nii.gz,7,PA,1,1,1.0,639110
504.nii.img.nii.gz,8,LAA,1,1,1.0,147128
504.nii.img.nii.gz,9,Coronary,2,2,0.5723406557731847,46205
504.nii.img.nii.gz,10,PV,2,2,0.5011664643100062,314626
507.nii.img.nii.gz,1,Myocardium,1,1,1.0,2079513
507.nii.img.nii.gz,2,LA,1,1,1.0,1126320
507.nii.img.nii.gz,3,LV,1,1,1.0,2028486
507.nii.img.nii.gz,4,RA,1,1,1.0,1066409
507.nii.img.nii.gz,5,RV,1,1,1.0,2124339
507.nii.img.nii.gz,6,Aorta,2,2,0.6772044046961488,1616729
507.nii.img.nii.gz,7,PA,2,1,0.9955580576285383,436971
507.nii.img.nii.gz,8,LAA,1,1,1.0,150552
507.nii.img.nii.gz,9,Coronary,2,2,0.5479436436191872,61395
507.nii.img.nii.gz,10,PV,3,3,0.4481485598333148,422833
506.nii.img.nii.gz,1,Myocardium,1,1,1.0,1679653
506.nii.img.nii.gz,2,LA,1,1,1.0,1078922
506.nii.img.nii.gz,3,LV,1,1,1.0,1591040
506.nii.img.nii.gz,4,RA,1,1,1.0,1072933
506.nii.img.nii.gz,5,RV,1,1,1.0,2101976
506.nii.img.nii.gz,6,Aorta,2,2,0.5603192614313108,1915922
506.nii.img.nii.gz,7,PA,2,2,0.943744281595122,635011
506.nii.img.nii.gz,8,LAA,1,1,1.0,98233
506.nii.img.nii.gz,9,Coronary,3,2,0.5701154992156161,94979
506.nii.img.nii.gz,10,PV,2,2,0.5078223262965448,368113
508.nii.img.nii.gz,1,Myocardium,1,1,1.0,1076784
508.nii.img.nii.gz,2,LA,1,1,1.0,1148338
508.nii.img.nii.gz,3,LV,1,1,1.0,1130384
508.nii.img.nii.gz,4,RA,1,1,1.0,1025777
508.nii.img.nii.gz,5,RV,1,1,1.0,1400551
508.nii.img.nii.gz,6,Aorta,2,2,0.5048696597200805,1702275
508.nii.img.nii.gz,7,PA,1,1,1.0,645106
508.nii.img.nii.gz,8,LAA,1,1,1.0,84889
508.nii.img.nii.gz,9,Coronary,3,3,0.4753433258738106,62113
508.nii.img.nii.gz,10,PV,3,3,0.5482937019796983,285296
51.nii.img.nii.gz,1,Myocardium,1,1,1.0,1471959
51.nii.img.nii.gz,2,LA,1,1,1.0,1077125
51.nii.img.nii.gz,3,LV,1,1,1.0,1214196
51.nii.img.nii.gz,4,RA,1,1,1.0,1130484
51.nii.img.nii.gz,5,RV,1,1,1.0,1637428
51.nii.img.nii.gz,6,Aorta,2,2,0.554317637430449,1601883
51.nii.img.nii.gz,7,PA,1,1,1.0,832777
51.nii.img.nii.gz,8,LAA,1,1,1.0,144503
51.nii.img.nii.gz,9,Coronary,2,2,0.5928977155510322,72709
51.nii.img.nii.gz,10,PV,2,2,0.5530594909443922,329630
510.nii.img.nii.gz,1,Myocardium,1,1,1.0,2103969
510.nii.img.nii.gz,2,LA,1,1,1.0,1214354
510.nii.img.nii.gz,3,LV,1,1,1.0,1810142
510.nii.img.nii.gz,4,RA,1,1,1.0,1446194
510.nii.img.nii.gz,5,RV,1,1,1.0,2964484
510.nii.img.nii.gz,6,Aorta,2,2,0.541093523681495,2112620
510.nii.img.nii.gz,7,PA,2,2,0.9279844821340701,770209
510.nii.img.nii.gz,8,LAA,1,1,1.0,165687
510.nii.img.nii.gz,9,Coronary,2,2,0.6168591883072571,80597
510.nii.img.nii.gz,10,PV,2,2,0.5528578985685628,381854
509.nii.img.nii.gz,1,Myocardium,1,1,1.0,1732350
509.nii.img.nii.gz,2,LA,1,1,1.0,1644066
509.nii.img.nii.gz,3,LV,1,1,1.0,1620479
509.nii.img.nii.gz,4,RA,1,1,1.0,1369706
509.nii.img.nii.gz,5,RV,1,1,1.0,2271175
509.nii.img.nii.gz,6,Aorta,2,2,0.5321388813095648,2246609
509.nii.img.nii.gz,7,PA,1,1,1.0,646565
509.nii.img.nii.gz,8,LAA,1,1,1.0,147009
509.nii.img.nii.gz,9,Coronary,2,2,0.5410760741940187,130307
509.nii.img.nii.gz,10,PV,2,2,0.6066906741340423,367108
511.nii.img.nii.gz,1,Myocardium,1,1,1.0,2034990
511.nii.img.nii.gz,2,LA,1,1,1.0,1026576
511.nii.img.nii.gz,3,LV,1,1,1.0,1909612
511.nii.img.nii.gz,4,RA,1,1,1.0,1318696
511.nii.img.nii.gz,5,RV,1,1,1.0,2699377
511.nii.img.nii.gz,6,Aorta,2,2,0.5282159940131042,1528672
511.nii.img.nii.gz,7,PA,1,1,1.0,603163
511.nii.img.nii.gz,8,LAA,1,1,1.0,93880
511.nii.img.nii.gz,9,Coronary,2,2,0.5156968440451509,108525
511.nii.img.nii.gz,10,PV,2,2,0.5545599825559544,348543
513.nii.img.nii.gz,1,Myocardium,1,1,1.0,1864682
513.nii.img.nii.gz,2,LA,1,1,1.0,813456
513.nii.img.nii.gz,3,LV,1,1,1.0,2330056
513.nii.img.nii.gz,4,RA,1,1,1.0,1469630
513.nii.img.nii.gz,5,RV,1,1,1.0,2210198
513.nii.img.nii.gz,6,Aorta,2,2,0.5981437293748978,2188474
513.nii.img.nii.gz,7,PA,2,1,0.9804649109522168,620678
513.nii.img.nii.gz,8,LAA,1,1,1.0,229586
513.nii.img.nii.gz,9,Coronary,2,2,0.5175175050901326,80548
513.nii.img.nii.gz,10,PV,2,2,0.5267549952611558,308092
514.nii.img.nii.gz,1,Myocardium,1,1,1.0,1300085
514.nii.img.nii.gz,2,LA,1,1,1.0,630831
514.nii.img.nii.gz,3,LV,1,1,1.0,1288515
514.nii.img.nii.gz,4,RA,1,1,1.0,652020
514.nii.img.nii.gz,5,RV,1,1,1.0,1612844
514.nii.img.nii.gz,6,Aorta,2,2,0.5439509370810691,792941
514.nii.img.nii.gz,7,PA,1,1,1.0,467658
514.nii.img.nii.gz,8,LAA,1,1,1.0,93598
514.nii.img.nii.gz,9,Coronary,2,2,0.8248656240715231,37023
514.nii.img.nii.gz,10,PV,2,2,0.6010859124096619,242561
512.nii.img.nii.gz,1,Myocardium,1,1,1.0,1555966
512.nii.img.nii.gz,2,LA,1,1,1.0,968152
512.nii.img.nii.gz,3,LV,1,1,1.0,1802341
512.nii.img.nii.gz,4,RA,1,1,1.0,1214288
512.nii.img.nii.gz,5,RV,1,1,1.0,2173598
512.nii.img.nii.gz,6,Aorta,2,2,0.6205627736284937,1341463
512.nii.img.nii.gz,7,PA,1,1,1.0,454724
512.nii.img.nii.gz,8,LAA,1,1,1.0,102331
512.nii.img.nii.gz,9,Coronary,2,2,0.5506962789029123,61326
512.nii.img.nii.gz,10,PV,2,2,0.5268068614081677,264727
519.nii.img.nii.gz,1,Myocardium,1,1,1.0,1848492
519.nii.img.nii.gz,2,LA,1,1,1.0,1319104
519.nii.img.nii.gz,3,LV,1,1,1.0,2164596
519.nii.img.nii.gz,4,RA,1,1,1.0,1233552
519.nii.img.nii.gz,5,RV,1,1,1.0,2465411
519.nii.img.nii.gz,6,Aorta,2,2,0.6048042252897614,1106859
519.nii.img.nii.gz,7,PA,2,2,0.735320989158241,131344
519.nii.img.nii.gz,8,LAA,1,1,1.0,170782
519.nii.img.nii.gz,9,Coronary,2,2,0.6483732478146175,57999
519.nii.img.nii.gz,10,PV,2,2,0.6662722630464566,272986
516.nii.img.nii.gz,1,Myocardium,1,1,1.0,1363084
516.nii.img.nii.gz,2,LA,1,1,1.0,1023901
516.nii.img.nii.gz,3,LV,1,1,1.0,1613926
516.nii.img.nii.gz,4,RA,1,1,1.0,935703
516.nii.img.nii.gz,5,RV,1,1,1.0,1738807
516.nii.img.nii.gz,6,Aorta,2,2,0.5026519538535588,1063744
516.nii.img.nii.gz,7,PA,1,1,1.0,724137
516.nii.img.nii.gz,8,LAA,1,1,1.0,171900
516.nii.img.nii.gz,9,Coronary,2,2,0.6558398769974192,72844
516.nii.img.nii.gz,10,PV,2,2,0.5404691934654837,357976
517.nii.img.nii.gz,1,Myocardium,1,1,1.0,1162162
517.nii.img.nii.gz,2,LA,1,1,1.0,707045
517.nii.img.nii.gz,3,LV,1,1,1.0,1301110
517.nii.img.nii.gz,4,RA,1,1,1.0,1022172
517.nii.img.nii.gz,5,RV,1,1,1.0,1768633
517.nii.img.nii.gz,6,Aorta,2,2,0.521494743966666,1512928
517.nii.img.nii.gz,7,PA,1,1,1.0,621859
517.nii.img.nii.gz,8,LAA,1,1,1.0,102091
517.nii.img.nii.gz,9,Coronary,1,1,1.0,85991
517.nii.img.nii.gz,10,PV,2,2,0.5095994744014016,246576
518.nii.img.nii.gz,1,Myocardium,1,1,1.0,1722458
518.nii.img.nii.gz,2,LA,1,1,1.0,1497217
518.nii.img.nii.gz,3,LV,1,1,1.0,1781772
518.nii.img.nii.gz,4,RA,1,1,1.0,1574896
518.nii.img.nii.gz,5,RV,1,1,1.0,2339685
518.nii.img.nii.gz,6,Aorta,2,2,0.5375557539236441,1347663
518.nii.img.nii.gz,7,PA,1,1,1.0,869918
518.nii.img.nii.gz,8,LAA,1,1,1.0,203250
518.nii.img.nii.gz,9,Coronary,2,2,0.519109867669995,62193
518.nii.img.nii.gz,10,PV,2,2,0.5106272469995667,394693
515.nii.img.nii.gz,1,Myocardium,1,1,1.0,1746242
515.nii.img.nii.gz,2,LA,1,1,1.0,1067282
515.nii.img.nii.gz,3,LV,1,1,1.0,1766423
515.nii.img.nii.gz,4,RA,1,1,1.0,1275901
515.nii.img.nii.gz,5,RV,1,1,1.0,2361134
515.nii.img.nii.gz,6,Aorta,2,2,0.6076216711973143,1512293
515.nii.img.nii.gz,7,PA,1,1,1.0,655574
515.nii.img.nii.gz,8,LAA,1,1,1.0,69104
515.nii.img.nii.gz,9,Coronary,2,2,0.6049805031180934,71037
515.nii.img.nii.gz,10,PV,4,4,0.3216692017103486,341217
52.nii.img.nii.gz,1,Myocardium,1,1,1.0,1730870
52.nii.img.nii.gz,2,LA,1,1,1.0,1231523
52.nii.img.nii.gz,3,LV,1,1,1.0,1941887
52.nii.img.nii.gz,4,RA,1,1,1.0,1519447
52.nii.img.nii.gz,5,RV,1,1,1.0,2217669
52.nii.img.nii.gz,6,Aorta,2,2,0.5137791363434184,1479338
52.nii.img.nii.gz,7,PA,1,1,1.0,1020917
52.nii.img.nii.gz,8,LAA,1,1,1.0,162109
52.nii.img.nii.gz,9,Coronary,2,2,0.6712862470084043,71868
52.nii.img.nii.gz,10,PV,2,2,0.5770625129230132,435270
522.nii.img.nii.gz,1,Myocardium,1,1,1.0,1606765
522.nii.img.nii.gz,2,LA,1,1,1.0,1186952
522.nii.img.nii.gz,3,LV,1,1,1.0,1718543
522.nii.img.nii.gz,4,RA,1,1,1.0,1178884
522.nii.img.nii.gz,5,RV,1,1,1.0,1886803
522.nii.img.nii.gz,6,Aorta,2,2,0.5409937152170936,1409277
522.nii.img.nii.gz,7,PA,2,1,0.9568830936821826,492591
522.nii.img.nii.gz,8,LAA,1,1,1.0,138182
522.nii.img.nii.gz,9,Coronary,2,2,0.563672853522406,68263
522.nii.img.nii.gz,10,PV,2,2,0.5201122927808857,292806
523.nii.img.nii.gz,1,Myocardium,1,1,1.0,1729791
523.nii.img.nii.gz,2,LA,1,1,1.0,1384379
523.nii.img.nii.gz,3,LV,1,1,1.0,1678271
523.nii.img.nii.gz,4,RA,1,1,1.0,1295606
523.nii.img.nii.gz,5,RV,1,1,1.0,2025516
523.nii.img.nii.gz,6,Aorta,2,2,0.506767109354934,2137471
523.nii.img.nii.gz,7,PA,1,1,1.0,1092922
523.nii.img.nii.gz,8,LAA,1,1,1.0,269934
523.nii.img.nii.gz,9,Coronary,2,2,0.6368903048832757,139988
523.nii.img.nii.gz,10,PV,3,3,0.49989422999435895,397088
520.nii.img.nii.gz,1,Myocardium,1,1,1.0,2043567
520.nii.img.nii.gz,2,LA,1,1,1.0,1158081
520.nii.img.nii.gz,3,LV,1,1,1.0,1869203
520.nii.img.nii.gz,4,RA,1,1,1.0,1599484
520.nii.img.nii.gz,5,RV,1,1,1.0,2661591
520.nii.img.nii.gz,6,Aorta,2,2,0.5167631602436483,1803747
520.nii.img.nii.gz,7,PA,1,1,1.0,792895
520.nii.img.nii.gz,8,LAA,1,1,1.0,158170
520.nii.img.nii.gz,9,Coronary,2,2,0.66036081697511,73001
520.nii.img.nii.gz,10,PV,3,3,0.6084876302215946,441843
524.nii.img.nii.gz,1,Myocardium,1,1,1.0,1567680
524.nii.img.nii.gz,2,LA,1,1,1.0,1211566
524.nii.img.nii.gz,3,LV,1,1,1.0,1509123
524.nii.img.nii.gz,4,RA,1,1,1.0,1096696
524.nii.img.nii.gz,5,RV,1,1,1.0,1695847
524.nii.img.nii.gz,6,Aorta,2,2,0.5712201857269107,1641873
524.nii.img.nii.gz,7,PA,1,1,1.0,892269
524.nii.img.nii.gz,8,LAA,1,1,1.0,265492
524.nii.img.nii.gz,9,Coronary,2,2,0.5071100094582695,61322
524.nii.img.nii.gz,10,PV,2,2,0.5972901889361504,343714
521.nii.img.nii.gz,1,Myocardium,1,1,1.0,2157782
521.nii.img.nii.gz,2,LA,1,1,1.0,930089
521.nii.img.nii.gz,3,LV,1,1,1.0,2049448
521.nii.img.nii.gz,4,RA,1,1,1.0,1602361
521.nii.img.nii.gz,5,RV,1,1,1.0,2348453
521.nii.img.nii.gz,6,Aorta,2,2,0.6112887302525806,1469749
521.nii.img.nii.gz,7,PA,2,2,0.8965848669128884,502528
521.nii.img.nii.gz,8,LAA,1,1,1.0,122990
521.nii.img.nii.gz,9,Coronary,2,2,0.5349379045691273,94854
521.nii.img.nii.gz,10,PV,2,2,0.5338807414892294,329553
527.nii.img.nii.gz,1,Myocardium,1,1,1.0,1665357
527.nii.img.nii.gz,2,LA,1,1,1.0,937435
527.nii.img.nii.gz,3,LV,1,1,1.0,1252641
527.nii.img.nii.gz,4,RA,1,1,1.0,947060
527.nii.img.nii.gz,5,RV,1,1,1.0,1749329
527.nii.img.nii.gz,6,Aorta,2,2,0.5432164227931141,1846312
527.nii.img.nii.gz,7,PA,2,1,0.9686480810202248,495185
527.nii.img.nii.gz,8,LAA,1,1,1.0,27853
527.nii.img.nii.gz,9,Coronary,3,2,0.4924206224138106,98359
527.nii.img.nii.gz,10,PV,2,2,0.5397919015609334,256321
525.nii.img.nii.gz,1,Myocardium,1,1,1.0,1632745
525.nii.img.nii.gz,2,LA,1,1,1.0,1198632
525.nii.img.nii.gz,3,LV,1,1,1.0,1710293
525.nii.img.nii.gz,4,RA,1,1,1.0,1377485
525.nii.img.nii.gz,5,RV,1,1,1.0,2201433
525.nii.img.nii.gz,6,Aorta,2,2,0.553215335027627,1416913
525.nii.img.nii.gz,7,PA,1,1,1.0,703874
525.nii.img.nii.gz,8,LAA,1,1,1.0,100314
525.nii.img.nii.gz,9,Coronary,3,2,0.6447655289967099,50454
525.nii.img.nii.gz,10,PV,4,4,0.3453605847572047,429580
528.nii.img.nii.gz,1,Myocardium,1,1,1.0,2142537
528.nii.img.nii.gz,2,LA,1,1,1.0,989055
528.nii.img.nii.gz,3,LV,1,1,1.0,2384586
528.nii.img.nii.gz,4,RA,1,1,1.0,1204197
528.nii.img.nii.gz,5,RV,1,1,1.0,3198967
528.nii.img.nii.gz,6,Aorta,2,2,0.5060908138929654,808841
528.nii.img.nii.gz,7,PA,1,1,1.0,445615
528.nii.img.nii.gz,8,LAA,1,1,1.0,127335
528.nii.img.nii.gz,9,Coronary,2,2,0.6076743481437915,56109
528.nii.img.nii.gz,10,PV,2,2,0.574817786462161,346983
526.nii.img.nii.gz,1,Myocardium,1,1,1.0,1777107
526.nii.img.nii.gz,2,LA,1,1,1.0,1007507
526.nii.img.nii.gz,3,LV,1,1,1.0,1909905
526.nii.img.nii.gz,4,RA,1,1,1.0,1143791
526.nii.img.nii.gz,5,RV,1,1,1.0,2477940
526.nii.img.nii.gz,6,Aorta,2,2,0.5646749587728113,1614226
526.nii.img.nii.gz,7,PA,1,1,1.0,888956
526.nii.img.nii.gz,8,LAA,1,1,1.0,108674
526.nii.img.nii.gz,9,Coronary,2,2,0.521062512350965,60724
526.nii.img.nii.gz,10,PV,3,3,0.43047203954316937,284044
529.nii.img.nii.gz,1,Myocardium,1,1,1.0,1508975
529.nii.img.nii.gz,2,LA,1,1,1.0,1013208
529.nii.img.nii.gz,3,LV,1,1,1.0,1786388
529.nii.img.nii.gz,4,RA,1,1,1.0,1479256
529.nii.img.nii.gz,5,RV,1,1,1.0,2260931
529.nii.img.nii.gz,6,Aorta,2,2,0.5193348747116914,1429024
529.nii.img.nii.gz,7,PA,1,1,1.0,695158
529.nii.img.nii.gz,8,LAA,1,1,1.0,169337
529.nii.img.nii.gz,9,Coronary,2,2,0.6574748647099129,71513
529.nii.img.nii.gz,10,PV,3,3,0.43391813185460376,365539
530.nii.img.nii.gz,1,Myocardium,1,1,1.0,1491256
530.nii.img.nii.gz,2,LA,1,1,1.0,903940
530.nii.img.nii.gz,3,LV,1,1,1.0,2072271
530.nii.img.nii.gz,4,RA,1,1,1.0,944367
530.nii.img.nii.gz,5,RV,1,1,1.0,2375797
530.nii.img.nii.gz,6,Aorta,2,2,0.6142475502390274,924580
530.nii.img.nii.gz,7,PA,2,2,0.9067687356350131,325009
530.nii.img.nii.gz,8,LAA,1,1,1.0,115453
530.nii.img.nii.gz,9,Coronary,2,2,0.5684149808413332,72813
530.nii.img.nii.gz,10,PV,2,2,0.5480061058829747,321657
53.nii.img.nii.gz,1,Myocardium,1,1,1.0,1296920
53.nii.img.nii.gz,2,LA,1,1,1.0,1113262
53.nii.img.nii.gz,3,LV,1,1,1.0,1568255
53.nii.img.nii.gz,4,RA,1,1,1.0,1324322
53.nii.img.nii.gz,5,RV,1,1,1.0,1862595
53.nii.img.nii.gz,6,Aorta,2,2,0.5456872491192603,1470071
53.nii.img.nii.gz,7,PA,1,1,1.0,749709
53.nii.img.nii.gz,8,LAA,1,1,1.0,82807
53.nii.img.nii.gz,9,Coronary,4,2,0.5868010798453195,82234
53.nii.img.nii.gz,10,PV,2,2,0.5628933598360624,260099
532.nii.img.nii.gz,1,Myocardium,1,1,1.0,1824012
532.nii.img.nii.gz,2,LA,1,1,1.0,716158
532.nii.img.nii.gz,3,LV,1,1,1.0,1720339
532.nii.img.nii.gz,4,RA,1,1,1.0,1103797
532.nii.img.nii.gz,5,RV,1,1,1.0,1976286
532.nii.img.nii.gz,6,Aorta,2,2,0.5050681147925556,1432288
532.nii.img.nii.gz,7,PA,1,1,1.0,579851
532.nii.img.nii.gz,8,LAA,1,1,1.0,88948
532.nii.img.nii.gz,9,Coronary,2,2,0.5948582729070534,75850
532.nii.img.nii.gz,10,PV,2,2,0.5746861371961264,306583
531.nii.img.nii.gz,1,Myocardium,1,1,1.0,1193435
531.nii.img.nii.gz,2,LA,1,1,1.0,772052
531.nii.img.nii.gz,3,LV,1,1,1.0,1225157
531.nii.img.nii.gz,4,RA,1,1,1.0,904994
531.nii.img.nii.gz,5,RV,1,1,1.0,1480767
531.nii.img.nii.gz,6,Aorta,2,2,0.5485839897069227,1053135
531.nii.img.nii.gz,7,PA,1,1,1.0,605347
531.nii.img.nii.gz,8,LAA,1,1,1.0,135619
531.nii.img.nii.gz,9,Coronary,3,3,0.4659119183876586,40190
531.nii.img.nii.gz,10,PV,2,2,0.6378213557761852,243344
534.nii.img.nii.gz,1,Myocardium,1,1,1.0,2155343
534.nii.img.nii.gz,2,LA,1,1,1.0,1041848
534.nii.img.nii.gz,3,LV,1,1,1.0,2426783
534.nii.img.nii.gz,4,RA,1,1,1.0,1133243
534.nii.img.nii.gz,5,RV,1,1,1.0,2949829
534.nii.img.nii.gz,6,Aorta,2,2,0.6064514881542247,1034335
534.nii.img.nii.gz,7,PA,2,2,0.9242292805046509,424214
534.nii.img.nii.gz,8,LAA,1,1,1.0,151231
534.nii.img.nii.gz,9,Coronary,2,2,0.588027444560735,111789
534.nii.img.nii.gz,10,PV,3,3,0.4808048951126609,450245
533.nii.img.nii.gz,1,Myocardium,1,1,1.0,1877934
533.nii.img.nii.gz,2,LA,1,1,1.0,1068807
533.nii.img.nii.gz,3,LV,1,1,1.0,1699980
533.nii.img.nii.gz,4,RA,1,1,1.0,1015881
533.nii.img.nii.gz,5,RV,1,1,1.0,2161846
533.nii.img.nii.gz,6,Aorta,2,2,0.6298537270782517,1773534
533.nii.img.nii.gz,7,PA,1,1,1.0,704333
533.nii.img.nii.gz,8,LAA,1,1,1.0,112907
533.nii.img.nii.gz,9,Coronary,2,2,0.641712847733117,72721
533.nii.img.nii.gz,10,PV,2,2,0.5805743666917482,303012
535.nii.img.nii.gz,1,Myocardium,1,1,1.0,1637066
535.nii.img.nii.gz,2,LA,1,1,1.0,1268654
535.nii.img.nii.gz,3,LV,1,1,1.0,1127102
535.nii.img.nii.gz,4,RA,1,1,1.0,1488197
535.nii.img.nii.gz,5,RV,1,1,1.0,1509800
535.nii.img.nii.gz,6,Aorta,2,2,0.5124399055856558,1520108
535.nii.img.nii.gz,7,PA,2,2,0.914678529606751,806995
535.nii.img.nii.gz,8,LAA,1,1,1.0,104986
535.nii.img.nii.gz,9,Coronary,2,2,0.557532717537247,123634
535.nii.img.nii.gz,10,PV,2,2,0.5118154236662068,316747
536.nii.img.nii.gz,1,Myocardium,1,1,1.0,1589281
536.nii.img.nii.gz,2,LA,1,1,1.0,962426
536.nii.img.nii.gz,3,LV,1,1,1.0,1648917
536.nii.img.nii.gz,4,RA,1,1,1.0,950711
536.nii.img.nii.gz,5,RV,1,1,1.0,1960868
536.nii.img.nii.gz,6,Aorta,2,2,0.5691623245748465,1615005
536.nii.img.nii.gz,7,PA,1,1,1.0,772063
536.nii.img.nii.gz,8,LAA,1,1,1.0,149699
536.nii.img.nii.gz,9,Coronary,2,2,0.5327408049714575,69195
536.nii.img.nii.gz,10,PV,2,2,0.5570733803119464,283959
537.nii.img.nii.gz,1,Myocardium,1,1,1.0,2110076
537.nii.img.nii.gz,2,LA,1,1,1.0,1044893
537.nii.img.nii.gz,3,LV,1,1,1.0,2119915
537.nii.img.nii.gz,4,RA,1,1,1.0,1488454
537.nii.img.nii.gz,5,RV,1,1,1.0,2893433
537.nii.img.nii.gz,6,Aorta,2,2,0.5865634568129527,1124828
537.nii.img.nii.gz,7,PA,1,1,1.0,528093
537.nii.img.nii.gz,8,LAA,1,1,1.0,114230
537.nii.img.nii.gz,9,Coronary,2,2,0.5006033138114718,67958
537.nii.img.nii.gz,10,PV,3,3,0.5247850041360366,384426
539.nii.img.nii.gz,1,Myocardium,1,1,1.0,1239743
539.nii.img.nii.gz,2,LA,1,1,1.0,2057080
539.nii.img.nii.gz,3,LV,1,1,1.0,694394
539.nii.img.nii.gz,4,RA,1,1,1.0,1278381
539.nii.img.nii.gz,5,RV,1,1,1.0,1095124
539.nii.img.nii.gz,6,Aorta,2,2,0.5954494066093157,1541733
539.nii.img.nii.gz,7,PA,2,1,0.9661095648934129,719318
539.nii.img.nii.gz,8,LAA,1,1,1.0,227203
539.nii.img.nii.gz,9,Coronary,2,2,0.6271751971646604,62638
539.nii.img.nii.gz,10,PV,2,2,0.5032268261907377,373277
538.nii.img.nii.gz,1,Myocardium,1,1,1.0,1831101
538.nii.img.nii.gz,2,LA,1,1,1.0,1109620
538.nii.img.nii.gz,3,LV,1,1,1.0,2056271
538.nii.img.nii.gz,4,RA,1,1,1.0,1391333
538.nii.img.nii.gz,5,RV,1,1,1.0,2354514
538.nii.img.nii.gz,6,Aorta,2,2,0.5496240896417347,1810139
538.nii.img.nii.gz,7,PA,1,1,1.0,915655
538.nii.img.nii.gz,8,LAA,1,1,1.0,234569
538.nii.img.nii.gz,9,Coronary,2,2,0.5374865252259616,84417
538.nii.img.nii.gz,10,PV,2,2,0.5219145464967592,362864
540.nii.img.nii.gz,1,Myocardium,1,1,1.0,1825328
540.nii.img.nii.gz,2,LA,1,1,1.0,1788108
540.nii.img.nii.gz,3,LV,1,1,1.0,2201892
540.nii.img.nii.gz,4,RA,1,1,1.0,1245917
540.nii.img.nii.gz,5,RV,1,1,1.0,2016236
540.nii.img.nii.gz,6,Aorta,2,2,0.5266259911489567,1894014
540.nii.img.nii.gz,7,PA,1,1,1.0,949329
540.nii.img.nii.gz,8,LAA,1,1,1.0,197250
540.nii.img.nii.gz,9,Coronary,2,2,0.5845861657217537,106359
540.nii.img.nii.gz,10,PV,2,2,0.5061106884841614,402246
54.nii.img.nii.gz,1,Myocardium,1,1,1.0,1572427
54.nii.img.nii.gz,2,LA,1,1,1.0,1027480
54.nii.img.nii.gz,3,LV,1,1,1.0,1801585
54.nii.img.nii.gz,4,RA,1,1,1.0,1242165
54.nii.img.nii.gz,5,RV,1,1,1.0,2072747
54.nii.img.nii.gz,6,Aorta,2,2,0.5688875132532977,1822188
54.nii.img.nii.gz,7,PA,1,1,1.0,931878
54.nii.img.nii.gz,8,LAA,1,1,1.0,120543
54.nii.img.nii.gz,9,Coronary,3,2,0.5845426716022184,78073
54.nii.img.nii.gz,10,PV,3,3,0.5023446504602462,380014
543.nii.img.nii.gz,1,Myocardium,1,1,1.0,1636661
543.nii.img.nii.gz,2,LA,1,1,1.0,1152239
543.nii.img.nii.gz,3,LV,1,1,1.0,1843849
543.nii.img.nii.gz,4,RA,1,1,1.0,1256950
543.nii.img.nii.gz,5,RV,1,1,1.0,1875083
543.nii.img.nii.gz,6,Aorta,2,2,0.5170007451367934,1513816
543.nii.img.nii.gz,7,PA,1,1,1.0,737852
543.nii.img.nii.gz,8,LAA,1,1,1.0,109406
543.nii.img.nii.gz,9,Coronary,3,2,0.6519687729996846,76088
543.nii.img.nii.gz,10,PV,2,2,0.5084916136612931,294467
545.nii.img.nii.gz,1,Myocardium,1,1,1.0,1423996
545.nii.img.nii.gz,2,LA,1,1,1.0,1355189
545.nii.img.nii.gz,3,LV,1,1,1.0,1598891
545.nii.img.nii.gz,4,RA,1,1,1.0,1192694
545.nii.img.nii.gz,5,RV,1,1,1.0,1787070
545.nii.img.nii.gz,6,Aorta,2,2,0.5889568040352683,1587602
545.nii.img.nii.gz,7,PA,1,1,1.0,731761
545.nii.img.nii.gz,8,LAA,1,1,1.0,152187
545.nii.img.nii.gz,9,Coronary,2,2,0.570932169947823,91228
545.nii.img.nii.gz,10,PV,2,2,0.5309366624437385,314158
544.nii.img.nii.gz,1,Myocardium,1,1,1.0,1295614
544.nii.img.nii.gz,2,LA,1,1,1.0,1084940
544.nii.img.nii.gz,3,LV,1,1,1.0,1585013
544.nii.img.nii.gz,4,RA,1,1,1.0,1228607
544.nii.img.nii.gz,5,RV,1,1,1.0,1882028
544.nii.img.nii.gz,6,Aorta,2,2,0.544486532166555,1636529
544.nii.img.nii.gz,7,PA,2,2,0.9317701622482226,635631
544.nii.img.nii.gz,8,LAA,1,1,1.0,157355
544.nii.img.nii.gz,9,Coronary,2,2,0.6354012462560678,58094
544.nii.img.nii.gz,10,PV,2,2,0.5724665323161077,277880
541.nii.img.nii.gz,1,Myocardium,1,1,1.0,1610403
541.nii.img.nii.gz,2,LA,1,1,1.0,1051573
541.nii.img.nii.gz,3,LV,1,1,1.0,1468783
541.nii.img.nii.gz,4,RA,1,1,1.0,1188491
541.nii.img.nii.gz,5,RV,1,1,1.0,2035979
541.nii.img.nii.gz,6,Aorta,2,2,0.6206607196669941,1632644
541.nii.img.nii.gz,7,PA,1,1,1.0,831279
541.nii.img.nii.gz,8,LAA,1,1,1.0,87965
541.nii.img.nii.gz,9,Coronary,2,2,0.5717713900274997,77092
541.nii.img.nii.gz,10,PV,3,3,0.48673535525110073,313201
542.nii.img.nii.gz,1,Myocardium,1,1,1.0,2100696
542.nii.img.nii.gz,2,LA,1,1,1.0,841605
542.nii.img.nii.gz,3,LV,1,1,1.0,1665894
542.nii.img.nii.gz,4,RA,1,1,1.0,954612
542.nii.img.nii.gz,5,RV,1,1,1.0,2022001
542.nii.img.nii.gz,6,Aorta,2,2,0.5955684359884151,1061386
542.nii.img.nii.gz,7,PA,2,2,0.9232438002966931,304692
542.nii.img.nii.gz,8,LAA,1,1,1.0,59541
542.nii.img.nii.gz,9,Coronary,2,2,0.6552971894981393,48639
542.nii.img.nii.gz,10,PV,2,2,0.5371518874112946,268304
546.nii.img.nii.gz,1,Myocardium,1,1,1.0,1945714
546.nii.img.nii.gz,2,LA,1,1,1.0,1361342
546.nii.img.nii.gz,3,LV,1,1,1.0,2233711
546.nii.img.nii.gz,4,RA,1,1,1.0,1789231
546.nii.img.nii.gz,5,RV,1,1,1.0,3238996
546.nii.img.nii.gz,6,Aorta,2,2,0.5785761867602716,1838935
546.nii.img.nii.gz,7,PA,2,1,0.9588138042179555,431868
546.nii.img.nii.gz,8,LAA,1,1,1.0,197272
546.nii.img.nii.gz,9,Coronary,2,2,0.5961818159596182,81819
546.nii.img.nii.gz,10,PV,2,2,0.5063635521562504,377855
547.nii.img.nii.gz,1,Myocardium,1,1,1.0,1769124
547.nii.img.nii.gz,2,LA,1,1,1.0,931345
547.nii.img.nii.gz,3,LV,1,1,1.0,1974231
547.nii.img.nii.gz,4,RA,1,1,1.0,1421157
547.nii.img.nii.gz,5,RV,1,1,1.0,2346961
547.nii.img.nii.gz,6,Aorta,2,2,0.5918988808290773,1008157
547.nii.img.nii.gz,7,PA,2,2,0.7319209385986428,195696
547.nii.img.nii.gz,8,LAA,1,1,1.0,111402
547.nii.img.nii.gz,9,Coronary,2,2,0.6506148192418713,78641
547.nii.img.nii.gz,10,PV,3,3,0.5231071019077485,361945
549.nii.img.nii.gz,1,Myocardium,1,1,1.0,1523349
549.nii.img.nii.gz,2,LA,1,1,1.0,942878
549.nii.img.nii.gz,3,LV,1,1,1.0,1832921
549.nii.img.nii.gz,4,RA,1,1,1.0,1418918
549.nii.img.nii.gz,5,RV,1,1,1.0,2475861
549.nii.img.nii.gz,6,Aorta,2,2,0.5705620834357324,1082366
549.nii.img.nii.gz,7,PA,2,2,0.8968965939311665,449345
549.nii.img.nii.gz,8,LAA,1,1,1.0,116366
549.nii.img.nii.gz,9,Coronary,2,2,0.7149063708143913,79409
549.nii.img.nii.gz,10,PV,2,2,0.5643343843618398,279726
55.nii.img.nii.gz,1,Myocardium,1,1,1.0,1408961
55.nii.img.nii.gz,2,LA,1,1,1.0,1354308
55.nii.img.nii.gz,3,LV,1,1,1.0,1282507
55.nii.img.nii.gz,4,RA,1,1,1.0,1345299
55.nii.img.nii.gz,5,RV,1,1,1.0,1738869
55.nii.img.nii.gz,6,Aorta,2,2,0.524083429836729,1257296
55.nii.img.nii.gz,7,PA,1,1,1.0,922295
55.nii.img.nii.gz,8,LAA,1,1,1.0,114817
55.nii.img.nii.gz,9,Coronary,2,2,0.5571428571428572,71610
55.nii.img.nii.gz,10,PV,2,2,0.5457718501702611,352400
550.nii.img.nii.gz,1,Myocardium,1,1,1.0,1965871
550.nii.img.nii.gz,2,LA,1,1,1.0,1118851
550.nii.img.nii.gz,3,LV,1,1,1.0,2210689
550.nii.img.nii.gz,4,RA,1,1,1.0,1170385
550.nii.img.nii.gz,5,RV,1,1,1.0,2109006
550.nii.img.nii.gz,6,Aorta,2,2,0.5759892558635075,1332820
550.nii.img.nii.gz,7,PA,1,1,1.0,801675
550.nii.img.nii.gz,8,LAA,1,1,1.0,231431
550.nii.img.nii.gz,9,Coronary,4,3,0.7313354150614381,49318
550.nii.img.nii.gz,10,PV,2,2,0.5344796562786636,227859
548.nii.img.nii.gz,1,Myocardium,1,1,1.0,1595599
548.nii.img.nii.gz,2,LA,1,1,1.0,899066
548.nii.img.nii.gz,3,LV,1,1,1.0,2003787
548.nii.img.nii.gz,4,RA,1,1,1.0,939982
548.nii.img.nii.gz,5,RV,1,1,1.0,2257652
548.nii.img.nii.gz,6,Aorta,2,2,0.5604017656585701,1493607
548.nii.img.nii.gz,7,PA,1,1,1.0,746818
548.nii.img.nii.gz,8,LAA,1,1,1.0,95589
548.nii.img.nii.gz,9,Coronary,3,3,0.5449496853522026,68966
548.nii.img.nii.gz,10,PV,2,2,0.5262484135574224,364022
551.nii.img.nii.gz,1,Myocardium,1,1,1.0,1601511
551.nii.img.nii.gz,2,LA,1,1,1.0,880568
551.nii.img.nii.gz,3,LV,1,1,1.0,1984650
551.nii.img.nii.gz,4,RA,1,1,1.0,1254438
551.nii.img.nii.gz,5,RV,1,1,1.0,2002059
551.nii.img.nii.gz,6,Aorta,2,2,0.5161070130439434,1916215
551.nii.img.nii.gz,7,PA,1,1,1.0,789767
551.nii.img.nii.gz,8,LAA,1,1,1.0,130560
551.nii.img.nii.gz,9,Coronary,2,2,0.5342694489742112,102409
551.nii.img.nii.gz,10,PV,2,2,0.5092557728042221,326661
552.nii.img.nii.gz,1,Myocardium,1,1,1.0,1411246
552.nii.img.nii.gz,2,LA,1,1,1.0,881766
552.nii.img.nii.gz,3,LV,1,1,1.0,1566391
552.nii.img.nii.gz,4,RA,1,1,1.0,1055979
552.nii.img.nii.gz,5,RV,1,1,1.0,1952274
552.nii.img.nii.gz,6,Aorta,2,2,0.5089322139342006,1130011
552.nii.img.nii.gz,7,PA,2,2,0.9092162873972899,361089
552.nii.img.nii.gz,8,LAA,1,1,1.0,192282
552.nii.img.nii.gz,9,Coronary,3,2,0.589016214788151,60562
552.nii.img.nii.gz,10,PV,3,3,0.5350614715156746,310469
554.nii.img.nii.gz,1,Myocardium,1,1,1.0,1408553
554.nii.img.nii.gz,2,LA,1,1,1.0,750576
554.nii.img.nii.gz,3,LV,1,1,1.0,1875957
554.nii.img.nii.gz,4,RA,1,1,1.0,1042916
554.nii.img.nii.gz,5,RV,1,1,1.0,2266420
554.nii.img.nii.gz,6,Aorta,2,2,0.5896558537438488,749042
554.nii.img.nii.gz,7,PA,1,1,1.0,523170
554.nii.img.nii.gz,8,LAA,1,1,1.0,113704
554.nii.img.nii.gz,9,Coronary,3,3,0.4831960693501943,49661
554.nii.img.nii.gz,10,PV,2,2,0.5331469128840334,299681
555.nii.img.nii.gz,1,Myocardium,1,1,1.0,2259059
555.nii.img.nii.gz,2,LA,1,1,1.0,1134983
555.nii.img.nii.gz,3,LV,1,1,1.0,1880744
555.nii.img.nii.gz,4,RA,1,1,1.0,1569507
555.nii.img.nii.gz,5,RV,1,1,1.0,2539588
555.nii.img.nii.gz,6,Aorta,2,2,0.5082112944869176,2388174
555.nii.img.nii.gz,7,PA,2,2,0.9442602091534454,502980
555.nii.img.nii.gz,8,LAA,1,1,1.0,200108
555.nii.img.nii.gz,9,Coronary,3,2,0.502469070249031,131831
555.nii.img.nii.gz,10,PV,2,2,0.6614281855367755,310968
556.nii.img.nii.gz,1,Myocardium,1,1,1.0,1654569
556.nii.img.nii.gz,2,LA,1,1,1.0,998945
556.nii.img.nii.gz,3,LV,1,1,1.0,1273531
556.nii.img.nii.gz,4,RA,1,1,1.0,935214
556.nii.img.nii.gz,5,RV,1,1,1.0,1853725
556.nii.img.nii.gz,6,Aorta,2,2,0.5264039968461685,1605666
556.nii.img.nii.gz,7,PA,2,1,0.9800481811126007,496045
556.nii.img.nii.gz,8,LAA,1,1,1.0,81743
556.nii.img.nii.gz,9,Coronary,2,2,0.9321266968325792,43537
556.nii.img.nii.gz,10,PV,3,3,0.5240186259630911,309031
553.nii.img.nii.gz,1,Myocardium,1,1,1.0,1361671
553.nii.img.nii.gz,2,LA,1,1,1.0,897130
553.nii.img.nii.gz,3,LV,1,1,1.0,1263737
553.nii.img.nii.gz,4,RA,1,1,1.0,949669
553.nii.img.nii.gz,5,RV,1,1,1.0,1427822
553.nii.img.nii.gz,6,Aorta,2,2,0.6213956932261742,1715205
553.nii.img.nii.gz,7,PA,1,1,1.0,844733
553.nii.img.nii.gz,8,LAA,1,1,1.0,95689
553.nii.img.nii.gz,9,Coronary,3,3,0.5005918462851323,72654
553.nii.img.nii.gz,10,PV,2,2,0.5298247426366877,251687
557.nii.img.nii.gz,1,Myocardium,1,1,1.0,1328164
557.nii.img.nii.gz,2,LA,1,1,1.0,835999
557.nii.img.nii.gz,3,LV,1,1,1.0,1186612
557.nii.img.nii.gz,4,RA,1,1,1.0,800845
557.nii.img.nii.gz,5,RV,1,1,1.0,1573100
557.nii.img.nii.gz,6,Aorta,2,2,0.5406618878559035,1595376
557.nii.img.nii.gz,7,PA,1,1,1.0,603744
557.nii.img.nii.gz,8,LAA,1,1,1.0,109052
557.nii.img.nii.gz,9,Coronary,2,2,0.5100937000076179,65635
557.nii.img.nii.gz,10,PV,2,2,0.6292414865757506,213457
558.nii.img.nii.gz,1,Myocardium,1,1,1.0,2246013
558.nii.img.nii.gz,2,LA,1,1,1.0,1741104
558.nii.img.nii.gz,3,LV,1,1,1.0,2361987
558.nii.img.nii.gz,4,RA,1,1,1.0,1659235
558.nii.img.nii.gz,5,RV,1,1,1.0,2347742
558.nii.img.nii.gz,6,Aorta,2,2,0.5427425902615928,1750163
558.nii.img.nii.gz,7,PA,1,1,1.0,671859
558.nii.img.nii.gz,8,LAA,1,1,1.0,163251
558.nii.img.nii.gz,9,Coronary,2,2,0.5486837089489309,86569
558.nii.img.nii.gz,10,PV,2,2,0.6085167312453206,365962
559.nii.img.nii.gz,1,Myocardium,1,1,1.0,2294518
559.nii.img.nii.gz,2,LA,1,1,1.0,1292372
559.nii.img.nii.gz,3,LV,1,1,1.0,2265073
559.nii.img.nii.gz,4,RA,1,1,1.0,1648111
559.nii.img.nii.gz,5,RV,1,1,1.0,2713101
559.nii.img.nii.gz,6,Aorta,2,2,0.5522945989467978,1746863
559.nii.img.nii.gz,7,PA,2,2,0.9200937841689008,627398
559.nii.img.nii.gz,8,LAA,1,1,1.0,126963
559.nii.img.nii.gz,9,Coronary,2,2,0.641459437423563,93214
559.nii.img.nii.gz,10,PV,3,3,0.4747208897567602,471140
560.nii.img.nii.gz,1,Myocardium,1,1,1.0,1539102
560.nii.img.nii.gz,2,LA,1,1,1.0,1141019
560.nii.img.nii.gz,3,LV,1,1,1.0,1613597
560.nii.img.nii.gz,4,RA,1,1,1.0,1168174
560.nii.img.nii.gz,5,RV,1,1,1.0,2007186
560.nii.img.nii.gz,6,Aorta,2,2,0.5357422888829856,1554671
560.nii.img.nii.gz,7,PA,2,2,0.9400903611752343,556655
560.nii.img.nii.gz,8,LAA,1,1,1.0,175524
560.nii.img.nii.gz,9,Coronary,2,2,0.5621505326859799,86918
560.nii.img.nii.gz,10,PV,3,3,0.49696353938162424,303149
56.nii.img.nii.gz,1,Myocardium,1,1,1.0,1603334
56.nii.img.nii.gz,2,LA,1,1,1.0,1105766
56.nii.img.nii.gz,3,LV,1,1,1.0,1579301
56.nii.img.nii.gz,4,RA,1,1,1.0,1259020
56.nii.img.nii.gz,5,RV,1,1,1.0,1935380
56.nii.img.nii.gz,6,Aorta,2,2,0.5893872688461079,2318423
56.nii.img.nii.gz,7,PA,1,1,1.0,694915
56.nii.img.nii.gz,8,LAA,1,1,1.0,225011
56.nii.img.nii.gz,9,Coronary,3,3,0.4689982885716744,104591
56.nii.img.nii.gz,10,PV,2,2,0.5640684880702188,323560
561.nii.img.nii.gz,1,Myocardium,1,1,1.0,1790774
561.nii.img.nii.gz,2,LA,1,1,1.0,892480
561.nii.img.nii.gz,3,LV,1,1,1.0,1693776
561.nii.img.nii.gz,4,RA,1,1,1.0,964688
561.nii.img.nii.gz,5,RV,1,1,1.0,1678003
561.nii.img.nii.gz,6,Aorta,2,2,0.5408501178045905,1444341
561.nii.img.nii.gz,7,PA,1,1,1.0,700742
561.nii.img.nii.gz,8,LAA,1,1,1.0,99412
561.nii.img.nii.gz,9,Coronary,2,2,0.710207418003474,48935
561.nii.img.nii.gz,10,PV,2,2,0.5226715174346628,263326
563.nii.img.nii.gz,1,Myocardium,1,1,1.0,1535651
563.nii.img.nii.gz,2,LA,1,1,1.0,876811
563.nii.img.nii.gz,3,LV,1,1,1.0,1776269
563.nii.img.nii.gz,4,RA,1,1,1.0,1345564
563.nii.img.nii.gz,5,RV,1,1,1.0,2047784
563.nii.img.nii.gz,6,Aorta,2,2,0.7266115572519629,839421
563.nii.img.nii.gz,7,PA,2,2,0.5726363266076555,100659
563.nii.img.nii.gz,8,LAA,1,1,1.0,35390
563.nii.img.nii.gz,9,Coronary,3,3,0.44319503683598294,38685
563.nii.img.nii.gz,10,PV,2,2,0.5866950243944147,187133
562.nii.img.nii.gz,1,Myocardium,1,1,1.0,1455390
562.nii.img.nii.gz,2,LA,1,1,1.0,1148252
562.nii.img.nii.gz,3,LV,1,1,1.0,1218130
562.nii.img.nii.gz,4,RA,1,1,1.0,1037278
562.nii.img.nii.gz,5,RV,1,1,1.0,1611222
562.nii.img.nii.gz,6,Aorta,2,2,0.5393597752880471,1037417
562.nii.img.nii.gz,7,PA,1,1,1.0,566120
562.nii.img.nii.gz,8,LAA,1,1,1.0,228647
562.nii.img.nii.gz,9,Coronary,2,2,0.7055985179760033,46423
562.nii.img.nii.gz,10,PV,3,3,0.5018513826608016,327593
564.nii.img.nii.gz,1,Myocardium,1,1,1.0,1365964
564.nii.img.nii.gz,2,LA,1,1,1.0,705421
564.nii.img.nii.gz,3,LV,1,1,1.0,1616448
564.nii.img.nii.gz,4,RA,1,1,1.0,1059905
564.nii.img.nii.gz,5,RV,1,1,1.0,1860538
564.nii.img.nii.gz,6,Aorta,2,2,0.5103423247715961,898299
564.nii.img.nii.gz,7,PA,1,1,1.0,686674
564.nii.img.nii.gz,8,LAA,1,1,1.0,107484
564.nii.img.nii.gz,9,Coronary,2,2,0.500949291257304,54251
564.nii.img.nii.gz,10,PV,3,3,0.5350759254623062,323541
565.nii.img.nii.gz,1,Myocardium,1,1,1.0,1788769
565.nii.img.nii.gz,2,LA,1,1,1.0,874320
565.nii.img.nii.gz,3,LV,1,1,1.0,1781111
565.nii.img.nii.gz,4,RA,1,1,1.0,910581
565.nii.img.nii.gz,5,RV,1,1,1.0,2099239
565.nii.img.nii.gz,6,Aorta,2,2,0.5617640446335951,1267655
565.nii.img.nii.gz,7,PA,2,1,0.9816554647070058,109951
565.nii.img.nii.gz,8,LAA,1,1,1.0,68045
565.nii.img.nii.gz,9,Coronary,2,2,0.5795388036989348,93973
565.nii.img.nii.gz,10,PV,2,2,0.6567826098822374,146566
568.nii.img.nii.gz,1,Myocardium,1,1,1.0,1725083
568.nii.img.nii.gz,2,LA,1,1,1.0,964462
568.nii.img.nii.gz,3,LV,1,1,1.0,1678006
568.nii.img.nii.gz,4,RA,1,1,1.0,915971
568.nii.img.nii.gz,5,RV,1,1,1.0,1929239
568.nii.img.nii.gz,6,Aorta,2,2,0.6435540849452613,1103699
568.nii.img.nii.gz,7,PA,2,2,0.9264693005924873,411148
568.nii.img.nii.gz,8,LAA,1,1,1.0,54522
568.nii.img.nii.gz,9,Coronary,3,3,0.5438733125649013,73188
568.nii.img.nii.gz,10,PV,2,2,0.5366090358532866,295733
567.nii.img.nii.gz,1,Myocardium,1,1,1.0,1970205
567.nii.img.nii.gz,2,LA,1,1,1.0,1264324
567.nii.img.nii.gz,3,LV,1,1,1.0,2197493
567.nii.img.nii.gz,4,RA,1,1,1.0,1542211
567.nii.img.nii.gz,5,RV,1,1,1.0,2713549
567.nii.img.nii.gz,6,Aorta,2,2,0.5205366166910146,1812616
567.nii.img.nii.gz,7,PA,2,1,0.9517703456107923,465813
567.nii.img.nii.gz,8,LAA,1,1,1.0,101699
567.nii.img.nii.gz,9,Coronary,2,2,0.5803614446449321,105853
567.nii.img.nii.gz,10,PV,3,3,0.5931248897183998,402379
571.nii.img.nii.gz,1,Myocardium,1,1,1.0,1811617
571.nii.img.nii.gz,2,LA,1,1,1.0,1949387
571.nii.img.nii.gz,3,LV,1,1,1.0,2099595
571.nii.img.nii.gz,4,RA,1,1,1.0,1090351
571.nii.img.nii.gz,5,RV,1,1,1.0,1583832
571.nii.img.nii.gz,6,Aorta,2,2,0.5076524987684254,1374257
571.nii.img.nii.gz,7,PA,2,1,0.9885307833067706,847050
571.nii.img.nii.gz,8,LAA,1,1,1.0,255307
571.nii.img.nii.gz,9,Coronary,2,2,0.5613021940939016,157058
571.nii.img.nii.gz,10,PV,2,2,0.5457199124593267,328533
569.nii.img.nii.gz,1,Myocardium,1,1,1.0,2520418
569.nii.img.nii.gz,2,LA,1,1,1.0,1116876
569.nii.img.nii.gz,3,LV,1,1,1.0,2696461
569.nii.img.nii.gz,4,RA,1,1,1.0,1095411
569.nii.img.nii.gz,5,RV,1,1,1.0,1755453
569.nii.img.nii.gz,6,Aorta,2,2,0.5161619785002293,1641971
569.nii.img.nii.gz,7,PA,1,1,1.0,826830
569.nii.img.nii.gz,8,LAA,1,1,1.0,157908
569.nii.img.nii.gz,9,Coronary,2,2,0.5224665865214624,70705
569.nii.img.nii.gz,10,PV,2,2,0.5565166921888884,304963
566.nii.img.nii.gz,1,Myocardium,1,1,1.0,2306883
566.nii.img.nii.gz,2,LA,1,1,1.0,1265460
566.nii.img.nii.gz,3,LV,1,1,1.0,2231504
566.nii.img.nii.gz,4,RA,1,1,1.0,1251645
566.nii.img.nii.gz,5,RV,1,1,1.0,2217133
566.nii.img.nii.gz,6,Aorta,2,2,0.5837560237830811,1547823
566.nii.img.nii.gz,7,PA,1,1,1.0,927277
566.nii.img.nii.gz,8,LAA,1,1,1.0,63902
566.nii.img.nii.gz,9,Coronary,2,2,0.5095845230980366,90354
566.nii.img.nii.gz,10,PV,3,3,0.543005647947847,408644
570.nii.img.nii.gz,1,Myocardium,1,1,1.0,2611063
570.nii.img.nii.gz,2,LA,1,1,1.0,1236928
570.nii.img.nii.gz,3,LV,1,1,1.0,2662109
570.nii.img.nii.gz,4,RA,1,1,1.0,1681101
570.nii.img.nii.gz,5,RV,1,1,1.0,3285475
570.nii.img.nii.gz,6,Aorta,2,2,0.5090272410643487,1594064
570.nii.img.nii.gz,7,PA,1,1,1.0,862981
570.nii.img.nii.gz,8,LAA,1,1,1.0,87986
570.nii.img.nii.gz,9,Coronary,2,2,0.5400382422845298,111918
570.nii.img.nii.gz,10,PV,3,3,0.6105343089879884,507010
57.nii.img.nii.gz,1,Myocardium,1,1,1.0,1517925
57.nii.img.nii.gz,2,LA,1,1,1.0,1392775
57.nii.img.nii.gz,3,LV,1,1,1.0,1430980
57.nii.img.nii.gz,4,RA,1,1,1.0,1390680
57.nii.img.nii.gz,5,RV,1,1,1.0,1670219
57.nii.img.nii.gz,6,Aorta,2,2,0.5189348682815763,1721665
57.nii.img.nii.gz,7,PA,1,1,1.0,905637
57.nii.img.nii.gz,8,LAA,1,1,1.0,157267
57.nii.img.nii.gz,9,Coronary,2,2,0.5093561687281953,75672
57.nii.img.nii.gz,10,PV,3,3,0.5512646898139,344116
576.nii.img.nii.gz,1,Myocardium,1,1,1.0,1589284
576.nii.img.nii.gz,2,LA,1,1,1.0,990950
576.nii.img.nii.gz,3,LV,1,1,1.0,755073
576.nii.img.nii.gz,4,RA,1,1,1.0,1197705
576.nii.img.nii.gz,5,RV,1,1,1.0,820216
576.nii.img.nii.gz,6,Aorta,2,2,0.5775171008774475,1551090
576.nii.img.nii.gz,7,PA,1,1,1.0,524980
576.nii.img.nii.gz,8,LAA,1,1,1.0,128967
576.nii.img.nii.gz,9,Coronary,3,3,0.6173889953589323,86618
576.nii.img.nii.gz,10,PV,2,2,0.5222945742589983,201484
574.nii.img.nii.gz,1,Myocardium,1,1,1.0,1701808
574.nii.img.nii.gz,2,LA,1,1,1.0,866282
574.nii.img.nii.gz,3,LV,1,1,1.0,2075272
574.nii.img.nii.gz,4,RA,1,1,1.0,1281647
574.nii.img.nii.gz,5,RV,1,1,1.0,2287490
574.nii.img.nii.gz,6,Aorta,2,2,0.5575621729508471,985517
574.nii.img.nii.gz,7,PA,1,1,1.0,541213
574.nii.img.nii.gz,8,LAA,1,1,1.0,212325
574.nii.img.nii.gz,9,Coronary,2,2,0.8393315158652063,61991
574.nii.img.nii.gz,10,PV,2,2,0.5324132325938412,332210
575.nii.img.nii.gz,1,Myocardium,1,1,1.0,1775280
575.nii.img.nii.gz,2,LA,1,1,1.0,1280281
575.nii.img.nii.gz,3,LV,1,1,1.0,1878397
575.nii.img.nii.gz,4,RA,1,1,1.0,1318277
575.nii.img.nii.gz,5,RV,1,1,1.0,2027394
575.nii.img.nii.gz,6,Aorta,2,2,0.6005929900905268,3104605
575.nii.img.nii.gz,7,PA,1,1,1.0,920895
575.nii.img.nii.gz,8,LAA,1,1,1.0,124947
575.nii.img.nii.gz,9,Coronary,3,2,0.5241403296813935,109257
575.nii.img.nii.gz,10,PV,2,2,0.5277456637005845,556177
572.nii.img.nii.gz,1,Myocardium,1,1,1.0,2110810
572.nii.img.nii.gz,2,LA,1,1,1.0,926586
572.nii.img.nii.gz,3,LV,1,1,1.0,1817867
572.nii.img.nii.gz,4,RA,1,1,1.0,1264032
572.nii.img.nii.gz,5,RV,1,1,1.0,2324655
572.nii.img.nii.gz,6,Aorta,2,2,0.5013734807375351,1348763
572.nii.img.nii.gz,7,PA,1,1,1.0,586429
572.nii.img.nii.gz,8,LAA,1,1,1.0,100937
572.nii.img.nii.gz,9,Coronary,2,2,0.5068380499490498,55937
572.nii.img.nii.gz,10,PV,2,2,0.5032949452586803,267531
578.nii.img.nii.gz,1,Myocardium,1,1,1.0,1606264
578.nii.img.nii.gz,2,LA,1,1,1.0,916531
578.nii.img.nii.gz,3,LV,1,1,1.0,2114442
578.nii.img.nii.gz,4,RA,1,1,1.0,1324331
578.nii.img.nii.gz,5,RV,1,1,1.0,2511200
578.nii.img.nii.gz,6,Aorta,2,2,0.6059061782853108,1421867
578.nii.img.nii.gz,7,PA,2,2,0.8689683869489078,449403
578.nii.img.nii.gz,8,LAA,1,1,1.0,163331
578.nii.img.nii.gz,9,Coronary,2,2,0.5435906206057842,52626
578.nii.img.nii.gz,10,PV,2,2,0.504188962873499,471119
573.nii.img.nii.gz,1,Myocardium,1,1,1.0,1774578
573.nii.img.nii.gz,2,LA,1,1,1.0,1204971
573.nii.img.nii.gz,3,LV,1,1,1.0,1947354
573.nii.img.nii.gz,4,RA,1,1,1.0,1421126
573.nii.img.nii.gz,5,RV,1,1,1.0,2586793
573.nii.img.nii.gz,6,Aorta,2,2,0.5391907970067645,1608694
573.nii.img.nii.gz,7,PA,1,1,1.0,779909
573.nii.img.nii.gz,8,LAA,1,1,1.0,132751
573.nii.img.nii.gz,9,Coronary,2,2,0.5970890357818949,64446
573.nii.img.nii.gz,10,PV,2,2,0.5343135185341552,378976
577.nii.img.nii.gz,1,Myocardium,1,1,1.0,2069003
577.nii.img.nii.gz,2,LA,1,1,1.0,857871
577.nii.img.nii.gz,3,LV,1,1,1.0,2432506
577.nii.img.nii.gz,4,RA,1,1,1.0,1289797
577.nii.img.nii.gz,5,RV,1,1,1.0,2896641
577.nii.img.nii.gz,6,Aorta,2,2,0.5940784066279123,1340754
577.nii.img.nii.gz,7,PA,1,1,1.0,850000
577.nii.img.nii.gz,8,LAA,1,1,1.0,68948
577.nii.img.nii.gz,9,Coronary,2,2,0.6617194717126702,98507
577.nii.img.nii.gz,10,PV,3,3,0.4981912678430869,358262
58.nii.img.nii.gz,1,Myocardium,1,1,1.0,1524103
58.nii.img.nii.gz,2,LA,1,1,1.0,1031984
58.nii.img.nii.gz,3,LV,1,1,1.0,1634863
58.nii.img.nii.gz,4,RA,1,1,1.0,1254417
58.nii.img.nii.gz,5,RV,1,1,1.0,2084044
58.nii.img.nii.gz,6,Aorta,2,2,0.5274438360968766,1488367
58.nii.img.nii.gz,7,PA,2,1,0.973818025717575,256245
58.nii.img.nii.gz,8,LAA,1,1,1.0,115684
58.nii.img.nii.gz,9,Coronary,2,2,0.5269839486581752,71209
58.nii.img.nii.gz,10,PV,2,2,0.6135353059486491,275945
580.nii.img.nii.gz,1,Myocardium,1,1,1.0,1856962
580.nii.img.nii.gz,2,LA,1,1,1.0,1130147
580.nii.img.nii.gz,3,LV,1,1,1.0,1911691
580.nii.img.nii.gz,4,RA,1,1,1.0,1148631
580.nii.img.nii.gz,5,RV,1,1,1.0,2104857
580.nii.img.nii.gz,6,Aorta,2,2,0.6240607561724445,1054971
580.nii.img.nii.gz,7,PA,2,2,0.5966693861193411,139734
580.nii.img.nii.gz,8,LAA,1,1,1.0,106189
580.nii.img.nii.gz,9,Coronary,2,2,0.8572784810126582,53720
580.nii.img.nii.gz,10,PV,2,2,0.5523213260989832,291019
579.nii.img.nii.gz,1,Myocardium,1,1,1.0,1992018
579.nii.img.nii.gz,2,LA,1,1,1.0,1612221
579.nii.img.nii.gz,3,LV,1,1,1.0,1954157
579.nii.img.nii.gz,4,RA,1,1,1.0,1387535
579.nii.img.nii.gz,5,RV,1,1,1.0,2314609
579.nii.img.nii.gz,6,Aorta,2,2,0.5495963084775219,1818220
579.nii.img.nii.gz,7,PA,1,1,1.0,885749
579.nii.img.nii.gz,8,LAA,1,1,1.0,178057
579.nii.img.nii.gz,9,Coronary,2,2,0.5322506284849381,114959
579.nii.img.nii.gz,10,PV,2,2,0.5239751820985307,407609
581.nii.img.nii.gz,1,Myocardium,1,1,1.0,1737081
581.nii.img.nii.gz,2,LA,1,1,1.0,1321479
581.nii.img.nii.gz,3,LV,1,1,1.0,1349430
581.nii.img.nii.gz,4,RA,1,1,1.0,1597109
581.nii.img.nii.gz,5,RV,1,1,1.0,1826594
581.nii.img.nii.gz,6,Aorta,2,2,0.5421663936119712,1447207
581.nii.img.nii.gz,7,PA,1,1,1.0,848973
581.nii.img.nii.gz,8,LAA,1,1,1.0,234934
581.nii.img.nii.gz,9,Coronary,2,2,0.6421131397785095,66820
581.nii.img.nii.gz,10,PV,2,2,0.5778737362735927,390215
582.nii.img.nii.gz,1,Myocardium,1,1,1.0,1853339
582.nii.img.nii.gz,2,LA,1,1,1.0,1019212
582.nii.img.nii.gz,3,LV,1,1,1.0,2119015
582.nii.img.nii.gz,4,RA,1,1,1.0,2044331
582.nii.img.nii.gz,5,RV,1,1,1.0,2772797
582.nii.img.nii.gz,6,Aorta,2,2,0.565532162558834,1580720
582.nii.img.nii.gz,7,PA,2,2,0.9330796313554934,193140
582.nii.img.nii.gz,8,LAA,1,1,1.0,106337
582.nii.img.nii.gz,9,Coronary,2,2,0.5217350007915149,63170
582.nii.img.nii.gz,10,PV,2,2,0.5842833058434721,328606
583.nii.img.nii.gz,1,Myocardium,1,1,1.0,2458698
583.nii.img.nii.gz,2,LA,1,1,1.0,1385446
583.nii.img.nii.gz,3,LV,1,1,1.0,2344249
583.nii.img.nii.gz,4,RA,1,1,1.0,1740488
583.nii.img.nii.gz,5,RV,1,1,1.0,2850098
583.nii.img.nii.gz,6,Aorta,2,2,0.5450147379851074,1506651
583.nii.img.nii.gz,7,PA,1,1,1.0,670423
583.nii.img.nii.gz,8,LAA,1,1,1.0,178639
583.nii.img.nii.gz,9,Coronary,2,2,0.5251549698729897,115345
583.nii.img.nii.gz,10,PV,2,2,0.5236294391993832,450053
585.nii.img.nii.gz,1,Myocardium,1,1,1.0,2087123
585.nii.img.nii.gz,2,LA,1,1,1.0,1278436
585.nii.img.nii.gz,3,LV,1,1,1.0,1819386
585.nii.img.nii.gz,4,RA,1,1,1.0,1442595
585.nii.img.nii.gz,5,RV,1,1,1.0,2111306
585.nii.img.nii.gz,6,Aorta,2,2,0.6162653048386451,1049178
585.nii.img.nii.gz,7,PA,2,1,0.9765867063263117,467982
585.nii.img.nii.gz,8,LAA,1,1,1.0,89751
585.nii.img.nii.gz,9,Coronary,3,2,0.5207698476343223,68585
585.nii.img.nii.gz,10,PV,2,2,0.5082404692082112,341000
584.nii.img.nii.gz,1,Myocardium,1,1,1.0,2146378
584.nii.img.nii.gz,2,LA,1,1,1.0,1044415
584.nii.img.nii.gz,3,LV,1,1,1.0,2131181
584.nii.img.nii.gz,4,RA,1,1,1.0,1692257
584.nii.img.nii.gz,5,RV,1,1,1.0,2733488
584.nii.img.nii.gz,6,Aorta,2,2,0.5869179125659636,1726330
584.nii.img.nii.gz,7,PA,1,1,1.0,533024
584.nii.img.nii.gz,8,LAA,1,1,1.0,214690
584.nii.img.nii.gz,9,Coronary,2,2,0.6688611850399215,85668
584.nii.img.nii.gz,10,PV,2,2,0.5029379388994087,327951
586.nii.img.nii.gz,1,Myocardium,1,1,1.0,1404501
586.nii.img.nii.gz,2,LA,1,1,1.0,1290508
586.nii.img.nii.gz,3,LV,1,1,1.0,738519
586.nii.img.nii.gz,4,RA,1,1,1.0,1958693
586.nii.img.nii.gz,5,RV,1,1,1.0,1278439
586.nii.img.nii.gz,6,Aorta,2,2,0.569739328499088,1064213
586.nii.img.nii.gz,7,PA,2,2,0.5963541666666666,294912
586.nii.img.nii.gz,8,LAA,1,1,1.0,138543
586.nii.img.nii.gz,9,Coronary,2,2,0.5581345089903181,69408
586.nii.img.nii.gz,10,PV,2,2,0.5624836271434923,416085
587.nii.img.nii.gz,1,Myocardium,1,1,1.0,1590370
587.nii.img.nii.gz,2,LA,1,1,1.0,933743
587.nii.img.nii.gz,3,LV,1,1,1.0,1651521
587.nii.img.nii.gz,4,RA,1,1,1.0,1105668
587.nii.img.nii.gz,5,RV,1,1,1.0,2068696
587.nii.img.nii.gz,6,Aorta,2,2,0.6536316764278921,1498275
587.nii.img.nii.gz,7,PA,2,2,0.9456863944752558,403711
587.nii.img.nii.gz,8,LAA,1,1,1.0,119266
587.nii.img.nii.gz,9,Coronary,3,2,0.5278198286579332,118243
587.nii.img.nii.gz,10,PV,3,3,0.5128595177119237,311598
588.nii.img.nii.gz,1,Myocardium,1,1,1.0,1661261
588.nii.img.nii.gz,2,LA,1,1,1.0,1064678
588.nii.img.nii.gz,3,LV,1,1,1.0,1409486
588.nii.img.nii.gz,4,RA,1,1,1.0,1162791
588.nii.img.nii.gz,5,RV,1,1,1.0,2085520
588.nii.img.nii.gz,6,Aorta,2,2,0.5175418779862421,1416496
588.nii.img.nii.gz,7,PA,2,2,0.927322241924569,669407
588.nii.img.nii.gz,8,LAA,1,1,1.0,124149
588.nii.img.nii.gz,9,Coronary,2,2,0.616124647077277,105193
588.nii.img.nii.gz,10,PV,2,2,0.5185683780521771,301588
589.nii.img.nii.gz,1,Myocardium,1,1,1.0,1431699
589.nii.img.nii.gz,2,LA,1,1,1.0,1209165
589.nii.img.nii.gz,3,LV,1,1,1.0,1599967
589.nii.img.nii.gz,4,RA,1,1,1.0,1102674
589.nii.img.nii.gz,5,RV,1,1,1.0,1609530
589.nii.img.nii.gz,6,Aorta,2,2,0.5555610748274179,1509861
589.nii.img.nii.gz,7,PA,1,1,1.0,813083
589.nii.img.nii.gz,8,LAA,1,1,1.0,189855
589.nii.img.nii.gz,9,Coronary,2,2,0.7672118388481121,92509
589.nii.img.nii.gz,10,PV,2,2,0.5710710695692617,333265
590.nii.img.nii.gz,1,Myocardium,1,1,1.0,1201446
590.nii.img.nii.gz,2,LA,1,1,1.0,863560
590.nii.img.nii.gz,3,LV,1,1,1.0,1165159
590.nii.img.nii.gz,4,RA,1,1,1.0,1110799
590.nii.img.nii.gz,5,RV,1,1,1.0,1673825
590.nii.img.nii.gz,6,Aorta,2,2,0.5646625960176571,1307572
590.nii.img.nii.gz,7,PA,1,1,1.0,818010
590.nii.img.nii.gz,8,LAA,1,1,1.0,133361
590.nii.img.nii.gz,9,Coronary,2,2,0.6633608485266138,66751
590.nii.img.nii.gz,10,PV,2,2,0.5828632686740794,295704
592.nii.img.nii.gz,1,Myocardium,1,1,1.0,1664481
592.nii.img.nii.gz,2,LA,1,1,1.0,1621669
592.nii.img.nii.gz,3,LV,1,1,1.0,750157
592.nii.img.nii.gz,4,RA,1,1,1.0,1516429
592.nii.img.nii.gz,5,RV,1,1,1.0,1478521
592.nii.img.nii.gz,6,Aorta,2,2,0.5946925051037881,899332
592.nii.img.nii.gz,7,PA,2,2,0.9165265131338889,476858
592.nii.img.nii.gz,8,LAA,1,1,1.0,131526
592.nii.img.nii.gz,9,Coronary,2,2,0.6939977177634081,65725
592.nii.img.nii.gz,10,PV,2,2,0.565967830510075,402431
593.nii.img.nii.gz,1,Myocardium,1,1,1.0,1378835
593.nii.img.nii.gz,2,LA,1,1,1.0,842299
593.nii.img.nii.gz,3,LV,1,1,1.0,1668921
593.nii.img.nii.gz,4,RA,1,1,1.0,946305
593.nii.img.nii.gz,5,RV,1,1,1.0,1831409
593.nii.img.nii.gz,6,Aorta,2,2,0.5038264549563902,1449906
593.nii.img.nii.gz,7,PA,1,1,1.0,769036
593.nii.img.nii.gz,8,LAA,1,1,1.0,119611
593.nii.img.nii.gz,9,Coronary,2,2,0.5834186097507492,54724
593.nii.img.nii.gz,10,PV,2,2,0.5015372570533811,349974
59.nii.img.nii.gz,1,Myocardium,1,1,1.0,1800427
59.nii.img.nii.gz,2,LA,1,1,1.0,939220
59.nii.img.nii.gz,3,LV,1,1,1.0,1284332
59.nii.img.nii.gz,4,RA,1,1,1.0,993090
59.nii.img.nii.gz,5,RV,1,1,1.0,1514457
59.nii.img.nii.gz,6,Aorta,2,2,0.5393750924424003,1629393
59.nii.img.nii.gz,7,PA,1,1,1.0,982141
59.nii.img.nii.gz,8,LAA,1,1,1.0,233263
59.nii.img.nii.gz,9,Coronary,2,2,0.6610824922170568,143262
59.nii.img.nii.gz,10,PV,2,2,0.5507612763161653,350070
591.nii.img.nii.gz,1,Myocardium,1,1,1.0,1926343
591.nii.img.nii.gz,2,LA,1,1,1.0,1111203
591.nii.img.nii.gz,3,LV,1,1,1.0,1838969
591.nii.img.nii.gz,4,RA,1,1,1.0,1088850
591.nii.img.nii.gz,5,RV,1,1,1.0,2103131
591.nii.img.nii.gz,6,Aorta,2,2,0.5150147250646014,1900501
591.nii.img.nii.gz,7,PA,1,1,1.0,758635
591.nii.img.nii.gz,8,LAA,1,1,1.0,127542
591.nii.img.nii.gz,9,Coronary,3,2,0.49531175971528996,90759
591.nii.img.nii.gz,10,PV,2,2,0.5142478022889369,361740
594.nii.img.nii.gz,1,Myocardium,1,1,1.0,1629607
594.nii.img.nii.gz,2,LA,1,1,1.0,1197483
594.nii.img.nii.gz,3,LV,1,1,1.0,1875339
594.nii.img.nii.gz,4,RA,1,1,1.0,1469178
594.nii.img.nii.gz,5,RV,1,1,1.0,2470061
594.nii.img.nii.gz,6,Aorta,2,2,0.5232872584938963,1473617
594.nii.img.nii.gz,7,PA,1,1,1.0,852731
594.nii.img.nii.gz,8,LAA,1,1,1.0,138139
594.nii.img.nii.gz,9,Coronary,3,2,0.5460395162362114,90292
594.nii.img.nii.gz,10,PV,2,2,0.7117872276647637,366965
596.nii.img.nii.gz,1,Myocardium,1,1,1.0,2424637
596.nii.img.nii.gz,2,LA,1,1,1.0,1075760
596.nii.img.nii.gz,3,LV,1,1,1.0,2508416
596.nii.img.nii.gz,4,RA,1,1,1.0,1574305
596.nii.img.nii.gz,5,RV,1,1,1.0,3569395
596.nii.img.nii.gz,6,Aorta,2,2,0.549114492977823,1447984
596.nii.img.nii.gz,7,PA,2,2,0.8983307245645039,495125
596.nii.img.nii.gz,8,LAA,1,1,1.0,209170
596.nii.img.nii.gz,9,Coronary,2,2,0.6484431571325127,88384
596.nii.img.nii.gz,10,PV,3,3,0.5038852000219503,364460
597.nii.img.nii.gz,1,Myocardium,1,1,1.0,1885115
597.nii.img.nii.gz,2,LA,1,1,1.0,745201
597.nii.img.nii.gz,3,LV,1,1,1.0,2038122
597.nii.img.nii.gz,4,RA,1,1,1.0,1178795
597.nii.img.nii.gz,5,RV,1,1,1.0,2242253
597.nii.img.nii.gz,6,Aorta,2,2,0.6891096407746458,827475
597.nii.img.nii.gz,7,PA,2,2,0.8837348675536377,50058
597.nii.img.nii.gz,8,LAA,1,1,1.0,58068
597.nii.img.nii.gz,9,Coronary,3,3,0.49591336730693847,102040
597.nii.img.nii.gz,10,PV,3,3,0.4170970154860247,306147
595.nii.img.nii.gz,1,Myocardium,1,1,1.0,2041888
595.nii.img.nii.gz,2,LA,1,1,1.0,823666
595.nii.img.nii.gz,3,LV,1,1,1.0,2422234
595.nii.img.nii.gz,4,RA,1,1,1.0,1058173
595.nii.img.nii.gz,5,RV,1,1,1.0,2748114
595.nii.img.nii.gz,6,Aorta,2,2,0.6612906845692595,1024805
595.nii.img.nii.gz,7,PA,2,2,0.8723579145138562,332124
595.nii.img.nii.gz,8,LAA,1,1,1.0,114065
595.nii.img.nii.gz,9,Coronary,3,3,0.6995141590693533,51663
595.nii.img.nii.gz,10,PV,2,2,0.5173588695215551,362466
599.nii.img.nii.gz,1,Myocardium,1,1,1.0,1717815
599.nii.img.nii.gz,2,LA,1,1,1.0,935794
599.nii.img.nii.gz,3,LV,1,1,1.0,1710093
599.nii.img.nii.gz,4,RA,1,1,1.0,1371276
599.nii.img.nii.gz,5,RV,1,1,1.0,2311154
599.nii.img.nii.gz,6,Aorta,2,2,0.5532647289582664,1273291
599.nii.img.nii.gz,7,PA,1,1,1.0,506345
599.nii.img.nii.gz,8,LAA,1,1,1.0,102353
599.nii.img.nii.gz,9,Coronary,2,2,0.5958035380848974,72299
599.nii.img.nii.gz,10,PV,3,3,0.5232658687240749,387413
600.nii.img.nii.gz,1,Myocardium,1,1,1.0,1812119
600.nii.img.nii.gz,2,LA,1,1,1.0,1382106
600.nii.img.nii.gz,3,LV,1,1,1.0,1737484
600.nii.img.nii.gz,4,RA,1,1,1.0,1202877
600.nii.img.nii.gz,5,RV,1,1,1.0,2136197
600.nii.img.nii.gz,6,Aorta,2,2,0.5065599404266966,1439571
600.nii.img.nii.gz,7,PA,2,2,0.6542605859397752,274704
600.nii.img.nii.gz,8,LAA,1,1,1.0,68155
600.nii.img.nii.gz,9,Coronary,2,2,0.7505901029808034,95746
600.nii.img.nii.gz,10,PV,3,3,0.5078980419262119,237274
598.nii.img.nii.gz,1,Myocardium,1,1,1.0,1555375
598.nii.img.nii.gz,2,LA,1,1,1.0,929011
598.nii.img.nii.gz,3,LV,1,1,1.0,1720765
598.nii.img.nii.gz,4,RA,1,1,1.0,1016153
598.nii.img.nii.gz,5,RV,1,1,1.0,2159835
598.nii.img.nii.gz,6,Aorta,2,2,0.5105046492460711,1394097
598.nii.img.nii.gz,7,PA,1,1,1.0,670856
598.nii.img.nii.gz,8,LAA,1,1,1.0,93208
598.nii.img.nii.gz,9,Coronary,2,2,0.5611609061329732,65156
598.nii.img.nii.gz,10,PV,3,3,0.5697610797008936,312531
601.nii.img.nii.gz,1,Myocardium,1,1,1.0,1948247
601.nii.img.nii.gz,2,LA,1,1,1.0,775450
601.nii.img.nii.gz,3,LV,1,1,1.0,2359410
601.nii.img.nii.gz,4,RA,1,1,1.0,1135203
601.nii.img.nii.gz,5,RV,1,1,1.0,2751787
601.nii.img.nii.gz,6,Aorta,2,2,0.5907357503430944,1001182
601.nii.img.nii.gz,7,PA,2,2,0.9080236695397378,157671
601.nii.img.nii.gz,8,LAA,1,1,1.0,102421
601.nii.img.nii.gz,9,Coronary,2,2,0.7259149366987099,99761
601.nii.img.nii.gz,10,PV,3,3,0.42476723354864754,317056
6.nii.img.nii.gz,1,Myocardium,1,1,1.0,2161515
6.nii.img.nii.gz,2,LA,1,1,1.0,1367120
6.nii.img.nii.gz,3,LV,1,1,1.0,2053084
6.nii.img.nii.gz,4,RA,1,1,1.0,1602234
6.nii.img.nii.gz,5,RV,1,1,1.0,2551281
6.nii.img.nii.gz,6,Aorta,2,2,0.5126228704185452,2077697
6.nii.img.nii.gz,7,PA,1,1,1.0,1113295
6.nii.img.nii.gz,8,LAA,1,1,1.0,142139
6.nii.img.nii.gz,9,Coronary,2,2,0.6545978321692815,48251
6.nii.img.nii.gz,10,PV,2,2,0.5440004569215455,367678
60.nii.img.nii.gz,1,Myocardium,1,1,1.0,1869559
60.nii.img.nii.gz,2,LA,1,1,1.0,783723
60.nii.img.nii.gz,3,LV,1,1,1.0,1828292
60.nii.img.nii.gz,4,RA,1,1,1.0,1217876
60.nii.img.nii.gz,5,RV,1,1,1.0,2392797
60.nii.img.nii.gz,6,Aorta,2,2,0.605886829911349,1265299
60.nii.img.nii.gz,7,PA,1,1,1.0,727697
60.nii.img.nii.gz,8,LAA,1,1,1.0,123390
60.nii.img.nii.gz,9,Coronary,2,2,0.6071498374229314,112562
60.nii.img.nii.gz,10,PV,3,3,0.4355130062925898,352637
603.nii.img.nii.gz,1,Myocardium,1,1,1.0,1916760
603.nii.img.nii.gz,2,LA,1,1,1.0,1151906
603.nii.img.nii.gz,3,LV,1,1,1.0,1953336
603.nii.img.nii.gz,4,RA,1,1,1.0,1746546
603.nii.img.nii.gz,5,RV,1,1,1.0,2691449
603.nii.img.nii.gz,6,Aorta,2,2,0.6146962894926755,1280364
603.nii.img.nii.gz,7,PA,2,2,0.5207436912198147,156409
603.nii.img.nii.gz,8,LAA,1,1,1.0,66968
603.nii.img.nii.gz,9,Coronary,2,2,0.5682027976993538,98581
603.nii.img.nii.gz,10,PV,2,2,0.5020331154601784,423488
602.nii.img.nii.gz,1,Myocardium,1,1,1.0,1480516
602.nii.img.nii.gz,2,LA,1,1,1.0,715853
602.nii.img.nii.gz,3,LV,1,1,1.0,1547753
602.nii.img.nii.gz,4,RA,1,1,1.0,916130
602.nii.img.nii.gz,5,RV,1,1,1.0,1889246
602.nii.img.nii.gz,6,Aorta,2,2,0.5205661400017187,1175257
602.nii.img.nii.gz,7,PA,1,1,1.0,575216
602.nii.img.nii.gz,8,LAA,1,1,1.0,115265
602.nii.img.nii.gz,9,Coronary,2,2,0.6298007630351844,70770
602.nii.img.nii.gz,10,PV,2,2,0.505151768309663,287280
604.nii.img.nii.gz,1,Myocardium,1,1,1.0,1724425
604.nii.img.nii.gz,2,LA,1,1,1.0,1371426
604.nii.img.nii.gz,3,LV,1,1,1.0,1795808
604.nii.img.nii.gz,4,RA,1,1,1.0,1302797
604.nii.img.nii.gz,5,RV,1,1,1.0,1925583
604.nii.img.nii.gz,6,Aorta,2,2,0.5854273883518613,1700409
604.nii.img.nii.gz,7,PA,2,2,0.90465400291335,611667
604.nii.img.nii.gz,8,LAA,1,1,1.0,108086
604.nii.img.nii.gz,9,Coronary,2,2,0.5434326106888291,67622
604.nii.img.nii.gz,10,PV,3,3,0.5064968692092755,444137
605.nii.img.nii.gz,1,Myocardium,1,1,1.0,1804458
605.nii.img.nii.gz,2,LA,1,1,1.0,957765
605.nii.img.nii.gz,3,LV,1,1,1.0,1748524
605.nii.img.nii.gz,4,RA,1,1,1.0,1152160
605.nii.img.nii.gz,5,RV,1,1,1.0,2327283
605.nii.img.nii.gz,6,Aorta,1,1,1.0,1819321
605.nii.img.nii.gz,7,PA,1,1,1.0,713696
605.nii.img.nii.gz,8,LAA,1,1,1.0,122581
605.nii.img.nii.gz,9,Coronary,2,2,0.6667718794835007,69700
605.nii.img.nii.gz,10,PV,3,3,0.5647066864552414,307248
606.nii.img.nii.gz,1,Myocardium,1,1,1.0,1288604
606.nii.img.nii.gz,2,LA,1,1,1.0,874156
606.nii.img.nii.gz,3,LV,1,1,1.0,1159701
606.nii.img.nii.gz,4,RA,1,1,1.0,720374
606.nii.img.nii.gz,5,RV,1,1,1.0,1197352
606.nii.img.nii.gz,6,Aorta,2,2,0.5065988725900988,1239833
606.nii.img.nii.gz,7,PA,2,1,0.9701702753295174,388371
606.nii.img.nii.gz,8,LAA,1,1,1.0,138778
606.nii.img.nii.gz,9,Coronary,2,2,0.7393647113378159,107825
606.nii.img.nii.gz,10,PV,2,2,0.5749201611809179,272737
607.nii.img.nii.gz,1,Myocardium,1,1,1.0,2374663
607.nii.img.nii.gz,2,LA,1,1,1.0,1661603
607.nii.img.nii.gz,3,LV,1,1,1.0,2382298
607.nii.img.nii.gz,4,RA,1,1,1.0,1236808
607.nii.img.nii.gz,5,RV,1,1,1.0,2230124
607.nii.img.nii.gz,6,Aorta,2,2,0.5037639473035973,1753744
607.nii.img.nii.gz,7,PA,1,1,1.0,720241
607.nii.img.nii.gz,8,LAA,1,1,1.0,215641
607.nii.img.nii.gz,9,Coronary,2,2,0.6431664858234656,105985
607.nii.img.nii.gz,10,PV,2,2,0.5391231245561287,536473
608.nii.img.nii.gz,1,Myocardium,1,1,1.0,1629942
608.nii.img.nii.gz,2,LA,1,1,1.0,925365
608.nii.img.nii.gz,3,LV,1,1,1.0,1707328
608.nii.img.nii.gz,4,RA,1,1,1.0,1036704
608.nii.img.nii.gz,5,RV,1,1,1.0,1985700
608.nii.img.nii.gz,6,Aorta,2,2,0.6378121185322918,1058412
608.nii.img.nii.gz,7,PA,2,2,0.9431348316321081,393246
608.nii.img.nii.gz,8,LAA,1,1,1.0,151525
608.nii.img.nii.gz,9,Coronary,2,2,0.7051572885765502,63037
608.nii.img.nii.gz,10,PV,2,2,0.529547339285522,278553
610.nii.img.nii.gz,1,Myocardium,1,1,1.0,1385479
610.nii.img.nii.gz,2,LA,1,1,1.0,906314
610.nii.img.nii.gz,3,LV,1,1,1.0,1434586
610.nii.img.nii.gz,4,RA,1,1,1.0,1197611
610.nii.img.nii.gz,5,RV,1,1,1.0,1472255
610.nii.img.nii.gz,6,Aorta,2,2,0.6143470032573953,981766
610.nii.img.nii.gz,7,PA,2,2,0.594579713992164,203421
610.nii.img.nii.gz,8,LAA,1,1,1.0,135405
610.nii.img.nii.gz,9,Coronary,3,2,0.5992831645238994,68914
610.nii.img.nii.gz,10,PV,3,3,0.5278530777295193,267080
609.nii.img.nii.gz,1,Myocardium,1,1,1.0,2345837
609.nii.img.nii.gz,2,LA,1,1,1.0,1087899
609.nii.img.nii.gz,3,LV,1,1,1.0,2698702
609.nii.img.nii.gz,4,RA,1,1,1.0,1357947
609.nii.img.nii.gz,5,RV,1,1,1.0,3436030
609.nii.img.nii.gz,6,Aorta,2,2,0.6975620019863311,917269
609.nii.img.nii.gz,7,PA,2,2,0.596408100878869,52340
609.nii.img.nii.gz,8,LAA,1,1,1.0,76735
609.nii.img.nii.gz,9,Coronary,2,2,0.5707557748374075,124852
609.nii.img.nii.gz,10,PV,2,2,0.5881946674033645,267862
611.nii.img.nii.gz,1,Myocardium,1,1,1.0,1946758
611.nii.img.nii.gz,2,LA,1,1,1.0,1145202
611.nii.img.nii.gz,3,LV,1,1,1.0,1771525
611.nii.img.nii.gz,4,RA,1,1,1.0,1069641
611.nii.img.nii.gz,5,RV,1,1,1.0,1951340
611.nii.img.nii.gz,6,Aorta,2,2,0.5188073834374689,1063678
611.nii.img.nii.gz,7,PA,2,2,0.9494802111426135,433830
611.nii.img.nii.gz,8,LAA,1,1,1.0,156344
611.nii.img.nii.gz,9,Coronary,2,2,0.5817115471178542,75534
611.nii.img.nii.gz,10,PV,2,2,0.5461504443079899,314309
61.nii.img.nii.gz,1,Myocardium,1,1,1.0,1607689
61.nii.img.nii.gz,2,LA,1,1,1.0,1058311
61.nii.img.nii.gz,3,LV,1,1,1.0,1756481
61.nii.img.nii.gz,4,RA,1,1,1.0,1015942
61.nii.img.nii.gz,5,RV,1,1,1.0,2246033
61.nii.img.nii.gz,6,Aorta,1,1,1.0,1217042
61.nii.img.nii.gz,7,PA,1,1,1.0,661366
61.nii.img.nii.gz,8,LAA,1,1,1.0,111216
61.nii.img.nii.gz,9,Coronary,2,2,0.5247233805036609,60914
61.nii.img.nii.gz,10,PV,2,2,0.5649192257741706,271807
612.nii.img.nii.gz,1,Myocardium,1,1,1.0,2124510
612.nii.img.nii.gz,2,LA,1,1,1.0,1333964
612.nii.img.nii.gz,3,LV,1,1,1.0,2316860
612.nii.img.nii.gz,4,RA,1,1,1.0,1323669
612.nii.img.nii.gz,5,RV,1,1,1.0,2265227
612.nii.img.nii.gz,6,Aorta,2,2,0.539819428699893,1886014
612.nii.img.nii.gz,7,PA,1,1,1.0,786864
612.nii.img.nii.gz,8,LAA,1,1,1.0,197455
612.nii.img.nii.gz,9,Coronary,2,2,0.6851940103840076,119607
612.nii.img.nii.gz,10,PV,2,2,0.52939888767995,461378
614.nii.img.nii.gz,1,Myocardium,1,1,1.0,2573256
614.nii.img.nii.gz,2,LA,1,1,1.0,1345147
614.nii.img.nii.gz,3,LV,1,1,1.0,2597112
614.nii.img.nii.gz,4,RA,1,1,1.0,1441686
614.nii.img.nii.gz,5,RV,1,1,1.0,3103881
614.nii.img.nii.gz,6,Aorta,2,2,0.5403360769497028,1505191
614.nii.img.nii.gz,7,PA,1,1,1.0,830687
614.nii.img.nii.gz,8,LAA,1,1,1.0,119714
614.nii.img.nii.gz,9,Coronary,2,2,0.6133118796174591,88252
614.nii.img.nii.gz,10,PV,2,2,0.5101952630317965,467472
616.nii.img.nii.gz,1,Myocardium,1,1,1.0,1859207
616.nii.img.nii.gz,2,LA,1,1,1.0,866941
616.nii.img.nii.gz,3,LV,1,1,1.0,1573061
616.nii.img.nii.gz,4,RA,1,1,1.0,1293680
616.nii.img.nii.gz,5,RV,1,1,1.0,2283744
616.nii.img.nii.gz,6,Aorta,2,2,0.5004030681305459,1662250
616.nii.img.nii.gz,7,PA,2,2,0.9424826701356095,561170
616.nii.img.nii.gz,8,LAA,1,1,1.0,126692
616.nii.img.nii.gz,9,Coronary,2,2,0.5492974405071676,84548
616.nii.img.nii.gz,10,PV,3,3,0.5185956211743893,281491
615.nii.img.nii.gz,1,Myocardium,1,1,1.0,2473416
615.nii.img.nii.gz,2,LA,1,1,1.0,1267669
615.nii.img.nii.gz,3,LV,1,1,1.0,2312432
615.nii.img.nii.gz,4,RA,1,1,1.0,1654307
615.nii.img.nii.gz,5,RV,1,1,1.0,2917540
615.nii.img.nii.gz,6,Aorta,2,2,0.6402963382487059,1680917
615.nii.img.nii.gz,7,PA,2,2,0.908024958664672,508040
615.nii.img.nii.gz,8,LAA,1,1,1.0,152779
615.nii.img.nii.gz,9,Coronary,2,2,0.8767203030513658,115096
615.nii.img.nii.gz,10,PV,2,2,0.5458500549209927,417873
613.nii.img.nii.gz,1,Myocardium,1,1,1.0,1733380
613.nii.img.nii.gz,2,LA,1,1,1.0,1119193
613.nii.img.nii.gz,3,LV,1,1,1.0,1735245
613.nii.img.nii.gz,4,RA,1,1,1.0,926921
613.nii.img.nii.gz,5,RV,1,1,1.0,1912108
613.nii.img.nii.gz,6,Aorta,2,2,0.5984771003552519,1825465
613.nii.img.nii.gz,7,PA,2,1,0.9967979329650387,849139
613.nii.img.nii.gz,8,LAA,1,1,1.0,131541
613.nii.img.nii.gz,9,Coronary,2,2,0.5107367300567031,48851
613.nii.img.nii.gz,10,PV,2,2,0.5123893927472012,362205
617.nii.img.nii.gz,1,Myocardium,1,1,1.0,1674488
617.nii.img.nii.gz,2,LA,1,1,1.0,1093446
617.nii.img.nii.gz,3,LV,1,1,1.0,1783869
617.nii.img.nii.gz,4,RA,1,1,1.0,1255166
617.nii.img.nii.gz,5,RV,1,1,1.0,2309432
617.nii.img.nii.gz,6,Aorta,2,2,0.5185531575542516,2191918
617.nii.img.nii.gz,7,PA,1,1,1.0,928914
617.nii.img.nii.gz,8,LAA,1,1,1.0,138890
617.nii.img.nii.gz,9,Coronary,2,2,0.5144653335952781,117073
617.nii.img.nii.gz,10,PV,2,2,0.5311560189999719,391369
618.nii.img.nii.gz,1,Myocardium,1,1,1.0,1708070
618.nii.img.nii.gz,2,LA,1,1,1.0,1286023
618.nii.img.nii.gz,3,LV,1,1,1.0,2152835
618.nii.img.nii.gz,4,RA,1,1,1.0,1343148
618.nii.img.nii.gz,5,RV,1,1,1.0,2461082
618.nii.img.nii.gz,6,Aorta,2,2,0.53606441244692,1235165
618.nii.img.nii.gz,7,PA,2,1,0.9505516895798034,512879
618.nii.img.nii.gz,8,LAA,1,1,1.0,204473
618.nii.img.nii.gz,9,Coronary,2,2,0.7305283676177837,96448
618.nii.img.nii.gz,10,PV,2,2,0.5506478261250449,342453
62.nii.img.nii.gz,1,Myocardium,1,1,1.0,1860920
62.nii.img.nii.gz,2,LA,1,1,1.0,1207902
62.nii.img.nii.gz,3,LV,1,1,1.0,1585875
62.nii.img.nii.gz,4,RA,1,1,1.0,1274980
62.nii.img.nii.gz,5,RV,1,1,1.0,1778068
62.nii.img.nii.gz,6,Aorta,2,2,0.5876363831106369,1456467
62.nii.img.nii.gz,7,PA,1,1,1.0,346872
62.nii.img.nii.gz,8,LAA,1,1,1.0,125008
62.nii.img.nii.gz,9,Coronary,2,2,0.5824396996965018,93905
62.nii.img.nii.gz,10,PV,3,3,0.42218838153693544,258072
619.nii.img.nii.gz,1,Myocardium,1,1,1.0,1947622
619.nii.img.nii.gz,2,LA,1,1,1.0,1438709
619.nii.img.nii.gz,3,LV,1,1,1.0,2226556
619.nii.img.nii.gz,4,RA,1,1,1.0,1192430
619.nii.img.nii.gz,5,RV,1,1,1.0,2272495
619.nii.img.nii.gz,6,Aorta,2,2,0.5301487043513026,1740904
619.nii.img.nii.gz,7,PA,1,1,1.0,969375
619.nii.img.nii.gz,8,LAA,1,1,1.0,211542
619.nii.img.nii.gz,9,Coronary,2,2,0.7613881287385271,123879
619.nii.img.nii.gz,10,PV,3,3,0.47944620389765585,440162
620.nii.img.nii.gz,1,Myocardium,1,1,1.0,1827512
620.nii.img.nii.gz,2,LA,1,1,1.0,1078064
620.nii.img.nii.gz,3,LV,1,1,1.0,2002269
620.nii.img.nii.gz,4,RA,1,1,1.0,1083467
620.nii.img.nii.gz,5,RV,1,1,1.0,2308027
620.nii.img.nii.gz,6,Aorta,2,2,0.5015121293876368,1421836
620.nii.img.nii.gz,7,PA,1,1,1.0,943649
620.nii.img.nii.gz,8,LAA,1,1,1.0,134745
620.nii.img.nii.gz,9,Coronary,2,2,0.5916967384161316,86737
620.nii.img.nii.gz,10,PV,2,2,0.559270458455331,417358
621.nii.img.nii.gz,1,Myocardium,1,1,1.0,2441888
621.nii.img.nii.gz,2,LA,1,1,1.0,1199114
621.nii.img.nii.gz,3,LV,1,1,1.0,1985072
621.nii.img.nii.gz,4,RA,1,1,1.0,1207388
621.nii.img.nii.gz,5,RV,1,1,1.0,2198196
621.nii.img.nii.gz,6,Aorta,2,2,0.5123142690985271,1470205
621.nii.img.nii.gz,7,PA,1,1,1.0,903213
621.nii.img.nii.gz,8,LAA,1,1,1.0,107259
621.nii.img.nii.gz,9,Coronary,2,2,0.6846542611632184,86467
621.nii.img.nii.gz,10,PV,3,3,0.551026480214222,376432
625.nii.img.nii.gz,1,Myocardium,1,1,1.0,1633342
625.nii.img.nii.gz,2,LA,1,1,1.0,866185
625.nii.img.nii.gz,3,LV,1,1,1.0,1655709
625.nii.img.nii.gz,4,RA,1,1,1.0,1181460
625.nii.img.nii.gz,5,RV,1,1,1.0,2024446
625.nii.img.nii.gz,6,Aorta,2,2,0.5101930275273776,1321884
625.nii.img.nii.gz,7,PA,2,1,0.985442000208513,422036
625.nii.img.nii.gz,8,LAA,1,1,1.0,153811
625.nii.img.nii.gz,9,Coronary,2,2,0.5913876364635068,87386
625.nii.img.nii.gz,10,PV,2,2,0.5397823604105926,281934
623.nii.img.nii.gz,1,Myocardium,1,1,1.0,1726538
623.nii.img.nii.gz,2,LA,1,1,1.0,1477288
623.nii.img.nii.gz,3,LV,1,1,1.0,1791961
623.nii.img.nii.gz,4,RA,1,1,1.0,1166834
623.nii.img.nii.gz,5,RV,1,1,1.0,1763874
623.nii.img.nii.gz,6,Aorta,2,2,0.513712372239303,2284251
623.nii.img.nii.gz,7,PA,2,2,0.9382193292119151,862001
623.nii.img.nii.gz,8,LAA,1,1,1.0,507930
623.nii.img.nii.gz,9,Coronary,2,2,0.5251565136915456,91845
623.nii.img.nii.gz,10,PV,2,2,0.5517155081295942,375603
622.nii.img.nii.gz,1,Myocardium,1,1,1.0,1875967
622.nii.img.nii.gz,2,LA,1,1,1.0,896445
622.nii.img.nii.gz,3,LV,1,1,1.0,1781596
622.nii.img.nii.gz,4,RA,1,1,1.0,1117336
622.nii.img.nii.gz,5,RV,1,1,1.0,2388520
622.nii.img.nii.gz,6,Aorta,2,2,0.59237010773867,1048927
622.nii.img.nii.gz,7,PA,2,1,0.9794139304711333,437286
622.nii.img.nii.gz,8,LAA,1,1,1.0,197521
622.nii.img.nii.gz,9,Coronary,2,2,0.8810295998538279,87568
622.nii.img.nii.gz,10,PV,2,2,0.5075772304143669,303475
626.nii.img.nii.gz,1,Myocardium,1,1,1.0,1823925
626.nii.img.nii.gz,2,LA,1,1,1.0,815044
626.nii.img.nii.gz,3,LV,1,1,1.0,1929574
626.nii.img.nii.gz,4,RA,1,1,1.0,1190658
626.nii.img.nii.gz,5,RV,1,1,1.0,2524035
626.nii.img.nii.gz,6,Aorta,2,2,0.5441997658443197,1475087
626.nii.img.nii.gz,7,PA,1,1,1.0,610908
626.nii.img.nii.gz,8,LAA,1,1,1.0,81759
626.nii.img.nii.gz,9,Coronary,2,2,0.7698665883811201,153285
626.nii.img.nii.gz,10,PV,3,3,0.4941019363454262,211171
624.nii.img.nii.gz,1,Myocardium,1,1,1.0,1942879
624.nii.img.nii.gz,2,LA,1,1,1.0,1072162
624.nii.img.nii.gz,3,LV,1,1,1.0,1998638
624.nii.img.nii.gz,4,RA,1,1,1.0,1519487
624.nii.img.nii.gz,5,RV,1,1,1.0,2423443
624.nii.img.nii.gz,6,Aorta,2,2,0.5434304384348706,1723768
624.nii.img.nii.gz,7,PA,1,1,1.0,859872
624.nii.img.nii.gz,8,LAA,1,1,1.0,125395
624.nii.img.nii.gz,9,Coronary,2,2,0.5923534266674818,130856
624.nii.img.nii.gz,10,PV,2,2,0.5370825926866429,504064
628.nii.img.nii.gz,1,Myocardium,1,1,1.0,1617395
628.nii.img.nii.gz,2,LA,1,1,1.0,949991
628.nii.img.nii.gz,3,LV,1,1,1.0,1469442
628.nii.img.nii.gz,4,RA,1,1,1.0,1174896
628.nii.img.nii.gz,5,RV,1,1,1.0,2004555
628.nii.img.nii.gz,6,Aorta,2,2,0.5971443357256382,1628973
628.nii.img.nii.gz,7,PA,1,1,1.0,718520
628.nii.img.nii.gz,8,LAA,1,1,1.0,77728
628.nii.img.nii.gz,9,Coronary,2,2,0.6765378503042754,51598
628.nii.img.nii.gz,10,PV,2,2,0.5325749006879443,366018
63.nii.img.nii.gz,1,Myocardium,1,1,1.0,1382013
63.nii.img.nii.gz,2,LA,1,1,1.0,967391
63.nii.img.nii.gz,3,LV,1,1,1.0,1411119
63.nii.img.nii.gz,4,RA,1,1,1.0,1397540
63.nii.img.nii.gz,5,RV,1,1,1.0,1947923
63.nii.img.nii.gz,6,Aorta,2,2,0.5550454873118067,847599
63.nii.img.nii.gz,7,PA,2,2,0.6621948348304839,220864
63.nii.img.nii.gz,8,LAA,1,1,1.0,103830
63.nii.img.nii.gz,9,Coronary,2,2,0.628960681636638,67602
63.nii.img.nii.gz,10,PV,2,2,0.5203740324312108,353980
629.nii.img.nii.gz,1,Myocardium,1,1,1.0,1624771
629.nii.img.nii.gz,2,LA,1,1,1.0,1196802
629.nii.img.nii.gz,3,LV,1,1,1.0,1948028
629.nii.img.nii.gz,4,RA,1,1,1.0,1570346
629.nii.img.nii.gz,5,RV,1,1,1.0,2402462
629.nii.img.nii.gz,6,Aorta,2,2,0.504328782933405,1310068
629.nii.img.nii.gz,7,PA,1,1,1.0,820804
629.nii.img.nii.gz,8,LAA,1,1,1.0,165954
629.nii.img.nii.gz,9,Coronary,2,2,0.7480639396346307,80576
629.nii.img.nii.gz,10,PV,2,2,0.5078335032909984,312823
627.nii.img.nii.gz,1,Myocardium,1,1,1.0,1917171
627.nii.img.nii.gz,2,LA,1,1,1.0,918552
627.nii.img.nii.gz,3,LV,1,1,1.0,1829141
627.nii.img.nii.gz,4,RA,1,1,1.0,1412721
627.nii.img.nii.gz,5,RV,1,1,1.0,2281899
627.nii.img.nii.gz,6,Aorta,2,2,0.5381703156637686,1952774
627.nii.img.nii.gz,7,PA,1,1,1.0,922883
627.nii.img.nii.gz,8,LAA,1,1,1.0,160244
627.nii.img.nii.gz,9,Coronary,2,2,0.5271260604893496,93471
627.nii.img.nii.gz,10,PV,2,2,0.5365267336139816,349429
632.nii.img.nii.gz,1,Myocardium,1,1,1.0,1584820
632.nii.img.nii.gz,2,LA,1,1,1.0,1584695
632.nii.img.nii.gz,3,LV,1,1,1.0,1553675
632.nii.img.nii.gz,4,RA,1,1,1.0,1195911
632.nii.img.nii.gz,5,RV,1,1,1.0,1739968
632.nii.img.nii.gz,6,Aorta,2,2,0.5360931902023014,1354563
632.nii.img.nii.gz,7,PA,2,2,0.7615777509996166,292112
632.nii.img.nii.gz,8,LAA,1,1,1.0,249304
632.nii.img.nii.gz,9,Coronary,2,2,0.5786196831673845,84966
632.nii.img.nii.gz,10,PV,2,2,0.6381799907868839,238790
630.nii.img.nii.gz,1,Myocardium,1,1,1.0,1634274
630.nii.img.nii.gz,2,LA,1,1,1.0,1077398
630.nii.img.nii.gz,3,LV,1,1,1.0,1725332
630.nii.img.nii.gz,4,RA,1,1,1.0,981685
630.nii.img.nii.gz,5,RV,1,1,1.0,1555418
630.nii.img.nii.gz,6,Aorta,2,2,0.5190262000423298,1124502
630.nii.img.nii.gz,7,PA,1,1,1.0,718470
630.nii.img.nii.gz,8,LAA,1,1,1.0,144338
630.nii.img.nii.gz,9,Coronary,2,2,0.8712073454844457,36485
630.nii.img.nii.gz,10,PV,2,2,0.5333376154046389,295807
631.nii.img.nii.gz,1,Myocardium,1,1,1.0,1696255
631.nii.img.nii.gz,2,LA,1,1,1.0,1277145
631.nii.img.nii.gz,3,LV,1,1,1.0,1858294
631.nii.img.nii.gz,4,RA,1,1,1.0,1456608
631.nii.img.nii.gz,5,RV,1,1,1.0,2515249
631.nii.img.nii.gz,6,Aorta,2,2,0.5869706926632601,2190646
631.nii.img.nii.gz,7,PA,1,1,1.0,855028
631.nii.img.nii.gz,8,LAA,1,1,1.0,87055
631.nii.img.nii.gz,9,Coronary,2,2,0.5309960878724045,66460
631.nii.img.nii.gz,10,PV,2,2,0.5063777856659818,385949
638.nii.img.nii.gz,1,Myocardium,1,1,1.0,1322773
638.nii.img.nii.gz,2,LA,1,1,1.0,1226670
638.nii.img.nii.gz,3,LV,1,1,1.0,1520251
638.nii.img.nii.gz,4,RA,1,1,1.0,1556258
638.nii.img.nii.gz,5,RV,1,1,1.0,1874980
638.nii.img.nii.gz,6,Aorta,2,2,0.62706286975363,1170881
638.nii.img.nii.gz,7,PA,2,2,0.7655042378752192,166003
638.nii.img.nii.gz,8,LAA,1,1,1.0,122922
638.nii.img.nii.gz,9,Coronary,2,2,0.505405709569719,133285
638.nii.img.nii.gz,10,PV,2,2,0.5678681505845954,255989
634.nii.img.nii.gz,1,Myocardium,1,1,1.0,1813008
634.nii.img.nii.gz,2,LA,1,1,1.0,1487038
634.nii.img.nii.gz,3,LV,1,1,1.0,1859968
634.nii.img.nii.gz,4,RA,1,1,1.0,2102957
634.nii.img.nii.gz,5,RV,1,1,1.0,2294848
634.nii.img.nii.gz,6,Aorta,2,2,0.5241513991637365,1752797
634.nii.img.nii.gz,7,PA,1,1,1.0,1239110
634.nii.img.nii.gz,8,LAA,1,1,1.0,219714
634.nii.img.nii.gz,9,Coronary,2,2,0.5100680635679142,63617
634.nii.img.nii.gz,10,PV,2,2,0.6369947737441631,348433
633.nii.img.nii.gz,1,Myocardium,1,1,1.0,1684726
633.nii.img.nii.gz,2,LA,1,1,1.0,830376
633.nii.img.nii.gz,3,LV,1,1,1.0,1805841
633.nii.img.nii.gz,4,RA,1,1,1.0,1005782
633.nii.img.nii.gz,5,RV,1,1,1.0,2146855
633.nii.img.nii.gz,6,Aorta,2,2,0.5082879731316866,1388699
633.nii.img.nii.gz,7,PA,1,1,1.0,627216
633.nii.img.nii.gz,8,LAA,1,1,1.0,119507
633.nii.img.nii.gz,9,Coronary,2,2,0.5585054080629301,78309
633.nii.img.nii.gz,10,PV,2,2,0.5207929632584825,315828
635.nii.img.nii.gz,1,Myocardium,1,1,1.0,1744543
635.nii.img.nii.gz,2,LA,1,1,1.0,763516
635.nii.img.nii.gz,3,LV,1,1,1.0,1942806
635.nii.img.nii.gz,4,RA,1,1,1.0,1232162
635.nii.img.nii.gz,5,RV,1,1,1.0,2286671
635.nii.img.nii.gz,6,Aorta,2,2,0.5795395373391687,1110014
635.nii.img.nii.gz,7,PA,2,1,0.9503227583274547,413932
635.nii.img.nii.gz,8,LAA,1,1,1.0,141897
635.nii.img.nii.gz,9,Coronary,2,2,0.5076480340329694,63938
635.nii.img.nii.gz,10,PV,3,3,0.5268977959224745,278257
636.nii.img.nii.gz,1,Myocardium,1,1,1.0,1632971
636.nii.img.nii.gz,2,LA,1,1,1.0,1209967
636.nii.img.nii.gz,3,LV,1,1,1.0,1415541
636.nii.img.nii.gz,4,RA,1,1,1.0,1646284
636.nii.img.nii.gz,5,RV,1,1,1.0,2064183
636.nii.img.nii.gz,6,Aorta,2,2,0.559964531535328,1708560
636.nii.img.nii.gz,7,PA,1,1,1.0,1204523
636.nii.img.nii.gz,8,LAA,1,1,1.0,140230
636.nii.img.nii.gz,9,Coronary,2,2,0.6597339924670433,84960
636.nii.img.nii.gz,10,PV,2,2,0.5056985897015415,390272
637.nii.img.nii.gz,1,Myocardium,1,1,1.0,1612393
637.nii.img.nii.gz,2,LA,1,1,1.0,1327459
637.nii.img.nii.gz,3,LV,1,1,1.0,1544560
637.nii.img.nii.gz,4,RA,1,1,1.0,1223934
637.nii.img.nii.gz,5,RV,1,1,1.0,2022069
637.nii.img.nii.gz,6,Aorta,2,2,0.534585113754833,1613382
637.nii.img.nii.gz,7,PA,1,1,1.0,1295882
637.nii.img.nii.gz,8,LAA,1,1,1.0,151004
637.nii.img.nii.gz,9,Coronary,2,2,0.5219753007524803,125186
637.nii.img.nii.gz,10,PV,2,2,0.5436209256033839,385824
639.nii.img.nii.gz,1,Myocardium,1,1,1.0,2406462
639.nii.img.nii.gz,2,LA,1,1,1.0,1026327
639.nii.img.nii.gz,3,LV,1,1,1.0,1590789
639.nii.img.nii.gz,4,RA,1,1,1.0,1272971
639.nii.img.nii.gz,5,RV,1,1,1.0,2330124
639.nii.img.nii.gz,6,Aorta,2,2,0.6201724699369665,1719720
639.nii.img.nii.gz,7,PA,2,1,0.9588139960383537,449813
639.nii.img.nii.gz,8,LAA,1,1,1.0,174147
639.nii.img.nii.gz,9,Coronary,2,2,0.6284627345601667,132482
639.nii.img.nii.gz,10,PV,3,3,0.4937808768944964,268607
640.nii.img.nii.gz,1,Myocardium,1,1,1.0,2938576
640.nii.img.nii.gz,2,LA,1,1,1.0,1159930
640.nii.img.nii.gz,3,LV,1,1,1.0,2466391
640.nii.img.nii.gz,4,RA,1,1,1.0,1038471
640.nii.img.nii.gz,5,RV,1,1,1.0,1811365
640.nii.img.nii.gz,6,Aorta,2,2,0.5193781248451742,1897294
640.nii.img.nii.gz,7,PA,1,1,1.0,888538
640.nii.img.nii.gz,8,LAA,1,1,1.0,130097
640.nii.img.nii.gz,9,Coronary,2,2,0.5633190299406972,103705
640.nii.img.nii.gz,10,PV,3,3,0.5515877092121264,301787
641.nii.img.nii.gz,1,Myocardium,1,1,1.0,1605312
641.nii.img.nii.gz,2,LA,1,1,1.0,1024964
641.nii.img.nii.gz,3,LV,1,1,1.0,1539023
641.nii.img.nii.gz,4,RA,1,1,1.0,1155422
641.nii.img.nii.gz,5,RV,1,1,1.0,1900065
641.nii.img.nii.gz,6,Aorta,2,2,0.5208022709557556,1619054
641.nii.img.nii.gz,7,PA,1,1,1.0,589571
641.nii.img.nii.gz,8,LAA,1,1,1.0,151287
641.nii.img.nii.gz,9,Coronary,2,2,0.6320799325671759,48641
641.nii.img.nii.gz,10,PV,2,2,0.5168781200112414,345151
64.nii.img.nii.gz,1,Myocardium,1,1,1.0,1206769
64.nii.img.nii.gz,2,LA,1,1,1.0,1118829
64.nii.img.nii.gz,3,LV,1,1,1.0,1230230
64.nii.img.nii.gz,4,RA,1,1,1.0,939328
64.nii.img.nii.gz,5,RV,1,1,1.0,1305488
64.nii.img.nii.gz,6,Aorta,2,2,0.5026526381169001,1738835
64.nii.img.nii.gz,7,PA,1,1,1.0,935054
64.nii.img.nii.gz,8,LAA,1,1,1.0,123517
64.nii.img.nii.gz,9,Coronary,2,2,0.6930881579277,119751
64.nii.img.nii.gz,10,PV,2,2,0.5642754074456613,329185
643.nii.img.nii.gz,1,Myocardium,1,1,1.0,1505966
643.nii.img.nii.gz,2,LA,1,1,1.0,1721926
643.nii.img.nii.gz,3,LV,1,1,1.0,1799291
643.nii.img.nii.gz,4,RA,1,1,1.0,1672267
643.nii.img.nii.gz,5,RV,1,1,1.0,2118091
643.nii.img.nii.gz,6,Aorta,2,2,0.5253162095306253,2056864
643.nii.img.nii.gz,7,PA,1,1,1.0,1528855
643.nii.img.nii.gz,8,LAA,1,1,1.0,189612
643.nii.img.nii.gz,9,Coronary,2,2,0.6719642113465077,74437
643.nii.img.nii.gz,10,PV,2,2,0.5295639711045488,415844
644.nii.img.nii.gz,1,Myocardium,1,1,1.0,2135059
644.nii.img.nii.gz,2,LA,1,1,1.0,1464768
644.nii.img.nii.gz,3,LV,1,1,1.0,2460921
644.nii.img.nii.gz,4,RA,1,1,1.0,2156376
644.nii.img.nii.gz,5,RV,1,1,1.0,3517905
644.nii.img.nii.gz,6,Aorta,2,2,0.6411008265207305,1776120
644.nii.img.nii.gz,7,PA,1,1,1.0,609878
644.nii.img.nii.gz,8,LAA,1,1,1.0,200010
644.nii.img.nii.gz,9,Coronary,2,2,0.5440747897843005,95735
644.nii.img.nii.gz,10,PV,2,2,0.5560473024412526,394060
645.nii.img.nii.gz,1,Myocardium,1,1,1.0,1905660
645.nii.img.nii.gz,2,LA,1,1,1.0,1015952
645.nii.img.nii.gz,3,LV,1,1,1.0,2185771
645.nii.img.nii.gz,4,RA,1,1,1.0,1528723
645.nii.img.nii.gz,5,RV,1,1,1.0,3059297
645.nii.img.nii.gz,6,Aorta,2,2,0.604267798090722,1121890
645.nii.img.nii.gz,7,PA,2,2,0.6596301047378734,141878
645.nii.img.nii.gz,8,LAA,1,1,1.0,86864
645.nii.img.nii.gz,9,Coronary,2,2,0.514952145836627,82229
645.nii.img.nii.gz,10,PV,2,2,0.5439271383220228,331697
642.nii.img.nii.gz,1,Myocardium,1,1,1.0,2166415
642.nii.img.nii.gz,2,LA,1,1,1.0,1430764
642.nii.img.nii.gz,3,LV,1,1,1.0,2085300
642.nii.img.nii.gz,4,RA,1,1,1.0,1387773
642.nii.img.nii.gz,5,RV,1,1,1.0,2635282
642.nii.img.nii.gz,6,Aorta,2,2,0.545724623173846,2207782
642.nii.img.nii.gz,7,PA,1,1,1.0,1082437
642.nii.img.nii.gz,8,LAA,1,1,1.0,171856
642.nii.img.nii.gz,9,Coronary,2,2,0.8663556469285859,88526
642.nii.img.nii.gz,10,PV,2,2,0.5474317180414758,436206
65.nii.img.nii.gz,1,Myocardium,1,1,1.0,1686192
65.nii.img.nii.gz,2,LA,1,1,1.0,1079406
65.nii.img.nii.gz,3,LV,1,1,1.0,1865557
65.nii.img.nii.gz,4,RA,1,1,1.0,1072721
65.nii.img.nii.gz,5,RV,1,1,1.0,2132209
65.nii.img.nii.gz,6,Aorta,2,2,0.5216555597338707,1098263
65.nii.img.nii.gz,7,PA,2,2,0.8721188730025655,397197
65.nii.img.nii.gz,8,LAA,1,1,1.0,106860
65.nii.img.nii.gz,9,Coronary,2,2,0.770758906213482,59902
65.nii.img.nii.gz,10,PV,2,2,0.5894315880754808,433594
650.nii.img.nii.gz,1,Myocardium,1,1,1.0,1386055
650.nii.img.nii.gz,2,LA,1,1,1.0,1025859
650.nii.img.nii.gz,3,LV,1,1,1.0,1368078
650.nii.img.nii.gz,4,RA,1,1,1.0,1257455
650.nii.img.nii.gz,5,RV,1,1,1.0,1864198
650.nii.img.nii.gz,6,Aorta,2,2,0.5344014833569467,1643839
650.nii.img.nii.gz,7,PA,2,1,0.9784666964266204,640682
650.nii.img.nii.gz,8,LAA,1,1,1.0,106159
650.nii.img.nii.gz,9,Coronary,2,2,0.5907283932440107,95086
650.nii.img.nii.gz,10,PV,2,2,0.5102548423875312,313998
647.nii.img.nii.gz,1,Myocardium,1,1,1.0,1921622
647.nii.img.nii.gz,2,LA,1,1,1.0,1536958
647.nii.img.nii.gz,3,LV,1,1,1.0,2406192
647.nii.img.nii.gz,4,RA,1,1,1.0,1192744
647.nii.img.nii.gz,5,RV,1,1,1.0,2540274
647.nii.img.nii.gz,6,Aorta,2,2,0.6094587082511244,1716154
647.nii.img.nii.gz,7,PA,2,1,0.9876256530905313,392748
647.nii.img.nii.gz,8,LAA,1,1,1.0,175458
647.nii.img.nii.gz,9,Coronary,2,2,0.7087853522194325,84436
647.nii.img.nii.gz,10,PV,2,2,0.6797034187602776,376423
648.nii.img.nii.gz,1,Myocardium,1,1,1.0,2204456
648.nii.img.nii.gz,2,LA,1,1,1.0,860848
648.nii.img.nii.gz,3,LV,1,1,1.0,1951716
648.nii.img.nii.gz,4,RA,1,1,1.0,1233784
648.nii.img.nii.gz,5,RV,1,1,1.0,2499200
648.nii.img.nii.gz,6,Aorta,2,2,0.5642666565266714,1577910
648.nii.img.nii.gz,7,PA,1,1,1.0,665025
648.nii.img.nii.gz,8,LAA,1,1,1.0,89712
648.nii.img.nii.gz,9,Coronary,1,1,1.0,72803
648.nii.img.nii.gz,10,PV,3,3,0.45123765770707625,291680
646.nii.img.nii.gz,1,Myocardium,1,1,1.0,2055313
646.nii.img.nii.gz,2,LA,1,1,1.0,1010110
646.nii.img.nii.gz,3,LV,1,1,1.0,1620054
646.nii.img.nii.gz,4,RA,1,1,1.0,1038705
646.nii.img.nii.gz,5,RV,1,1,1.0,1899373
646.nii.img.nii.gz,6,Aorta,2,2,0.5208258221819797,1578209
646.nii.img.nii.gz,7,PA,1,1,1.0,788471
646.nii.img.nii.gz,8,LAA,1,1,1.0,109481
646.nii.img.nii.gz,9,Coronary,2,2,0.5683179297597043,81150
646.nii.img.nii.gz,10,PV,2,2,0.5701388245852713,280786
649.nii.img.nii.gz,1,Myocardium,1,1,1.0,1725920
649.nii.img.nii.gz,2,LA,1,1,1.0,1178290
649.nii.img.nii.gz,3,LV,1,1,1.0,1799455
649.nii.img.nii.gz,4,RA,1,1,1.0,1130780
649.nii.img.nii.gz,5,RV,1,1,1.0,2303214
649.nii.img.nii.gz,6,Aorta,2,2,0.5312383679409177,1485657
649.nii.img.nii.gz,7,PA,1,1,1.0,779777
649.nii.img.nii.gz,8,LAA,1,1,1.0,131237
649.nii.img.nii.gz,9,Coronary,2,2,0.627027831522548,67190
649.nii.img.nii.gz,10,PV,2,2,0.6237125337232263,384379
651.nii.img.nii.gz,1,Myocardium,1,1,1.0,1497571
651.nii.img.nii.gz,2,LA,1,1,1.0,1460932
651.nii.img.nii.gz,3,LV,1,1,1.0,1838871
651.nii.img.nii.gz,4,RA,1,1,1.0,1908786
651.nii.img.nii.gz,5,RV,1,1,1.0,2143154
651.nii.img.nii.gz,6,Aorta,2,2,0.5244544562006309,1587911
651.nii.img.nii.gz,7,PA,1,1,1.0,1082498
651.nii.img.nii.gz,8,LAA,1,1,1.0,144626
651.nii.img.nii.gz,9,Coronary,2,2,0.6502581755593804,66815
651.nii.img.nii.gz,10,PV,2,2,0.6163460178940757,304123
652.nii.img.nii.gz,1,Myocardium,1,1,1.0,1804650
652.nii.img.nii.gz,2,LA,1,1,1.0,1044165
652.nii.img.nii.gz,3,LV,1,1,1.0,1920104
652.nii.img.nii.gz,4,RA,1,1,1.0,1269048
652.nii.img.nii.gz,5,RV,1,1,1.0,2653203
652.nii.img.nii.gz,6,Aorta,2,2,0.5154438120011156,1556222
652.nii.img.nii.gz,7,PA,1,1,1.0,755566
652.nii.img.nii.gz,8,LAA,1,1,1.0,65351
652.nii.img.nii.gz,9,Coronary,2,2,0.5339645393238355,67173
652.nii.img.nii.gz,10,PV,3,3,0.5095900677709553,408287
653.nii.img.nii.gz,1,Myocardium,1,1,1.0,1561614
653.nii.img.nii.gz,2,LA,1,1,1.0,988310
653.nii.img.nii.gz,3,LV,1,1,1.0,1431293
653.nii.img.nii.gz,4,RA,1,1,1.0,946872
653.nii.img.nii.gz,5,RV,1,1,1.0,1597241
653.nii.img.nii.gz,6,Aorta,1,1,1.0,1702985
653.nii.img.nii.gz,7,PA,1,1,1.0,867852
653.nii.img.nii.gz,8,LAA,1,1,1.0,143485
653.nii.img.nii.gz,9,Coronary,3,3,0.49157682329201496,86725
653.nii.img.nii.gz,10,PV,2,2,0.502405928806946,320874
655.nii.img.nii.gz,1,Myocardium,1,1,1.0,1349599
655.nii.img.nii.gz,2,LA,1,1,1.0,670243
655.nii.img.nii.gz,3,LV,1,1,1.0,1414982
655.nii.img.nii.gz,4,RA,1,1,1.0,1027999
655.nii.img.nii.gz,5,RV,1,1,1.0,2609570
655.nii.img.nii.gz,6,Aorta,2,2,0.5163339208283956,1091073
655.nii.img.nii.gz,7,PA,1,1,1.0,691758
655.nii.img.nii.gz,8,LAA,1,1,1.0,175329
655.nii.img.nii.gz,9,Coronary,2,2,0.6043839114705256,28194
655.nii.img.nii.gz,10,PV,3,3,0.34513030415788093,217683
654.nii.img.nii.gz,1,Myocardium,1,1,1.0,1436806
654.nii.img.nii.gz,2,LA,1,1,1.0,1030271
654.nii.img.nii.gz,3,LV,1,1,1.0,1623191
654.nii.img.nii.gz,4,RA,1,1,1.0,1050932
654.nii.img.nii.gz,5,RV,1,1,1.0,1977781
654.nii.img.nii.gz,6,Aorta,2,2,0.6266786333555997,1703618
654.nii.img.nii.gz,7,PA,1,1,1.0,909837
654.nii.img.nii.gz,8,LAA,1,1,1.0,145526
654.nii.img.nii.gz,9,Coronary,2,2,0.6317787748969605,49253
654.nii.img.nii.gz,10,PV,2,2,0.5587745858057813,369573
657.nii.img.nii.gz,1,Myocardium,1,1,1.0,1611053
657.nii.img.nii.gz,2,LA,1,1,1.0,920683
657.nii.img.nii.gz,3,LV,1,1,1.0,1535023
657.nii.img.nii.gz,4,RA,1,1,1.0,985415
657.nii.img.nii.gz,5,RV,1,1,1.0,1621628
657.nii.img.nii.gz,6,Aorta,2,2,0.5782034426399276,888388
657.nii.img.nii.gz,7,PA,2,2,0.7521456273635709,207049
657.nii.img.nii.gz,8,LAA,1,1,1.0,130143
657.nii.img.nii.gz,9,Coronary,3,3,0.5126652485416368,76627
657.nii.img.nii.gz,10,PV,4,4,0.2533954908057521,228023
656.nii.img.nii.gz,1,Myocardium,1,1,1.0,1548892
656.nii.img.nii.gz,2,LA,1,1,1.0,980886
656.nii.img.nii.gz,3,LV,1,1,1.0,1581483
656.nii.img.nii.gz,4,RA,1,1,1.0,1177305
656.nii.img.nii.gz,5,RV,1,1,1.0,1944703
656.nii.img.nii.gz,6,Aorta,2,2,0.5638972632374317,1439913
656.nii.img.nii.gz,7,PA,1,1,1.0,584067
656.nii.img.nii.gz,8,LAA,1,1,1.0,105992
656.nii.img.nii.gz,9,Coronary,2,2,0.5431401942253796,76715
656.nii.img.nii.gz,10,PV,2,2,0.5648373944712201,312474
659.nii.img.nii.gz,1,Myocardium,1,1,1.0,1708496
659.nii.img.nii.gz,2,LA,1,1,1.0,1176241
659.nii.img.nii.gz,3,LV,1,1,1.0,1706968
659.nii.img.nii.gz,4,RA,1,1,1.0,1540582
659.nii.img.nii.gz,5,RV,1,1,1.0,2145836
659.nii.img.nii.gz,6,Aorta,2,2,0.5403946055417611,1323803
659.nii.img.nii.gz,7,PA,1,1,1.0,842329
659.nii.img.nii.gz,8,LAA,1,1,1.0,124975
659.nii.img.nii.gz,9,Coronary,2,2,0.5915485508779352,75632
659.nii.img.nii.gz,10,PV,2,2,0.5240081154192967,390368
664.nii.img.nii.gz,1,Myocardium,1,1,1.0,1507711
664.nii.img.nii.gz,2,LA,1,1,1.0,969620
664.nii.img.nii.gz,3,LV,1,1,1.0,1702507
664.nii.img.nii.gz,4,RA,1,1,1.0,1252414
664.nii.img.nii.gz,5,RV,1,1,1.0,1987016
664.nii.img.nii.gz,6,Aorta,2,2,0.5338334370414756,1301730
664.nii.img.nii.gz,7,PA,2,2,0.5302199588867179,353657
664.nii.img.nii.gz,8,LAA,1,1,1.0,112156
664.nii.img.nii.gz,9,Coronary,2,2,0.6598973443427806,85139
664.nii.img.nii.gz,10,PV,2,2,0.6164359006057609,323560
658.nii.img.nii.gz,1,Myocardium,1,1,1.0,1688616
658.nii.img.nii.gz,2,LA,1,1,1.0,1474113
658.nii.img.nii.gz,3,LV,1,1,1.0,2150480
658.nii.img.nii.gz,4,RA,1,1,1.0,1462080
658.nii.img.nii.gz,5,RV,1,1,1.0,2170693
658.nii.img.nii.gz,6,Aorta,2,2,0.5470502021860818,1868823
658.nii.img.nii.gz,7,PA,1,1,1.0,1020339
658.nii.img.nii.gz,8,LAA,1,1,1.0,163606
658.nii.img.nii.gz,9,Coronary,2,2,0.5777039831074374,55409
658.nii.img.nii.gz,10,PV,2,2,0.5174344273756967,400472
660.nii.img.nii.gz,1,Myocardium,1,1,1.0,1433587
660.nii.img.nii.gz,2,LA,1,1,1.0,958451
660.nii.img.nii.gz,3,LV,1,1,1.0,1310080
660.nii.img.nii.gz,4,RA,1,1,1.0,1026777
660.nii.img.nii.gz,5,RV,1,1,1.0,1784597
660.nii.img.nii.gz,6,Aorta,2,2,0.5945460141127085,1894321
660.nii.img.nii.gz,7,PA,1,1,1.0,781438
660.nii.img.nii.gz,8,LAA,1,1,1.0,132866
660.nii.img.nii.gz,9,Coronary,2,2,0.5933507020938297,104402
660.nii.img.nii.gz,10,PV,2,2,0.561666167128435,273586
662.nii.img.nii.gz,1,Myocardium,1,1,1.0,1362954
662.nii.img.nii.gz,2,LA,1,1,1.0,740037
662.nii.img.nii.gz,3,LV,1,1,1.0,1520890
662.nii.img.nii.gz,4,RA,1,1,1.0,1062648
662.nii.img.nii.gz,5,RV,1,1,1.0,1974810
662.nii.img.nii.gz,6,Aorta,2,2,0.5737309456469946,1139569
662.nii.img.nii.gz,7,PA,1,1,1.0,564329
662.nii.img.nii.gz,8,LAA,1,1,1.0,129332
662.nii.img.nii.gz,9,Coronary,2,2,0.6178300672292948,55928
662.nii.img.nii.gz,10,PV,2,2,0.5397825287746387,282888
661.nii.img.nii.gz,1,Myocardium,1,1,1.0,1954273
661.nii.img.nii.gz,2,LA,1,1,1.0,856239
661.nii.img.nii.gz,3,LV,1,1,1.0,1701078
661.nii.img.nii.gz,4,RA,1,1,1.0,852680
661.nii.img.nii.gz,5,RV,1,1,1.0,2220540
661.nii.img.nii.gz,6,Aorta,2,2,0.5448997582795081,1978318
661.nii.img.nii.gz,7,PA,1,1,1.0,907498
661.nii.img.nii.gz,8,LAA,1,1,1.0,93857
661.nii.img.nii.gz,9,Coronary,2,2,0.5559904275761255,84827
661.nii.img.nii.gz,10,PV,3,3,0.4435472863569821,373649
66.nii.img.nii.gz,1,Myocardium,1,1,1.0,1239074
66.nii.img.nii.gz,2,LA,1,1,1.0,1155232
66.nii.img.nii.gz,3,LV,1,1,1.0,1397925
66.nii.img.nii.gz,4,RA,1,1,1.0,1041065
66.nii.img.nii.gz,5,RV,1,1,1.0,1471154
66.nii.img.nii.gz,6,Aorta,2,2,0.5075549582140878,1409207
66.nii.img.nii.gz,7,PA,1,1,1.0,762488
66.nii.img.nii.gz,8,LAA,1,1,1.0,129660
66.nii.img.nii.gz,9,Coronary,4,4,0.41187444132087936,77191
66.nii.img.nii.gz,10,PV,2,2,0.5279398764754082,340499
663.nii.img.nii.gz,1,Myocardium,1,1,1.0,2658087
663.nii.img.nii.gz,2,LA,1,1,1.0,2318902
663.nii.img.nii.gz,3,LV,1,1,1.0,2990493
663.nii.img.nii.gz,4,RA,1,1,1.0,1613420
663.nii.img.nii.gz,5,RV,1,1,1.0,2301139
663.nii.img.nii.gz,6,Aorta,2,2,0.602743382932495,2210118
663.nii.img.nii.gz,7,PA,1,1,1.0,1150248
663.nii.img.nii.gz,8,LAA,1,1,1.0,436322
663.nii.img.nii.gz,9,Coronary,2,2,0.5331048168861627,121946
663.nii.img.nii.gz,10,PV,2,2,0.5614035848950175,460934
665.nii.img.nii.gz,1,Myocardium,1,1,1.0,1795967
665.nii.img.nii.gz,2,LA,1,1,1.0,1344161
665.nii.img.nii.gz,3,LV,1,1,1.0,2130568
665.nii.img.nii.gz,4,RA,1,1,1.0,1588553
665.nii.img.nii.gz,5,RV,1,1,1.0,2600109
665.nii.img.nii.gz,6,Aorta,2,2,0.5432375466790859,1168082
665.nii.img.nii.gz,7,PA,2,2,0.563026212139827,276742
665.nii.img.nii.gz,8,LAA,1,1,1.0,64267
665.nii.img.nii.gz,9,Coronary,2,2,0.6225521726700972,55968
665.nii.img.nii.gz,10,PV,2,2,0.5396738730982056,476195
666.nii.img.nii.gz,1,Myocardium,1,1,1.0,1528712
666.nii.img.nii.gz,2,LA,1,1,1.0,717315
666.nii.img.nii.gz,3,LV,1,1,1.0,1531618
666.nii.img.nii.gz,4,RA,1,1,1.0,951616
666.nii.img.nii.gz,5,RV,1,1,1.0,1798944
666.nii.img.nii.gz,6,Aorta,2,2,0.5011212941066004,1373859
666.nii.img.nii.gz,7,PA,1,1,1.0,570849
666.nii.img.nii.gz,8,LAA,1,1,1.0,86338
666.nii.img.nii.gz,9,Coronary,2,2,0.8999390147493957,44273
666.nii.img.nii.gz,10,PV,2,2,0.5336579303141187,302529
669.nii.img.nii.gz,1,Myocardium,1,1,1.0,1828083
669.nii.img.nii.gz,2,LA,1,1,1.0,663546
669.nii.img.nii.gz,3,LV,1,1,1.0,1939112
669.nii.img.nii.gz,4,RA,1,1,1.0,969243
669.nii.img.nii.gz,5,RV,1,1,1.0,2567740
669.nii.img.nii.gz,6,Aorta,2,2,0.5622934296583465,1130063
669.nii.img.nii.gz,7,PA,1,1,1.0,573749
669.nii.img.nii.gz,8,LAA,1,1,1.0,95252
669.nii.img.nii.gz,9,Coronary,2,2,0.66224126151744,54157
669.nii.img.nii.gz,10,PV,2,2,0.5569269228715803,318417
668.nii.img.nii.gz,1,Myocardium,1,1,1.0,1818304
668.nii.img.nii.gz,2,LA,1,1,1.0,857263
668.nii.img.nii.gz,3,LV,1,1,1.0,1784953
668.nii.img.nii.gz,4,RA,1,1,1.0,1321306
668.nii.img.nii.gz,5,RV,1,1,1.0,2420741
668.nii.img.nii.gz,6,Aorta,2,2,0.5359984783939098,1256567
668.nii.img.nii.gz,7,PA,1,1,1.0,677899
668.nii.img.nii.gz,8,LAA,1,1,1.0,70534
668.nii.img.nii.gz,9,Coronary,2,2,0.8489464880930893,83103
668.nii.img.nii.gz,10,PV,3,3,0.5161204254104566,322324
67.nii.img.nii.gz,1,Myocardium,1,1,1.0,1268101
67.nii.img.nii.gz,2,LA,1,1,1.0,774811
67.nii.img.nii.gz,3,LV,1,1,1.0,1204439
67.nii.img.nii.gz,4,RA,1,1,1.0,916526
67.nii.img.nii.gz,5,RV,1,1,1.0,1420061
67.nii.img.nii.gz,6,Aorta,2,2,0.528857769970558,1414645
67.nii.img.nii.gz,7,PA,1,1,1.0,808707
67.nii.img.nii.gz,8,LAA,1,1,1.0,93000
67.nii.img.nii.gz,9,Coronary,2,2,0.5645682369905269,54787
67.nii.img.nii.gz,10,PV,3,3,0.5491671121746731,235686
667.nii.img.nii.gz,1,Myocardium,1,1,1.0,1327265
667.nii.img.nii.gz,2,LA,1,1,1.0,827052
667.nii.img.nii.gz,3,LV,1,1,1.0,1493005
667.nii.img.nii.gz,4,RA,1,1,1.0,1131486
667.nii.img.nii.gz,5,RV,1,1,1.0,1698506
667.nii.img.nii.gz,6,Aorta,2,2,0.525081452787412,1398663
667.nii.img.nii.gz,7,PA,1,1,1.0,623580
667.nii.img.nii.gz,8,LAA,1,1,1.0,104296
667.nii.img.nii.gz,9,Coronary,2,2,0.6591610859365601,49874
667.nii.img.nii.gz,10,PV,2,2,0.5769488548383369,259614
670.nii.img.nii.gz,1,Myocardium,1,1,1.0,1414226
670.nii.img.nii.gz,2,LA,1,1,1.0,855519
670.nii.img.nii.gz,3,LV,1,1,1.0,1451890
670.nii.img.nii.gz,4,RA,1,1,1.0,938745
670.nii.img.nii.gz,5,RV,1,1,1.0,1780639
670.nii.img.nii.gz,6,Aorta,2,2,0.5343033152720117,1566146
670.nii.img.nii.gz,7,PA,1,1,1.0,820082
670.nii.img.nii.gz,8,LAA,1,1,1.0,156624
670.nii.img.nii.gz,9,Coronary,2,2,0.5714931466899971,68580
670.nii.img.nii.gz,10,PV,3,3,0.4996583831455816,302971
671.nii.img.nii.gz,1,Myocardium,1,1,1.0,2206267
671.nii.img.nii.gz,2,LA,1,1,1.0,1241411
671.nii.img.nii.gz,3,LV,1,1,1.0,2278912
671.nii.img.nii.gz,4,RA,1,1,1.0,1972938
671.nii.img.nii.gz,5,RV,1,1,1.0,2947879
671.nii.img.nii.gz,6,Aorta,2,2,0.5027113441115627,1787121
671.nii.img.nii.gz,7,PA,2,2,0.9149743236191367,733943
671.nii.img.nii.gz,8,LAA,1,1,1.0,195516
671.nii.img.nii.gz,9,Coronary,2,2,0.6878374553117432,95383
671.nii.img.nii.gz,10,PV,2,2,0.579294843390673,403967
672.nii.img.nii.gz,1,Myocardium,1,1,1.0,1922459
672.nii.img.nii.gz,2,LA,1,1,1.0,967567
672.nii.img.nii.gz,3,LV,1,1,1.0,1921932
672.nii.img.nii.gz,4,RA,1,1,1.0,1426497
672.nii.img.nii.gz,5,RV,1,1,1.0,2641525
672.nii.img.nii.gz,6,Aorta,2,2,0.5935780191805139,1051171
672.nii.img.nii.gz,7,PA,2,2,0.713770599278839,134228
672.nii.img.nii.gz,8,LAA,1,1,1.0,115307
672.nii.img.nii.gz,9,Coronary,2,2,0.5043472790185592,79475
672.nii.img.nii.gz,10,PV,3,3,0.41388400394539626,284889
673.nii.img.nii.gz,1,Myocardium,1,1,1.0,1442176
673.nii.img.nii.gz,2,LA,1,1,1.0,2033334
673.nii.img.nii.gz,3,LV,1,1,1.0,1727620
673.nii.img.nii.gz,4,RA,1,1,1.0,2098769
673.nii.img.nii.gz,5,RV,1,1,1.0,2031423
673.nii.img.nii.gz,6,Aorta,2,2,0.5225583741374168,1491885
673.nii.img.nii.gz,7,PA,2,1,0.9851270715864576,560078
673.nii.img.nii.gz,8,LAA,1,1,1.0,71706
673.nii.img.nii.gz,9,Coronary,2,2,0.6868139794111862,76255
673.nii.img.nii.gz,10,PV,3,3,0.4444261342914646,370165
674.nii.img.nii.gz,1,Myocardium,1,1,1.0,1998435
674.nii.img.nii.gz,2,LA,1,1,1.0,938685
674.nii.img.nii.gz,3,LV,1,1,1.0,2465428
674.nii.img.nii.gz,4,RA,1,1,1.0,1344193
674.nii.img.nii.gz,5,RV,1,1,1.0,2715929
674.nii.img.nii.gz,6,Aorta,2,2,0.5731816496971459,1162771
674.nii.img.nii.gz,7,PA,1,1,1.0,733819
674.nii.img.nii.gz,8,LAA,1,1,1.0,135527
674.nii.img.nii.gz,9,Coronary,2,2,0.5530716448918085,68351
674.nii.img.nii.gz,10,PV,2,2,0.556325109861742,420301
675.nii.img.nii.gz,1,Myocardium,1,1,1.0,1720043
675.nii.img.nii.gz,2,LA,1,1,1.0,956082
675.nii.img.nii.gz,3,LV,1,1,1.0,2123779
675.nii.img.nii.gz,4,RA,1,1,1.0,1400337
675.nii.img.nii.gz,5,RV,1,1,1.0,2688073
675.nii.img.nii.gz,6,Aorta,1,1,1.0,1595166
675.nii.img.nii.gz,7,PA,1,1,1.0,746829
675.nii.img.nii.gz,8,LAA,1,1,1.0,132848
675.nii.img.nii.gz,9,Coronary,2,2,0.5855995314199649,71706
675.nii.img.nii.gz,10,PV,2,2,0.5163809931131289,364752
676.nii.img.nii.gz,1,Myocardium,1,1,1.0,1868304
676.nii.img.nii.gz,2,LA,1,1,1.0,1036658
676.nii.img.nii.gz,3,LV,1,1,1.0,1728279
676.nii.img.nii.gz,4,RA,1,1,1.0,1131715
676.nii.img.nii.gz,5,RV,1,1,1.0,2282279
676.nii.img.nii.gz,6,Aorta,2,2,0.5075475275505146,1888168
676.nii.img.nii.gz,7,PA,1,1,1.0,706780
676.nii.img.nii.gz,8,LAA,1,1,1.0,134136
676.nii.img.nii.gz,9,Coronary,2,2,0.5650262960180316,53240
676.nii.img.nii.gz,10,PV,2,2,0.5530687420799623,389834
677.nii.img.nii.gz,1,Myocardium,1,1,1.0,2961485
677.nii.img.nii.gz,2,LA,1,1,1.0,1074659
677.nii.img.nii.gz,3,LV,1,1,1.0,2699740
677.nii.img.nii.gz,4,RA,1,1,1.0,1022787
677.nii.img.nii.gz,5,RV,1,1,1.0,2288324
677.nii.img.nii.gz,6,Aorta,2,2,0.6236990953140807,2328764
677.nii.img.nii.gz,7,PA,1,1,1.0,318283
677.nii.img.nii.gz,8,LAA,1,1,1.0,186225
677.nii.img.nii.gz,9,Coronary,3,2,0.6345560670051725,147511
677.nii.img.nii.gz,10,PV,2,2,0.5550751783240109,233844
678.nii.img.nii.gz,1,Myocardium,1,1,1.0,2010353
678.nii.img.nii.gz,2,LA,1,1,1.0,952858
678.nii.img.nii.gz,3,LV,1,1,1.0,2382827
678.nii.img.nii.gz,4,RA,1,1,1.0,1396263
678.nii.img.nii.gz,5,RV,1,1,1.0,2762833
678.nii.img.nii.gz,6,Aorta,2,2,0.5782665008753739,965873
678.nii.img.nii.gz,7,PA,2,2,0.7090713722066453,59561
678.nii.img.nii.gz,8,LAA,1,1,1.0,68586
678.nii.img.nii.gz,9,Coronary,2,2,0.7046569392263814,80117
678.nii.img.nii.gz,10,PV,2,2,0.6278618203065435,280678
680.nii.img.nii.gz,1,Myocardium,1,1,1.0,2035330
680.nii.img.nii.gz,2,LA,1,1,1.0,1654776
680.nii.img.nii.gz,3,LV,1,1,1.0,2225928
680.nii.img.nii.gz,4,RA,1,1,1.0,1632273
680.nii.img.nii.gz,5,RV,1,1,1.0,2230097
680.nii.img.nii.gz,6,Aorta,2,2,0.6305836880903585,1137868
680.nii.img.nii.gz,7,PA,2,2,0.8586624592833876,432256
680.nii.img.nii.gz,8,LAA,1,1,1.0,231180
680.nii.img.nii.gz,9,Coronary,2,2,0.6428648941942485,64505
680.nii.img.nii.gz,10,PV,2,2,0.5609683203825463,408212
681.nii.img.nii.gz,1,Myocardium,1,1,1.0,2134009
681.nii.img.nii.gz,2,LA,1,1,1.0,1608415
681.nii.img.nii.gz,3,LV,1,1,1.0,2312215
681.nii.img.nii.gz,4,RA,1,1,1.0,1785934
681.nii.img.nii.gz,5,RV,1,1,1.0,2733779
681.nii.img.nii.gz,6,Aorta,2,2,0.5173201231604101,1810322
681.nii.img.nii.gz,7,PA,2,2,0.7846425702811245,280125
681.nii.img.nii.gz,8,LAA,1,1,1.0,200428
681.nii.img.nii.gz,9,Coronary,3,2,0.5547431210313643,109137
681.nii.img.nii.gz,10,PV,2,2,0.5221557099510916,449207
68.nii.img.nii.gz,1,Myocardium,1,1,1.0,1784379
68.nii.img.nii.gz,2,LA,1,1,1.0,1162926
68.nii.img.nii.gz,3,LV,1,1,1.0,1861466
68.nii.img.nii.gz,4,RA,1,1,1.0,1347763
68.nii.img.nii.gz,5,RV,1,1,1.0,2427430
68.nii.img.nii.gz,6,Aorta,2,2,0.5197821228992241,962561
68.nii.img.nii.gz,7,PA,2,2,0.6765404240270785,296915
68.nii.img.nii.gz,8,LAA,1,1,1.0,134362
68.nii.img.nii.gz,9,Coronary,2,2,0.518979701625707,76213
68.nii.img.nii.gz,10,PV,2,2,0.5558039372962039,286745
682.nii.img.nii.gz,1,Myocardium,1,1,1.0,1838300
682.nii.img.nii.gz,2,LA,1,1,1.0,1075138
682.nii.img.nii.gz,3,LV,1,1,1.0,1971682
682.nii.img.nii.gz,4,RA,1,1,1.0,1150341
682.nii.img.nii.gz,5,RV,1,1,1.0,2112950
682.nii.img.nii.gz,6,Aorta,2,2,0.5006568627318746,1482806
682.nii.img.nii.gz,7,PA,2,1,0.9880457761742483,299894
682.nii.img.nii.gz,8,LAA,1,1,1.0,129018
682.nii.img.nii.gz,9,Coronary,2,2,0.5473266561107634,108628
682.nii.img.nii.gz,10,PV,2,2,0.6088928759482809,256385
683.nii.img.nii.gz,1,Myocardium,1,1,1.0,2263794
683.nii.img.nii.gz,2,LA,1,1,1.0,873549
683.nii.img.nii.gz,3,LV,1,1,1.0,2340997
683.nii.img.nii.gz,4,RA,1,1,1.0,1094633
683.nii.img.nii.gz,5,RV,1,1,1.0,2993412
683.nii.img.nii.gz,6,Aorta,2,2,0.5910948791153673,1204206
683.nii.img.nii.gz,7,PA,2,2,0.724449037736376,35801
683.nii.img.nii.gz,8,LAA,1,1,1.0,99997
683.nii.img.nii.gz,9,Coronary,2,2,0.6726693893301605,93291
683.nii.img.nii.gz,10,PV,2,2,0.5656008003260588,242901
679.nii.img.nii.gz,1,Myocardium,1,1,1.0,1273289
679.nii.img.nii.gz,2,LA,1,1,1.0,695518
679.nii.img.nii.gz,3,LV,1,1,1.0,1674870
679.nii.img.nii.gz,4,RA,1,1,1.0,1090930
679.nii.img.nii.gz,5,RV,1,1,1.0,1858958
679.nii.img.nii.gz,6,Aorta,2,2,0.5931802034010818,964105
679.nii.img.nii.gz,7,PA,2,2,0.9195897490155365,302449
679.nii.img.nii.gz,8,LAA,1,1,1.0,129359
679.nii.img.nii.gz,9,Coronary,2,2,0.5223569565003364,60943
679.nii.img.nii.gz,10,PV,2,2,0.5266588450006519,253143
684.nii.img.nii.gz,1,Myocardium,1,1,1.0,1473864
684.nii.img.nii.gz,2,LA,1,1,1.0,870412
684.nii.img.nii.gz,3,LV,1,1,1.0,1373267
684.nii.img.nii.gz,4,RA,1,1,1.0,934478
684.nii.img.nii.gz,5,RV,1,1,1.0,1676908
684.nii.img.nii.gz,6,Aorta,2,2,0.5366573034896525,1181579
684.nii.img.nii.gz,7,PA,2,1,0.9718766587048833,361728
684.nii.img.nii.gz,8,LAA,1,1,1.0,61426
684.nii.img.nii.gz,9,Coronary,2,2,0.5151716241184584,76854
684.nii.img.nii.gz,10,PV,2,2,0.5656927837045154,248216
686.nii.img.nii.gz,1,Myocardium,1,1,1.0,1505438
686.nii.img.nii.gz,2,LA,1,1,1.0,958633
686.nii.img.nii.gz,3,LV,1,1,1.0,1451296
686.nii.img.nii.gz,4,RA,1,1,1.0,959360
686.nii.img.nii.gz,5,RV,1,1,1.0,1911340
686.nii.img.nii.gz,6,Aorta,2,2,0.5419403042818041,1240692
686.nii.img.nii.gz,7,PA,1,1,1.0,615474
686.nii.img.nii.gz,8,LAA,1,1,1.0,109971
686.nii.img.nii.gz,9,Coronary,2,2,0.663831679965495,74192
686.nii.img.nii.gz,10,PV,2,2,0.5430802249851984,270240
687.nii.img.nii.gz,1,Myocardium,1,1,1.0,2217114
687.nii.img.nii.gz,2,LA,1,1,1.0,1102284
687.nii.img.nii.gz,3,LV,1,1,1.0,2291915
687.nii.img.nii.gz,4,RA,1,1,1.0,1316809
687.nii.img.nii.gz,5,RV,1,1,1.0,2770573
687.nii.img.nii.gz,6,Aorta,2,2,0.5089218313357234,1479685
687.nii.img.nii.gz,7,PA,1,1,1.0,694033
687.nii.img.nii.gz,8,LAA,1,1,1.0,175425
687.nii.img.nii.gz,9,Coronary,2,2,0.7032899389684889,76354
687.nii.img.nii.gz,10,PV,2,2,0.5665253877521048,435781
689.nii.img.nii.gz,1,Myocardium,1,1,1.0,1976206
689.nii.img.nii.gz,2,LA,1,1,1.0,1059610
689.nii.img.nii.gz,3,LV,1,1,1.0,2267302
689.nii.img.nii.gz,4,RA,1,1,1.0,1176012
689.nii.img.nii.gz,5,RV,1,1,1.0,2561544
689.nii.img.nii.gz,6,Aorta,2,2,0.5422432748468412,1008267
689.nii.img.nii.gz,7,PA,2,2,0.9298891084660662,329421
689.nii.img.nii.gz,8,LAA,1,1,1.0,177572
689.nii.img.nii.gz,9,Coronary,2,2,0.6253571374582395,66151
689.nii.img.nii.gz,10,PV,2,2,0.503602048280907,341750
685.nii.img.nii.gz,1,Myocardium,1,1,1.0,2513001
685.nii.img.nii.gz,2,LA,1,1,1.0,1013198
685.nii.img.nii.gz,3,LV,1,1,1.0,2355413
685.nii.img.nii.gz,4,RA,1,1,1.0,1584098
685.nii.img.nii.gz,5,RV,1,1,1.0,3090300
685.nii.img.nii.gz,6,Aorta,2,2,0.5106075310730568,1697049
685.nii.img.nii.gz,7,PA,1,1,1.0,988689
685.nii.img.nii.gz,8,LAA,1,1,1.0,91662
685.nii.img.nii.gz,9,Coronary,2,2,0.7092908915809215,98645
685.nii.img.nii.gz,10,PV,2,2,0.5104509545753786,376712
688.nii.img.nii.gz,1,Myocardium,1,1,1.0,1707666
688.nii.img.nii.gz,2,LA,1,1,1.0,1256778
688.nii.img.nii.gz,3,LV,1,1,1.0,1457444
688.nii.img.nii.gz,4,RA,1,1,1.0,887402
688.nii.img.nii.gz,5,RV,1,1,1.0,1428065
688.nii.img.nii.gz,6,Aorta,2,2,0.5220683490164086,1100762
688.nii.img.nii.gz,7,PA,2,2,0.8537165554638163,224065
688.nii.img.nii.gz,8,LAA,1,1,1.0,162974
688.nii.img.nii.gz,9,Coronary,2,2,0.6035045931011533,114193
688.nii.img.nii.gz,10,PV,2,2,0.549815698965302,275636
69.nii.img.nii.gz,1,Myocardium,1,1,1.0,1857514
69.nii.img.nii.gz,2,LA,1,1,1.0,881923
69.nii.img.nii.gz,3,LV,1,1,1.0,2054348
69.nii.img.nii.gz,4,RA,1,1,1.0,1126326
69.nii.img.nii.gz,5,RV,1,1,1.0,2705785
69.nii.img.nii.gz,6,Aorta,2,2,0.5178452563045796,1639007
69.nii.img.nii.gz,7,PA,1,1,1.0,736086
69.nii.img.nii.gz,8,LAA,1,1,1.0,102757
69.nii.img.nii.gz,9,Coronary,2,2,0.6217396058508357,118889
69.nii.img.nii.gz,10,PV,3,3,0.5248093107594064,405896
690.nii.img.nii.gz,1,Myocardium,1,1,1.0,2060246
690.nii.img.nii.gz,2,LA,1,1,1.0,1655048
690.nii.img.nii.gz,3,LV,1,1,1.0,2228707
690.nii.img.nii.gz,4,RA,1,1,1.0,1774938
690.nii.img.nii.gz,5,RV,1,1,1.0,2447018
690.nii.img.nii.gz,6,Aorta,2,2,0.6066302442826957,1498346
690.nii.img.nii.gz,7,PA,2,2,0.7969477792146854,174758
690.nii.img.nii.gz,8,LAA,1,1,1.0,194239
690.nii.img.nii.gz,9,Coronary,3,2,0.6180236490426103,85754
690.nii.img.nii.gz,10,PV,2,2,0.640535790187136,348196
692.nii.img.nii.gz,1,Myocardium,1,1,1.0,2069503
692.nii.img.nii.gz,2,LA,1,1,1.0,1207975
692.nii.img.nii.gz,3,LV,1,1,1.0,1782591
692.nii.img.nii.gz,4,RA,1,1,1.0,1208837
692.nii.img.nii.gz,5,RV,1,1,1.0,2135627
692.nii.img.nii.gz,6,Aorta,2,2,0.5383740582779195,1651363
692.nii.img.nii.gz,7,PA,2,2,0.6765349904356992,281777
692.nii.img.nii.gz,8,LAA,1,1,1.0,132538
692.nii.img.nii.gz,9,Coronary,2,2,0.543270380109969,117124
692.nii.img.nii.gz,10,PV,2,2,0.5475446947417356,296847
691.nii.img.nii.gz,1,Myocardium,1,1,1.0,1890941
691.nii.img.nii.gz,2,LA,1,1,1.0,1280967
691.nii.img.nii.gz,3,LV,1,1,1.0,2206276
691.nii.img.nii.gz,4,RA,1,1,1.0,1430427
691.nii.img.nii.gz,5,RV,1,1,1.0,2473970
691.nii.img.nii.gz,6,Aorta,2,2,0.5122519298196987,1154512
691.nii.img.nii.gz,7,PA,2,2,0.8143352915825527,220435
691.nii.img.nii.gz,8,LAA,1,1,1.0,162035
691.nii.img.nii.gz,9,Coronary,2,2,0.5431030337997019,62397
691.nii.img.nii.gz,10,PV,2,2,0.6982791933131186,287249
693.nii.img.nii.gz,1,Myocardium,1,1,1.0,1898762
693.nii.img.nii.gz,2,LA,1,1,1.0,1289619
693.nii.img.nii.gz,3,LV,1,1,1.0,2032491
693.nii.img.nii.gz,4,RA,1,1,1.0,1374206
693.nii.img.nii.gz,5,RV,1,1,1.0,2360033
693.nii.img.nii.gz,6,Aorta,2,2,0.5054928545012679,1211392
693.nii.img.nii.gz,7,PA,2,2,0.617610501086896,358820
693.nii.img.nii.gz,8,LAA,1,1,1.0,106395
693.nii.img.nii.gz,9,Coronary,2,2,0.5593971868720696,74650
693.nii.img.nii.gz,10,PV,3,3,0.4653710381476561,395175
694.nii.img.nii.gz,1,Myocardium,1,1,1.0,1441666
694.nii.img.nii.gz,2,LA,1,1,1.0,1074644
694.nii.img.nii.gz,3,LV,1,1,1.0,897342
694.nii.img.nii.gz,4,RA,1,1,1.0,1374202
694.nii.img.nii.gz,5,RV,1,1,1.0,1033707
694.nii.img.nii.gz,6,Aorta,2,2,0.5743428309041075,1056235
694.nii.img.nii.gz,7,PA,1,1,1.0,231443
694.nii.img.nii.gz,8,LAA,1,1,1.0,185858
694.nii.img.nii.gz,9,Coronary,2,2,0.567904837103917,58258
694.nii.img.nii.gz,10,PV,2,2,0.6620374550773843,221492
695.nii.img.nii.gz,1,Myocardium,1,1,1.0,1733696
695.nii.img.nii.gz,2,LA,1,1,1.0,1244534
695.nii.img.nii.gz,3,LV,1,1,1.0,2326926
695.nii.img.nii.gz,4,RA,1,1,1.0,1219241
695.nii.img.nii.gz,5,RV,1,1,1.0,2497769
695.nii.img.nii.gz,6,Aorta,2,2,0.6311107225869959,835069
695.nii.img.nii.gz,7,PA,2,2,0.5470342972427706,185875
695.nii.img.nii.gz,8,LAA,1,1,1.0,112093
695.nii.img.nii.gz,9,Coronary,2,2,0.5084288016726924,45914
695.nii.img.nii.gz,10,PV,2,2,0.5023718817539105,327588
697.nii.img.nii.gz,1,Myocardium,1,1,1.0,2117946
697.nii.img.nii.gz,2,LA,1,1,1.0,1076015
697.nii.img.nii.gz,3,LV,1,1,1.0,2401478
697.nii.img.nii.gz,4,RA,1,1,1.0,1982334
697.nii.img.nii.gz,5,RV,1,1,1.0,3249040
697.nii.img.nii.gz,6,Aorta,2,2,0.5936248456618239,1050453
697.nii.img.nii.gz,7,PA,2,2,0.7942582200695585,187468
697.nii.img.nii.gz,8,LAA,1,1,1.0,148196
697.nii.img.nii.gz,9,Coronary,2,2,0.5535409382876657,61495
697.nii.img.nii.gz,10,PV,2,2,0.5394039146523605,433193
696.nii.img.nii.gz,1,Myocardium,1,1,1.0,1412449
696.nii.img.nii.gz,2,LA,1,1,1.0,997759
696.nii.img.nii.gz,3,LV,1,1,1.0,1791177
696.nii.img.nii.gz,4,RA,1,1,1.0,1131420
696.nii.img.nii.gz,5,RV,1,1,1.0,1847979
696.nii.img.nii.gz,6,Aorta,2,2,0.5377363794439737,996068
696.nii.img.nii.gz,7,PA,2,2,0.9414576953746555,274639
696.nii.img.nii.gz,8,LAA,1,1,1.0,150985
696.nii.img.nii.gz,9,Coronary,2,2,0.5563162699248648,56964
696.nii.img.nii.gz,10,PV,2,2,0.5184413486257942,311962
699.nii.img.nii.gz,1,Myocardium,1,1,1.0,1557886
699.nii.img.nii.gz,2,LA,1,1,1.0,1007313
699.nii.img.nii.gz,3,LV,1,1,1.0,1361879
699.nii.img.nii.gz,4,RA,1,1,1.0,1046567
699.nii.img.nii.gz,5,RV,1,1,1.0,1797292
699.nii.img.nii.gz,6,Aorta,2,2,0.5208700690736132,1199445
699.nii.img.nii.gz,7,PA,1,1,1.0,680595
699.nii.img.nii.gz,8,LAA,1,1,1.0,102329
699.nii.img.nii.gz,9,Coronary,2,2,0.6408362794332053,104941
699.nii.img.nii.gz,10,PV,2,2,0.6349108475231775,274081
698.nii.img.nii.gz,1,Myocardium,1,1,1.0,1768069
698.nii.img.nii.gz,2,LA,1,1,1.0,1115570
698.nii.img.nii.gz,3,LV,1,1,1.0,1849119
698.nii.img.nii.gz,4,RA,1,1,1.0,1281450
698.nii.img.nii.gz,5,RV,1,1,1.0,2491448
698.nii.img.nii.gz,6,Aorta,2,2,0.5262603107026629,1270282
698.nii.img.nii.gz,7,PA,1,1,1.0,780423
698.nii.img.nii.gz,8,LAA,1,1,1.0,93067
698.nii.img.nii.gz,9,Coronary,2,2,0.6123230760930166,55603
698.nii.img.nii.gz,10,PV,2,2,0.5735911255297996,382220
7.nii.img.nii.gz,1,Myocardium,1,1,1.0,1415650
7.nii.img.nii.gz,2,LA,1,1,1.0,952823
7.nii.img.nii.gz,3,LV,1,1,1.0,1564287
7.nii.img.nii.gz,4,RA,1,1,1.0,1067691
7.nii.img.nii.gz,5,RV,1,1,1.0,2071620
7.nii.img.nii.gz,6,Aorta,2,2,0.6086534601869001,1420010
7.nii.img.nii.gz,7,PA,2,2,0.6851620899337697,258190
7.nii.img.nii.gz,8,LAA,1,1,1.0,112511
7.nii.img.nii.gz,9,Coronary,2,2,0.6508349672097897,88746
7.nii.img.nii.gz,10,PV,3,3,0.4611619661612218,329149
700.nii.img.nii.gz,1,Myocardium,1,1,1.0,1625332
700.nii.img.nii.gz,2,LA,1,1,1.0,1104441
700.nii.img.nii.gz,3,LV,1,1,1.0,1797510
700.nii.img.nii.gz,4,RA,1,1,1.0,1535209
700.nii.img.nii.gz,5,RV,1,1,1.0,2371874
700.nii.img.nii.gz,6,Aorta,2,2,0.6051793955366223,1163379
700.nii.img.nii.gz,7,PA,2,2,0.8975208738419307,349720
700.nii.img.nii.gz,8,LAA,1,1,1.0,102873
700.nii.img.nii.gz,9,Coronary,2,2,0.5894194198173843,75459
700.nii.img.nii.gz,10,PV,2,2,0.6047097063066947,301505
70.nii.img.nii.gz,1,Myocardium,1,1,1.0,1608076
70.nii.img.nii.gz,2,LA,1,1,1.0,2208318
70.nii.img.nii.gz,3,LV,1,1,1.0,1787454
70.nii.img.nii.gz,4,RA,1,1,1.0,1861661
70.nii.img.nii.gz,5,RV,1,1,1.0,2314526
70.nii.img.nii.gz,6,Aorta,2,2,0.6135285932370543,1850525
70.nii.img.nii.gz,7,PA,1,1,1.0,1384346
70.nii.img.nii.gz,8,LAA,1,1,1.0,236398
70.nii.img.nii.gz,9,Coronary,2,2,0.6910115728248486,100062
70.nii.img.nii.gz,10,PV,2,2,0.5323449885747017,487077
702.nii.img.nii.gz,1,Myocardium,1,1,1.0,2273683
702.nii.img.nii.gz,2,LA,1,1,1.0,1444095
702.nii.img.nii.gz,3,LV,1,1,1.0,2237380
702.nii.img.nii.gz,4,RA,1,1,1.0,1359841
702.nii.img.nii.gz,5,RV,1,1,1.0,2804593
702.nii.img.nii.gz,6,Aorta,2,2,0.52915798054252,2372558
702.nii.img.nii.gz,7,PA,1,1,1.0,855300
702.nii.img.nii.gz,8,LAA,1,1,1.0,173718
702.nii.img.nii.gz,9,Coronary,2,2,0.5811339750767934,97339
702.nii.img.nii.gz,10,PV,2,2,0.5184160611467262,355342
701.nii.img.nii.gz,1,Myocardium,1,1,1.0,2337072
701.nii.img.nii.gz,2,LA,1,1,1.0,1055495
701.nii.img.nii.gz,3,LV,1,1,1.0,1867777
701.nii.img.nii.gz,4,RA,1,1,1.0,1667901
701.nii.img.nii.gz,5,RV,1,1,1.0,2648257
701.nii.img.nii.gz,6,Aorta,2,2,0.5463447186994083,1072927
701.nii.img.nii.gz,7,PA,2,2,0.7529654849972476,265218
701.nii.img.nii.gz,8,LAA,1,1,1.0,105250
701.nii.img.nii.gz,9,Coronary,2,2,0.5644590993457139,96441
701.nii.img.nii.gz,10,PV,2,2,0.5555965231866652,273929
704.nii.img.nii.gz,1,Myocardium,1,1,1.0,1942736
704.nii.img.nii.gz,2,LA,1,1,1.0,1059721
704.nii.img.nii.gz,3,LV,1,1,1.0,1253608
704.nii.img.nii.gz,4,RA,1,1,1.0,1161348
704.nii.img.nii.gz,5,RV,1,1,1.0,1603760
704.nii.img.nii.gz,6,Aorta,2,2,0.5481534850269923,1560074
704.nii.img.nii.gz,7,PA,2,1,0.9930436040443092,608361
704.nii.img.nii.gz,8,LAA,1,1,1.0,130807
704.nii.img.nii.gz,9,Coronary,2,2,0.6082129903438508,104493
704.nii.img.nii.gz,10,PV,3,3,0.48722368896341695,340513
707.nii.img.nii.gz,1,Myocardium,1,1,1.0,1502903
707.nii.img.nii.gz,2,LA,1,1,1.0,1184028
707.nii.img.nii.gz,3,LV,1,1,1.0,1695528
707.nii.img.nii.gz,4,RA,1,1,1.0,1231031
707.nii.img.nii.gz,5,RV,1,1,1.0,1880537
707.nii.img.nii.gz,6,Aorta,2,2,0.6301584274194809,1599155
707.nii.img.nii.gz,7,PA,1,1,1.0,520104
707.nii.img.nii.gz,8,LAA,1,1,1.0,160900
707.nii.img.nii.gz,9,Coronary,2,2,0.891467350823471,60415
707.nii.img.nii.gz,10,PV,2,2,0.5412593372436958,359046
703.nii.img.nii.gz,1,Myocardium,1,1,1.0,1954681
703.nii.img.nii.gz,2,LA,1,1,1.0,1224128
703.nii.img.nii.gz,3,LV,1,1,1.0,1901648
703.nii.img.nii.gz,4,RA,1,1,1.0,1120643
703.nii.img.nii.gz,5,RV,1,1,1.0,2343342
703.nii.img.nii.gz,6,Aorta,2,2,0.5828924356673352,2222549
703.nii.img.nii.gz,7,PA,1,1,1.0,987679
703.nii.img.nii.gz,8,LAA,1,1,1.0,120810
703.nii.img.nii.gz,9,Coronary,2,2,0.6643214023063451,131897
703.nii.img.nii.gz,10,PV,3,3,0.46151510785443767,388672
708.nii.img.nii.gz,1,Myocardium,1,1,1.0,1324715
708.nii.img.nii.gz,2,LA,1,1,1.0,973847
708.nii.img.nii.gz,3,LV,1,1,1.0,1596201
708.nii.img.nii.gz,4,RA,1,1,1.0,1002736
708.nii.img.nii.gz,5,RV,1,1,1.0,1730480
708.nii.img.nii.gz,6,Aorta,2,2,0.5059399604456503,1175092
708.nii.img.nii.gz,7,PA,2,2,0.9384198222683365,476111
708.nii.img.nii.gz,8,LAA,1,1,1.0,167730
708.nii.img.nii.gz,9,Coronary,2,2,0.5700166230686958,77603
708.nii.img.nii.gz,10,PV,2,2,0.5382285500672587,339733
705.nii.img.nii.gz,1,Myocardium,1,1,1.0,1934975
705.nii.img.nii.gz,2,LA,1,1,1.0,1302883
705.nii.img.nii.gz,3,LV,1,1,1.0,1774203
705.nii.img.nii.gz,4,RA,1,1,1.0,1458354
705.nii.img.nii.gz,5,RV,1,1,1.0,2310659
705.nii.img.nii.gz,6,Aorta,2,2,0.5972054522488047,1794709
705.nii.img.nii.gz,7,PA,2,2,0.9491691337681456,796819
705.nii.img.nii.gz,8,LAA,1,1,1.0,235320
705.nii.img.nii.gz,9,Coronary,2,2,0.709465964725403,48817
705.nii.img.nii.gz,10,PV,3,3,0.5395409977373128,464050
706.nii.img.nii.gz,1,Myocardium,1,1,1.0,2060712
706.nii.img.nii.gz,2,LA,1,1,1.0,969281
706.nii.img.nii.gz,3,LV,1,1,1.0,2186245
706.nii.img.nii.gz,4,RA,1,1,1.0,1429372
706.nii.img.nii.gz,5,RV,1,1,1.0,2976248
706.nii.img.nii.gz,6,Aorta,2,2,0.6073355679226576,1441279
706.nii.img.nii.gz,7,PA,2,2,0.9498504772284172,530354
706.nii.img.nii.gz,8,LAA,1,1,1.0,158213
706.nii.img.nii.gz,9,Coronary,2,2,0.8527638737758433,91900
706.nii.img.nii.gz,10,PV,2,2,0.5069630885179411,330385
709.nii.img.nii.gz,1,Myocardium,1,1,1.0,1852301
709.nii.img.nii.gz,2,LA,1,1,1.0,1249258
709.nii.img.nii.gz,3,LV,1,1,1.0,1888955
709.nii.img.nii.gz,4,RA,1,1,1.0,1275134
709.nii.img.nii.gz,5,RV,1,1,1.0,2452126
709.nii.img.nii.gz,6,Aorta,2,2,0.5600559328402434,1586188
709.nii.img.nii.gz,7,PA,2,2,0.9177142344400596,579517
709.nii.img.nii.gz,8,LAA,1,1,1.0,161971
709.nii.img.nii.gz,9,Coronary,2,2,0.6189416624255838,84491
709.nii.img.nii.gz,10,PV,2,2,0.5425190184447204,339013
712.nii.img.nii.gz,1,Myocardium,1,1,1.0,1684477
712.nii.img.nii.gz,2,LA,1,1,1.0,836592
712.nii.img.nii.gz,3,LV,1,1,1.0,1570876
712.nii.img.nii.gz,4,RA,1,1,1.0,1025283
712.nii.img.nii.gz,5,RV,1,1,1.0,1903415
712.nii.img.nii.gz,6,Aorta,2,2,0.6097033180706266,1179782
712.nii.img.nii.gz,7,PA,2,2,0.9262471673422489,125324
712.nii.img.nii.gz,8,LAA,1,1,1.0,178497
712.nii.img.nii.gz,9,Coronary,2,2,0.6420519218982575,91368
712.nii.img.nii.gz,10,PV,2,2,0.5878211353403372,226540
710.nii.img.nii.gz,1,Myocardium,1,1,1.0,1516474
710.nii.img.nii.gz,2,LA,1,1,1.0,1049217
710.nii.img.nii.gz,3,LV,1,1,1.0,1858937
710.nii.img.nii.gz,4,RA,1,1,1.0,922444
710.nii.img.nii.gz,5,RV,1,1,1.0,2016893
710.nii.img.nii.gz,6,Aorta,2,2,0.5495371739213166,1366388
710.nii.img.nii.gz,7,PA,2,2,0.9351157998347582,727419
710.nii.img.nii.gz,8,LAA,1,1,1.0,136212
710.nii.img.nii.gz,9,Coronary,2,2,0.6455282265862621,56879
710.nii.img.nii.gz,10,PV,3,3,0.49738857643501116,353830
71.nii.img.nii.gz,1,Myocardium,1,1,1.0,1726400
71.nii.img.nii.gz,2,LA,1,1,1.0,1211417
71.nii.img.nii.gz,3,LV,1,1,1.0,1575380
71.nii.img.nii.gz,4,RA,1,1,1.0,1571087
71.nii.img.nii.gz,5,RV,1,1,1.0,2180716
71.nii.img.nii.gz,6,Aorta,2,2,0.5095036619614898,1961244
71.nii.img.nii.gz,7,PA,1,1,1.0,669552
71.nii.img.nii.gz,8,LAA,1,1,1.0,141691
71.nii.img.nii.gz,9,Coronary,2,2,0.5050994043895674,73538
71.nii.img.nii.gz,10,PV,2,2,0.5053790774599708,318642
711.nii.img.nii.gz,1,Myocardium,1,1,1.0,1751742
711.nii.img.nii.gz,2,LA,1,1,1.0,1318123
711.nii.img.nii.gz,3,LV,1,1,1.0,1894357
711.nii.img.nii.gz,4,RA,1,1,1.0,1211242
711.nii.img.nii.gz,5,RV,1,1,1.0,2266868
711.nii.img.nii.gz,6,Aorta,2,2,0.5475276420520447,2181278
711.nii.img.nii.gz,7,PA,1,1,1.0,877752
711.nii.img.nii.gz,8,LAA,1,1,1.0,152972
711.nii.img.nii.gz,9,Coronary,2,2,0.5448779608031742,99804
711.nii.img.nii.gz,10,PV,2,2,0.5141577324129828,340450
714.nii.img.nii.gz,1,Myocardium,1,1,1.0,1542003
714.nii.img.nii.gz,2,LA,1,1,1.0,1439568
714.nii.img.nii.gz,3,LV,1,1,1.0,1900764
714.nii.img.nii.gz,4,RA,1,1,1.0,1517600
714.nii.img.nii.gz,5,RV,1,1,1.0,2047237
714.nii.img.nii.gz,6,Aorta,2,2,0.5123451177477083,1088811
714.nii.img.nii.gz,7,PA,2,2,0.6036182632631525,271014
714.nii.img.nii.gz,8,LAA,1,1,1.0,83313
714.nii.img.nii.gz,9,Coronary,2,2,0.622822736721382,55804
714.nii.img.nii.gz,10,PV,2,2,0.563563709974667,341846
713.nii.img.nii.gz,1,Myocardium,1,1,1.0,2387821
713.nii.img.nii.gz,2,LA,1,1,1.0,1172379
713.nii.img.nii.gz,3,LV,1,1,1.0,2970986
713.nii.img.nii.gz,4,RA,1,1,1.0,1673139
713.nii.img.nii.gz,5,RV,1,1,1.0,3442693
713.nii.img.nii.gz,6,Aorta,2,2,0.5921954458476606,1593403
713.nii.img.nii.gz,7,PA,2,2,0.9016326331097017,490986
713.nii.img.nii.gz,8,LAA,1,1,1.0,129096
713.nii.img.nii.gz,9,Coronary,2,2,0.6273219248208278,88881
713.nii.img.nii.gz,10,PV,2,2,0.591068080927764,369663
715.nii.img.nii.gz,1,Myocardium,1,1,1.0,1729668
715.nii.img.nii.gz,2,LA,1,1,1.0,1369536
715.nii.img.nii.gz,3,LV,1,1,1.0,1563277
715.nii.img.nii.gz,4,RA,1,1,1.0,1631460
715.nii.img.nii.gz,5,RV,1,1,1.0,2106317
715.nii.img.nii.gz,6,Aorta,2,2,0.5386442406769429,1921580
715.nii.img.nii.gz,7,PA,1,1,1.0,843645
715.nii.img.nii.gz,8,LAA,1,1,1.0,377854
715.nii.img.nii.gz,9,Coronary,2,2,0.6541722036383631,87292
715.nii.img.nii.gz,10,PV,2,2,0.5703427600242171,411279
716.nii.img.nii.gz,1,Myocardium,1,1,1.0,1871608
716.nii.img.nii.gz,2,LA,1,1,1.0,1312127
716.nii.img.nii.gz,3,LV,1,1,1.0,1429910
716.nii.img.nii.gz,4,RA,1,1,1.0,932339
716.nii.img.nii.gz,5,RV,1,1,1.0,1797112
716.nii.img.nii.gz,6,Aorta,2,2,0.5175072053698541,1234149
716.nii.img.nii.gz,7,PA,1,1,1.0,654682
716.nii.img.nii.gz,8,LAA,1,1,1.0,80983
716.nii.img.nii.gz,9,Coronary,2,2,0.8335697667820462,88115
716.nii.img.nii.gz,10,PV,2,2,0.5229220488871225,322048
718.nii.img.nii.gz,1,Myocardium,1,1,1.0,2033083
718.nii.img.nii.gz,2,LA,1,1,1.0,885436
718.nii.img.nii.gz,3,LV,1,1,1.0,1720695
718.nii.img.nii.gz,4,RA,1,1,1.0,1032045
718.nii.img.nii.gz,5,RV,1,1,1.0,2481016
718.nii.img.nii.gz,6,Aorta,2,2,0.5133782885740344,1616126
718.nii.img.nii.gz,7,PA,2,2,0.9249106988726148,602456
718.nii.img.nii.gz,8,LAA,1,1,1.0,135257
718.nii.img.nii.gz,9,Coronary,2,2,0.6947500234060481,85448
718.nii.img.nii.gz,10,PV,3,3,0.5096027995325977,327769
72.nii.img.nii.gz,1,Myocardium,1,1,1.0,1901426
72.nii.img.nii.gz,2,LA,1,1,1.0,1071381
72.nii.img.nii.gz,3,LV,1,1,1.0,1838619
72.nii.img.nii.gz,4,RA,1,1,1.0,1260669
72.nii.img.nii.gz,5,RV,1,1,1.0,2324968
72.nii.img.nii.gz,6,Aorta,2,2,0.607830637629164,1888684
72.nii.img.nii.gz,7,PA,2,2,0.9405866453669565,701105
72.nii.img.nii.gz,8,LAA,1,1,1.0,135737
72.nii.img.nii.gz,9,Coronary,2,2,0.6652589056188027,103474
72.nii.img.nii.gz,10,PV,2,2,0.5382462568862442,396261
719.nii.img.nii.gz,1,Myocardium,1,1,1.0,2482613
719.nii.img.nii.gz,2,LA,1,1,1.0,1134779
719.nii.img.nii.gz,3,LV,1,1,1.0,2440441
719.nii.img.nii.gz,4,RA,1,1,1.0,1573994
719.nii.img.nii.gz,5,RV,1,1,1.0,3109381
719.nii.img.nii.gz,6,Aorta,2,2,0.6000166510636753,1129057
719.nii.img.nii.gz,7,PA,1,1,1.0,422356
719.nii.img.nii.gz,8,LAA,1,1,1.0,95382
719.nii.img.nii.gz,9,Coronary,2,2,0.5030505338434226,79986
719.nii.img.nii.gz,10,PV,3,3,0.5296752718396331,337975
717.nii.img.nii.gz,1,Myocardium,1,1,1.0,2479460
717.nii.img.nii.gz,2,LA,1,1,1.0,1279701
717.nii.img.nii.gz,3,LV,1,1,1.0,2206602
717.nii.img.nii.gz,4,RA,1,1,1.0,1529292
717.nii.img.nii.gz,5,RV,1,1,1.0,3000391
717.nii.img.nii.gz,6,Aorta,2,2,0.5424289696526893,1823094
717.nii.img.nii.gz,7,PA,1,1,1.0,850949
717.nii.img.nii.gz,8,LAA,1,1,1.0,105115
717.nii.img.nii.gz,9,Coronary,2,2,0.8431198311639789,99031
717.nii.img.nii.gz,10,PV,2,2,0.5705621935781158,403651
721.nii.img.nii.gz,1,Myocardium,1,1,1.0,1202700
721.nii.img.nii.gz,2,LA,1,1,1.0,911224
721.nii.img.nii.gz,3,LV,1,1,1.0,1316666
721.nii.img.nii.gz,4,RA,1,1,1.0,932108
721.nii.img.nii.gz,5,RV,1,1,1.0,1502765
721.nii.img.nii.gz,6,Aorta,2,2,0.5642612725776411,1154350
721.nii.img.nii.gz,7,PA,2,2,0.9216848098883172,510016
721.nii.img.nii.gz,8,LAA,1,1,1.0,108968
721.nii.img.nii.gz,9,Coronary,2,2,0.6266327106606981,76177
721.nii.img.nii.gz,10,PV,2,2,0.5116954594098762,228935
720.nii.img.nii.gz,1,Myocardium,1,1,1.0,2065758
720.nii.img.nii.gz,2,LA,1,1,1.0,965372
720.nii.img.nii.gz,3,LV,1,1,1.0,2026993
720.nii.img.nii.gz,4,RA,1,1,1.0,1422602
720.nii.img.nii.gz,5,RV,1,1,1.0,2774085
720.nii.img.nii.gz,6,Aorta,2,2,0.5515744987981235,1111179
720.nii.img.nii.gz,7,PA,1,1,1.0,857809
720.nii.img.nii.gz,8,LAA,1,1,1.0,114757
720.nii.img.nii.gz,9,Coronary,2,2,0.7374598958153655,115948
720.nii.img.nii.gz,10,PV,2,2,0.5591216420162994,331300
723.nii.img.nii.gz,1,Myocardium,1,1,1.0,2078253
723.nii.img.nii.gz,2,LA,1,1,1.0,1150034
723.nii.img.nii.gz,3,LV,1,1,1.0,2062858
723.nii.img.nii.gz,4,RA,1,1,1.0,1494455
723.nii.img.nii.gz,5,RV,1,1,1.0,2517361
723.nii.img.nii.gz,6,Aorta,2,2,0.5101829000822259,1762219
723.nii.img.nii.gz,7,PA,1,1,1.0,853790
723.nii.img.nii.gz,8,LAA,1,1,1.0,129554
723.nii.img.nii.gz,9,Coronary,2,2,0.6317938249553458,54866
723.nii.img.nii.gz,10,PV,3,3,0.5239267899602976,365469
722.nii.img.nii.gz,1,Myocardium,1,1,1.0,1520591
722.nii.img.nii.gz,2,LA,1,1,1.0,1236448
722.nii.img.nii.gz,3,LV,1,1,1.0,1768720
722.nii.img.nii.gz,4,RA,1,1,1.0,1618722
722.nii.img.nii.gz,5,RV,1,1,1.0,2246507
722.nii.img.nii.gz,6,Aorta,2,2,0.5782347443050047,1996402
722.nii.img.nii.gz,7,PA,1,1,1.0,682101
722.nii.img.nii.gz,8,LAA,1,1,1.0,76604
722.nii.img.nii.gz,9,Coronary,2,2,0.5372971091944023,80462
722.nii.img.nii.gz,10,PV,3,3,0.5444129639017351,321539
726.nii.img.nii.gz,1,Myocardium,1,1,1.0,1650273
726.nii.img.nii.gz,2,LA,1,1,1.0,1085125
726.nii.img.nii.gz,3,LV,1,1,1.0,1638818
726.nii.img.nii.gz,4,RA,1,1,1.0,1074723
726.nii.img.nii.gz,5,RV,1,1,1.0,2000478
726.nii.img.nii.gz,6,Aorta,2,2,0.5514396631626014,858812
726.nii.img.nii.gz,7,PA,2,2,0.7677876894800842,107729
726.nii.img.nii.gz,8,LAA,1,1,1.0,52772
726.nii.img.nii.gz,9,Coronary,2,2,0.8178943610492494,58823
726.nii.img.nii.gz,10,PV,2,2,0.5732133605998637,183375
724.nii.img.nii.gz,1,Myocardium,1,1,1.0,1395507
724.nii.img.nii.gz,2,LA,1,1,1.0,1055555
724.nii.img.nii.gz,3,LV,1,1,1.0,1537104
724.nii.img.nii.gz,4,RA,1,1,1.0,1137300
724.nii.img.nii.gz,5,RV,1,1,1.0,1781918
724.nii.img.nii.gz,6,Aorta,2,2,0.509257863171287,1605014
724.nii.img.nii.gz,7,PA,1,1,1.0,942498
724.nii.img.nii.gz,8,LAA,1,1,1.0,144324
724.nii.img.nii.gz,9,Coronary,2,2,0.909374750883533,75266
724.nii.img.nii.gz,10,PV,2,2,0.5002828003249196,332390
727.nii.img.nii.gz,1,Myocardium,1,1,1.0,1804183
727.nii.img.nii.gz,2,LA,1,1,1.0,1076748
727.nii.img.nii.gz,3,LV,1,1,1.0,1776555
727.nii.img.nii.gz,4,RA,1,1,1.0,1291410
727.nii.img.nii.gz,5,RV,1,1,1.0,2180439
727.nii.img.nii.gz,6,Aorta,2,2,0.5361862184674113,1446559
727.nii.img.nii.gz,7,PA,2,1,0.9713827530362233,378513
727.nii.img.nii.gz,8,LAA,1,1,1.0,122768
727.nii.img.nii.gz,9,Coronary,2,2,0.6556367989388032,123634
727.nii.img.nii.gz,10,PV,3,3,0.540881900208993,319628
725.nii.img.nii.gz,1,Myocardium,1,1,1.0,2124269
725.nii.img.nii.gz,2,LA,1,1,1.0,1125995
725.nii.img.nii.gz,3,LV,1,1,1.0,2136722
725.nii.img.nii.gz,4,RA,1,1,1.0,1452969
725.nii.img.nii.gz,5,RV,1,1,1.0,2503602
725.nii.img.nii.gz,6,Aorta,2,2,0.5669236960732269,1452363
725.nii.img.nii.gz,7,PA,2,1,0.9624646273362097,371756
725.nii.img.nii.gz,8,LAA,1,1,1.0,203306
725.nii.img.nii.gz,9,Coronary,2,2,0.7230219786939983,81761
725.nii.img.nii.gz,10,PV,2,2,0.5388845474046374,381334
728.nii.img.nii.gz,1,Myocardium,1,1,1.0,2205841
728.nii.img.nii.gz,2,LA,1,1,1.0,891386
728.nii.img.nii.gz,3,LV,1,1,1.0,2629449
728.nii.img.nii.gz,4,RA,1,1,1.0,1113644
728.nii.img.nii.gz,5,RV,1,1,1.0,3288752
728.nii.img.nii.gz,6,Aorta,2,2,0.5962834864349156,1630399
728.nii.img.nii.gz,7,PA,2,2,0.8845989436983523,493609
728.nii.img.nii.gz,8,LAA,1,1,1.0,179534
728.nii.img.nii.gz,9,Coronary,2,2,0.5492292656493425,103343
728.nii.img.nii.gz,10,PV,2,2,0.5021765029805214,477601
73.nii.img.nii.gz,1,Myocardium,1,1,1.0,2443631
73.nii.img.nii.gz,2,LA,1,1,1.0,1646079
73.nii.img.nii.gz,3,LV,1,1,1.0,2668765
73.nii.img.nii.gz,4,RA,1,1,1.0,1808798
73.nii.img.nii.gz,5,RV,1,1,1.0,3202783
73.nii.img.nii.gz,6,Aorta,2,2,0.6541872212211621,1692650
73.nii.img.nii.gz,7,PA,2,2,0.7051162303066116,209842
73.nii.img.nii.gz,8,LAA,1,1,1.0,168923
73.nii.img.nii.gz,9,Coronary,2,2,0.5074308072223469,155905
73.nii.img.nii.gz,10,PV,2,2,0.5725081241013622,481284
729.nii.img.nii.gz,1,Myocardium,1,1,1.0,1714596
729.nii.img.nii.gz,2,LA,1,1,1.0,1059331
729.nii.img.nii.gz,3,LV,1,1,1.0,1777090
729.nii.img.nii.gz,4,RA,1,1,1.0,1148354
729.nii.img.nii.gz,5,RV,1,1,1.0,1992760
729.nii.img.nii.gz,6,Aorta,2,2,0.510609464453946,1241910
729.nii.img.nii.gz,7,PA,2,2,0.9407280269998807,519706
729.nii.img.nii.gz,8,LAA,1,1,1.0,136047
729.nii.img.nii.gz,9,Coronary,2,2,0.5180054666560518,37683
729.nii.img.nii.gz,10,PV,2,2,0.6254262537889226,232256
730.nii.img.nii.gz,1,Myocardium,1,1,1.0,2102834
730.nii.img.nii.gz,2,LA,1,1,1.0,972185
730.nii.img.nii.gz,3,LV,1,1,1.0,2364069
730.nii.img.nii.gz,4,RA,1,1,1.0,1829416
730.nii.img.nii.gz,5,RV,1,1,1.0,3022152
730.nii.img.nii.gz,6,Aorta,2,2,0.5622767755594827,1428775
730.nii.img.nii.gz,7,PA,2,2,0.9291574894230616,315545
730.nii.img.nii.gz,8,LAA,1,1,1.0,111674
730.nii.img.nii.gz,9,Coronary,2,2,0.5228913973217416,99841
730.nii.img.nii.gz,10,PV,3,3,0.5085940157015889,420467
732.nii.img.nii.gz,1,Myocardium,1,1,1.0,1143836
732.nii.img.nii.gz,2,LA,1,1,1.0,987740
732.nii.img.nii.gz,3,LV,1,1,1.0,1169392
732.nii.img.nii.gz,4,RA,1,1,1.0,933902
732.nii.img.nii.gz,5,RV,1,1,1.0,1471741
732.nii.img.nii.gz,6,Aorta,2,2,0.6154901426750161,1887226
732.nii.img.nii.gz,7,PA,1,1,1.0,1335804
732.nii.img.nii.gz,8,LAA,1,1,1.0,126878
732.nii.img.nii.gz,9,Coronary,2,2,0.73988458205954,61169
732.nii.img.nii.gz,10,PV,2,2,0.5749540933435349,261400
734.nii.img.nii.gz,1,Myocardium,1,1,1.0,1424603
734.nii.img.nii.gz,2,LA,1,1,1.0,672512
734.nii.img.nii.gz,3,LV,1,1,1.0,1093861
734.nii.img.nii.gz,4,RA,1,1,1.0,834070
734.nii.img.nii.gz,5,RV,1,1,1.0,1530670
734.nii.img.nii.gz,6,Aorta,2,2,0.6491176586323659,1499363
734.nii.img.nii.gz,7,PA,1,1,1.0,666544
734.nii.img.nii.gz,8,LAA,1,1,1.0,61827
734.nii.img.nii.gz,9,Coronary,2,2,0.6147100876886005,100013
734.nii.img.nii.gz,10,PV,3,3,0.5487336569566054,244523
731.nii.img.nii.gz,1,Myocardium,1,1,1.0,1352075
731.nii.img.nii.gz,2,LA,1,1,1.0,983895
731.nii.img.nii.gz,3,LV,1,1,1.0,1345341
731.nii.img.nii.gz,4,RA,1,1,1.0,1352940
731.nii.img.nii.gz,5,RV,1,1,1.0,1752344
731.nii.img.nii.gz,6,Aorta,2,2,0.5375667587988335,1575635
731.nii.img.nii.gz,7,PA,1,1,1.0,747651
731.nii.img.nii.gz,8,LAA,1,1,1.0,130359
731.nii.img.nii.gz,9,Coronary,2,2,0.9208149200848794,102734
731.nii.img.nii.gz,10,PV,3,3,0.43064450449783437,324156
733.nii.img.nii.gz,1,Myocardium,1,1,1.0,1726021
733.nii.img.nii.gz,2,LA,1,1,1.0,1184728
733.nii.img.nii.gz,3,LV,1,1,1.0,1771445
733.nii.img.nii.gz,4,RA,1,1,1.0,874349
733.nii.img.nii.gz,5,RV,1,1,1.0,1656531
733.nii.img.nii.gz,6,Aorta,2,2,0.552864819051469,2048262
733.nii.img.nii.gz,7,PA,1,1,1.0,722713
733.nii.img.nii.gz,8,LAA,1,1,1.0,108191
733.nii.img.nii.gz,9,Coronary,2,2,0.5539697284301405,91505
733.nii.img.nii.gz,10,PV,2,2,0.5287917595142623,342407
735.nii.img.nii.gz,1,Myocardium,1,1,1.0,1595685
735.nii.img.nii.gz,2,LA,1,1,1.0,955494
735.nii.img.nii.gz,3,LV,1,1,1.0,1632696
735.nii.img.nii.gz,4,RA,1,1,1.0,1385070
735.nii.img.nii.gz,5,RV,1,1,1.0,2015912
735.nii.img.nii.gz,6,Aorta,2,2,0.5273606717971798,1748623
735.nii.img.nii.gz,7,PA,2,1,0.9664665822497118,492792
735.nii.img.nii.gz,8,LAA,1,1,1.0,182815
735.nii.img.nii.gz,9,Coronary,2,2,0.587002663559181,96112
735.nii.img.nii.gz,10,PV,2,2,0.509791256639589,263194
736.nii.img.nii.gz,1,Myocardium,1,1,1.0,1486422
736.nii.img.nii.gz,2,LA,1,1,1.0,1092316
736.nii.img.nii.gz,3,LV,1,1,1.0,1616763
736.nii.img.nii.gz,4,RA,1,1,1.0,1303202
736.nii.img.nii.gz,5,RV,1,1,1.0,1915986
736.nii.img.nii.gz,6,Aorta,2,2,0.5358530628002108,2020455
736.nii.img.nii.gz,7,PA,1,1,1.0,1093097
736.nii.img.nii.gz,8,LAA,1,1,1.0,142011
736.nii.img.nii.gz,9,Coronary,2,2,0.6585685279187817,98500
736.nii.img.nii.gz,10,PV,2,2,0.5473862439505646,375035
737.nii.img.nii.gz,1,Myocardium,1,1,1.0,1722709
737.nii.img.nii.gz,2,LA,1,1,1.0,807037
737.nii.img.nii.gz,3,LV,1,1,1.0,1743554
737.nii.img.nii.gz,4,RA,1,1,1.0,1371069
737.nii.img.nii.gz,5,RV,1,1,1.0,2385096
737.nii.img.nii.gz,6,Aorta,2,2,0.5840923127371767,1177129
737.nii.img.nii.gz,7,PA,2,2,0.6363544359998955,306312
737.nii.img.nii.gz,8,LAA,1,1,1.0,99910
737.nii.img.nii.gz,9,Coronary,2,2,0.528805971419574,117493
737.nii.img.nii.gz,10,PV,3,3,0.4648118563397255,361798
739.nii.img.nii.gz,1,Myocardium,1,1,1.0,1543382
739.nii.img.nii.gz,2,LA,1,1,1.0,1384761
739.nii.img.nii.gz,3,LV,1,1,1.0,1936942
739.nii.img.nii.gz,4,RA,1,1,1.0,1128394
739.nii.img.nii.gz,5,RV,1,1,1.0,1701724
739.nii.img.nii.gz,6,Aorta,2,2,0.5810421438416963,778453
739.nii.img.nii.gz,7,PA,2,2,0.673564616183423,146372
739.nii.img.nii.gz,8,LAA,1,1,1.0,65363
739.nii.img.nii.gz,9,Coronary,2,2,0.6951984437212516,55003
739.nii.img.nii.gz,10,PV,3,3,0.4101831023389691,206715
74.nii.img.nii.gz,1,Myocardium,1,1,1.0,1801688
74.nii.img.nii.gz,2,LA,1,1,1.0,1458636
74.nii.img.nii.gz,3,LV,1,1,1.0,1898936
74.nii.img.nii.gz,4,RA,1,1,1.0,935851
74.nii.img.nii.gz,5,RV,1,1,1.0,1999744
74.nii.img.nii.gz,6,Aorta,2,2,0.5305753033672451,1370616
74.nii.img.nii.gz,7,PA,2,2,0.9379184791300965,506447
74.nii.img.nii.gz,8,LAA,1,1,1.0,190037
74.nii.img.nii.gz,9,Coronary,3,2,0.744399300265222,70884
74.nii.img.nii.gz,10,PV,2,2,0.5126084983727285,306341
738.nii.img.nii.gz,1,Myocardium,1,1,1.0,2143524
738.nii.img.nii.gz,2,LA,1,1,1.0,1374925
738.nii.img.nii.gz,3,LV,1,1,1.0,1841319
738.nii.img.nii.gz,4,RA,1,1,1.0,1358336
738.nii.img.nii.gz,5,RV,1,1,1.0,2369324
738.nii.img.nii.gz,6,Aorta,2,2,0.5315828917350048,1993516
738.nii.img.nii.gz,7,PA,1,1,1.0,790705
738.nii.img.nii.gz,8,LAA,1,1,1.0,186974
738.nii.img.nii.gz,9,Coronary,2,2,0.6972058778226179,97383
738.nii.img.nii.gz,10,PV,2,2,0.5444030330291736,389050
742.nii.img.nii.gz,1,Myocardium,1,1,1.0,1763874
742.nii.img.nii.gz,2,LA,1,1,1.0,1021747
742.nii.img.nii.gz,3,LV,1,1,1.0,1753327
742.nii.img.nii.gz,4,RA,1,1,1.0,1134107
742.nii.img.nii.gz,5,RV,1,1,1.0,2263818
742.nii.img.nii.gz,6,Aorta,2,2,0.6336107311856273,1860745
742.nii.img.nii.gz,7,PA,2,1,0.9849161293637134,389290
742.nii.img.nii.gz,8,LAA,1,1,1.0,189927
742.nii.img.nii.gz,9,Coronary,3,3,0.4653428357951606,69596
742.nii.img.nii.gz,10,PV,2,2,0.5582200502714734,270929
743.nii.img.nii.gz,1,Myocardium,1,1,1.0,1841089
743.nii.img.nii.gz,2,LA,1,1,1.0,706730
743.nii.img.nii.gz,3,LV,1,1,1.0,2198216
743.nii.img.nii.gz,4,RA,1,1,1.0,1287634
743.nii.img.nii.gz,5,RV,1,1,1.0,2704822
743.nii.img.nii.gz,6,Aorta,2,2,0.5504114995018589,1289795
743.nii.img.nii.gz,7,PA,1,1,1.0,664734
743.nii.img.nii.gz,8,LAA,1,1,1.0,173350
743.nii.img.nii.gz,9,Coronary,3,2,0.5719735313861924,93847
743.nii.img.nii.gz,10,PV,2,2,0.5946276774600777,339034
740.nii.img.nii.gz,1,Myocardium,1,1,1.0,1765373
740.nii.img.nii.gz,2,LA,1,1,1.0,1281904
740.nii.img.nii.gz,3,LV,1,1,1.0,1794129
740.nii.img.nii.gz,4,RA,1,1,1.0,1322181
740.nii.img.nii.gz,5,RV,1,1,1.0,2133911
740.nii.img.nii.gz,6,Aorta,2,2,0.5021698004889641,1663517
740.nii.img.nii.gz,7,PA,1,1,1.0,788964
740.nii.img.nii.gz,8,LAA,1,1,1.0,160100
740.nii.img.nii.gz,9,Coronary,2,2,0.6658451725137721,62082
740.nii.img.nii.gz,10,PV,2,2,0.5435186454320369,342899
741.nii.img.nii.gz,1,Myocardium,1,1,1.0,1677359
741.nii.img.nii.gz,2,LA,1,1,1.0,975639
741.nii.img.nii.gz,3,LV,1,1,1.0,2233112
741.nii.img.nii.gz,4,RA,1,1,1.0,1063996
741.nii.img.nii.gz,5,RV,1,1,1.0,2366876
741.nii.img.nii.gz,6,Aorta,2,2,0.5222240332428447,1601307
741.nii.img.nii.gz,7,PA,1,1,1.0,835314
741.nii.img.nii.gz,8,LAA,1,1,1.0,99512
741.nii.img.nii.gz,9,Coronary,2,2,0.7399398704902868,34592
741.nii.img.nii.gz,10,PV,2,2,0.5473720321011268,384784
745.nii.img.nii.gz,1,Myocardium,1,1,1.0,2050146
745.nii.img.nii.gz,2,LA,1,1,1.0,1135645
745.nii.img.nii.gz,3,LV,1,1,1.0,1704931
745.nii.img.nii.gz,4,RA,1,1,1.0,1141368
745.nii.img.nii.gz,5,RV,1,1,1.0,2332054
745.nii.img.nii.gz,6,Aorta,2,2,0.5170503251857613,1510675
745.nii.img.nii.gz,7,PA,1,1,1.0,699942
745.nii.img.nii.gz,8,LAA,1,1,1.0,120153
745.nii.img.nii.gz,9,Coronary,2,2,0.6235696523338129,104957
745.nii.img.nii.gz,10,PV,2,2,0.5442822070729048,372294
744.nii.img.nii.gz,1,Myocardium,1,1,1.0,1621529
744.nii.img.nii.gz,2,LA,1,1,1.0,1057723
744.nii.img.nii.gz,3,LV,1,1,1.0,2032487
744.nii.img.nii.gz,4,RA,1,1,1.0,1495896
744.nii.img.nii.gz,5,RV,1,1,1.0,2197973
744.nii.img.nii.gz,6,Aorta,2,2,0.5178870483642726,1255741
744.nii.img.nii.gz,7,PA,2,2,0.9453175732370216,548220
744.nii.img.nii.gz,8,LAA,1,1,1.0,136171
744.nii.img.nii.gz,9,Coronary,2,2,0.5189132767821703,68021
744.nii.img.nii.gz,10,PV,2,2,0.5189733621946371,316918
746.nii.img.nii.gz,1,Myocardium,1,1,1.0,2064754
746.nii.img.nii.gz,2,LA,1,1,1.0,879502
746.nii.img.nii.gz,3,LV,1,1,1.0,2248014
746.nii.img.nii.gz,4,RA,1,1,1.0,948452
746.nii.img.nii.gz,5,RV,1,1,1.0,1909742
746.nii.img.nii.gz,6,Aorta,2,2,0.6480456978570361,2195464
746.nii.img.nii.gz,7,PA,1,1,1.0,724913
746.nii.img.nii.gz,8,LAA,1,1,1.0,115139
746.nii.img.nii.gz,9,Coronary,2,2,0.5902800075744478,121461
746.nii.img.nii.gz,10,PV,3,3,0.5749065507501311,295615
748.nii.img.nii.gz,1,Myocardium,1,1,1.0,1532859
748.nii.img.nii.gz,2,LA,1,1,1.0,1002066
748.nii.img.nii.gz,3,LV,1,1,1.0,1511799
748.nii.img.nii.gz,4,RA,1,1,1.0,1146403
748.nii.img.nii.gz,5,RV,1,1,1.0,1939477
748.nii.img.nii.gz,6,Aorta,2,2,0.5100928278042837,1434484
748.nii.img.nii.gz,7,PA,2,2,0.9334083751637346,645862
748.nii.img.nii.gz,8,LAA,1,1,1.0,176473
748.nii.img.nii.gz,9,Coronary,2,2,0.5682355444187036,84604
748.nii.img.nii.gz,10,PV,3,3,0.5051120604745878,330982
749.nii.img.nii.gz,1,Myocardium,1,1,1.0,2463140
749.nii.img.nii.gz,2,LA,1,1,1.0,1355696
749.nii.img.nii.gz,3,LV,1,1,1.0,2838187
749.nii.img.nii.gz,4,RA,1,1,1.0,1481146
749.nii.img.nii.gz,5,RV,1,1,1.0,3111548
749.nii.img.nii.gz,6,Aorta,2,2,0.5233278731280361,1844253
749.nii.img.nii.gz,7,PA,1,1,1.0,847788
749.nii.img.nii.gz,8,LAA,1,1,1.0,191177
749.nii.img.nii.gz,9,Coronary,2,2,0.5471668889558147,116215
749.nii.img.nii.gz,10,PV,2,2,0.5298571855260683,361588
747.nii.img.nii.gz,1,Myocardium,1,1,1.0,2532847
747.nii.img.nii.gz,2,LA,1,1,1.0,1294031
747.nii.img.nii.gz,3,LV,1,1,1.0,2164630
747.nii.img.nii.gz,4,RA,1,1,1.0,1928189
747.nii.img.nii.gz,5,RV,1,1,1.0,2747582
747.nii.img.nii.gz,6,Aorta,2,2,0.541481317195784,1893720
747.nii.img.nii.gz,7,PA,1,1,1.0,744520
747.nii.img.nii.gz,8,LAA,1,1,1.0,108965
747.nii.img.nii.gz,9,Coronary,2,2,0.5820254619129699,99207
747.nii.img.nii.gz,10,PV,3,3,0.5194201202984688,447886
751.nii.img.nii.gz,1,Myocardium,1,1,1.0,1512956
751.nii.img.nii.gz,2,LA,1,1,1.0,943681
751.nii.img.nii.gz,3,LV,1,1,1.0,1787908
751.nii.img.nii.gz,4,RA,1,1,1.0,1292757
751.nii.img.nii.gz,5,RV,1,1,1.0,2056993
751.nii.img.nii.gz,6,Aorta,2,2,0.5108590288035451,1213184
751.nii.img.nii.gz,7,PA,2,2,0.9101059253303996,354495
751.nii.img.nii.gz,8,LAA,1,1,1.0,146165
751.nii.img.nii.gz,9,Coronary,2,2,0.8234727483370432,76821
751.nii.img.nii.gz,10,PV,2,2,0.5084699291089396,302718
753.nii.img.nii.gz,1,Myocardium,1,1,1.0,1575759
753.nii.img.nii.gz,2,LA,1,1,1.0,707904
753.nii.img.nii.gz,3,LV,1,1,1.0,1827552
753.nii.img.nii.gz,4,RA,1,1,1.0,841788
753.nii.img.nii.gz,5,RV,1,1,1.0,2021110
753.nii.img.nii.gz,6,Aorta,2,2,0.5052756672228369,964333
753.nii.img.nii.gz,7,PA,2,1,0.9614455005982503,375261
753.nii.img.nii.gz,8,LAA,1,1,1.0,58733
753.nii.img.nii.gz,9,Coronary,2,2,0.6959621285831898,53444
753.nii.img.nii.gz,10,PV,2,2,0.525444780714798,228652
75.nii.img.nii.gz,1,Myocardium,1,1,1.0,1616339
75.nii.img.nii.gz,2,LA,1,1,1.0,858497
75.nii.img.nii.gz,3,LV,1,1,1.0,1528226
75.nii.img.nii.gz,4,RA,1,1,1.0,851250
75.nii.img.nii.gz,5,RV,1,1,1.0,1955550
75.nii.img.nii.gz,6,Aorta,2,2,0.5848488081480715,1893356
75.nii.img.nii.gz,7,PA,1,1,1.0,683797
75.nii.img.nii.gz,8,LAA,1,1,1.0,39612
75.nii.img.nii.gz,9,Coronary,4,2,0.6806156211815424,72837
75.nii.img.nii.gz,10,PV,2,2,0.5212256031355101,302088
750.nii.img.nii.gz,1,Myocardium,1,1,1.0,1576761
750.nii.img.nii.gz,2,LA,1,1,1.0,1003117
750.nii.img.nii.gz,3,LV,1,1,1.0,1372660
750.nii.img.nii.gz,4,RA,1,1,1.0,783870
750.nii.img.nii.gz,5,RV,1,1,1.0,1434444
750.nii.img.nii.gz,6,Aorta,2,2,0.5195074210271472,1069798
750.nii.img.nii.gz,7,PA,1,1,1.0,527044
750.nii.img.nii.gz,8,LAA,1,1,1.0,145261
750.nii.img.nii.gz,9,Coronary,2,2,0.7089109142336193,85558
750.nii.img.nii.gz,10,PV,2,2,0.606703424138523,238863
752.nii.img.nii.gz,1,Myocardium,1,1,1.0,2059774
752.nii.img.nii.gz,2,LA,1,1,1.0,1025513
752.nii.img.nii.gz,3,LV,1,1,1.0,2196577
752.nii.img.nii.gz,4,RA,1,1,1.0,1455005
752.nii.img.nii.gz,5,RV,1,1,1.0,2590474
752.nii.img.nii.gz,6,Aorta,2,2,0.6689210302570798,2064145
752.nii.img.nii.gz,7,PA,2,2,0.7999016995996752,280772
752.nii.img.nii.gz,8,LAA,1,1,1.0,144021
752.nii.img.nii.gz,9,Coronary,2,2,0.7027109790146807,111030
752.nii.img.nii.gz,10,PV,3,3,0.4747317359109016,334372
754.nii.img.nii.gz,1,Myocardium,1,1,1.0,2098627
754.nii.img.nii.gz,2,LA,1,1,1.0,745842
754.nii.img.nii.gz,3,LV,1,1,1.0,2460962
754.nii.img.nii.gz,4,RA,1,1,1.0,1081143
754.nii.img.nii.gz,5,RV,1,1,1.0,3092396
754.nii.img.nii.gz,6,Aorta,2,2,0.5914319974389686,1449416
754.nii.img.nii.gz,7,PA,1,1,1.0,812321
754.nii.img.nii.gz,8,LAA,1,1,1.0,155517
754.nii.img.nii.gz,9,Coronary,2,2,0.861819372799476,122130
754.nii.img.nii.gz,10,PV,3,3,0.5726789291674855,340931
755.nii.img.nii.gz,1,Myocardium,1,1,1.0,1369482
755.nii.img.nii.gz,2,LA,1,1,1.0,990969
755.nii.img.nii.gz,3,LV,1,1,1.0,1368554
755.nii.img.nii.gz,4,RA,1,1,1.0,957161
755.nii.img.nii.gz,5,RV,1,1,1.0,1571523
755.nii.img.nii.gz,6,Aorta,2,2,0.5947104033837086,1881013
755.nii.img.nii.gz,7,PA,1,1,1.0,771694
755.nii.img.nii.gz,8,LAA,1,1,1.0,86934
755.nii.img.nii.gz,9,Coronary,2,2,0.6324372043440603,60036
755.nii.img.nii.gz,10,PV,2,2,0.5491412523076818,293043
756.nii.img.nii.gz,1,Myocardium,1,1,1.0,1496947
756.nii.img.nii.gz,2,LA,1,1,1.0,748567
756.nii.img.nii.gz,3,LV,1,1,1.0,1818870
756.nii.img.nii.gz,4,RA,1,1,1.0,1050373
756.nii.img.nii.gz,5,RV,1,1,1.0,2217259
756.nii.img.nii.gz,6,Aorta,2,2,0.5229621862226883,841122
756.nii.img.nii.gz,7,PA,2,2,0.5522187633522554,245745
756.nii.img.nii.gz,8,LAA,1,1,1.0,121331
756.nii.img.nii.gz,9,Coronary,2,2,0.8704566172205188,60335
756.nii.img.nii.gz,10,PV,2,2,0.5234185502016632,284881
757.nii.img.nii.gz,1,Myocardium,1,1,1.0,2375179
757.nii.img.nii.gz,2,LA,1,1,1.0,1318223
757.nii.img.nii.gz,3,LV,1,1,1.0,2740914
757.nii.img.nii.gz,4,RA,1,1,1.0,1648908
757.nii.img.nii.gz,5,RV,1,1,1.0,2891972
757.nii.img.nii.gz,6,Aorta,2,2,0.6205074268568863,1743739
757.nii.img.nii.gz,7,PA,2,2,0.9307256240845064,451942
757.nii.img.nii.gz,8,LAA,1,1,1.0,114080
757.nii.img.nii.gz,9,Coronary,2,2,0.7080819357509314,79721
757.nii.img.nii.gz,10,PV,3,3,0.5333087893816127,415581
758.nii.img.nii.gz,1,Myocardium,1,1,1.0,2337456
758.nii.img.nii.gz,2,LA,1,1,1.0,939689
758.nii.img.nii.gz,3,LV,1,1,1.0,2695149
758.nii.img.nii.gz,4,RA,1,1,1.0,1080227
758.nii.img.nii.gz,5,RV,1,1,1.0,3096079
758.nii.img.nii.gz,6,Aorta,2,2,0.531168833938236,937892
758.nii.img.nii.gz,7,PA,1,1,1.0,483026
758.nii.img.nii.gz,8,LAA,1,1,1.0,158981
758.nii.img.nii.gz,9,Coronary,2,2,0.6729720473167005,75914
758.nii.img.nii.gz,10,PV,2,2,0.5099503257270842,420137
759.nii.img.nii.gz,1,Myocardium,1,1,1.0,1490499
759.nii.img.nii.gz,2,LA,1,1,1.0,906069
759.nii.img.nii.gz,3,LV,1,1,1.0,1652715
759.nii.img.nii.gz,4,RA,1,1,1.0,1507331
759.nii.img.nii.gz,5,RV,1,1,1.0,2127849
759.nii.img.nii.gz,6,Aorta,2,2,0.5605799991630603,1386002
759.nii.img.nii.gz,7,PA,1,1,1.0,732425
759.nii.img.nii.gz,8,LAA,1,1,1.0,132160
759.nii.img.nii.gz,9,Coronary,2,2,0.6067932845011992,77135
759.nii.img.nii.gz,10,PV,1,1,1.0,307103
76.nii.img.nii.gz,1,Myocardium,1,1,1.0,1687987
76.nii.img.nii.gz,2,LA,1,1,1.0,1125948
76.nii.img.nii.gz,3,LV,1,1,1.0,1732029
76.nii.img.nii.gz,4,RA,1,1,1.0,1094665
76.nii.img.nii.gz,5,RV,1,1,1.0,2281676
76.nii.img.nii.gz,6,Aorta,2,2,0.507524256101702,1310495
76.nii.img.nii.gz,7,PA,1,1,1.0,573903
76.nii.img.nii.gz,8,LAA,1,1,1.0,94442
76.nii.img.nii.gz,9,Coronary,2,2,0.6814437116790628,47461
76.nii.img.nii.gz,10,PV,2,2,0.5012735570895503,403594
761.nii.img.nii.gz,1,Myocardium,1,1,1.0,1599960
761.nii.img.nii.gz,2,LA,1,1,1.0,1475471
761.nii.img.nii.gz,3,LV,1,1,1.0,1744727
761.nii.img.nii.gz,4,RA,1,1,1.0,1477166
761.nii.img.nii.gz,5,RV,1,1,1.0,2108178
761.nii.img.nii.gz,6,Aorta,2,2,0.5377719373393314,1547829
761.nii.img.nii.gz,7,PA,1,1,1.0,896513
761.nii.img.nii.gz,8,LAA,1,1,1.0,190554
761.nii.img.nii.gz,9,Coronary,2,2,0.6384000556825169,86203
761.nii.img.nii.gz,10,PV,2,2,0.5708859568393536,435721
762.nii.img.nii.gz,1,Myocardium,1,1,1.0,2045315
762.nii.img.nii.gz,2,LA,1,1,1.0,1195190
762.nii.img.nii.gz,3,LV,1,1,1.0,2044212
762.nii.img.nii.gz,4,RA,1,1,1.0,1671459
762.nii.img.nii.gz,5,RV,1,1,1.0,2817221
762.nii.img.nii.gz,6,Aorta,2,2,0.6047252999068511,1680105
762.nii.img.nii.gz,7,PA,1,1,1.0,956855
762.nii.img.nii.gz,8,LAA,1,1,1.0,164343
762.nii.img.nii.gz,9,Coronary,2,2,0.5947144754316069,75300
762.nii.img.nii.gz,10,PV,2,2,0.5391575740516913,362382
764.nii.img.nii.gz,1,Myocardium,1,1,1.0,2430609
764.nii.img.nii.gz,2,LA,1,1,1.0,1369080
764.nii.img.nii.gz,3,LV,1,1,1.0,2380126
764.nii.img.nii.gz,4,RA,1,1,1.0,1795135
764.nii.img.nii.gz,5,RV,1,1,1.0,3085611
764.nii.img.nii.gz,6,Aorta,2,2,0.5025605644860153,2091531
764.nii.img.nii.gz,7,PA,1,1,1.0,972895
764.nii.img.nii.gz,8,LAA,1,1,1.0,172599
764.nii.img.nii.gz,9,Coronary,2,2,0.5682749807098766,165888
764.nii.img.nii.gz,10,PV,2,2,0.5148647129803012,471553
760.nii.img.nii.gz,1,Myocardium,1,1,1.0,1550634
760.nii.img.nii.gz,2,LA,1,1,1.0,1028946
760.nii.img.nii.gz,3,LV,1,1,1.0,1935374
760.nii.img.nii.gz,4,RA,1,1,1.0,1137226
760.nii.img.nii.gz,5,RV,1,1,1.0,2141025
760.nii.img.nii.gz,6,Aorta,2,2,0.5240717679215057,1306489
760.nii.img.nii.gz,7,PA,2,2,0.8966578621009099,602339
760.nii.img.nii.gz,8,LAA,1,1,1.0,176998
760.nii.img.nii.gz,9,Coronary,3,2,0.4948352025508453,90323
760.nii.img.nii.gz,10,PV,3,3,0.5359094084497472,470949
765.nii.img.nii.gz,1,Myocardium,1,1,1.0,1927745
765.nii.img.nii.gz,2,LA,1,1,1.0,1242410
765.nii.img.nii.gz,3,LV,1,1,1.0,1939560
765.nii.img.nii.gz,4,RA,1,1,1.0,1499741
765.nii.img.nii.gz,5,RV,1,1,1.0,2334011
765.nii.img.nii.gz,6,Aorta,2,2,0.5308683774191112,1840087
765.nii.img.nii.gz,7,PA,2,2,0.9395533424436998,801285
765.nii.img.nii.gz,8,LAA,1,1,1.0,215493
765.nii.img.nii.gz,9,Coronary,3,2,0.8822638958290467,68042
765.nii.img.nii.gz,10,PV,3,3,0.47712146340597644,507091
763.nii.img.nii.gz,1,Myocardium,1,1,1.0,1761544
763.nii.img.nii.gz,2,LA,1,1,1.0,2147859
763.nii.img.nii.gz,3,LV,1,1,1.0,1764180
763.nii.img.nii.gz,4,RA,1,1,1.0,1796860
763.nii.img.nii.gz,5,RV,1,1,1.0,2397801
763.nii.img.nii.gz,6,Aorta,2,2,0.6084895747289587,1779618
763.nii.img.nii.gz,7,PA,1,1,1.0,1226578
763.nii.img.nii.gz,8,LAA,1,1,1.0,120113
763.nii.img.nii.gz,9,Coronary,2,2,0.5772659732540861,76722
763.nii.img.nii.gz,10,PV,2,2,0.5252994488022048,377360
769.nii.img.nii.gz,1,Myocardium,1,1,1.0,2236052
769.nii.img.nii.gz,2,LA,1,1,1.0,1416068
769.nii.img.nii.gz,3,LV,1,1,1.0,2302279
769.nii.img.nii.gz,4,RA,1,1,1.0,1260785
769.nii.img.nii.gz,5,RV,1,1,1.0,2739245
769.nii.img.nii.gz,6,Aorta,2,2,0.5341874027708922,1637884
769.nii.img.nii.gz,7,PA,1,1,1.0,947648
769.nii.img.nii.gz,8,LAA,1,1,1.0,297323
769.nii.img.nii.gz,9,Coronary,3,3,0.4834710743801653,117854
769.nii.img.nii.gz,10,PV,2,2,0.5251876978951104,433942
767.nii.img.nii.gz,1,Myocardium,1,1,1.0,1512702
767.nii.img.nii.gz,2,LA,1,1,1.0,842309
767.nii.img.nii.gz,3,LV,1,1,1.0,1631695
767.nii.img.nii.gz,4,RA,1,1,1.0,910918
767.nii.img.nii.gz,5,RV,1,1,1.0,1690461
767.nii.img.nii.gz,6,Aorta,2,2,0.5039977672097671,1006812
767.nii.img.nii.gz,7,PA,2,2,0.9451572842860172,429191
767.nii.img.nii.gz,8,LAA,1,1,1.0,148115
767.nii.img.nii.gz,9,Coronary,2,2,0.6212967459932006,82360
767.nii.img.nii.gz,10,PV,2,2,0.5083583172858437,305863
766.nii.img.nii.gz,1,Myocardium,1,1,1.0,2339600
766.nii.img.nii.gz,2,LA,1,1,1.0,1476158
766.nii.img.nii.gz,3,LV,1,1,1.0,2645422
766.nii.img.nii.gz,4,RA,1,1,1.0,1755370
766.nii.img.nii.gz,5,RV,1,1,1.0,2550392
766.nii.img.nii.gz,6,Aorta,2,2,0.5610849784559921,2024925
766.nii.img.nii.gz,7,PA,2,2,0.9195577819147178,726248
766.nii.img.nii.gz,8,LAA,1,1,1.0,279975
766.nii.img.nii.gz,9,Coronary,3,2,0.5729910714285714,147840
766.nii.img.nii.gz,10,PV,3,3,0.4862345203557738,450511
77.nii.img.nii.gz,1,Myocardium,1,1,1.0,1595438
77.nii.img.nii.gz,2,LA,1,1,1.0,1076729
77.nii.img.nii.gz,3,LV,1,1,1.0,1527431
77.nii.img.nii.gz,4,RA,1,1,1.0,1731164
77.nii.img.nii.gz,5,RV,1,1,1.0,2461871
77.nii.img.nii.gz,6,Aorta,2,2,0.5593022174941387,1452315
77.nii.img.nii.gz,7,PA,2,2,0.9349467644602542,572362
77.nii.img.nii.gz,8,LAA,1,1,1.0,182795
77.nii.img.nii.gz,9,Coronary,4,2,0.47267123093093943,70402
77.nii.img.nii.gz,10,PV,2,2,0.5042417931117206,366826
768.nii.img.nii.gz,1,Myocardium,1,1,1.0,1498373
768.nii.img.nii.gz,2,LA,1,1,1.0,975334
768.nii.img.nii.gz,3,LV,1,1,1.0,1443084
768.nii.img.nii.gz,4,RA,1,1,1.0,870895
768.nii.img.nii.gz,5,RV,1,1,1.0,1765784
768.nii.img.nii.gz,6,Aorta,2,2,0.5377934054551288,2069832
768.nii.img.nii.gz,7,PA,1,1,1.0,879164
768.nii.img.nii.gz,8,LAA,1,1,1.0,115453
768.nii.img.nii.gz,9,Coronary,2,2,0.6262623393224913,70405
768.nii.img.nii.gz,10,PV,3,3,0.4647766063912918,364715
772.nii.img.nii.gz,1,Myocardium,1,1,1.0,2071129
772.nii.img.nii.gz,2,LA,1,1,1.0,1396105
772.nii.img.nii.gz,3,LV,1,1,1.0,2047944
772.nii.img.nii.gz,4,RA,1,1,1.0,1492616
772.nii.img.nii.gz,5,RV,1,1,1.0,2426117
772.nii.img.nii.gz,6,Aorta,2,2,0.5584450955213225,1725688
772.nii.img.nii.gz,7,PA,2,1,0.956526206945274,467109
772.nii.img.nii.gz,8,LAA,1,1,1.0,155951
772.nii.img.nii.gz,9,Coronary,2,2,0.6466870667582589,80065
772.nii.img.nii.gz,10,PV,2,2,0.581745326849401,341151
770.nii.img.nii.gz,1,Myocardium,1,1,1.0,2077823
770.nii.img.nii.gz,2,LA,1,1,1.0,1232112
770.nii.img.nii.gz,3,LV,1,1,1.0,2016550
770.nii.img.nii.gz,4,RA,1,1,1.0,1279071
770.nii.img.nii.gz,5,RV,1,1,1.0,2337476
770.nii.img.nii.gz,6,Aorta,2,2,0.6626396178405773,1153864
770.nii.img.nii.gz,7,PA,2,2,0.9414158778435283,272241
770.nii.img.nii.gz,8,LAA,1,1,1.0,114902
770.nii.img.nii.gz,9,Coronary,2,2,0.6444311600971417,133825
770.nii.img.nii.gz,10,PV,2,2,0.5355325798327074,336297
771.nii.img.nii.gz,1,Myocardium,1,1,1.0,2065850
771.nii.img.nii.gz,2,LA,1,1,1.0,1488205
771.nii.img.nii.gz,3,LV,1,1,1.0,2502395
771.nii.img.nii.gz,4,RA,1,1,1.0,1477009
771.nii.img.nii.gz,5,RV,1,1,1.0,2212357
771.nii.img.nii.gz,6,Aorta,2,2,0.517626828398824,2101087
771.nii.img.nii.gz,7,PA,1,1,1.0,1362931
771.nii.img.nii.gz,8,LAA,1,1,1.0,155388
771.nii.img.nii.gz,9,Coronary,2,2,0.5172375227177408,71530
771.nii.img.nii.gz,10,PV,2,2,0.5418070070763644,467613
773.nii.img.nii.gz,1,Myocardium,1,1,1.0,1761259
773.nii.img.nii.gz,2,LA,1,1,1.0,1163972
773.nii.img.nii.gz,3,LV,1,1,1.0,2014963
773.nii.img.nii.gz,4,RA,1,1,1.0,1493795
773.nii.img.nii.gz,5,RV,1,1,1.0,2261869
773.nii.img.nii.gz,6,Aorta,2,2,0.5505702874824596,1139513
773.nii.img.nii.gz,7,PA,2,2,0.9105860879156276,204901
773.nii.img.nii.gz,8,LAA,1,1,1.0,198780
773.nii.img.nii.gz,9,Coronary,2,2,0.6855842970926935,81106
773.nii.img.nii.gz,10,PV,2,2,0.6379483076149887,302443
776.nii.img.nii.gz,1,Myocardium,1,1,1.0,1946519
776.nii.img.nii.gz,2,LA,1,1,1.0,1310641
776.nii.img.nii.gz,3,LV,1,1,1.0,1835588
776.nii.img.nii.gz,4,RA,1,1,1.0,1235338
776.nii.img.nii.gz,5,RV,1,1,1.0,2125533
776.nii.img.nii.gz,6,Aorta,2,2,0.5943606793827201,1270153
776.nii.img.nii.gz,7,PA,2,2,0.9305059103226986,300745
776.nii.img.nii.gz,8,LAA,1,1,1.0,100401
776.nii.img.nii.gz,9,Coronary,2,2,0.8730558858501783,84100
776.nii.img.nii.gz,10,PV,3,3,0.5065964791247124,411659
775.nii.img.nii.gz,1,Myocardium,1,1,1.0,1953385
775.nii.img.nii.gz,2,LA,1,1,1.0,1058633
775.nii.img.nii.gz,3,LV,1,1,1.0,2005848
775.nii.img.nii.gz,4,RA,1,1,1.0,1167023
775.nii.img.nii.gz,5,RV,1,1,1.0,2570320
775.nii.img.nii.gz,6,Aorta,2,2,0.5134390413050778,1185278
775.nii.img.nii.gz,7,PA,1,1,1.0,506183
775.nii.img.nii.gz,8,LAA,1,1,1.0,107726
775.nii.img.nii.gz,9,Coronary,3,3,0.542168870143564,61645
775.nii.img.nii.gz,10,PV,2,2,0.5416530983039293,328583
774.nii.img.nii.gz,1,Myocardium,1,1,1.0,2123595
774.nii.img.nii.gz,2,LA,1,1,1.0,1074027
774.nii.img.nii.gz,3,LV,1,1,1.0,2474602
774.nii.img.nii.gz,4,RA,1,1,1.0,1893233
774.nii.img.nii.gz,5,RV,1,1,1.0,2752957
774.nii.img.nii.gz,6,Aorta,2,2,0.5042196081448921,1559505
774.nii.img.nii.gz,7,PA,2,2,0.8217462032099261,234211
774.nii.img.nii.gz,8,LAA,1,1,1.0,162850
774.nii.img.nii.gz,9,Coronary,2,2,0.5735698196870173,84797
774.nii.img.nii.gz,10,PV,3,3,0.4443355864586931,283754
777.nii.img.nii.gz,1,Myocardium,1,1,1.0,1810555
777.nii.img.nii.gz,2,LA,1,1,1.0,962633
777.nii.img.nii.gz,3,LV,1,1,1.0,1853220
777.nii.img.nii.gz,4,RA,1,1,1.0,1391437
777.nii.img.nii.gz,5,RV,1,1,1.0,2123006
777.nii.img.nii.gz,6,Aorta,2,2,0.5780434851582082,1323762
777.nii.img.nii.gz,7,PA,1,1,1.0,730870
777.nii.img.nii.gz,8,LAA,1,1,1.0,145714
777.nii.img.nii.gz,9,Coronary,2,2,0.603878298277589,60903
777.nii.img.nii.gz,10,PV,3,3,0.566637272994488,330003
78.nii.img.nii.gz,1,Myocardium,1,1,1.0,1227137
78.nii.img.nii.gz,2,LA,1,1,1.0,708610
78.nii.img.nii.gz,3,LV,1,1,1.0,1198744
78.nii.img.nii.gz,4,RA,1,1,1.0,796488
78.nii.img.nii.gz,5,RV,1,1,1.0,1738039
78.nii.img.nii.gz,6,Aorta,2,2,0.5343765743318974,1024244
78.nii.img.nii.gz,7,PA,1,1,1.0,418226
78.nii.img.nii.gz,8,LAA,1,1,1.0,94547
78.nii.img.nii.gz,9,Coronary,2,2,0.6436412046921705,39811
78.nii.img.nii.gz,10,PV,2,2,0.5348248166686067,214775
778.nii.img.nii.gz,1,Myocardium,1,1,1.0,1488001
778.nii.img.nii.gz,2,LA,1,1,1.0,1092366
778.nii.img.nii.gz,3,LV,1,1,1.0,1625585
778.nii.img.nii.gz,4,RA,1,1,1.0,1044484
778.nii.img.nii.gz,5,RV,1,1,1.0,1920320
778.nii.img.nii.gz,6,Aorta,2,2,0.5762546213342947,1295351
778.nii.img.nii.gz,7,PA,1,1,1.0,631654
778.nii.img.nii.gz,8,LAA,1,1,1.0,146562
778.nii.img.nii.gz,9,Coronary,2,2,0.6223017779187625,66201
778.nii.img.nii.gz,10,PV,2,2,0.5793875784124047,319943
779.nii.img.nii.gz,1,Myocardium,1,1,1.0,1865274
779.nii.img.nii.gz,2,LA,1,1,1.0,981101
779.nii.img.nii.gz,3,LV,1,1,1.0,1815482
779.nii.img.nii.gz,4,RA,1,1,1.0,1484038
779.nii.img.nii.gz,5,RV,1,1,1.0,2491093
779.nii.img.nii.gz,6,Aorta,2,2,0.5698492598165165,961721
779.nii.img.nii.gz,7,PA,1,1,1.0,566193
779.nii.img.nii.gz,8,LAA,1,1,1.0,92955
779.nii.img.nii.gz,9,Coronary,2,2,0.5491372576865725,56332
779.nii.img.nii.gz,10,PV,2,2,0.5881044921145078,374612
780.nii.img.nii.gz,1,Myocardium,1,1,1.0,1552798
780.nii.img.nii.gz,2,LA,1,1,1.0,737532
780.nii.img.nii.gz,3,LV,1,1,1.0,1490902
780.nii.img.nii.gz,4,RA,1,1,1.0,956915
780.nii.img.nii.gz,5,RV,1,1,1.0,1717195
780.nii.img.nii.gz,6,Aorta,2,2,0.5740993860504693,1767572
780.nii.img.nii.gz,7,PA,1,1,1.0,746189
780.nii.img.nii.gz,8,LAA,1,1,1.0,87744
780.nii.img.nii.gz,9,Coronary,3,2,0.7309785458740721,85811
780.nii.img.nii.gz,10,PV,3,3,0.5747260794378225,290869
781.nii.img.nii.gz,1,Myocardium,1,1,1.0,1986803
781.nii.img.nii.gz,2,LA,1,1,1.0,960806
781.nii.img.nii.gz,3,LV,1,1,1.0,1634720
781.nii.img.nii.gz,4,RA,1,1,1.0,1310465
781.nii.img.nii.gz,5,RV,1,1,1.0,2348497
781.nii.img.nii.gz,6,Aorta,2,2,0.54606081164744,1550624
781.nii.img.nii.gz,7,PA,1,1,1.0,779255
781.nii.img.nii.gz,8,LAA,1,1,1.0,162641
781.nii.img.nii.gz,9,Coronary,3,2,0.5617702448210923,47790
781.nii.img.nii.gz,10,PV,2,2,0.5146436633344083,310100
784.nii.img.nii.gz,1,Myocardium,1,1,1.0,1482784
784.nii.img.nii.gz,2,LA,1,1,1.0,970521
784.nii.img.nii.gz,3,LV,1,1,1.0,1660829
784.nii.img.nii.gz,4,RA,1,1,1.0,1307604
784.nii.img.nii.gz,5,RV,1,1,1.0,2170036
784.nii.img.nii.gz,6,Aorta,2,2,0.5046988456880943,1113997
784.nii.img.nii.gz,7,PA,2,2,0.6372253127483458,223982
784.nii.img.nii.gz,8,LAA,1,1,1.0,113167
784.nii.img.nii.gz,9,Coronary,2,2,0.5540759736146942,64733
784.nii.img.nii.gz,10,PV,3,3,0.4209684624654161,266381
783.nii.img.nii.gz,1,Myocardium,1,1,1.0,1487029
783.nii.img.nii.gz,2,LA,1,1,1.0,1084845
783.nii.img.nii.gz,3,LV,1,1,1.0,1697350
783.nii.img.nii.gz,4,RA,1,1,1.0,1542986
783.nii.img.nii.gz,5,RV,1,1,1.0,2259428
783.nii.img.nii.gz,6,Aorta,2,2,0.5165672441622036,1558165
783.nii.img.nii.gz,7,PA,2,2,0.6804714989444054,142100
783.nii.img.nii.gz,8,LAA,1,1,1.0,127465
783.nii.img.nii.gz,9,Coronary,2,2,0.613359802948421,81603
783.nii.img.nii.gz,10,PV,2,2,0.7031418424900773,239350
782.nii.img.nii.gz,1,Myocardium,1,1,1.0,1750687
782.nii.img.nii.gz,2,LA,1,1,1.0,1173487
782.nii.img.nii.gz,3,LV,1,1,1.0,1752142
782.nii.img.nii.gz,4,RA,1,1,1.0,1288910
782.nii.img.nii.gz,5,RV,1,1,1.0,2258275
782.nii.img.nii.gz,6,Aorta,2,2,0.5060007092595703,1446579
782.nii.img.nii.gz,7,PA,1,1,1.0,859357
782.nii.img.nii.gz,8,LAA,1,1,1.0,154376
782.nii.img.nii.gz,9,Coronary,2,2,0.6995176415856614,81682
782.nii.img.nii.gz,10,PV,3,3,0.5244982871929077,340085
785.nii.img.nii.gz,1,Myocardium,1,1,1.0,1747837
785.nii.img.nii.gz,2,LA,1,1,1.0,1039560
785.nii.img.nii.gz,3,LV,1,1,1.0,2100873
785.nii.img.nii.gz,4,RA,1,1,1.0,1288840
785.nii.img.nii.gz,5,RV,1,1,1.0,2483033
785.nii.img.nii.gz,6,Aorta,2,2,0.5005017945534028,1058202
785.nii.img.nii.gz,7,PA,2,2,0.9363124853276386,264102
785.nii.img.nii.gz,8,LAA,1,1,1.0,136027
785.nii.img.nii.gz,9,Coronary,2,2,0.5883589650206102,60407
785.nii.img.nii.gz,10,PV,1,1,1.0,326800
786.nii.img.nii.gz,1,Myocardium,1,1,1.0,1495975
786.nii.img.nii.gz,2,LA,1,1,1.0,854105
786.nii.img.nii.gz,3,LV,1,1,1.0,1667872
786.nii.img.nii.gz,4,RA,1,1,1.0,1049049
786.nii.img.nii.gz,5,RV,1,1,1.0,2174714
786.nii.img.nii.gz,6,Aorta,2,2,0.5702808082277966,1168235
786.nii.img.nii.gz,7,PA,2,2,0.6191760023667185,179151
786.nii.img.nii.gz,8,LAA,1,1,1.0,104539
786.nii.img.nii.gz,9,Coronary,2,2,0.5696759536051657,83630
786.nii.img.nii.gz,10,PV,3,3,0.4336186759828658,293682
788.nii.img.nii.gz,1,Myocardium,1,1,1.0,2249375
788.nii.img.nii.gz,2,LA,1,1,1.0,1045879
788.nii.img.nii.gz,3,LV,1,1,1.0,2592963
788.nii.img.nii.gz,4,RA,1,1,1.0,1188931
788.nii.img.nii.gz,5,RV,1,1,1.0,3137703
788.nii.img.nii.gz,6,Aorta,2,2,0.6316468143612927,1123715
788.nii.img.nii.gz,7,PA,2,2,0.6420188205859823,284582
788.nii.img.nii.gz,8,LAA,1,1,1.0,169217
788.nii.img.nii.gz,9,Coronary,2,2,0.6464497171562547,113667
788.nii.img.nii.gz,10,PV,2,2,0.5175117906353072,324410
789.nii.img.nii.gz,1,Myocardium,1,1,1.0,1685391
789.nii.img.nii.gz,2,LA,1,1,1.0,1240846
789.nii.img.nii.gz,3,LV,1,1,1.0,1937218
789.nii.img.nii.gz,4,RA,1,1,1.0,1443342
789.nii.img.nii.gz,5,RV,1,1,1.0,2195814
789.nii.img.nii.gz,6,Aorta,2,2,0.5821382258108748,1276245
789.nii.img.nii.gz,7,PA,1,1,1.0,618947
789.nii.img.nii.gz,8,LAA,1,1,1.0,109910
789.nii.img.nii.gz,9,Coronary,2,2,0.6262548773229284,75605
789.nii.img.nii.gz,10,PV,2,2,0.542670834199942,341369
787.nii.img.nii.gz,1,Myocardium,1,1,1.0,1745268
787.nii.img.nii.gz,2,LA,1,1,1.0,1116871
787.nii.img.nii.gz,3,LV,1,1,1.0,1837030
787.nii.img.nii.gz,4,RA,1,1,1.0,1350903
787.nii.img.nii.gz,5,RV,1,1,1.0,2211086
787.nii.img.nii.gz,6,Aorta,2,2,0.5476469339627502,1455739
787.nii.img.nii.gz,7,PA,1,1,1.0,841836
787.nii.img.nii.gz,8,LAA,1,1,1.0,195798
787.nii.img.nii.gz,9,Coronary,2,2,0.649859531469482,88276
787.nii.img.nii.gz,10,PV,2,2,0.581467585966057,435259
79.nii.img.nii.gz,1,Myocardium,1,1,1.0,1997859
79.nii.img.nii.gz,2,LA,1,1,1.0,1307309
79.nii.img.nii.gz,3,LV,1,1,1.0,2061328
79.nii.img.nii.gz,4,RA,1,1,1.0,1395521
79.nii.img.nii.gz,5,RV,1,1,1.0,2763747
79.nii.img.nii.gz,6,Aorta,2,2,0.5484597927236412,2895844
79.nii.img.nii.gz,7,PA,1,1,1.0,1158642
79.nii.img.nii.gz,8,LAA,1,1,1.0,200144
79.nii.img.nii.gz,9,Coronary,2,2,0.5523846138003474,145663
79.nii.img.nii.gz,10,PV,2,2,0.5040029976562442,408319
792.nii.img.nii.gz,1,Myocardium,1,1,1.0,2400974
792.nii.img.nii.gz,2,LA,1,1,1.0,1851191
792.nii.img.nii.gz,3,LV,1,1,1.0,2097820
792.nii.img.nii.gz,4,RA,1,1,1.0,1687874
792.nii.img.nii.gz,5,RV,1,1,1.0,2749811
792.nii.img.nii.gz,6,Aorta,2,2,0.6260340616897438,2323725
792.nii.img.nii.gz,7,PA,2,2,0.9461105988193733,782974
792.nii.img.nii.gz,8,LAA,1,1,1.0,151169
792.nii.img.nii.gz,9,Coronary,2,2,0.8463813918209974,79105
792.nii.img.nii.gz,10,PV,2,2,0.5240049210998221,412103
790.nii.img.nii.gz,1,Myocardium,1,1,1.0,1806256
790.nii.img.nii.gz,2,LA,1,1,1.0,776029
790.nii.img.nii.gz,3,LV,1,1,1.0,2179691
790.nii.img.nii.gz,4,RA,1,1,1.0,1019816
790.nii.img.nii.gz,5,RV,1,1,1.0,2715958
790.nii.img.nii.gz,6,Aorta,2,2,0.6533562980824434,870900
790.nii.img.nii.gz,7,PA,2,2,0.8126427082299216,161168
790.nii.img.nii.gz,8,LAA,1,1,1.0,106214
790.nii.img.nii.gz,9,Coronary,2,2,0.6871408476812526,91709
790.nii.img.nii.gz,10,PV,3,3,0.4590195698508041,263211
793.nii.img.nii.gz,1,Myocardium,1,1,1.0,1527536
793.nii.img.nii.gz,2,LA,1,1,1.0,1057968
793.nii.img.nii.gz,3,LV,1,1,1.0,1714464
793.nii.img.nii.gz,4,RA,1,1,1.0,1040020
793.nii.img.nii.gz,5,RV,1,1,1.0,1693348
793.nii.img.nii.gz,6,Aorta,2,2,0.5246948992953681,1098162
793.nii.img.nii.gz,7,PA,2,2,0.6877902158614068,152042
793.nii.img.nii.gz,8,LAA,1,1,1.0,67939
793.nii.img.nii.gz,9,Coronary,2,2,0.5153476449855815,46815
793.nii.img.nii.gz,10,PV,2,2,0.6720416896157269,236030
791.nii.img.nii.gz,1,Myocardium,1,1,1.0,1776101
791.nii.img.nii.gz,2,LA,1,1,1.0,893994
791.nii.img.nii.gz,3,LV,1,1,1.0,1394671
791.nii.img.nii.gz,4,RA,1,1,1.0,895333
791.nii.img.nii.gz,5,RV,1,1,1.0,2087739
791.nii.img.nii.gz,6,Aorta,2,2,0.5615732151135726,2100946
791.nii.img.nii.gz,7,PA,1,1,1.0,914193
791.nii.img.nii.gz,8,LAA,1,1,1.0,159745
791.nii.img.nii.gz,9,Coronary,2,2,0.508647916979997,93086
791.nii.img.nii.gz,10,PV,2,2,0.5258013650884773,268261
794.nii.img.nii.gz,1,Myocardium,1,1,1.0,2036656
794.nii.img.nii.gz,2,LA,1,1,1.0,1425881
794.nii.img.nii.gz,3,LV,1,1,1.0,1685643
794.nii.img.nii.gz,4,RA,1,1,1.0,1551731
794.nii.img.nii.gz,5,RV,1,1,1.0,2480237
794.nii.img.nii.gz,6,Aorta,2,2,0.6166726032514663,1496371
794.nii.img.nii.gz,7,PA,2,2,0.6743484966848947,199692
794.nii.img.nii.gz,8,LAA,1,1,1.0,177738
794.nii.img.nii.gz,9,Coronary,2,2,0.5129232253894266,109841
794.nii.img.nii.gz,10,PV,2,2,0.7416557738911874,277707
795.nii.img.nii.gz,1,Myocardium,1,1,1.0,2296527
795.nii.img.nii.gz,2,LA,1,1,1.0,1309206
795.nii.img.nii.gz,3,LV,1,1,1.0,2432469
795.nii.img.nii.gz,4,RA,1,1,1.0,1675602
795.nii.img.nii.gz,5,RV,1,1,1.0,2886641
795.nii.img.nii.gz,6,Aorta,2,2,0.5339517955416452,1820537
795.nii.img.nii.gz,7,PA,2,2,0.9212896627251193,829116
795.nii.img.nii.gz,8,LAA,1,1,1.0,235860
795.nii.img.nii.gz,9,Coronary,2,2,0.5433583146465243,67784
795.nii.img.nii.gz,10,PV,2,2,0.5383714118336262,525756
797.nii.img.nii.gz,1,Myocardium,1,1,1.0,1388047
797.nii.img.nii.gz,2,LA,1,1,1.0,1205232
797.nii.img.nii.gz,3,LV,1,1,1.0,1636171
797.nii.img.nii.gz,4,RA,1,1,1.0,1328486
797.nii.img.nii.gz,5,RV,1,1,1.0,1988113
797.nii.img.nii.gz,6,Aorta,2,2,0.5036671471500819,1432585
797.nii.img.nii.gz,7,PA,2,1,0.9541032598398993,606993
797.nii.img.nii.gz,8,LAA,1,1,1.0,194723
797.nii.img.nii.gz,9,Coronary,2,2,0.6317945643485212,70056
797.nii.img.nii.gz,10,PV,2,2,0.5352470281794645,319417
796.nii.img.nii.gz,1,Myocardium,1,1,1.0,1899127
796.nii.img.nii.gz,2,LA,1,1,1.0,3522564
796.nii.img.nii.gz,3,LV,1,1,1.0,2295585
796.nii.img.nii.gz,4,RA,1,1,1.0,2058956
796.nii.img.nii.gz,5,RV,1,1,1.0,2411650
796.nii.img.nii.gz,6,Aorta,2,2,0.5039446482726021,2005502
796.nii.img.nii.gz,7,PA,1,1,1.0,1316711
796.nii.img.nii.gz,8,LAA,1,1,1.0,226645
796.nii.img.nii.gz,9,Coronary,2,2,0.5103089252688541,87594
796.nii.img.nii.gz,10,PV,2,2,0.5001245529964146,847029
798.nii.img.nii.gz,1,Myocardium,1,1,1.0,1146211
798.nii.img.nii.gz,2,LA,1,1,1.0,1101038
798.nii.img.nii.gz,3,LV,1,1,1.0,1235220
798.nii.img.nii.gz,4,RA,1,1,1.0,898373
798.nii.img.nii.gz,5,RV,1,1,1.0,978547
798.nii.img.nii.gz,6,Aorta,2,2,0.5778407209154679,836381
798.nii.img.nii.gz,7,PA,2,1,0.9730428050195373,440439
798.nii.img.nii.gz,8,LAA,1,1,1.0,86873
798.nii.img.nii.gz,9,Coronary,2,2,0.5484673845048115,75133
798.nii.img.nii.gz,10,PV,2,2,0.5651501607948299,194658
800.nii.img.nii.gz,1,Myocardium,1,1,1.0,1910996
800.nii.img.nii.gz,2,LA,1,1,1.0,983538
800.nii.img.nii.gz,3,LV,1,1,1.0,1819974
800.nii.img.nii.gz,4,RA,1,1,1.0,1447687
800.nii.img.nii.gz,5,RV,1,1,1.0,2168866
800.nii.img.nii.gz,6,Aorta,2,2,0.5872096393594675,1173024
800.nii.img.nii.gz,7,PA,2,2,0.9267990351543306,447740
800.nii.img.nii.gz,8,LAA,1,1,1.0,243993
800.nii.img.nii.gz,9,Coronary,2,2,0.5248964148751324,97263
800.nii.img.nii.gz,10,PV,3,3,0.5834361602607883,348482
799.nii.img.nii.gz,1,Myocardium,1,1,1.0,1958147
799.nii.img.nii.gz,2,LA,1,1,1.0,995130
799.nii.img.nii.gz,3,LV,1,1,1.0,1877611
799.nii.img.nii.gz,4,RA,1,1,1.0,1258006
799.nii.img.nii.gz,5,RV,1,1,1.0,2213362
799.nii.img.nii.gz,6,Aorta,2,2,0.6015123697884275,1205922
799.nii.img.nii.gz,7,PA,2,2,0.8800435784460234,414884
799.nii.img.nii.gz,8,LAA,1,1,1.0,160578
799.nii.img.nii.gz,9,Coronary,2,2,0.5001364287500852,87958
799.nii.img.nii.gz,10,PV,3,3,0.5310942438288543,355323
801.nii.img.nii.gz,1,Myocardium,1,1,1.0,1307876
801.nii.img.nii.gz,2,LA,1,1,1.0,1107064
801.nii.img.nii.gz,3,LV,1,1,1.0,1230980
801.nii.img.nii.gz,4,RA,1,1,1.0,1273220
801.nii.img.nii.gz,5,RV,1,1,1.0,1657069
801.nii.img.nii.gz,6,Aorta,2,2,0.5678732890826258,1606302
801.nii.img.nii.gz,7,PA,1,1,1.0,754177
801.nii.img.nii.gz,8,LAA,1,1,1.0,93906
801.nii.img.nii.gz,9,Coronary,3,2,0.6382302097263446,61318
801.nii.img.nii.gz,10,PV,2,2,0.5476403501016709,282775
80.nii.img.nii.gz,1,Myocardium,1,1,1.0,1625178
80.nii.img.nii.gz,2,LA,1,1,1.0,1034372
80.nii.img.nii.gz,3,LV,1,1,1.0,2057812
80.nii.img.nii.gz,4,RA,1,1,1.0,1023242
80.nii.img.nii.gz,5,RV,1,1,1.0,2336195
80.nii.img.nii.gz,6,Aorta,2,2,0.511263876541226,1543252
80.nii.img.nii.gz,7,PA,1,1,1.0,810453
80.nii.img.nii.gz,8,LAA,1,1,1.0,84233
80.nii.img.nii.gz,9,Coronary,3,3,0.4258367849546625,62531
80.nii.img.nii.gz,10,PV,2,2,0.5025352700808303,335270
802.nii.img.nii.gz,1,Myocardium,1,1,1.0,2107945
802.nii.img.nii.gz,2,LA,1,1,1.0,1432578
802.nii.img.nii.gz,3,LV,1,1,1.0,2332081
802.nii.img.nii.gz,4,RA,1,1,1.0,1541929
802.nii.img.nii.gz,5,RV,1,1,1.0,2817324
802.nii.img.nii.gz,6,Aorta,2,2,0.5536348511554695,1739466
802.nii.img.nii.gz,7,PA,1,1,1.0,826568
802.nii.img.nii.gz,8,LAA,1,1,1.0,214657
802.nii.img.nii.gz,9,Coronary,2,2,0.6050996421566426,66789
802.nii.img.nii.gz,10,PV,2,2,0.5348224040399135,411890
8.nii.img.nii.gz,1,Myocardium,1,1,1.0,1484239
8.nii.img.nii.gz,2,LA,1,1,1.0,997690
8.nii.img.nii.gz,3,LV,1,1,1.0,1883786
8.nii.img.nii.gz,4,RA,1,1,1.0,1180573
8.nii.img.nii.gz,5,RV,1,1,1.0,1954436
8.nii.img.nii.gz,6,Aorta,2,2,0.57479073290114,1415416
8.nii.img.nii.gz,7,PA,1,1,1.0,824911
8.nii.img.nii.gz,8,LAA,1,1,1.0,143484
8.nii.img.nii.gz,9,Coronary,4,3,0.5170250984984568,100763
8.nii.img.nii.gz,10,PV,2,2,0.5335376037124954,449078
804.nii.img.nii.gz,1,Myocardium,1,1,1.0,1821951
804.nii.img.nii.gz,2,LA,1,1,1.0,1838361
804.nii.img.nii.gz,3,LV,1,1,1.0,1572066
804.nii.img.nii.gz,4,RA,1,1,1.0,1801712
804.nii.img.nii.gz,5,RV,1,1,1.0,1842983
804.nii.img.nii.gz,6,Aorta,2,2,0.5369948358462783,1205425
804.nii.img.nii.gz,7,PA,1,1,1.0,572123
804.nii.img.nii.gz,8,LAA,1,1,1.0,144360
804.nii.img.nii.gz,9,Coronary,2,2,0.5976373619940758,85413
804.nii.img.nii.gz,10,PV,2,2,0.5951408267836048,273421
805.nii.img.nii.gz,1,Myocardium,1,1,1.0,1633418
805.nii.img.nii.gz,2,LA,1,1,1.0,1067957
805.nii.img.nii.gz,3,LV,1,1,1.0,1876754
805.nii.img.nii.gz,4,RA,1,1,1.0,1210257
805.nii.img.nii.gz,5,RV,1,1,1.0,2113371
805.nii.img.nii.gz,6,Aorta,2,2,0.5903821170425383,1032223
805.nii.img.nii.gz,7,PA,1,1,1.0,680360
805.nii.img.nii.gz,8,LAA,1,1,1.0,107088
805.nii.img.nii.gz,9,Coronary,2,2,0.6198249391169308,56666
805.nii.img.nii.gz,10,PV,2,2,0.5080300048870421,386737
803.nii.img.nii.gz,1,Myocardium,1,1,1.0,1464200
803.nii.img.nii.gz,2,LA,1,1,1.0,1156131
803.nii.img.nii.gz,3,LV,1,1,1.0,1570673
803.nii.img.nii.gz,4,RA,1,1,1.0,1154948
803.nii.img.nii.gz,5,RV,1,1,1.0,1790044
803.nii.img.nii.gz,6,Aorta,2,2,0.5855285548500843,1433872
803.nii.img.nii.gz,7,PA,1,1,1.0,485829
803.nii.img.nii.gz,8,LAA,1,1,1.0,78188
803.nii.img.nii.gz,9,Coronary,2,2,0.6471418252675076,59531
803.nii.img.nii.gz,10,PV,3,3,0.44801836208204765,316304
809.nii.img.nii.gz,1,Myocardium,1,1,1.0,1792525
809.nii.img.nii.gz,2,LA,1,1,1.0,683153
809.nii.img.nii.gz,3,LV,1,1,1.0,2085589
809.nii.img.nii.gz,4,RA,1,1,1.0,865661
809.nii.img.nii.gz,5,RV,1,1,1.0,2479646
809.nii.img.nii.gz,6,Aorta,2,2,0.6166893022962003,949830
809.nii.img.nii.gz,7,PA,1,1,1.0,437076
809.nii.img.nii.gz,8,LAA,1,1,1.0,98372
809.nii.img.nii.gz,9,Coronary,2,2,0.6731126374436224,33923
809.nii.img.nii.gz,10,PV,2,2,0.552043026174256,348625
807.nii.img.nii.gz,1,Myocardium,1,1,1.0,1824138
807.nii.img.nii.gz,2,LA,1,1,1.0,1115879
807.nii.img.nii.gz,3,LV,1,1,1.0,1967998
807.nii.img.nii.gz,4,RA,1,1,1.0,1340174
807.nii.img.nii.gz,5,RV,1,1,1.0,2394935
807.nii.img.nii.gz,6,Aorta,2,2,0.6423779098684234,1150052
807.nii.img.nii.gz,7,PA,2,2,0.8123784408393017,349624
807.nii.img.nii.gz,8,LAA,1,1,1.0,129638
807.nii.img.nii.gz,9,Coronary,3,2,0.5378705044475309,67678
807.nii.img.nii.gz,10,PV,2,2,0.5327009372337405,440125
810.nii.img.nii.gz,1,Myocardium,1,1,1.0,1317774
810.nii.img.nii.gz,2,LA,1,1,1.0,1129900
810.nii.img.nii.gz,3,LV,1,1,1.0,1586394
810.nii.img.nii.gz,4,RA,1,1,1.0,1174439
810.nii.img.nii.gz,5,RV,1,1,1.0,1791882
810.nii.img.nii.gz,6,Aorta,2,2,0.5809063497428933,1337188
810.nii.img.nii.gz,7,PA,1,1,1.0,768328
810.nii.img.nii.gz,8,LAA,1,1,1.0,162574
810.nii.img.nii.gz,9,Coronary,2,2,0.570281537907252,58287
810.nii.img.nii.gz,10,PV,3,3,0.4632459533423377,282826
806.nii.img.nii.gz,1,Myocardium,1,1,1.0,1777971
806.nii.img.nii.gz,2,LA,1,1,1.0,1102208
806.nii.img.nii.gz,3,LV,1,1,1.0,1858386
806.nii.img.nii.gz,4,RA,1,1,1.0,1407589
806.nii.img.nii.gz,5,RV,1,1,1.0,2262624
806.nii.img.nii.gz,6,Aorta,2,2,0.5319673391938722,1547298
806.nii.img.nii.gz,7,PA,1,1,1.0,1064409
806.nii.img.nii.gz,8,LAA,1,1,1.0,235960
806.nii.img.nii.gz,9,Coronary,4,2,0.758702960633337,82989
806.nii.img.nii.gz,10,PV,2,2,0.5679582859684673,323728
808.nii.img.nii.gz,1,Myocardium,1,1,1.0,1437730
808.nii.img.nii.gz,2,LA,1,1,1.0,1294339
808.nii.img.nii.gz,3,LV,1,1,1.0,849764
808.nii.img.nii.gz,4,RA,1,1,1.0,1137756
808.nii.img.nii.gz,5,RV,1,1,1.0,1163368
808.nii.img.nii.gz,6,Aorta,2,2,0.5888767487635571,1964102
808.nii.img.nii.gz,7,PA,1,1,1.0,981705
808.nii.img.nii.gz,8,LAA,1,1,1.0,127279
808.nii.img.nii.gz,9,Coronary,3,3,0.5569418136848202,63881
808.nii.img.nii.gz,10,PV,1,1,1.0,444165
81.nii.img.nii.gz,1,Myocardium,1,1,1.0,1621932
81.nii.img.nii.gz,2,LA,1,1,1.0,1165091
81.nii.img.nii.gz,3,LV,1,1,1.0,1835199
81.nii.img.nii.gz,4,RA,1,1,1.0,1193926
81.nii.img.nii.gz,5,RV,1,1,1.0,2002731
81.nii.img.nii.gz,6,Aorta,2,2,0.6057906458797327,1082090
81.nii.img.nii.gz,7,PA,2,2,0.6899364552134641,211347
81.nii.img.nii.gz,8,LAA,1,1,1.0,187467
81.nii.img.nii.gz,9,Coronary,2,2,0.6138903948415674,86693
81.nii.img.nii.gz,10,PV,2,2,0.5959626931552453,296782
811.nii.img.nii.gz,1,Myocardium,1,1,1.0,1923923
811.nii.img.nii.gz,2,LA,1,1,1.0,1211288
811.nii.img.nii.gz,3,LV,1,1,1.0,2030285
811.nii.img.nii.gz,4,RA,1,1,1.0,1403122
811.nii.img.nii.gz,5,RV,1,1,1.0,2406704
811.nii.img.nii.gz,6,Aorta,2,2,0.5474663504350546,1834942
811.nii.img.nii.gz,7,PA,1,1,1.0,818550
811.nii.img.nii.gz,8,LAA,1,1,1.0,175393
811.nii.img.nii.gz,9,Coronary,2,2,0.7235261117484029,119429
811.nii.img.nii.gz,10,PV,3,3,0.49530990464844865,412998
813.nii.img.nii.gz,1,Myocardium,1,1,1.0,1747925
813.nii.img.nii.gz,2,LA,1,1,1.0,1008268
813.nii.img.nii.gz,3,LV,1,1,1.0,1881748
813.nii.img.nii.gz,4,RA,1,1,1.0,1376687
813.nii.img.nii.gz,5,RV,1,1,1.0,2213133
813.nii.img.nii.gz,6,Aorta,2,2,0.5450477193149106,1515948
813.nii.img.nii.gz,7,PA,1,1,1.0,795744
813.nii.img.nii.gz,8,LAA,1,1,1.0,110223
813.nii.img.nii.gz,9,Coronary,2,2,0.6132785763175906,45291
813.nii.img.nii.gz,10,PV,2,2,0.5218431184454441,308564
812.nii.img.nii.gz,1,Myocardium,1,1,1.0,1371781
812.nii.img.nii.gz,2,LA,1,1,1.0,662719
812.nii.img.nii.gz,3,LV,1,1,1.0,1105452
812.nii.img.nii.gz,4,RA,1,1,1.0,1163090
812.nii.img.nii.gz,5,RV,1,1,1.0,1909583
812.nii.img.nii.gz,6,Aorta,2,2,0.5227323428794652,1044437
812.nii.img.nii.gz,7,PA,1,1,1.0,484067
812.nii.img.nii.gz,8,LAA,1,1,1.0,63448
812.nii.img.nii.gz,9,Coronary,2,2,0.506081285798791,69311
812.nii.img.nii.gz,10,PV,2,2,0.6853060162817597,180693
814.nii.img.nii.gz,1,Myocardium,1,1,1.0,1452636
814.nii.img.nii.gz,2,LA,1,1,1.0,801019
814.nii.img.nii.gz,3,LV,1,1,1.0,1313310
814.nii.img.nii.gz,4,RA,1,1,1.0,906282
814.nii.img.nii.gz,5,RV,1,1,1.0,1527099
814.nii.img.nii.gz,6,Aorta,2,2,0.510983665357658,1299202
814.nii.img.nii.gz,7,PA,2,1,0.9565792754262481,312846
814.nii.img.nii.gz,8,LAA,1,1,1.0,100753
814.nii.img.nii.gz,9,Coronary,2,2,0.5607053415211499,58298
814.nii.img.nii.gz,10,PV,3,3,0.5034051848758393,249032
816.nii.img.nii.gz,1,Myocardium,1,1,1.0,1353063
816.nii.img.nii.gz,2,LA,1,1,1.0,762145
816.nii.img.nii.gz,3,LV,1,1,1.0,1845120
816.nii.img.nii.gz,4,RA,1,1,1.0,1003973
816.nii.img.nii.gz,5,RV,1,1,1.0,2066132
816.nii.img.nii.gz,6,Aorta,2,2,0.6158268021865154,719501
816.nii.img.nii.gz,7,PA,2,2,0.7954216887376186,121049
816.nii.img.nii.gz,8,LAA,1,1,1.0,67499
816.nii.img.nii.gz,9,Coronary,2,2,0.5983222304465827,60795
816.nii.img.nii.gz,10,PV,3,3,0.3944768589764881,270969
815.nii.img.nii.gz,1,Myocardium,1,1,1.0,1776489
815.nii.img.nii.gz,2,LA,1,1,1.0,766785
815.nii.img.nii.gz,3,LV,1,1,1.0,1699208
815.nii.img.nii.gz,4,RA,1,1,1.0,1332814
815.nii.img.nii.gz,5,RV,1,1,1.0,2462092
815.nii.img.nii.gz,6,Aorta,2,2,0.5450833673999596,2382586
815.nii.img.nii.gz,7,PA,2,1,0.9811242366193493,488616
815.nii.img.nii.gz,8,LAA,1,1,1.0,196304
815.nii.img.nii.gz,9,Coronary,2,2,0.5842101167987965,115669
815.nii.img.nii.gz,10,PV,1,1,1.0,229456
819.nii.img.nii.gz,1,Myocardium,1,1,1.0,1987269
819.nii.img.nii.gz,2,LA,1,1,1.0,1159875
819.nii.img.nii.gz,3,LV,1,1,1.0,2498115
819.nii.img.nii.gz,4,RA,1,1,1.0,1328320
819.nii.img.nii.gz,5,RV,1,1,1.0,2594107
819.nii.img.nii.gz,6,Aorta,2,2,0.5205632288607691,1157114
819.nii.img.nii.gz,7,PA,1,1,1.0,546063
819.nii.img.nii.gz,8,LAA,1,1,1.0,105135
819.nii.img.nii.gz,9,Coronary,2,2,0.5123612326441969,94853
819.nii.img.nii.gz,10,PV,2,2,0.5579626208355312,377269
817.nii.img.nii.gz,1,Myocardium,1,1,1.0,1199489
817.nii.img.nii.gz,2,LA,1,1,1.0,712876
817.nii.img.nii.gz,3,LV,1,1,1.0,1397125
817.nii.img.nii.gz,4,RA,1,1,1.0,1182401
817.nii.img.nii.gz,5,RV,1,1,1.0,1655251
817.nii.img.nii.gz,6,Aorta,2,2,0.5585714018470939,1550219
817.nii.img.nii.gz,7,PA,1,1,1.0,360784
817.nii.img.nii.gz,8,LAA,1,1,1.0,199418
817.nii.img.nii.gz,9,Coronary,2,2,0.6766616758462114,74804
817.nii.img.nii.gz,10,PV,2,2,0.5544508362983407,270657
82.nii.img.nii.gz,1,Myocardium,1,1,1.0,1288876
82.nii.img.nii.gz,2,LA,1,1,1.0,1207651
82.nii.img.nii.gz,3,LV,1,1,1.0,1366587
82.nii.img.nii.gz,4,RA,1,1,1.0,1054856
82.nii.img.nii.gz,5,RV,1,1,1.0,1558391
82.nii.img.nii.gz,6,Aorta,2,2,0.56437851958788,1214986
82.nii.img.nii.gz,7,PA,2,1,0.962998398596477,490195
82.nii.img.nii.gz,8,LAA,1,1,1.0,144581
82.nii.img.nii.gz,9,Coronary,2,2,0.5615248584155977,44673
82.nii.img.nii.gz,10,PV,2,2,0.5323469102998095,329676
818.nii.img.nii.gz,1,Myocardium,1,1,1.0,2277165
818.nii.img.nii.gz,2,LA,1,1,1.0,1073199
818.nii.img.nii.gz,3,LV,1,1,1.0,2958768
818.nii.img.nii.gz,4,RA,1,1,1.0,1135700
818.nii.img.nii.gz,5,RV,1,1,1.0,2599539
818.nii.img.nii.gz,6,Aorta,2,2,0.5317602962661427,1159498
818.nii.img.nii.gz,7,PA,1,1,1.0,570600
818.nii.img.nii.gz,8,LAA,1,1,1.0,92513
818.nii.img.nii.gz,9,Coronary,2,2,0.5976969963554103,63656
818.nii.img.nii.gz,10,PV,2,2,0.5291632575226634,306773
820.nii.img.nii.gz,1,Myocardium,1,1,1.0,1662027
820.nii.img.nii.gz,2,LA,1,1,1.0,639329
820.nii.img.nii.gz,3,LV,1,1,1.0,1513137
820.nii.img.nii.gz,4,RA,1,1,1.0,829234
820.nii.img.nii.gz,5,RV,1,1,1.0,1906520
820.nii.img.nii.gz,6,Aorta,2,2,0.5439295080105304,1179822
820.nii.img.nii.gz,7,PA,2,2,0.9126824831050183,404558
820.nii.img.nii.gz,8,LAA,1,1,1.0,91043
820.nii.img.nii.gz,9,Coronary,2,2,0.5369975899867838,64315
820.nii.img.nii.gz,10,PV,2,2,0.5450578637829634,263550
821.nii.img.nii.gz,1,Myocardium,1,1,1.0,1855281
821.nii.img.nii.gz,2,LA,1,1,1.0,3735872
821.nii.img.nii.gz,3,LV,1,1,1.0,2419553
821.nii.img.nii.gz,4,RA,1,1,1.0,4171230
821.nii.img.nii.gz,5,RV,2,1,0.998674082100031,2582362
821.nii.img.nii.gz,6,Aorta,2,2,0.5575489604783861,1712759
821.nii.img.nii.gz,7,PA,2,1,0.9796534674034986,601675
821.nii.img.nii.gz,8,LAA,1,1,1.0,388255
821.nii.img.nii.gz,9,Coronary,2,2,0.6693695113390542,69803
821.nii.img.nii.gz,10,PV,2,2,0.6183076557074932,912143
823.nii.img.nii.gz,1,Myocardium,1,1,1.0,1825592
823.nii.img.nii.gz,2,LA,1,1,1.0,1082319
823.nii.img.nii.gz,3,LV,1,1,1.0,1800534
823.nii.img.nii.gz,4,RA,1,1,1.0,1123988
823.nii.img.nii.gz,5,RV,1,1,1.0,2429376
823.nii.img.nii.gz,6,Aorta,2,2,0.5048124458067689,1726461
823.nii.img.nii.gz,7,PA,1,1,1.0,984857
823.nii.img.nii.gz,8,LAA,1,1,1.0,142822
823.nii.img.nii.gz,9,Coronary,2,2,0.5779023859930194,87385
823.nii.img.nii.gz,10,PV,2,2,0.585062313017355,401441
824.nii.img.nii.gz,1,Myocardium,1,1,1.0,2043959
824.nii.img.nii.gz,2,LA,1,1,1.0,1395642
824.nii.img.nii.gz,3,LV,1,1,1.0,2448539
824.nii.img.nii.gz,4,RA,1,1,1.0,1789217
824.nii.img.nii.gz,5,RV,1,1,1.0,3195338
824.nii.img.nii.gz,6,Aorta,2,2,0.5442519993083851,1717719
824.nii.img.nii.gz,7,PA,1,1,1.0,972522
824.nii.img.nii.gz,8,LAA,1,1,1.0,204274
824.nii.img.nii.gz,9,Coronary,2,2,0.5899850875127541,63705
824.nii.img.nii.gz,10,PV,2,2,0.5719975459178611,493871
822.nii.img.nii.gz,1,Myocardium,1,1,1.0,1197522
822.nii.img.nii.gz,2,LA,1,1,1.0,640080
822.nii.img.nii.gz,3,LV,1,1,1.0,1036634
822.nii.img.nii.gz,4,RA,1,1,1.0,759860
822.nii.img.nii.gz,5,RV,1,1,1.0,1584301
822.nii.img.nii.gz,6,Aorta,2,2,0.5277153127581887,1200672
822.nii.img.nii.gz,7,PA,1,1,1.0,822384
822.nii.img.nii.gz,8,LAA,1,1,1.0,62994
822.nii.img.nii.gz,9,Coronary,2,2,0.614298583936263,71042
822.nii.img.nii.gz,10,PV,3,3,0.5571807350481168,263629
826.nii.img.nii.gz,1,Myocardium,1,1,1.0,1581332
826.nii.img.nii.gz,2,LA,1,1,1.0,1118911
826.nii.img.nii.gz,3,LV,1,1,1.0,1388367
826.nii.img.nii.gz,4,RA,1,1,1.0,1204049
826.nii.img.nii.gz,5,RV,1,1,1.0,2124285
826.nii.img.nii.gz,6,Aorta,2,2,0.5416648264025021,1471709
826.nii.img.nii.gz,7,PA,2,2,0.9411705952856572,881056
826.nii.img.nii.gz,8,LAA,1,1,1.0,136882
826.nii.img.nii.gz,9,Coronary,2,2,0.6329332660376229,116897
826.nii.img.nii.gz,10,PV,2,2,0.5758863723821377,288451
825.nii.img.nii.gz,1,Myocardium,1,1,1.0,1557234
825.nii.img.nii.gz,2,LA,1,1,1.0,1292987
825.nii.img.nii.gz,3,LV,1,1,1.0,916085
825.nii.img.nii.gz,4,RA,1,1,1.0,1675822
825.nii.img.nii.gz,5,RV,1,1,1.0,1405739
825.nii.img.nii.gz,6,Aorta,2,2,0.5869662548424068,1735449
825.nii.img.nii.gz,7,PA,1,1,1.0,790093
825.nii.img.nii.gz,8,LAA,1,1,1.0,154635
825.nii.img.nii.gz,9,Coronary,2,2,0.5736885060864432,57587
825.nii.img.nii.gz,10,PV,2,2,0.5488355993153978,364007
827.nii.img.nii.gz,1,Myocardium,1,1,1.0,2141034
827.nii.img.nii.gz,2,LA,1,1,1.0,1735130
827.nii.img.nii.gz,3,LV,1,1,1.0,2158647
827.nii.img.nii.gz,4,RA,1,1,1.0,1582808
827.nii.img.nii.gz,5,RV,1,1,1.0,2733684
827.nii.img.nii.gz,6,Aorta,2,2,0.5376745328860313,1457032
827.nii.img.nii.gz,7,PA,2,2,0.7560400648269077,400451
827.nii.img.nii.gz,8,LAA,1,1,1.0,226764
827.nii.img.nii.gz,9,Coronary,2,2,0.8433462257735465,94112
827.nii.img.nii.gz,10,PV,2,2,0.5240232555397007,423985
828.nii.img.nii.gz,1,Myocardium,1,1,1.0,2257546
828.nii.img.nii.gz,2,LA,1,1,1.0,934076
828.nii.img.nii.gz,3,LV,1,1,1.0,1580894
828.nii.img.nii.gz,4,RA,1,1,1.0,1248193
828.nii.img.nii.gz,5,RV,1,1,1.0,2252524
828.nii.img.nii.gz,6,Aorta,2,2,0.5675707584798494,1566950
828.nii.img.nii.gz,7,PA,2,2,0.8984874683920868,215136
828.nii.img.nii.gz,8,LAA,1,1,1.0,122549
828.nii.img.nii.gz,9,Coronary,2,2,0.6020826507752384,112933
828.nii.img.nii.gz,10,PV,2,2,0.5444343073775211,225794
829.nii.img.nii.gz,1,Myocardium,1,1,1.0,1359092
829.nii.img.nii.gz,2,LA,1,1,1.0,1037184
829.nii.img.nii.gz,3,LV,1,1,1.0,1337693
829.nii.img.nii.gz,4,RA,1,1,1.0,1134293
829.nii.img.nii.gz,5,RV,1,1,1.0,1852420
829.nii.img.nii.gz,6,Aorta,2,2,0.5548335469343674,1765753
829.nii.img.nii.gz,7,PA,1,1,1.0,726571
829.nii.img.nii.gz,8,LAA,1,1,1.0,78967
829.nii.img.nii.gz,9,Coronary,2,2,0.6666341775853186,71819
829.nii.img.nii.gz,10,PV,2,2,0.5381875247373501,288026
830.nii.img.nii.gz,1,Myocardium,1,1,1.0,1883184
830.nii.img.nii.gz,2,LA,1,1,1.0,1237395
830.nii.img.nii.gz,3,LV,1,1,1.0,1641702
830.nii.img.nii.gz,4,RA,1,1,1.0,1156060
830.nii.img.nii.gz,5,RV,1,1,1.0,2319408
830.nii.img.nii.gz,6,Aorta,2,2,0.5209587982547766,1265626
830.nii.img.nii.gz,7,PA,2,1,0.968919268288069,317174
830.nii.img.nii.gz,8,LAA,1,1,1.0,154868
830.nii.img.nii.gz,9,Coronary,2,2,0.6529608332061133,58953
830.nii.img.nii.gz,10,PV,3,3,0.5472353703980165,341619
83.nii.img.nii.gz,1,Myocardium,1,1,1.0,1415804
83.nii.img.nii.gz,2,LA,1,1,1.0,1019180
83.nii.img.nii.gz,3,LV,1,1,1.0,1400098
83.nii.img.nii.gz,4,RA,1,1,1.0,1011642
83.nii.img.nii.gz,5,RV,1,1,1.0,1753130
83.nii.img.nii.gz,6,Aorta,2,2,0.5418797729506691,1481264
83.nii.img.nii.gz,7,PA,1,1,1.0,779936
83.nii.img.nii.gz,8,LAA,1,1,1.0,121412
83.nii.img.nii.gz,9,Coronary,2,2,0.7462893266207211,61377
83.nii.img.nii.gz,10,PV,3,3,0.5115808978354249,356190
832.nii.img.nii.gz,1,Myocardium,1,1,1.0,1802329
832.nii.img.nii.gz,2,LA,1,1,1.0,1016044
832.nii.img.nii.gz,3,LV,1,1,1.0,1724381
832.nii.img.nii.gz,4,RA,1,1,1.0,1374605
832.nii.img.nii.gz,5,RV,1,1,1.0,2190912
832.nii.img.nii.gz,6,Aorta,2,2,0.5503665561179961,1604120
832.nii.img.nii.gz,7,PA,2,1,0.958451117918633,507282
832.nii.img.nii.gz,8,LAA,1,1,1.0,83868
832.nii.img.nii.gz,9,Coronary,2,2,0.5503225067745506,78603
832.nii.img.nii.gz,10,PV,2,2,0.5897224294955106,404726
833.nii.img.nii.gz,1,Myocardium,1,1,1.0,2360162
833.nii.img.nii.gz,2,LA,1,1,1.0,1215951
833.nii.img.nii.gz,3,LV,1,1,1.0,2218615
833.nii.img.nii.gz,4,RA,1,1,1.0,1593125
833.nii.img.nii.gz,5,RV,1,1,1.0,2762907
833.nii.img.nii.gz,6,Aorta,2,2,0.5030758086140654,1554388
833.nii.img.nii.gz,7,PA,1,1,1.0,717910
833.nii.img.nii.gz,8,LAA,1,1,1.0,211297
833.nii.img.nii.gz,9,Coronary,2,2,0.5803848912263926,100392
833.nii.img.nii.gz,10,PV,2,2,0.513063018135095,340886
831.nii.img.nii.gz,1,Myocardium,1,1,1.0,2112062
831.nii.img.nii.gz,2,LA,1,1,1.0,1196586
831.nii.img.nii.gz,3,LV,1,1,1.0,1956195
831.nii.img.nii.gz,4,RA,1,1,1.0,1326099
831.nii.img.nii.gz,5,RV,1,1,1.0,2331222
831.nii.img.nii.gz,6,Aorta,2,2,0.5022480101465051,1501995
831.nii.img.nii.gz,7,PA,1,1,1.0,749345
831.nii.img.nii.gz,8,LAA,1,1,1.0,88520
831.nii.img.nii.gz,9,Coronary,2,2,0.507397657121179,86987
831.nii.img.nii.gz,10,PV,3,3,0.5539816431536176,365967
834.nii.img.nii.gz,1,Myocardium,1,1,1.0,1355416
834.nii.img.nii.gz,2,LA,1,1,1.0,1340369
834.nii.img.nii.gz,3,LV,1,1,1.0,1550584
834.nii.img.nii.gz,4,RA,1,1,1.0,1646966
834.nii.img.nii.gz,5,RV,1,1,1.0,1878950
834.nii.img.nii.gz,6,Aorta,2,2,0.6017130169105684,1516389
834.nii.img.nii.gz,7,PA,2,2,0.9197976313004653,689830
834.nii.img.nii.gz,8,LAA,1,1,1.0,113278
834.nii.img.nii.gz,9,Coronary,2,2,0.5653903388278388,69888
834.nii.img.nii.gz,10,PV,2,2,0.5244598690498704,391294
836.nii.img.nii.gz,1,Myocardium,1,1,1.0,1844990
836.nii.img.nii.gz,2,LA,1,1,1.0,1034744
836.nii.img.nii.gz,3,LV,1,1,1.0,2393298
836.nii.img.nii.gz,4,RA,1,1,1.0,1245080
836.nii.img.nii.gz,5,RV,1,1,1.0,2757029
836.nii.img.nii.gz,6,Aorta,2,2,0.5292724751130946,1475977
836.nii.img.nii.gz,7,PA,1,1,1.0,831382
836.nii.img.nii.gz,8,LAA,1,1,1.0,177877
836.nii.img.nii.gz,9,Coronary,2,2,0.5557947398169639,83153
836.nii.img.nii.gz,10,PV,3,3,0.5476028228200324,387414
837.nii.img.nii.gz,1,Myocardium,1,1,1.0,1883335
837.nii.img.nii.gz,2,LA,1,1,1.0,1092217
837.nii.img.nii.gz,3,LV,1,1,1.0,1748322
837.nii.img.nii.gz,4,RA,1,1,1.0,1220964
837.nii.img.nii.gz,5,RV,1,1,1.0,2312265
837.nii.img.nii.gz,6,Aorta,2,2,0.5716280693587804,1907646
837.nii.img.nii.gz,7,PA,1,1,1.0,784457
837.nii.img.nii.gz,8,LAA,1,1,1.0,125134
837.nii.img.nii.gz,9,Coronary,2,2,0.5285791393686718,107456
837.nii.img.nii.gz,10,PV,3,3,0.6177733089967528,376936
838.nii.img.nii.gz,1,Myocardium,1,1,1.0,1375985
838.nii.img.nii.gz,2,LA,1,1,1.0,1052658
838.nii.img.nii.gz,3,LV,1,1,1.0,1658639
838.nii.img.nii.gz,4,RA,1,1,1.0,1407024
838.nii.img.nii.gz,5,RV,1,1,1.0,1772972
838.nii.img.nii.gz,6,Aorta,2,2,0.5899839180676508,1461889
838.nii.img.nii.gz,7,PA,2,2,0.9399979157258485,719675
838.nii.img.nii.gz,8,LAA,1,1,1.0,164826
838.nii.img.nii.gz,9,Coronary,2,2,0.5505281885911264,89930
838.nii.img.nii.gz,10,PV,3,3,0.5194312268249598,377022
835.nii.img.nii.gz,1,Myocardium,1,1,1.0,1852973
835.nii.img.nii.gz,2,LA,1,1,1.0,1127989
835.nii.img.nii.gz,3,LV,1,1,1.0,1760485
835.nii.img.nii.gz,4,RA,1,1,1.0,1243255
835.nii.img.nii.gz,5,RV,1,1,1.0,1809133
835.nii.img.nii.gz,6,Aorta,2,2,0.5201190218862398,1540557
835.nii.img.nii.gz,7,PA,1,1,1.0,746028
835.nii.img.nii.gz,8,LAA,1,1,1.0,137194
835.nii.img.nii.gz,9,Coronary,2,2,0.5080079582193484,80420
835.nii.img.nii.gz,10,PV,2,2,0.5360746812085522,302941
84.nii.img.nii.gz,1,Myocardium,1,1,1.0,2161134
84.nii.img.nii.gz,2,LA,1,1,1.0,1586978
84.nii.img.nii.gz,3,LV,1,1,1.0,2092604
84.nii.img.nii.gz,4,RA,1,1,1.0,1324182
84.nii.img.nii.gz,5,RV,1,1,1.0,2561124
84.nii.img.nii.gz,6,Aorta,2,2,0.5412946923317655,1511417
84.nii.img.nii.gz,7,PA,2,1,0.9750790500450598,383934
84.nii.img.nii.gz,8,LAA,1,1,1.0,204343
84.nii.img.nii.gz,9,Coronary,2,2,0.5474331243660715,81831
84.nii.img.nii.gz,10,PV,2,2,0.5298305528581249,366604
839.nii.img.nii.gz,1,Myocardium,1,1,1.0,2105732
839.nii.img.nii.gz,2,LA,1,1,1.0,1254947
839.nii.img.nii.gz,3,LV,1,1,1.0,2477306
839.nii.img.nii.gz,4,RA,1,1,1.0,1935484
839.nii.img.nii.gz,5,RV,1,1,1.0,2868115
839.nii.img.nii.gz,6,Aorta,2,2,0.6104246762913759,1481811
839.nii.img.nii.gz,7,PA,2,2,0.8886640358865392,652278
839.nii.img.nii.gz,8,LAA,1,1,1.0,136123
839.nii.img.nii.gz,9,Coronary,2,2,0.7002038002757298,66732
839.nii.img.nii.gz,10,PV,2,2,0.5123644568930256,369163
843.nii.img.nii.gz,1,Myocardium,1,1,1.0,1885588
843.nii.img.nii.gz,2,LA,1,1,1.0,1217760
843.nii.img.nii.gz,3,LV,1,1,1.0,1276399
843.nii.img.nii.gz,4,RA,1,1,1.0,1135661
843.nii.img.nii.gz,5,RV,1,1,1.0,1826422
843.nii.img.nii.gz,6,Aorta,2,2,0.5193107432571153,1256658
843.nii.img.nii.gz,7,PA,1,1,1.0,639095
843.nii.img.nii.gz,8,LAA,1,1,1.0,113271
843.nii.img.nii.gz,9,Coronary,2,2,0.5061490233904027,74646
843.nii.img.nii.gz,10,PV,2,2,0.5159213195730793,317436
842.nii.img.nii.gz,1,Myocardium,1,1,1.0,1778652
842.nii.img.nii.gz,2,LA,1,1,1.0,868218
842.nii.img.nii.gz,3,LV,1,1,1.0,2189968
842.nii.img.nii.gz,4,RA,1,1,1.0,1214812
842.nii.img.nii.gz,5,RV,1,1,1.0,2477439
842.nii.img.nii.gz,6,Aorta,2,2,0.5873030810455259,1030754
842.nii.img.nii.gz,7,PA,1,1,1.0,534727
842.nii.img.nii.gz,8,LAA,1,1,1.0,139307
842.nii.img.nii.gz,9,Coronary,2,2,0.6878110213114553,81787
842.nii.img.nii.gz,10,PV,2,2,0.5036876615795179,383712
840.nii.img.nii.gz,1,Myocardium,1,1,1.0,1467937
840.nii.img.nii.gz,2,LA,1,1,1.0,821792
840.nii.img.nii.gz,3,LV,1,1,1.0,1841118
840.nii.img.nii.gz,4,RA,1,1,1.0,1127303
840.nii.img.nii.gz,5,RV,1,1,1.0,2147163
840.nii.img.nii.gz,6,Aorta,1,1,1.0,1324018
840.nii.img.nii.gz,7,PA,1,1,1.0,673664
840.nii.img.nii.gz,8,LAA,1,1,1.0,141108
840.nii.img.nii.gz,9,Coronary,2,2,0.5904604541666058,68389
840.nii.img.nii.gz,10,PV,2,2,0.7054981517397974,295954
844.nii.img.nii.gz,1,Myocardium,1,1,1.0,1524232
844.nii.img.nii.gz,2,LA,1,1,1.0,1366159
844.nii.img.nii.gz,3,LV,1,1,1.0,1838728
844.nii.img.nii.gz,4,RA,1,1,1.0,1323890
844.nii.img.nii.gz,5,RV,1,1,1.0,2480595
844.nii.img.nii.gz,6,Aorta,2,2,0.5886748440381826,1939417
844.nii.img.nii.gz,7,PA,1,1,1.0,1037113
844.nii.img.nii.gz,8,LAA,1,1,1.0,134417
844.nii.img.nii.gz,9,Coronary,2,2,0.5685667248039903,61349
844.nii.img.nii.gz,10,PV,2,2,0.5197117927791245,344058
841.nii.img.nii.gz,1,Myocardium,1,1,1.0,2182678
841.nii.img.nii.gz,2,LA,1,1,1.0,990828
841.nii.img.nii.gz,3,LV,1,1,1.0,2082813
841.nii.img.nii.gz,4,RA,1,1,1.0,1669303
841.nii.img.nii.gz,5,RV,1,1,1.0,2810421
841.nii.img.nii.gz,6,Aorta,2,2,0.5379639507191031,1338612
841.nii.img.nii.gz,7,PA,2,2,0.9045207725795845,720806
841.nii.img.nii.gz,8,LAA,1,1,1.0,153938
841.nii.img.nii.gz,9,Coronary,2,2,0.5154668514439853,80818
841.nii.img.nii.gz,10,PV,3,3,0.5302105817767732,470696
845.nii.img.nii.gz,1,Myocardium,1,1,1.0,1817786
845.nii.img.nii.gz,2,LA,1,1,1.0,1023790
845.nii.img.nii.gz,3,LV,1,1,1.0,2252021
845.nii.img.nii.gz,4,RA,1,1,1.0,1470843
845.nii.img.nii.gz,5,RV,1,1,1.0,2900212
845.nii.img.nii.gz,6,Aorta,2,2,0.618596464127028,1229965
845.nii.img.nii.gz,7,PA,2,2,0.8321514763280994,268504
845.nii.img.nii.gz,8,LAA,1,1,1.0,145494
845.nii.img.nii.gz,9,Coronary,2,2,0.6538941427521952,85757
845.nii.img.nii.gz,10,PV,3,3,0.4389160585068027,356403
847.nii.img.nii.gz,1,Myocardium,1,1,1.0,1642911
847.nii.img.nii.gz,2,LA,1,1,1.0,1186014
847.nii.img.nii.gz,3,LV,1,1,1.0,1780399
847.nii.img.nii.gz,4,RA,1,1,1.0,1516040
847.nii.img.nii.gz,5,RV,1,1,1.0,2521168
847.nii.img.nii.gz,6,Aorta,2,2,0.5624937188339963,1094542
847.nii.img.nii.gz,7,PA,1,1,1.0,728567
847.nii.img.nii.gz,8,LAA,1,1,1.0,138823
847.nii.img.nii.gz,9,Coronary,2,2,0.7656843651224418,62642
847.nii.img.nii.gz,10,PV,2,2,0.5150980303742783,465723
846.nii.img.nii.gz,1,Myocardium,1,1,1.0,1958250
846.nii.img.nii.gz,2,LA,1,1,1.0,886726
846.nii.img.nii.gz,3,LV,1,1,1.0,1967072
846.nii.img.nii.gz,4,RA,1,1,1.0,1618118
846.nii.img.nii.gz,5,RV,1,1,1.0,2486091
846.nii.img.nii.gz,6,Aorta,2,2,0.6349299183027373,1042997
846.nii.img.nii.gz,7,PA,2,2,0.6714239462707244,265628
846.nii.img.nii.gz,8,LAA,1,1,1.0,180858
846.nii.img.nii.gz,9,Coronary,2,2,0.5026478161589661,82332
846.nii.img.nii.gz,10,PV,3,3,0.41522626093240766,285047
848.nii.img.nii.gz,1,Myocardium,1,1,1.0,1616520
848.nii.img.nii.gz,2,LA,1,1,1.0,928329
848.nii.img.nii.gz,3,LV,1,1,1.0,1845320
848.nii.img.nii.gz,4,RA,1,1,1.0,1083605
848.nii.img.nii.gz,5,RV,1,1,1.0,2300863
848.nii.img.nii.gz,6,Aorta,2,2,0.6130256972136933,706419
848.nii.img.nii.gz,7,PA,2,2,0.6984966909380708,202021
848.nii.img.nii.gz,8,LAA,1,1,1.0,127926
848.nii.img.nii.gz,9,Coronary,2,2,0.6126453344914033,50659
848.nii.img.nii.gz,10,PV,3,3,0.4778620906188612,359903
849.nii.img.nii.gz,1,Myocardium,1,1,1.0,1609734
849.nii.img.nii.gz,2,LA,1,1,1.0,1473317
849.nii.img.nii.gz,3,LV,1,1,1.0,1682334
849.nii.img.nii.gz,4,RA,1,1,1.0,1585169
849.nii.img.nii.gz,5,RV,1,1,1.0,2118022
849.nii.img.nii.gz,6,Aorta,2,2,0.5081012433011133,1629935
849.nii.img.nii.gz,7,PA,1,1,1.0,1234646
849.nii.img.nii.gz,8,LAA,1,1,1.0,161077
849.nii.img.nii.gz,9,Coronary,2,2,0.7233427885664412,114575
849.nii.img.nii.gz,10,PV,2,2,0.5113884964445192,511042
851.nii.img.nii.gz,1,Myocardium,1,1,1.0,1859697
851.nii.img.nii.gz,2,LA,1,1,1.0,1151501
851.nii.img.nii.gz,3,LV,1,1,1.0,2069905
851.nii.img.nii.gz,4,RA,1,1,1.0,1345083
851.nii.img.nii.gz,5,RV,1,1,1.0,2545999
851.nii.img.nii.gz,6,Aorta,2,2,0.5588505943171342,1231245
851.nii.img.nii.gz,7,PA,2,2,0.6189611763127363,126701
851.nii.img.nii.gz,8,LAA,1,1,1.0,91663
851.nii.img.nii.gz,9,Coronary,2,2,0.5155440128198044,90485
851.nii.img.nii.gz,10,PV,2,2,0.6327989953914503,325699
850.nii.img.nii.gz,1,Myocardium,1,1,1.0,1604891
850.nii.img.nii.gz,2,LA,1,1,1.0,1186063
850.nii.img.nii.gz,3,LV,1,1,1.0,1541696
850.nii.img.nii.gz,4,RA,1,1,1.0,1301453
850.nii.img.nii.gz,5,RV,1,1,1.0,2211609
850.nii.img.nii.gz,6,Aorta,2,2,0.5843539559042482,1976653
850.nii.img.nii.gz,7,PA,1,1,1.0,1053352
850.nii.img.nii.gz,8,LAA,1,1,1.0,240943
850.nii.img.nii.gz,9,Coronary,2,2,0.6377809433364989,50544
850.nii.img.nii.gz,10,PV,2,2,0.5155797013834592,372183
85.nii.img.nii.gz,1,Myocardium,1,1,1.0,1251495
85.nii.img.nii.gz,2,LA,1,1,1.0,994258
85.nii.img.nii.gz,3,LV,1,1,1.0,1408941
85.nii.img.nii.gz,4,RA,1,1,1.0,1099715
85.nii.img.nii.gz,5,RV,1,1,1.0,1499642
85.nii.img.nii.gz,6,Aorta,2,2,0.5940949841074807,1002673
85.nii.img.nii.gz,7,PA,1,1,1.0,430769
85.nii.img.nii.gz,8,LAA,1,1,1.0,168592
85.nii.img.nii.gz,9,Coronary,2,2,0.5646902223335134,75877
85.nii.img.nii.gz,10,PV,3,3,0.5644841018093232,315256
853.nii.img.nii.gz,1,Myocardium,1,1,1.0,1317716
853.nii.img.nii.gz,2,LA,1,1,1.0,700031
853.nii.img.nii.gz,3,LV,1,1,1.0,1356439
853.nii.img.nii.gz,4,RA,1,1,1.0,917977
853.nii.img.nii.gz,5,RV,1,1,1.0,1724045
853.nii.img.nii.gz,6,Aorta,2,2,0.5754849199252093,922575
853.nii.img.nii.gz,7,PA,1,1,1.0,579539
853.nii.img.nii.gz,8,LAA,1,1,1.0,115482
853.nii.img.nii.gz,9,Coronary,2,2,0.5424539834445182,57262
853.nii.img.nii.gz,10,PV,3,3,0.5105634557131778,233399
855.nii.img.nii.gz,1,Myocardium,1,1,1.0,1235755
855.nii.img.nii.gz,2,LA,1,1,1.0,1012446
855.nii.img.nii.gz,3,LV,1,1,1.0,1341497
855.nii.img.nii.gz,4,RA,1,1,1.0,804118
855.nii.img.nii.gz,5,RV,1,1,1.0,1635556
855.nii.img.nii.gz,6,Aorta,2,2,0.5395165969376539,1209922
855.nii.img.nii.gz,7,PA,1,1,1.0,647657
855.nii.img.nii.gz,8,LAA,1,1,1.0,62981
855.nii.img.nii.gz,9,Coronary,2,2,0.5208535280417952,79435
855.nii.img.nii.gz,10,PV,2,2,0.5840203997857049,287454
852.nii.img.nii.gz,1,Myocardium,1,1,1.0,1780386
852.nii.img.nii.gz,2,LA,1,1,1.0,923484
852.nii.img.nii.gz,3,LV,1,1,1.0,1381727
852.nii.img.nii.gz,4,RA,1,1,1.0,900013
852.nii.img.nii.gz,5,RV,1,1,1.0,1617952
852.nii.img.nii.gz,6,Aorta,2,2,0.5157519537242083,1792730
852.nii.img.nii.gz,7,PA,1,1,1.0,730920
852.nii.img.nii.gz,8,LAA,1,1,1.0,155062
852.nii.img.nii.gz,9,Coronary,2,2,0.5788292068820814,95320
852.nii.img.nii.gz,10,PV,2,2,0.5340564055958642,335605
854.nii.img.nii.gz,1,Myocardium,1,1,1.0,1718237
854.nii.img.nii.gz,2,LA,1,1,1.0,1387502
854.nii.img.nii.gz,3,LV,1,1,1.0,1896924
854.nii.img.nii.gz,4,RA,1,1,1.0,1725292
854.nii.img.nii.gz,5,RV,1,1,1.0,2446258
854.nii.img.nii.gz,6,Aorta,2,2,0.5244338072269221,2042723
854.nii.img.nii.gz,7,PA,1,1,1.0,1056908
854.nii.img.nii.gz,8,LAA,1,1,1.0,158762
854.nii.img.nii.gz,9,Coronary,3,2,0.843891663781877,60663
854.nii.img.nii.gz,10,PV,2,2,0.5190425940138143,458656
856.nii.img.nii.gz,1,Myocardium,1,1,1.0,1079302
856.nii.img.nii.gz,2,LA,1,1,1.0,1084611
856.nii.img.nii.gz,3,LV,1,1,1.0,1144483
856.nii.img.nii.gz,4,RA,1,1,1.0,1111164
856.nii.img.nii.gz,5,RV,1,1,1.0,1493837
856.nii.img.nii.gz,6,Aorta,2,2,0.5750004571602968,1585877
856.nii.img.nii.gz,7,PA,1,1,1.0,807249
856.nii.img.nii.gz,8,LAA,1,1,1.0,123216
856.nii.img.nii.gz,9,Coronary,2,2,0.6824148836551882,56599
856.nii.img.nii.gz,10,PV,2,2,0.59003420315884,302896
858.nii.img.nii.gz,1,Myocardium,1,1,1.0,1263613
858.nii.img.nii.gz,2,LA,1,1,1.0,747775
858.nii.img.nii.gz,3,LV,1,1,1.0,1375393
858.nii.img.nii.gz,4,RA,1,1,1.0,905526
858.nii.img.nii.gz,5,RV,1,1,1.0,1619364
858.nii.img.nii.gz,6,Aorta,2,2,0.5420786162838704,1196546
858.nii.img.nii.gz,7,PA,1,1,1.0,579406
858.nii.img.nii.gz,8,LAA,1,1,1.0,87867
858.nii.img.nii.gz,9,Coronary,3,3,0.49543096568236233,50120
858.nii.img.nii.gz,10,PV,2,2,0.55345717095249,296948
86.nii.img.nii.gz,1,Myocardium,1,1,1.0,1131808
86.nii.img.nii.gz,2,LA,1,1,1.0,780073
86.nii.img.nii.gz,3,LV,1,1,1.0,1221318
86.nii.img.nii.gz,4,RA,1,1,1.0,981110
86.nii.img.nii.gz,5,RV,1,1,1.0,1385583
86.nii.img.nii.gz,6,Aorta,2,2,0.5792473212827696,796090
86.nii.img.nii.gz,7,PA,2,1,0.9803158270531448,408958
86.nii.img.nii.gz,8,LAA,1,1,1.0,120261
86.nii.img.nii.gz,9,Coronary,2,2,0.5182896688087,72828
86.nii.img.nii.gz,10,PV,2,2,0.5458873525206291,250374
857.nii.img.nii.gz,1,Myocardium,1,1,1.0,2041863
857.nii.img.nii.gz,2,LA,1,1,1.0,1107803
857.nii.img.nii.gz,3,LV,1,1,1.0,1745057
857.nii.img.nii.gz,4,RA,1,1,1.0,1134861
857.nii.img.nii.gz,5,RV,1,1,1.0,2392783
857.nii.img.nii.gz,6,Aorta,2,2,0.5817958825269869,1885914
857.nii.img.nii.gz,7,PA,1,1,1.0,1018647
857.nii.img.nii.gz,8,LAA,1,1,1.0,147286
857.nii.img.nii.gz,9,Coronary,2,2,0.5419434147457094,104939
857.nii.img.nii.gz,10,PV,2,2,0.5914685273681433,341090
859.nii.img.nii.gz,1,Myocardium,1,1,1.0,1968243
859.nii.img.nii.gz,2,LA,1,1,1.0,1280192
859.nii.img.nii.gz,3,LV,1,1,1.0,2048887
859.nii.img.nii.gz,4,RA,1,1,1.0,1593704
859.nii.img.nii.gz,5,RV,1,1,1.0,2618326
859.nii.img.nii.gz,6,Aorta,2,2,0.5606382871688583,1490865
859.nii.img.nii.gz,7,PA,2,2,0.9112652723131083,463584
859.nii.img.nii.gz,8,LAA,1,1,1.0,195701
859.nii.img.nii.gz,9,Coronary,2,2,0.5771042831539296,93179
859.nii.img.nii.gz,10,PV,2,2,0.5357384242651111,384684
860.nii.img.nii.gz,1,Myocardium,1,1,1.0,1467718
860.nii.img.nii.gz,2,LA,1,1,1.0,944844
860.nii.img.nii.gz,3,LV,1,1,1.0,1546091
860.nii.img.nii.gz,4,RA,1,1,1.0,1053686
860.nii.img.nii.gz,5,RV,1,1,1.0,1913333
860.nii.img.nii.gz,6,Aorta,2,2,0.5646324970329276,1449240
860.nii.img.nii.gz,7,PA,1,1,1.0,638458
860.nii.img.nii.gz,8,LAA,1,1,1.0,87933
860.nii.img.nii.gz,9,Coronary,4,3,0.5424975749864577,79381
860.nii.img.nii.gz,10,PV,3,3,0.5175506609357651,370157
861.nii.img.nii.gz,1,Myocardium,1,1,1.0,1512849
861.nii.img.nii.gz,2,LA,1,1,1.0,680379
861.nii.img.nii.gz,3,LV,1,1,1.0,1630965
861.nii.img.nii.gz,4,RA,1,1,1.0,713619
861.nii.img.nii.gz,5,RV,1,1,1.0,1915139
861.nii.img.nii.gz,6,Aorta,2,2,0.541734032950792,806536
861.nii.img.nii.gz,7,PA,1,1,1.0,558560
861.nii.img.nii.gz,8,LAA,1,1,1.0,50902
861.nii.img.nii.gz,9,Coronary,2,2,0.5069284539473684,48640
861.nii.img.nii.gz,10,PV,3,3,0.5253700094752217,241683
863.nii.img.nii.gz,1,Myocardium,1,1,1.0,1626648
863.nii.img.nii.gz,2,LA,1,1,1.0,986274
863.nii.img.nii.gz,3,LV,1,1,1.0,1853026
863.nii.img.nii.gz,4,RA,1,1,1.0,1330426
863.nii.img.nii.gz,5,RV,1,1,1.0,2284155
863.nii.img.nii.gz,6,Aorta,2,2,0.5434451954085479,1618660
863.nii.img.nii.gz,7,PA,2,1,0.9608935821775709,471406
863.nii.img.nii.gz,8,LAA,1,1,1.0,114225
863.nii.img.nii.gz,9,Coronary,2,2,0.5238962488617337,68086
863.nii.img.nii.gz,10,PV,2,2,0.5202122938561501,389837
862.nii.img.nii.gz,1,Myocardium,1,1,1.0,3313776
862.nii.img.nii.gz,2,LA,1,1,1.0,997223
862.nii.img.nii.gz,3,LV,1,1,1.0,3130154
862.nii.img.nii.gz,4,RA,1,1,1.0,1349001
862.nii.img.nii.gz,5,RV,1,1,1.0,3017229
862.nii.img.nii.gz,6,Aorta,2,2,0.5235992649464769,1329427
862.nii.img.nii.gz,7,PA,2,2,0.93134080600944,596395
862.nii.img.nii.gz,8,LAA,1,1,1.0,98557
862.nii.img.nii.gz,9,Coronary,2,2,0.5239808975413582,87528
862.nii.img.nii.gz,10,PV,2,2,0.5795417497134675,297523
864.nii.img.nii.gz,1,Myocardium,1,1,1.0,2451618
864.nii.img.nii.gz,2,LA,1,1,1.0,1398625
864.nii.img.nii.gz,3,LV,1,1,1.0,2884394
864.nii.img.nii.gz,4,RA,1,1,1.0,1654016
864.nii.img.nii.gz,5,RV,1,1,1.0,2945202
864.nii.img.nii.gz,6,Aorta,2,2,0.6004691680142124,4006667
864.nii.img.nii.gz,7,PA,1,1,1.0,976463
864.nii.img.nii.gz,8,LAA,1,1,1.0,265594
864.nii.img.nii.gz,9,Coronary,2,2,0.6471312711551995,119356
864.nii.img.nii.gz,10,PV,2,2,0.6312759989966871,613966
865.nii.img.nii.gz,1,Myocardium,1,1,1.0,2748106
865.nii.img.nii.gz,2,LA,1,1,1.0,1650207
865.nii.img.nii.gz,3,LV,1,1,1.0,3046338
865.nii.img.nii.gz,4,RA,1,1,1.0,1609271
865.nii.img.nii.gz,5,RV,1,1,1.0,2698254
865.nii.img.nii.gz,6,Aorta,2,2,0.5407101256966884,1963934
865.nii.img.nii.gz,7,PA,2,2,0.9429139162063855,593840
865.nii.img.nii.gz,8,LAA,1,1,1.0,120490
865.nii.img.nii.gz,9,Coronary,3,3,0.7671762111187163,65745
865.nii.img.nii.gz,10,PV,2,2,0.5210986971181523,425595
866.nii.img.nii.gz,1,Myocardium,1,1,1.0,1769496
866.nii.img.nii.gz,2,LA,1,1,1.0,1032110
866.nii.img.nii.gz,3,LV,1,1,1.0,1587085
866.nii.img.nii.gz,4,RA,1,1,1.0,1292759
866.nii.img.nii.gz,5,RV,1,1,1.0,2087438
866.nii.img.nii.gz,6,Aorta,2,2,0.5170915854669701,1437608
866.nii.img.nii.gz,7,PA,2,2,0.9430562493984573,436378
866.nii.img.nii.gz,8,LAA,1,1,1.0,65821
866.nii.img.nii.gz,9,Coronary,2,2,0.6153846153846154,85618
866.nii.img.nii.gz,10,PV,2,2,0.5162190887833912,352825
868.nii.img.nii.gz,1,Myocardium,1,1,1.0,1135515
868.nii.img.nii.gz,2,LA,1,1,1.0,593092
868.nii.img.nii.gz,3,LV,1,1,1.0,1477579
868.nii.img.nii.gz,4,RA,1,1,1.0,819346
868.nii.img.nii.gz,5,RV,1,1,1.0,1634215
868.nii.img.nii.gz,6,Aorta,2,2,0.5451660100261891,872116
868.nii.img.nii.gz,7,PA,1,1,1.0,498734
868.nii.img.nii.gz,8,LAA,1,1,1.0,75020
868.nii.img.nii.gz,9,Coronary,2,2,0.9120734506503443,32675
868.nii.img.nii.gz,10,PV,2,2,0.5388189330833372,242137
867.nii.img.nii.gz,1,Myocardium,1,1,1.0,1591453
867.nii.img.nii.gz,2,LA,1,1,1.0,1449505
867.nii.img.nii.gz,3,LV,1,1,1.0,1489172
867.nii.img.nii.gz,4,RA,1,1,1.0,1341172
867.nii.img.nii.gz,5,RV,1,1,1.0,2221117
867.nii.img.nii.gz,6,Aorta,2,2,0.5182738246425399,1740194
867.nii.img.nii.gz,7,PA,1,1,1.0,813645
867.nii.img.nii.gz,8,LAA,1,1,1.0,125501
867.nii.img.nii.gz,9,Coronary,3,2,0.6911184252818884,155558
867.nii.img.nii.gz,10,PV,2,2,0.5115897190352541,325806
87.nii.img.nii.gz,1,Myocardium,1,1,1.0,1572367
87.nii.img.nii.gz,2,LA,1,1,1.0,949055
87.nii.img.nii.gz,3,LV,1,1,1.0,1731353
87.nii.img.nii.gz,4,RA,1,1,1.0,1227168
87.nii.img.nii.gz,5,RV,1,1,1.0,2134478
87.nii.img.nii.gz,6,Aorta,2,2,0.5169231231958109,1396403
87.nii.img.nii.gz,7,PA,2,2,0.9470728934898107,599107
87.nii.img.nii.gz,8,LAA,1,1,1.0,137574
87.nii.img.nii.gz,9,Coronary,2,2,0.5968956127961326,68677
87.nii.img.nii.gz,10,PV,3,3,0.5113889144222814,326370
869.nii.img.nii.gz,1,Myocardium,1,1,1.0,1392238
869.nii.img.nii.gz,2,LA,1,1,1.0,1126011
869.nii.img.nii.gz,3,LV,1,1,1.0,1392828
869.nii.img.nii.gz,4,RA,1,1,1.0,941291
869.nii.img.nii.gz,5,RV,1,1,1.0,1591456
869.nii.img.nii.gz,6,Aorta,2,2,0.5191667857211238,1357922
869.nii.img.nii.gz,7,PA,1,1,1.0,712280
869.nii.img.nii.gz,8,LAA,1,1,1.0,107944
869.nii.img.nii.gz,9,Coronary,2,2,0.5151392547986451,106280
869.nii.img.nii.gz,10,PV,3,3,0.5504015136041625,279069
871.nii.img.nii.gz,1,Myocardium,1,1,1.0,1618567
871.nii.img.nii.gz,2,LA,1,1,1.0,1430504
871.nii.img.nii.gz,3,LV,1,1,1.0,1873268
871.nii.img.nii.gz,4,RA,1,1,1.0,1387213
871.nii.img.nii.gz,5,RV,1,1,1.0,1885416
871.nii.img.nii.gz,6,Aorta,2,2,0.5537590167084983,2086543
871.nii.img.nii.gz,7,PA,2,2,0.9315296722403579,812089
871.nii.img.nii.gz,8,LAA,1,1,1.0,140046
871.nii.img.nii.gz,9,Coronary,2,2,0.683319324953489,105889
871.nii.img.nii.gz,10,PV,2,2,0.5009990157592179,439933
872.nii.img.nii.gz,1,Myocardium,1,1,1.0,1570359
872.nii.img.nii.gz,2,LA,1,1,1.0,1134762
872.nii.img.nii.gz,3,LV,1,1,1.0,1668738
872.nii.img.nii.gz,4,RA,1,1,1.0,1570927
872.nii.img.nii.gz,5,RV,1,1,1.0,2205652
872.nii.img.nii.gz,6,Aorta,2,2,0.5848134541446149,2409488
872.nii.img.nii.gz,7,PA,1,1,1.0,1112575
872.nii.img.nii.gz,8,LAA,1,1,1.0,138078
872.nii.img.nii.gz,9,Coronary,2,2,0.7236072379594489,47693
872.nii.img.nii.gz,10,PV,2,2,0.5866579823418729,345450
870.nii.img.nii.gz,1,Myocardium,1,1,1.0,1513173
870.nii.img.nii.gz,2,LA,1,1,1.0,821342
870.nii.img.nii.gz,3,LV,1,1,1.0,1577514
870.nii.img.nii.gz,4,RA,1,1,1.0,861659
870.nii.img.nii.gz,5,RV,1,1,1.0,1587577
870.nii.img.nii.gz,6,Aorta,1,1,1.0,1740504
870.nii.img.nii.gz,7,PA,1,1,1.0,778568
870.nii.img.nii.gz,8,LAA,1,1,1.0,116831
870.nii.img.nii.gz,9,Coronary,2,2,0.5342732134175985,63767
870.nii.img.nii.gz,10,PV,3,3,0.4718936539519919,236210
874.nii.img.nii.gz,1,Myocardium,1,1,1.0,1329207
874.nii.img.nii.gz,2,LA,1,1,1.0,1053759
874.nii.img.nii.gz,3,LV,1,1,1.0,1342340
874.nii.img.nii.gz,4,RA,1,1,1.0,1190621
874.nii.img.nii.gz,5,RV,1,1,1.0,1782159
874.nii.img.nii.gz,6,Aorta,2,2,0.6181652304489729,1727454
874.nii.img.nii.gz,7,PA,1,1,1.0,774101
874.nii.img.nii.gz,8,LAA,1,1,1.0,135274
874.nii.img.nii.gz,9,Coronary,2,2,0.5951366210955518,54201
874.nii.img.nii.gz,10,PV,2,2,0.5405341708184663,364902
873.nii.img.nii.gz,1,Myocardium,1,1,1.0,2012713
873.nii.img.nii.gz,2,LA,1,1,1.0,962940
873.nii.img.nii.gz,3,LV,1,1,1.0,1995170
873.nii.img.nii.gz,4,RA,1,1,1.0,1075061
873.nii.img.nii.gz,5,RV,1,1,1.0,2778901
873.nii.img.nii.gz,6,Aorta,2,2,0.5849008358559344,993353
873.nii.img.nii.gz,7,PA,2,2,0.848580610605249,280050
873.nii.img.nii.gz,8,LAA,1,1,1.0,96600
873.nii.img.nii.gz,9,Coronary,2,2,0.7029099043170642,101481
873.nii.img.nii.gz,10,PV,2,2,0.557402298626478,307749
875.nii.img.nii.gz,1,Myocardium,1,1,1.0,1981413
875.nii.img.nii.gz,2,LA,1,1,1.0,1161529
875.nii.img.nii.gz,3,LV,1,1,1.0,1829131
875.nii.img.nii.gz,4,RA,1,1,1.0,1284556
875.nii.img.nii.gz,5,RV,1,1,1.0,2472320
875.nii.img.nii.gz,6,Aorta,2,2,0.5440917034500401,1809921
875.nii.img.nii.gz,7,PA,1,1,1.0,533137
875.nii.img.nii.gz,8,LAA,1,1,1.0,201740
875.nii.img.nii.gz,9,Coronary,3,2,0.8822728510483798,110170
875.nii.img.nii.gz,10,PV,2,2,0.509811992522698,381421
876.nii.img.nii.gz,1,Myocardium,1,1,1.0,1651593
876.nii.img.nii.gz,2,LA,1,1,1.0,941593
876.nii.img.nii.gz,3,LV,1,1,1.0,1810883
876.nii.img.nii.gz,4,RA,1,1,1.0,1256989
876.nii.img.nii.gz,5,RV,1,1,1.0,2190173
876.nii.img.nii.gz,6,Aorta,2,2,0.5657713757826667,1022945
876.nii.img.nii.gz,7,PA,1,1,1.0,511463
876.nii.img.nii.gz,8,LAA,1,1,1.0,165609
876.nii.img.nii.gz,9,Coronary,3,2,0.5294355479185018,69253
876.nii.img.nii.gz,10,PV,2,2,0.5437584717882709,278129
880.nii.img.nii.gz,1,Myocardium,1,1,1.0,1587940
880.nii.img.nii.gz,2,LA,1,1,1.0,990983
880.nii.img.nii.gz,3,LV,1,1,1.0,1446173
880.nii.img.nii.gz,4,RA,1,1,1.0,1124493
880.nii.img.nii.gz,5,RV,1,1,1.0,1975678
880.nii.img.nii.gz,6,Aorta,2,2,0.5302966922151899,1030327
880.nii.img.nii.gz,7,PA,2,2,0.8133381631887395,386485
880.nii.img.nii.gz,8,LAA,1,1,1.0,89660
880.nii.img.nii.gz,9,Coronary,2,2,0.5077927591016597,49469
880.nii.img.nii.gz,10,PV,2,2,0.5202311255139944,327095
878.nii.img.nii.gz,1,Myocardium,1,1,1.0,1970148
878.nii.img.nii.gz,2,LA,1,1,1.0,1168530
878.nii.img.nii.gz,3,LV,1,1,1.0,2162425
878.nii.img.nii.gz,4,RA,1,1,1.0,1655740
878.nii.img.nii.gz,5,RV,1,1,1.0,2526634
878.nii.img.nii.gz,6,Aorta,2,2,0.5248217382356098,2031002
878.nii.img.nii.gz,7,PA,1,1,1.0,852725
878.nii.img.nii.gz,8,LAA,1,1,1.0,233847
878.nii.img.nii.gz,9,Coronary,2,2,0.5116176786097404,93220
878.nii.img.nii.gz,10,PV,2,2,0.5139247789397182,396272
879.nii.img.nii.gz,1,Myocardium,1,1,1.0,1939548
879.nii.img.nii.gz,2,LA,1,1,1.0,1162847
879.nii.img.nii.gz,3,LV,1,1,1.0,2123014
879.nii.img.nii.gz,4,RA,1,1,1.0,1339302
879.nii.img.nii.gz,5,RV,1,1,1.0,2861477
879.nii.img.nii.gz,6,Aorta,2,2,0.5551755233862773,1049034
879.nii.img.nii.gz,7,PA,1,1,1.0,684145
879.nii.img.nii.gz,8,LAA,1,1,1.0,97829
879.nii.img.nii.gz,9,Coronary,2,2,0.6581045632807833,77006
879.nii.img.nii.gz,10,PV,2,2,0.5153602877493088,407577
877.nii.img.nii.gz,1,Myocardium,1,1,1.0,1778567
877.nii.img.nii.gz,2,LA,1,1,1.0,1150625
877.nii.img.nii.gz,3,LV,1,1,1.0,2032822
877.nii.img.nii.gz,4,RA,1,1,1.0,1568459
877.nii.img.nii.gz,5,RV,1,1,1.0,2387493
877.nii.img.nii.gz,6,Aorta,2,2,0.5921268665715563,1078046
877.nii.img.nii.gz,7,PA,2,1,0.9625665762234952,358236
877.nii.img.nii.gz,8,LAA,1,1,1.0,226296
877.nii.img.nii.gz,9,Coronary,2,2,0.6596785189846864,76272
877.nii.img.nii.gz,10,PV,3,3,0.5114887875610609,369099
88.nii.img.nii.gz,1,Myocardium,1,1,1.0,2315458
88.nii.img.nii.gz,2,LA,1,1,1.0,1646197
88.nii.img.nii.gz,3,LV,1,1,1.0,1984566
88.nii.img.nii.gz,4,RA,1,1,1.0,2372609
88.nii.img.nii.gz,5,RV,1,1,1.0,2822484
88.nii.img.nii.gz,6,Aorta,2,2,0.5700984971929403,1769289
88.nii.img.nii.gz,7,PA,1,1,1.0,788757
88.nii.img.nii.gz,8,LAA,1,1,1.0,118639
88.nii.img.nii.gz,9,Coronary,2,2,0.6676045636404649,84231
88.nii.img.nii.gz,10,PV,2,2,0.5235943775100401,448200
884.nii.img.nii.gz,1,Myocardium,1,1,1.0,1689947
884.nii.img.nii.gz,2,LA,1,1,1.0,980375
884.nii.img.nii.gz,3,LV,1,1,1.0,2034749
884.nii.img.nii.gz,4,RA,1,1,1.0,1266418
884.nii.img.nii.gz,5,RV,1,1,1.0,2397341
884.nii.img.nii.gz,6,Aorta,2,2,0.5659193073553377,1046886
884.nii.img.nii.gz,7,PA,2,2,0.9126749601741393,246699
884.nii.img.nii.gz,8,LAA,1,1,1.0,181660
884.nii.img.nii.gz,9,Coronary,3,2,0.6033446215897417,52562
884.nii.img.nii.gz,10,PV,3,3,0.5210656138706333,292301
881.nii.img.nii.gz,1,Myocardium,1,1,1.0,1628402
881.nii.img.nii.gz,2,LA,1,1,1.0,1181262
881.nii.img.nii.gz,3,LV,1,1,1.0,1656586
881.nii.img.nii.gz,4,RA,1,1,1.0,950529
881.nii.img.nii.gz,5,RV,1,1,1.0,1935623
881.nii.img.nii.gz,6,Aorta,2,2,0.5235550404136821,1496028
881.nii.img.nii.gz,7,PA,2,2,0.9339674030036258,534221
881.nii.img.nii.gz,8,LAA,1,1,1.0,243212
881.nii.img.nii.gz,9,Coronary,2,2,0.5038048493440146,74773
881.nii.img.nii.gz,10,PV,2,2,0.5277632048935125,358352
883.nii.img.nii.gz,1,Myocardium,1,1,1.0,1709024
883.nii.img.nii.gz,2,LA,1,1,1.0,1179473
883.nii.img.nii.gz,3,LV,1,1,1.0,2091338
883.nii.img.nii.gz,4,RA,1,1,1.0,1504166
883.nii.img.nii.gz,5,RV,1,1,1.0,2496546
883.nii.img.nii.gz,6,Aorta,2,2,0.5543692667287079,1293764
883.nii.img.nii.gz,7,PA,2,2,0.9168966098706953,521868
883.nii.img.nii.gz,8,LAA,1,1,1.0,74147
883.nii.img.nii.gz,9,Coronary,3,2,0.8633827488889609,61654
883.nii.img.nii.gz,10,PV,3,3,0.501957414303447,324663
882.nii.img.nii.gz,1,Myocardium,1,1,1.0,1627465
882.nii.img.nii.gz,2,LA,1,1,1.0,925513
882.nii.img.nii.gz,3,LV,1,1,1.0,1613855
882.nii.img.nii.gz,4,RA,1,1,1.0,1085296
882.nii.img.nii.gz,5,RV,1,1,1.0,2231676
882.nii.img.nii.gz,6,Aorta,2,2,0.5529619867026424,1637769
882.nii.img.nii.gz,7,PA,2,2,0.9003671124635194,682897
882.nii.img.nii.gz,8,LAA,1,1,1.0,129579
882.nii.img.nii.gz,9,Coronary,2,2,0.5458875283603803,115478
882.nii.img.nii.gz,10,PV,2,2,0.5784509621726052,407879
885.nii.img.nii.gz,1,Myocardium,1,1,1.0,1894303
885.nii.img.nii.gz,2,LA,1,1,1.0,1491401
885.nii.img.nii.gz,3,LV,1,1,1.0,2095729
885.nii.img.nii.gz,4,RA,1,1,1.0,1141218
885.nii.img.nii.gz,5,RV,1,1,1.0,1860745
885.nii.img.nii.gz,6,Aorta,2,2,0.5427948025876895,1633890
885.nii.img.nii.gz,7,PA,2,2,0.9287084917153359,573771
885.nii.img.nii.gz,8,LAA,1,1,1.0,240994
885.nii.img.nii.gz,9,Coronary,2,2,0.5387850387077948,58257
885.nii.img.nii.gz,10,PV,2,2,0.5502913002960549,315482
886.nii.img.nii.gz,1,Myocardium,1,1,1.0,1847480
886.nii.img.nii.gz,2,LA,1,1,1.0,1147821
886.nii.img.nii.gz,3,LV,1,1,1.0,2119978
886.nii.img.nii.gz,4,RA,1,1,1.0,1464530
886.nii.img.nii.gz,5,RV,1,1,1.0,2584052
886.nii.img.nii.gz,6,Aorta,2,2,0.5320992067976907,2167795
886.nii.img.nii.gz,7,PA,1,1,1.0,922103
886.nii.img.nii.gz,8,LAA,1,1,1.0,98872
886.nii.img.nii.gz,9,Coronary,2,2,0.6615020833134696,104881
886.nii.img.nii.gz,10,PV,3,3,0.5780891731790224,423042
887.nii.img.nii.gz,1,Myocardium,1,1,1.0,1631596
887.nii.img.nii.gz,2,LA,1,1,1.0,955772
887.nii.img.nii.gz,3,LV,1,1,1.0,1702867
887.nii.img.nii.gz,4,RA,1,1,1.0,1421127
887.nii.img.nii.gz,5,RV,1,1,1.0,2238334
887.nii.img.nii.gz,6,Aorta,2,2,0.5087468366234593,1554905
887.nii.img.nii.gz,7,PA,1,1,1.0,839993
887.nii.img.nii.gz,8,LAA,1,1,1.0,98296
887.nii.img.nii.gz,9,Coronary,3,3,0.48679772892596335,105853
887.nii.img.nii.gz,10,PV,2,2,0.5068484657719785,419364
888.nii.img.nii.gz,1,Myocardium,1,1,1.0,1706227
888.nii.img.nii.gz,2,LA,1,1,1.0,901888
888.nii.img.nii.gz,3,LV,1,1,1.0,1722874
888.nii.img.nii.gz,4,RA,1,1,1.0,1009533
888.nii.img.nii.gz,5,RV,1,1,1.0,2146030
888.nii.img.nii.gz,6,Aorta,2,2,0.5710574592122377,1146361
888.nii.img.nii.gz,7,PA,1,1,1.0,542348
888.nii.img.nii.gz,8,LAA,1,1,1.0,94442
888.nii.img.nii.gz,9,Coronary,2,2,0.5064814814814815,43200
888.nii.img.nii.gz,10,PV,2,2,0.5483266610132723,304242
890.nii.img.nii.gz,1,Myocardium,1,1,1.0,1684448
890.nii.img.nii.gz,2,LA,1,1,1.0,992710
890.nii.img.nii.gz,3,LV,1,1,1.0,2013709
890.nii.img.nii.gz,4,RA,1,1,1.0,1412593
890.nii.img.nii.gz,5,RV,1,1,1.0,2554609
890.nii.img.nii.gz,6,Aorta,2,2,0.5609578830482985,914976
890.nii.img.nii.gz,7,PA,2,2,0.9253419485637643,290029
890.nii.img.nii.gz,8,LAA,1,1,1.0,88362
890.nii.img.nii.gz,9,Coronary,2,2,0.6076753889445936,61834
890.nii.img.nii.gz,10,PV,3,3,0.4113266029047113,338760
889.nii.img.nii.gz,1,Myocardium,1,1,1.0,1832732
889.nii.img.nii.gz,2,LA,1,1,1.0,1106022
889.nii.img.nii.gz,3,LV,1,1,1.0,2066136
889.nii.img.nii.gz,4,RA,1,1,1.0,1384777
889.nii.img.nii.gz,5,RV,1,1,1.0,2666538
889.nii.img.nii.gz,6,Aorta,2,2,0.5690710678130695,1127585
889.nii.img.nii.gz,7,PA,1,1,1.0,548911
889.nii.img.nii.gz,8,LAA,1,1,1.0,213101
889.nii.img.nii.gz,9,Coronary,2,2,0.5125034029479252,77139
889.nii.img.nii.gz,10,PV,3,3,0.5406344317514602,388316
89.nii.img.nii.gz,1,Myocardium,1,1,1.0,1666989
89.nii.img.nii.gz,2,LA,1,1,1.0,1140190
89.nii.img.nii.gz,3,LV,1,1,1.0,1815543
89.nii.img.nii.gz,4,RA,1,1,1.0,1108002
89.nii.img.nii.gz,5,RV,1,1,1.0,2206290
89.nii.img.nii.gz,6,Aorta,2,2,0.562558628394051,1876224
89.nii.img.nii.gz,7,PA,1,1,1.0,1046275
89.nii.img.nii.gz,8,LAA,1,1,1.0,158218
89.nii.img.nii.gz,9,Coronary,2,2,0.5857471120629015,63973
89.nii.img.nii.gz,10,PV,2,2,0.5610174767902291,343713
892.nii.img.nii.gz,1,Myocardium,1,1,1.0,1697713
892.nii.img.nii.gz,2,LA,1,1,1.0,1014500
892.nii.img.nii.gz,3,LV,1,1,1.0,1709259
892.nii.img.nii.gz,4,RA,1,1,1.0,1242828
892.nii.img.nii.gz,5,RV,1,1,1.0,2292518
892.nii.img.nii.gz,6,Aorta,2,2,0.520939394266932,1942869
892.nii.img.nii.gz,7,PA,1,1,1.0,1119939
892.nii.img.nii.gz,8,LAA,1,1,1.0,90105
892.nii.img.nii.gz,9,Coronary,2,1,0.9661618395911183,106241
892.nii.img.nii.gz,10,PV,2,2,0.564173189982785,307870
891.nii.img.nii.gz,1,Myocardium,1,1,1.0,1420365
891.nii.img.nii.gz,2,LA,1,1,1.0,1023269
891.nii.img.nii.gz,3,LV,1,1,1.0,1884003
891.nii.img.nii.gz,4,RA,1,1,1.0,1442900
891.nii.img.nii.gz,5,RV,1,1,1.0,2118616
891.nii.img.nii.gz,6,Aorta,2,2,0.5184175600317241,1370567
891.nii.img.nii.gz,7,PA,1,1,1.0,855162
891.nii.img.nii.gz,8,LAA,1,1,1.0,129611
891.nii.img.nii.gz,9,Coronary,2,2,0.6703529295945657,60947
891.nii.img.nii.gz,10,PV,2,2,0.5088355143283088,301850
893.nii.img.nii.gz,1,Myocardium,1,1,1.0,1910157
893.nii.img.nii.gz,2,LA,1,1,1.0,1182697
893.nii.img.nii.gz,3,LV,1,1,1.0,1741326
893.nii.img.nii.gz,4,RA,1,1,1.0,1602560
893.nii.img.nii.gz,5,RV,1,1,1.0,2459778
893.nii.img.nii.gz,6,Aorta,2,2,0.5230917312197848,1560472
893.nii.img.nii.gz,7,PA,2,1,0.9810806816634163,345097
893.nii.img.nii.gz,8,LAA,1,1,1.0,179243
893.nii.img.nii.gz,9,Coronary,2,2,0.5021914290773862,90352
893.nii.img.nii.gz,10,PV,2,2,0.6040979933795767,287897
895.nii.img.nii.gz,1,Myocardium,1,1,1.0,1901839
895.nii.img.nii.gz,2,LA,1,1,1.0,1109940
895.nii.img.nii.gz,3,LV,1,1,1.0,1670923
895.nii.img.nii.gz,4,RA,1,1,1.0,1032306
895.nii.img.nii.gz,5,RV,1,1,1.0,1926694
895.nii.img.nii.gz,6,Aorta,2,2,0.514290215871783,1447109
895.nii.img.nii.gz,7,PA,1,1,1.0,821091
895.nii.img.nii.gz,8,LAA,1,1,1.0,147666
895.nii.img.nii.gz,9,Coronary,2,2,0.6507991894031914,74513
895.nii.img.nii.gz,10,PV,2,2,0.545035332063803,277793
896.nii.img.nii.gz,1,Myocardium,1,1,1.0,2211006
896.nii.img.nii.gz,2,LA,1,1,1.0,1069014
896.nii.img.nii.gz,3,LV,1,1,1.0,2798624
896.nii.img.nii.gz,4,RA,1,1,1.0,1777420
896.nii.img.nii.gz,5,RV,1,1,1.0,2627580
896.nii.img.nii.gz,6,Aorta,2,2,0.5002889523681736,1699242
896.nii.img.nii.gz,7,PA,1,1,1.0,795681
896.nii.img.nii.gz,8,LAA,1,1,1.0,166168
896.nii.img.nii.gz,9,Coronary,2,2,0.5363162832831861,61818
896.nii.img.nii.gz,10,PV,2,2,0.5002921118238768,345758
897.nii.img.nii.gz,1,Myocardium,1,1,1.0,2251569
897.nii.img.nii.gz,2,LA,1,1,1.0,1122226
897.nii.img.nii.gz,3,LV,1,1,1.0,2016731
897.nii.img.nii.gz,4,RA,1,1,1.0,1391162
897.nii.img.nii.gz,5,RV,1,1,1.0,2366276
897.nii.img.nii.gz,6,Aorta,2,2,0.5220077925240473,1905416
897.nii.img.nii.gz,7,PA,1,1,1.0,1050960
897.nii.img.nii.gz,8,LAA,1,1,1.0,121280
897.nii.img.nii.gz,9,Coronary,2,2,0.6105567873860557,97416
897.nii.img.nii.gz,10,PV,2,2,0.5326771222849869,402208
894.nii.img.nii.gz,1,Myocardium,1,1,1.0,2000608
894.nii.img.nii.gz,2,LA,1,1,1.0,1303385
894.nii.img.nii.gz,3,LV,1,1,1.0,1962866
894.nii.img.nii.gz,4,RA,1,1,1.0,1094287
894.nii.img.nii.gz,5,RV,1,1,1.0,2179501
894.nii.img.nii.gz,6,Aorta,2,2,0.5065527616128696,1904159
894.nii.img.nii.gz,7,PA,1,1,1.0,816855
894.nii.img.nii.gz,8,LAA,1,1,1.0,150102
894.nii.img.nii.gz,9,Coronary,1,1,1.0,112774
894.nii.img.nii.gz,10,PV,2,2,0.5183688068231129,380237
900.nii.img.nii.gz,1,Myocardium,1,1,1.0,2032294
900.nii.img.nii.gz,2,LA,1,1,1.0,1006838
900.nii.img.nii.gz,3,LV,1,1,1.0,2331521
900.nii.img.nii.gz,4,RA,1,1,1.0,1269928
900.nii.img.nii.gz,5,RV,1,1,1.0,2806973
900.nii.img.nii.gz,6,Aorta,2,2,0.5486020447395293,1209445
900.nii.img.nii.gz,7,PA,2,2,0.8862060081413923,97035
900.nii.img.nii.gz,8,LAA,1,1,1.0,68236
900.nii.img.nii.gz,9,Coronary,2,2,0.624678918435976,80587
900.nii.img.nii.gz,10,PV,2,2,0.54608216110875,192938
899.nii.img.nii.gz,1,Myocardium,1,1,1.0,2159901
899.nii.img.nii.gz,2,LA,1,1,1.0,1020652
899.nii.img.nii.gz,3,LV,1,1,1.0,2562907
899.nii.img.nii.gz,4,RA,1,1,1.0,1569638
899.nii.img.nii.gz,5,RV,1,1,1.0,3418594
899.nii.img.nii.gz,6,Aorta,2,2,0.5518148831693752,957968
899.nii.img.nii.gz,7,PA,2,2,0.8126508652028501,275080
899.nii.img.nii.gz,8,LAA,1,1,1.0,139645
899.nii.img.nii.gz,9,Coronary,2,2,0.6174654352696869,73196
899.nii.img.nii.gz,10,PV,3,3,0.4434922030763166,527644
898.nii.img.nii.gz,1,Myocardium,1,1,1.0,1799014
898.nii.img.nii.gz,2,LA,1,1,1.0,1210734
898.nii.img.nii.gz,3,LV,1,1,1.0,1456193
898.nii.img.nii.gz,4,RA,1,1,1.0,1450675
898.nii.img.nii.gz,5,RV,1,1,1.0,2156005
898.nii.img.nii.gz,6,Aorta,2,2,0.522405291365172,1914213
898.nii.img.nii.gz,7,PA,1,1,1.0,736201
898.nii.img.nii.gz,8,LAA,1,1,1.0,71010
898.nii.img.nii.gz,9,Coronary,2,2,0.6370221237445028,88909
898.nii.img.nii.gz,10,PV,3,3,0.5251308179564859,319528
9.nii.img.nii.gz,1,Myocardium,1,1,1.0,1478214
9.nii.img.nii.gz,2,LA,1,1,1.0,1195494
9.nii.img.nii.gz,3,LV,1,1,1.0,1357228
9.nii.img.nii.gz,4,RA,1,1,1.0,1190085
9.nii.img.nii.gz,5,RV,1,1,1.0,1518375
9.nii.img.nii.gz,6,Aorta,2,2,0.527621594839086,1206918
9.nii.img.nii.gz,7,PA,2,2,0.8016196089562706,299455
9.nii.img.nii.gz,8,LAA,1,1,1.0,170310
9.nii.img.nii.gz,9,Coronary,2,2,0.5268165868401506,78086
9.nii.img.nii.gz,10,PV,3,3,0.45336564772105387,268611
903.nii.img.nii.gz,1,Myocardium,1,1,1.0,1917777
903.nii.img.nii.gz,2,LA,1,1,1.0,1007368
903.nii.img.nii.gz,3,LV,1,1,1.0,1988527
903.nii.img.nii.gz,4,RA,1,1,1.0,1781731
903.nii.img.nii.gz,5,RV,1,1,1.0,2654690
903.nii.img.nii.gz,6,Aorta,2,2,0.5075173937661221,1502981
903.nii.img.nii.gz,7,PA,1,1,1.0,780656
903.nii.img.nii.gz,8,LAA,1,1,1.0,134013
903.nii.img.nii.gz,9,Coronary,2,2,0.6487047806056945,79446
903.nii.img.nii.gz,10,PV,3,3,0.5438321510536198,383440
902.nii.img.nii.gz,1,Myocardium,1,1,1.0,1212728
902.nii.img.nii.gz,2,LA,1,1,1.0,1079613
902.nii.img.nii.gz,3,LV,1,1,1.0,1406200
902.nii.img.nii.gz,4,RA,1,1,1.0,1201751
902.nii.img.nii.gz,5,RV,1,1,1.0,1646385
902.nii.img.nii.gz,6,Aorta,2,2,0.5736524581988447,1154992
902.nii.img.nii.gz,7,PA,2,1,0.9842370516657467,360529
902.nii.img.nii.gz,8,LAA,1,1,1.0,196183
902.nii.img.nii.gz,9,Coronary,2,2,0.7386449016560483,97159
902.nii.img.nii.gz,10,PV,3,3,0.4730102764758997,232570
904.nii.img.nii.gz,1,Myocardium,1,1,1.0,1659127
904.nii.img.nii.gz,2,LA,1,1,1.0,957947
904.nii.img.nii.gz,3,LV,1,1,1.0,1460114
904.nii.img.nii.gz,4,RA,1,1,1.0,900287
904.nii.img.nii.gz,5,RV,1,1,1.0,1789760
904.nii.img.nii.gz,6,Aorta,2,2,0.5432005132856922,1129975
904.nii.img.nii.gz,7,PA,2,1,0.9735647311693976,256816
904.nii.img.nii.gz,8,LAA,1,1,1.0,66088
904.nii.img.nii.gz,9,Coronary,2,2,0.5680542609523431,100846
904.nii.img.nii.gz,10,PV,2,2,0.5251116324831605,264260
901.nii.img.nii.gz,1,Myocardium,1,1,1.0,1239151
901.nii.img.nii.gz,2,LA,1,1,1.0,1624286
901.nii.img.nii.gz,3,LV,1,1,1.0,1531048
901.nii.img.nii.gz,4,RA,1,1,1.0,1271577
901.nii.img.nii.gz,5,RV,1,1,1.0,1396115
901.nii.img.nii.gz,6,Aorta,2,2,0.5077308376076506,1429858
901.nii.img.nii.gz,7,PA,1,1,1.0,282718
901.nii.img.nii.gz,8,LAA,1,1,1.0,233791
901.nii.img.nii.gz,9,Coronary,2,2,0.5214471585662721,71478
901.nii.img.nii.gz,10,PV,2,2,0.7123012818045344,207832
905.nii.img.nii.gz,1,Myocardium,1,1,1.0,1296146
905.nii.img.nii.gz,2,LA,1,1,1.0,730600
905.nii.img.nii.gz,3,LV,1,1,1.0,1250786
905.nii.img.nii.gz,4,RA,1,1,1.0,904622
905.nii.img.nii.gz,5,RV,1,1,1.0,1437142
905.nii.img.nii.gz,6,Aorta,2,2,0.5764277827634721,1373931
905.nii.img.nii.gz,7,PA,2,1,0.9656900076155357,424133
905.nii.img.nii.gz,8,LAA,1,1,1.0,190128
905.nii.img.nii.gz,9,Coronary,2,2,0.849534272748985,54431
905.nii.img.nii.gz,10,PV,2,2,0.5183639685548745,262171
906.nii.img.nii.gz,1,Myocardium,1,1,1.0,1398988
906.nii.img.nii.gz,2,LA,1,1,1.0,1193631
906.nii.img.nii.gz,3,LV,1,1,1.0,1263294
906.nii.img.nii.gz,4,RA,1,1,1.0,1384660
906.nii.img.nii.gz,5,RV,1,1,1.0,1825390
906.nii.img.nii.gz,6,Aorta,2,2,0.5475166940753453,2511370
906.nii.img.nii.gz,7,PA,1,1,1.0,1153062
906.nii.img.nii.gz,8,LAA,1,1,1.0,144994
906.nii.img.nii.gz,9,Coronary,2,2,0.5288588813528018,97457
906.nii.img.nii.gz,10,PV,2,2,0.5756867385503327,414095
907.nii.img.nii.gz,1,Myocardium,1,1,1.0,1621272
907.nii.img.nii.gz,2,LA,1,1,1.0,1254640
907.nii.img.nii.gz,3,LV,1,1,1.0,1812087
907.nii.img.nii.gz,4,RA,1,1,1.0,1302971
907.nii.img.nii.gz,5,RV,1,1,1.0,2031012
907.nii.img.nii.gz,6,Aorta,2,2,0.6504861173817037,1583671
907.nii.img.nii.gz,7,PA,2,2,0.8973492616831216,755299
907.nii.img.nii.gz,8,LAA,1,1,1.0,111735
907.nii.img.nii.gz,9,Coronary,2,2,0.7195271833429728,82992
907.nii.img.nii.gz,10,PV,2,2,0.5143255936247402,357507
909.nii.img.nii.gz,1,Myocardium,1,1,1.0,2280783
909.nii.img.nii.gz,2,LA,1,1,1.0,1095007
909.nii.img.nii.gz,3,LV,1,1,1.0,2113702
909.nii.img.nii.gz,4,RA,1,1,1.0,1365055
909.nii.img.nii.gz,5,RV,1,1,1.0,2218688
909.nii.img.nii.gz,6,Aorta,2,2,0.5424149237391547,1649667
909.nii.img.nii.gz,7,PA,1,1,1.0,810417
909.nii.img.nii.gz,8,LAA,1,1,1.0,168249
909.nii.img.nii.gz,9,Coronary,3,2,0.679665703467517,80288
909.nii.img.nii.gz,10,PV,2,2,0.61779328142493,316198
908.nii.img.nii.gz,1,Myocardium,1,1,1.0,2080522
908.nii.img.nii.gz,2,LA,1,1,1.0,1111988
908.nii.img.nii.gz,3,LV,1,1,1.0,1728545
908.nii.img.nii.gz,4,RA,1,1,1.0,1097722
908.nii.img.nii.gz,5,RV,1,1,1.0,2460851
908.nii.img.nii.gz,6,Aorta,2,2,0.5629490983291146,2180341
908.nii.img.nii.gz,7,PA,1,1,1.0,1077221
908.nii.img.nii.gz,8,LAA,1,1,1.0,140833
908.nii.img.nii.gz,9,Coronary,2,2,0.729562988465308,79586
908.nii.img.nii.gz,10,PV,2,2,0.5091347021305236,349163
91.nii.img.nii.gz,1,Myocardium,1,1,1.0,1563418
91.nii.img.nii.gz,2,LA,1,1,1.0,1222680
91.nii.img.nii.gz,3,LV,1,1,1.0,1616707
91.nii.img.nii.gz,4,RA,1,1,1.0,1371126
91.nii.img.nii.gz,5,RV,1,1,1.0,1827656
91.nii.img.nii.gz,6,Aorta,2,2,0.5033962405495788,1708654
91.nii.img.nii.gz,7,PA,1,1,1.0,1038467
91.nii.img.nii.gz,8,LAA,1,1,1.0,120096
91.nii.img.nii.gz,9,Coronary,2,2,0.5967826167095037,97657
91.nii.img.nii.gz,10,PV,3,3,0.46881453690395214,324911
913.nii.img.nii.gz,1,Myocardium,1,1,1.0,1510963
913.nii.img.nii.gz,2,LA,1,1,1.0,1029676
913.nii.img.nii.gz,3,LV,1,1,1.0,1528500
913.nii.img.nii.gz,4,RA,1,1,1.0,1001604
913.nii.img.nii.gz,5,RV,1,1,1.0,2171568
913.nii.img.nii.gz,6,Aorta,2,2,0.5361380916026123,1557401
913.nii.img.nii.gz,7,PA,2,1,0.9500777027491645,654417
913.nii.img.nii.gz,8,LAA,1,1,1.0,158245
913.nii.img.nii.gz,9,Coronary,2,2,0.6344804596971333,62998
913.nii.img.nii.gz,10,PV,2,2,0.5352897533140366,314043
912.nii.img.nii.gz,1,Myocardium,1,1,1.0,1980764
912.nii.img.nii.gz,2,LA,1,1,1.0,1127801
912.nii.img.nii.gz,3,LV,1,1,1.0,1908069
912.nii.img.nii.gz,4,RA,1,1,1.0,1322705
912.nii.img.nii.gz,5,RV,1,1,1.0,2574221
912.nii.img.nii.gz,6,Aorta,2,2,0.5458220913010254,1696016
912.nii.img.nii.gz,7,PA,1,1,1.0,739398
912.nii.img.nii.gz,8,LAA,1,1,1.0,120223
912.nii.img.nii.gz,9,Coronary,2,2,0.6647074390294859,71797
912.nii.img.nii.gz,10,PV,3,3,0.5513281812928905,434391
910.nii.img.nii.gz,1,Myocardium,1,1,1.0,1454897
910.nii.img.nii.gz,2,LA,1,1,1.0,1008520
910.nii.img.nii.gz,3,LV,1,1,1.0,1667079
910.nii.img.nii.gz,4,RA,1,1,1.0,1369548
910.nii.img.nii.gz,5,RV,1,1,1.0,2027539
910.nii.img.nii.gz,6,Aorta,2,2,0.5583682132382126,1551992
910.nii.img.nii.gz,7,PA,1,1,1.0,897855
910.nii.img.nii.gz,8,LAA,1,1,1.0,102498
910.nii.img.nii.gz,9,Coronary,2,2,0.5356606053461437,67862
910.nii.img.nii.gz,10,PV,2,2,0.5296971756532246,317808
911.nii.img.nii.gz,1,Myocardium,1,1,1.0,1578927
911.nii.img.nii.gz,2,LA,1,1,1.0,933428
911.nii.img.nii.gz,3,LV,1,1,1.0,1920685
911.nii.img.nii.gz,4,RA,1,1,1.0,1197383
911.nii.img.nii.gz,5,RV,1,1,1.0,2481753
911.nii.img.nii.gz,6,Aorta,2,2,0.5602771358455738,1118152
911.nii.img.nii.gz,7,PA,2,1,0.9505390235761,323548
911.nii.img.nii.gz,8,LAA,1,1,1.0,65119
911.nii.img.nii.gz,9,Coronary,2,2,0.5163019061677684,62324
911.nii.img.nii.gz,10,PV,3,3,0.4806447968291484,327483
914.nii.img.nii.gz,1,Myocardium,1,1,1.0,1814755
914.nii.img.nii.gz,2,LA,1,1,1.0,811998
914.nii.img.nii.gz,3,LV,1,1,1.0,2053507
914.nii.img.nii.gz,4,RA,1,1,1.0,1103278
914.nii.img.nii.gz,5,RV,1,1,1.0,2318595
914.nii.img.nii.gz,6,Aorta,2,2,0.57031854913465,1283758
914.nii.img.nii.gz,7,PA,2,2,0.9491445513527207,426326
914.nii.img.nii.gz,8,LAA,1,1,1.0,117884
914.nii.img.nii.gz,9,Coronary,2,2,0.5116930401904495,71410
914.nii.img.nii.gz,10,PV,2,2,0.5096379362073471,309973
915.nii.img.nii.gz,1,Myocardium,1,1,1.0,2336896
915.nii.img.nii.gz,2,LA,1,1,1.0,886401
915.nii.img.nii.gz,3,LV,1,1,1.0,1941940
915.nii.img.nii.gz,4,RA,1,1,1.0,1307064
915.nii.img.nii.gz,5,RV,1,1,1.0,2604698
915.nii.img.nii.gz,6,Aorta,2,2,0.5946545295404814,1428125
915.nii.img.nii.gz,7,PA,1,1,1.0,685572
915.nii.img.nii.gz,8,LAA,1,1,1.0,171236
915.nii.img.nii.gz,9,Coronary,2,2,0.5351447289431785,114939
915.nii.img.nii.gz,10,PV,2,2,0.5318516462074764,381817
918.nii.img.nii.gz,1,Myocardium,1,1,1.0,1962379
918.nii.img.nii.gz,2,LA,1,1,1.0,1209309
918.nii.img.nii.gz,3,LV,1,1,1.0,2217026
918.nii.img.nii.gz,4,RA,1,1,1.0,1325455
918.nii.img.nii.gz,5,RV,1,1,1.0,2254294
918.nii.img.nii.gz,6,Aorta,2,2,0.5547273170126427,1305582
918.nii.img.nii.gz,7,PA,2,2,0.9477219201581717,447109
918.nii.img.nii.gz,8,LAA,1,1,1.0,192714
918.nii.img.nii.gz,9,Coronary,2,2,0.5555312467826624,77704
918.nii.img.nii.gz,10,PV,3,3,0.48039747745760697,344573
919.nii.img.nii.gz,1,Myocardium,1,1,1.0,2237990
919.nii.img.nii.gz,2,LA,1,1,1.0,1074793
919.nii.img.nii.gz,3,LV,1,1,1.0,2708353
919.nii.img.nii.gz,4,RA,1,1,1.0,1621160
919.nii.img.nii.gz,5,RV,1,1,1.0,3254606
919.nii.img.nii.gz,6,Aorta,2,2,0.5267141600540306,1723468
919.nii.img.nii.gz,7,PA,2,2,0.9171006381326685,500993
919.nii.img.nii.gz,8,LAA,1,1,1.0,181586
919.nii.img.nii.gz,9,Coronary,2,2,0.5059294466162312,106671
919.nii.img.nii.gz,10,PV,2,2,0.5073856456460745,420207
917.nii.img.nii.gz,1,Myocardium,1,1,1.0,3919281
917.nii.img.nii.gz,2,LA,1,1,1.0,1775430
917.nii.img.nii.gz,3,LV,1,1,1.0,2995626
917.nii.img.nii.gz,4,RA,1,1,1.0,1296186
917.nii.img.nii.gz,5,RV,1,1,1.0,2691314
917.nii.img.nii.gz,6,Aorta,2,2,0.5399109218745624,1784950
917.nii.img.nii.gz,7,PA,1,1,1.0,1032424
917.nii.img.nii.gz,8,LAA,1,1,1.0,263628
917.nii.img.nii.gz,9,Coronary,2,2,0.6643250074338388,107616
917.nii.img.nii.gz,10,PV,2,2,0.6020200038786214,448613
916.nii.img.nii.gz,1,Myocardium,1,1,1.0,1482416
916.nii.img.nii.gz,2,LA,1,1,1.0,615461
916.nii.img.nii.gz,3,LV,1,1,1.0,1608749
916.nii.img.nii.gz,4,RA,1,1,1.0,1020935
916.nii.img.nii.gz,5,RV,1,1,1.0,2021094
916.nii.img.nii.gz,6,Aorta,2,2,0.588166677750027,917291
916.nii.img.nii.gz,7,PA,1,1,1.0,572556
916.nii.img.nii.gz,8,LAA,1,1,1.0,74286
916.nii.img.nii.gz,9,Coronary,2,2,0.5283896034297964,74640
916.nii.img.nii.gz,10,PV,3,3,0.50660965926443,320894
92.nii.img.nii.gz,1,Myocardium,1,1,1.0,1575769
92.nii.img.nii.gz,2,LA,1,1,1.0,947529
92.nii.img.nii.gz,3,LV,1,1,1.0,1901163
92.nii.img.nii.gz,4,RA,1,1,1.0,1193354
92.nii.img.nii.gz,5,RV,1,1,1.0,2088135
92.nii.img.nii.gz,6,Aorta,2,2,0.5862506162738846,1316379
92.nii.img.nii.gz,7,PA,2,2,0.9417995661290176,550855
92.nii.img.nii.gz,8,LAA,1,1,1.0,93740
92.nii.img.nii.gz,9,Coronary,2,2,0.6210316503512241,62211
92.nii.img.nii.gz,10,PV,2,2,0.5216084443044808,355648
920.nii.img.nii.gz,1,Myocardium,1,1,1.0,1958353
920.nii.img.nii.gz,2,LA,1,1,1.0,944144
920.nii.img.nii.gz,3,LV,1,1,1.0,1937924
920.nii.img.nii.gz,4,RA,1,1,1.0,1282217
920.nii.img.nii.gz,5,RV,1,1,1.0,2347034
920.nii.img.nii.gz,6,Aorta,2,2,0.5548494392132918,1244680
920.nii.img.nii.gz,7,PA,1,1,1.0,665584
920.nii.img.nii.gz,8,LAA,1,1,1.0,115407
920.nii.img.nii.gz,9,Coronary,2,2,0.7073585775855215,62879
920.nii.img.nii.gz,10,PV,2,2,0.6147914912079218,313464
921.nii.img.nii.gz,1,Myocardium,1,1,1.0,1962968
921.nii.img.nii.gz,2,LA,1,1,1.0,923128
921.nii.img.nii.gz,3,LV,1,1,1.0,1317936
921.nii.img.nii.gz,4,RA,1,1,1.0,1232374
921.nii.img.nii.gz,5,RV,1,1,1.0,1869348
921.nii.img.nii.gz,6,Aorta,2,2,0.5552679393682953,1325841
921.nii.img.nii.gz,7,PA,2,2,0.9369321476899285,455224
921.nii.img.nii.gz,8,LAA,1,1,1.0,103873
921.nii.img.nii.gz,9,Coronary,2,2,0.854514454002945,64515
921.nii.img.nii.gz,10,PV,3,3,0.44660594919147406,261649
922.nii.img.nii.gz,1,Myocardium,1,1,1.0,1845803
922.nii.img.nii.gz,2,LA,1,1,1.0,1242646
922.nii.img.nii.gz,3,LV,1,1,1.0,1654452
922.nii.img.nii.gz,4,RA,1,1,1.0,1495234
922.nii.img.nii.gz,5,RV,1,1,1.0,2245014
922.nii.img.nii.gz,6,Aorta,2,2,0.510331447763305,1675709
922.nii.img.nii.gz,7,PA,1,1,1.0,840303
922.nii.img.nii.gz,8,LAA,1,1,1.0,236181
922.nii.img.nii.gz,9,Coronary,2,2,0.8003232385423481,51974
922.nii.img.nii.gz,10,PV,3,3,0.5094196776994063,342103
923.nii.img.nii.gz,1,Myocardium,1,1,1.0,2304873
923.nii.img.nii.gz,2,LA,1,1,1.0,950311
923.nii.img.nii.gz,3,LV,1,1,1.0,2665928
923.nii.img.nii.gz,4,RA,1,1,1.0,1278302
923.nii.img.nii.gz,5,RV,1,1,1.0,2884900
923.nii.img.nii.gz,6,Aorta,2,2,0.5166658298929059,1294655
923.nii.img.nii.gz,7,PA,1,1,1.0,688698
923.nii.img.nii.gz,8,LAA,1,1,1.0,83005
923.nii.img.nii.gz,9,Coronary,2,2,0.5511418061994713,104396
923.nii.img.nii.gz,10,PV,3,3,0.6076696976363325,327288
924.nii.img.nii.gz,1,Myocardium,1,1,1.0,2124989
924.nii.img.nii.gz,2,LA,1,1,1.0,740099
924.nii.img.nii.gz,3,LV,1,1,1.0,2505646
924.nii.img.nii.gz,4,RA,1,1,1.0,1327444
924.nii.img.nii.gz,5,RV,1,1,1.0,2640715
924.nii.img.nii.gz,6,Aorta,2,2,0.6614006842423023,755288
924.nii.img.nii.gz,7,PA,2,2,0.6305097099372436,161896
924.nii.img.nii.gz,8,LAA,1,1,1.0,170792
924.nii.img.nii.gz,9,Coronary,2,2,0.5814146991802271,105761
924.nii.img.nii.gz,10,PV,2,2,0.519978876958282,329498
925.nii.img.nii.gz,1,Myocardium,1,1,1.0,1296211
925.nii.img.nii.gz,2,LA,1,1,1.0,990067
925.nii.img.nii.gz,3,LV,1,1,1.0,1284134
925.nii.img.nii.gz,4,RA,1,1,1.0,989923
925.nii.img.nii.gz,5,RV,1,1,1.0,1630590
925.nii.img.nii.gz,6,Aorta,2,2,0.5065323181791547,1467626
925.nii.img.nii.gz,7,PA,2,2,0.9280282969547206,881791
925.nii.img.nii.gz,8,LAA,1,1,1.0,136774
925.nii.img.nii.gz,9,Coronary,2,2,0.72890625,55040
925.nii.img.nii.gz,10,PV,2,2,0.5335410296221464,294982
926.nii.img.nii.gz,1,Myocardium,1,1,1.0,2060792
926.nii.img.nii.gz,2,LA,1,1,1.0,765057
926.nii.img.nii.gz,3,LV,1,1,1.0,2599499
926.nii.img.nii.gz,4,RA,1,1,1.0,1009769
926.nii.img.nii.gz,5,RV,1,1,1.0,2623490
926.nii.img.nii.gz,6,Aorta,2,2,0.6000065440048956,1130806
926.nii.img.nii.gz,7,PA,2,2,0.9001505774828128,495426
926.nii.img.nii.gz,8,LAA,1,1,1.0,155050
926.nii.img.nii.gz,9,Coronary,2,2,0.6212215242564142,66065
926.nii.img.nii.gz,10,PV,2,2,0.7600905595466964,395320
93.nii.img.nii.gz,1,Myocardium,1,1,1.0,1749706
93.nii.img.nii.gz,2,LA,1,1,1.0,1552933
93.nii.img.nii.gz,3,LV,1,1,1.0,1867183
93.nii.img.nii.gz,4,RA,1,1,1.0,1329027
93.nii.img.nii.gz,5,RV,1,1,1.0,2403997
93.nii.img.nii.gz,6,Aorta,2,2,0.5330943335651988,1289541
93.nii.img.nii.gz,7,PA,2,1,0.9683665720004113,505636
93.nii.img.nii.gz,8,LAA,1,1,1.0,70124
93.nii.img.nii.gz,9,Coronary,2,2,0.5983789459867428,91422
93.nii.img.nii.gz,10,PV,2,2,0.5220616112989094,313871
932.nii.img.nii.gz,1,Myocardium,1,1,1.0,1658491
932.nii.img.nii.gz,2,LA,1,1,1.0,976468
932.nii.img.nii.gz,3,LV,1,1,1.0,1902370
932.nii.img.nii.gz,4,RA,1,1,1.0,1081422
932.nii.img.nii.gz,5,RV,1,1,1.0,2192062
932.nii.img.nii.gz,6,Aorta,2,2,0.5082721622057795,1226886
932.nii.img.nii.gz,7,PA,2,1,0.965513565611724,450293
932.nii.img.nii.gz,8,LAA,1,1,1.0,170125
932.nii.img.nii.gz,9,Coronary,2,2,0.6848340552479849,104583
932.nii.img.nii.gz,10,PV,2,2,0.5071592375320612,382862
931.nii.img.nii.gz,1,Myocardium,1,1,1.0,1470337
931.nii.img.nii.gz,2,LA,1,1,1.0,695415
931.nii.img.nii.gz,3,LV,1,1,1.0,1633669
931.nii.img.nii.gz,4,RA,1,1,1.0,788649
931.nii.img.nii.gz,5,RV,1,1,1.0,1968363
931.nii.img.nii.gz,6,Aorta,2,2,0.579475016407416,1116873
931.nii.img.nii.gz,7,PA,2,2,0.9422074399841495,615754
931.nii.img.nii.gz,8,LAA,1,1,1.0,74188
931.nii.img.nii.gz,9,Coronary,2,2,0.8503972965567632,32847
931.nii.img.nii.gz,10,PV,3,3,0.48796170607987427,293937
928.nii.img.nii.gz,1,Myocardium,1,1,1.0,2371557
928.nii.img.nii.gz,2,LA,1,1,1.0,1969926
928.nii.img.nii.gz,3,LV,1,1,1.0,2565952
928.nii.img.nii.gz,4,RA,1,1,1.0,1249223
928.nii.img.nii.gz,5,RV,1,1,1.0,2295571
928.nii.img.nii.gz,6,Aorta,2,2,0.5172472409203835,1482469
928.nii.img.nii.gz,7,PA,1,1,1.0,1110361
928.nii.img.nii.gz,8,LAA,1,1,1.0,258682
928.nii.img.nii.gz,9,Coronary,2,2,0.6419556933410838,77415
928.nii.img.nii.gz,10,PV,2,2,0.5221034950636544,442939
927.nii.img.nii.gz,1,Myocardium,1,1,1.0,1379807
927.nii.img.nii.gz,2,LA,1,1,1.0,941449
927.nii.img.nii.gz,3,LV,1,1,1.0,1456156
927.nii.img.nii.gz,4,RA,1,1,1.0,1162159
927.nii.img.nii.gz,5,RV,1,1,1.0,1807267
927.nii.img.nii.gz,6,Aorta,2,2,0.5167104834738431,1486492
927.nii.img.nii.gz,7,PA,1,1,1.0,774103
927.nii.img.nii.gz,8,LAA,1,1,1.0,144140
927.nii.img.nii.gz,9,Coronary,2,2,0.7721866582712422,57174
927.nii.img.nii.gz,10,PV,3,3,0.48390746831015924,340251
930.nii.img.nii.gz,1,Myocardium,1,1,1.0,1721220
930.nii.img.nii.gz,2,LA,1,1,1.0,1509229
930.nii.img.nii.gz,3,LV,1,1,1.0,1980303
930.nii.img.nii.gz,4,RA,1,1,1.0,1375433
930.nii.img.nii.gz,5,RV,1,1,1.0,2441791
930.nii.img.nii.gz,6,Aorta,2,2,0.5251267505973993,1667645
930.nii.img.nii.gz,7,PA,2,2,0.9340289538720159,637704
930.nii.img.nii.gz,8,LAA,1,1,1.0,232485
930.nii.img.nii.gz,9,Coronary,2,2,0.5207353454995027,111621
930.nii.img.nii.gz,10,PV,2,2,0.5125774836972538,397019
929.nii.img.nii.gz,1,Myocardium,1,1,1.0,1579939
929.nii.img.nii.gz,2,LA,1,1,1.0,2244026
929.nii.img.nii.gz,3,LV,1,1,1.0,1949521
929.nii.img.nii.gz,4,RA,1,1,1.0,2330826
929.nii.img.nii.gz,5,RV,1,1,1.0,2561751
929.nii.img.nii.gz,6,Aorta,2,2,0.5267523853739118,1759787
929.nii.img.nii.gz,7,PA,2,2,0.9121636291225953,750771
929.nii.img.nii.gz,8,LAA,1,1,1.0,93240
929.nii.img.nii.gz,9,Coronary,2,2,0.6145987179682385,65677
929.nii.img.nii.gz,10,PV,2,2,0.5169004497338127,500963
934.nii.img.nii.gz,1,Myocardium,1,1,1.0,2166443
934.nii.img.nii.gz,2,LA,1,1,1.0,1067409
934.nii.img.nii.gz,3,LV,1,1,1.0,2472964
934.nii.img.nii.gz,4,RA,1,1,1.0,1366526
934.nii.img.nii.gz,5,RV,1,1,1.0,2938005
934.nii.img.nii.gz,6,Aorta,2,2,0.6578363964097894,1076260
934.nii.img.nii.gz,7,PA,2,2,0.8674115481052606,450273
934.nii.img.nii.gz,8,LAA,1,1,1.0,119102
934.nii.img.nii.gz,9,Coronary,2,2,0.5423637285371068,90738
934.nii.img.nii.gz,10,PV,3,3,0.5351511602166598,356873
936.nii.img.nii.gz,1,Myocardium,1,1,1.0,1766173
936.nii.img.nii.gz,2,LA,1,1,1.0,1381767
936.nii.img.nii.gz,3,LV,1,1,1.0,1827752
936.nii.img.nii.gz,4,RA,1,1,1.0,1052589
936.nii.img.nii.gz,5,RV,1,1,1.0,1916342
936.nii.img.nii.gz,6,Aorta,2,2,0.5187184385246949,1721244
936.nii.img.nii.gz,7,PA,1,1,1.0,789660
936.nii.img.nii.gz,8,LAA,1,1,1.0,208821
936.nii.img.nii.gz,9,Coronary,2,2,0.5914439011623065,84057
936.nii.img.nii.gz,10,PV,1,1,1.0,369527
933.nii.img.nii.gz,1,Myocardium,1,1,1.0,1450506
933.nii.img.nii.gz,2,LA,1,1,1.0,944729
933.nii.img.nii.gz,3,LV,1,1,1.0,1828221
933.nii.img.nii.gz,4,RA,1,1,1.0,1403051
933.nii.img.nii.gz,5,RV,1,1,1.0,2131339
933.nii.img.nii.gz,6,Aorta,2,2,0.5587150546204039,997521
933.nii.img.nii.gz,7,PA,2,2,0.9233403115092959,681649
933.nii.img.nii.gz,8,LAA,1,1,1.0,129682
933.nii.img.nii.gz,9,Coronary,2,2,0.5776215937836078,66019
933.nii.img.nii.gz,10,PV,2,2,0.5591877238982967,343627
935.nii.img.nii.gz,1,Myocardium,1,1,1.0,1839795
935.nii.img.nii.gz,2,LA,1,1,1.0,1221538
935.nii.img.nii.gz,3,LV,1,1,1.0,2035784
935.nii.img.nii.gz,4,RA,1,1,1.0,1393052
935.nii.img.nii.gz,5,RV,1,1,1.0,2420099
935.nii.img.nii.gz,6,Aorta,2,2,0.5455487894697346,1439204
935.nii.img.nii.gz,7,PA,1,1,1.0,763915
935.nii.img.nii.gz,8,LAA,1,1,1.0,87939
935.nii.img.nii.gz,9,Coronary,2,2,0.5403453136011276,62436
935.nii.img.nii.gz,10,PV,2,2,0.5362523871680436,383823
939.nii.img.nii.gz,1,Myocardium,1,1,1.0,2058811
939.nii.img.nii.gz,2,LA,1,1,1.0,1263781
939.nii.img.nii.gz,3,LV,1,1,1.0,1856705
939.nii.img.nii.gz,4,RA,1,1,1.0,1545424
939.nii.img.nii.gz,5,RV,1,1,1.0,2414373
939.nii.img.nii.gz,6,Aorta,2,2,0.6045878536729214,1932930
939.nii.img.nii.gz,7,PA,1,1,1.0,859421
939.nii.img.nii.gz,8,LAA,1,1,1.0,235669
939.nii.img.nii.gz,9,Coronary,2,2,0.6387099520417719,70478
939.nii.img.nii.gz,10,PV,2,2,0.544174179868641,348054
94.nii.img.nii.gz,1,Myocardium,1,1,1.0,1826222
94.nii.img.nii.gz,2,LA,1,1,1.0,1212761
94.nii.img.nii.gz,3,LV,1,1,1.0,1759996
94.nii.img.nii.gz,4,RA,1,1,1.0,1558735
94.nii.img.nii.gz,5,RV,1,1,1.0,2413265
94.nii.img.nii.gz,6,Aorta,2,2,0.5729453060201792,1325027
94.nii.img.nii.gz,7,PA,1,1,1.0,364869
94.nii.img.nii.gz,8,LAA,1,1,1.0,145105
94.nii.img.nii.gz,9,Coronary,2,2,0.5130223427129101,53485
94.nii.img.nii.gz,10,PV,2,2,0.5225672139748565,297334
937.nii.img.nii.gz,1,Myocardium,1,1,1.0,1360092
937.nii.img.nii.gz,2,LA,1,1,1.0,1101902
937.nii.img.nii.gz,3,LV,1,1,1.0,1798850
937.nii.img.nii.gz,4,RA,1,1,1.0,1389854
937.nii.img.nii.gz,5,RV,1,1,1.0,1831110
937.nii.img.nii.gz,6,Aorta,2,2,0.5640613411500058,1101577
937.nii.img.nii.gz,7,PA,2,1,0.956260842303271,478450
937.nii.img.nii.gz,8,LAA,1,1,1.0,94442
937.nii.img.nii.gz,9,Coronary,2,2,0.8711615380937963,62753
937.nii.img.nii.gz,10,PV,3,3,0.5420644666699792,281758
938.nii.img.nii.gz,1,Myocardium,1,1,1.0,1655461
938.nii.img.nii.gz,2,LA,1,1,1.0,729431
938.nii.img.nii.gz,3,LV,1,1,1.0,1799260
938.nii.img.nii.gz,4,RA,1,1,1.0,1061516
938.nii.img.nii.gz,5,RV,1,1,1.0,2240196
938.nii.img.nii.gz,6,Aorta,2,2,0.6090954115272785,890427
938.nii.img.nii.gz,7,PA,2,1,0.9521205332630516,273186
938.nii.img.nii.gz,8,LAA,1,1,1.0,98219
938.nii.img.nii.gz,9,Coronary,2,2,0.58397798190076,88291
938.nii.img.nii.gz,10,PV,2,2,0.5318119672302647,277207
940.nii.img.nii.gz,1,Myocardium,1,1,1.0,1541107
940.nii.img.nii.gz,2,LA,1,1,1.0,1258972
940.nii.img.nii.gz,3,LV,1,1,1.0,1913287
940.nii.img.nii.gz,4,RA,1,1,1.0,1540277
940.nii.img.nii.gz,5,RV,1,1,1.0,2178395
940.nii.img.nii.gz,6,Aorta,2,2,0.5589978092213543,1354313
940.nii.img.nii.gz,7,PA,1,1,1.0,802873
940.nii.img.nii.gz,8,LAA,1,1,1.0,165772
940.nii.img.nii.gz,9,Coronary,2,2,0.5554130863299714,52253
940.nii.img.nii.gz,10,PV,3,3,0.4260361385523767,297909
943.nii.img.nii.gz,1,Myocardium,1,1,1.0,1951577
943.nii.img.nii.gz,2,LA,1,1,1.0,853964
943.nii.img.nii.gz,3,LV,1,1,1.0,2102042
943.nii.img.nii.gz,4,RA,1,1,1.0,1048079
943.nii.img.nii.gz,5,RV,1,1,1.0,2431717
943.nii.img.nii.gz,6,Aorta,2,2,0.5683165087127796,803188
943.nii.img.nii.gz,7,PA,2,2,0.9476309617704977,382898
943.nii.img.nii.gz,8,LAA,1,1,1.0,55245
943.nii.img.nii.gz,9,Coronary,2,2,0.5952411364341368,54803
943.nii.img.nii.gz,10,PV,2,2,0.5212714367588062,317562
941.nii.img.nii.gz,1,Myocardium,1,1,1.0,1594155
941.nii.img.nii.gz,2,LA,1,1,1.0,1033452
941.nii.img.nii.gz,3,LV,1,1,1.0,2099562
941.nii.img.nii.gz,4,RA,1,1,1.0,1122015
941.nii.img.nii.gz,5,RV,1,1,1.0,2398409
941.nii.img.nii.gz,6,Aorta,2,2,0.5952507660746934,932024
941.nii.img.nii.gz,7,PA,1,1,1.0,559746
941.nii.img.nii.gz,8,LAA,1,1,1.0,84033
941.nii.img.nii.gz,9,Coronary,2,2,0.6270952927669345,60970
941.nii.img.nii.gz,10,PV,2,2,0.5171585131948057,313343
942.nii.img.nii.gz,1,Myocardium,1,1,1.0,1027624
942.nii.img.nii.gz,2,LA,1,1,1.0,822878
942.nii.img.nii.gz,3,LV,1,1,1.0,1296716
942.nii.img.nii.gz,4,RA,1,1,1.0,1001522
942.nii.img.nii.gz,5,RV,1,1,1.0,1456992
942.nii.img.nii.gz,6,Aorta,2,2,0.5078914778403082,1194263
942.nii.img.nii.gz,7,PA,2,1,0.9724120711375425,440555
942.nii.img.nii.gz,8,LAA,1,1,1.0,156386
942.nii.img.nii.gz,9,Coronary,2,2,0.6316641065028161,48825
942.nii.img.nii.gz,10,PV,3,3,0.5420153717909643,272317
944.nii.img.nii.gz,1,Myocardium,1,1,1.0,1481444
944.nii.img.nii.gz,2,LA,1,1,1.0,741902
944.nii.img.nii.gz,3,LV,1,1,1.0,1405584
944.nii.img.nii.gz,4,RA,1,1,1.0,948274
944.nii.img.nii.gz,5,RV,1,1,1.0,1803336
944.nii.img.nii.gz,6,Aorta,2,2,0.5161246565202057,1290105
944.nii.img.nii.gz,7,PA,1,1,1.0,715413
944.nii.img.nii.gz,8,LAA,1,1,1.0,74431
944.nii.img.nii.gz,9,Coronary,2,2,0.6131163010143902,67824
944.nii.img.nii.gz,10,PV,2,2,0.5153742318212496,281510
947.nii.img.nii.gz,1,Myocardium,1,1,1.0,2626072
947.nii.img.nii.gz,2,LA,1,1,1.0,1292362
947.nii.img.nii.gz,3,LV,1,1,1.0,2559610
947.nii.img.nii.gz,4,RA,1,1,1.0,1209335
947.nii.img.nii.gz,5,RV,1,1,1.0,2778405
947.nii.img.nii.gz,6,Aorta,2,2,0.5605325734128482,1589640
947.nii.img.nii.gz,7,PA,1,1,1.0,571291
947.nii.img.nii.gz,8,LAA,1,1,1.0,101883
947.nii.img.nii.gz,9,Coronary,2,2,0.7044894098571091,118412
947.nii.img.nii.gz,10,PV,2,2,0.5103567955507102,424697
946.nii.img.nii.gz,1,Myocardium,1,1,1.0,1554420
946.nii.img.nii.gz,2,LA,1,1,1.0,784034
946.nii.img.nii.gz,3,LV,1,1,1.0,1772353
946.nii.img.nii.gz,4,RA,1,1,1.0,832045
946.nii.img.nii.gz,5,RV,1,1,1.0,1920799
946.nii.img.nii.gz,6,Aorta,2,2,0.5321790231404286,1180272
946.nii.img.nii.gz,7,PA,1,1,1.0,748936
946.nii.img.nii.gz,8,LAA,1,1,1.0,131935
946.nii.img.nii.gz,9,Coronary,2,2,0.5883750742581997,63966
946.nii.img.nii.gz,10,PV,2,2,0.5462395715181789,307691
948.nii.img.nii.gz,1,Myocardium,1,1,1.0,1938350
948.nii.img.nii.gz,2,LA,1,1,1.0,924289
948.nii.img.nii.gz,3,LV,1,1,1.0,1899762
948.nii.img.nii.gz,4,RA,1,1,1.0,1120899
948.nii.img.nii.gz,5,RV,1,1,1.0,2459891
948.nii.img.nii.gz,6,Aorta,2,2,0.5405582167584665,1504541
948.nii.img.nii.gz,7,PA,1,1,1.0,902490
948.nii.img.nii.gz,8,LAA,1,1,1.0,65271
948.nii.img.nii.gz,9,Coronary,2,2,0.5766284831128687,87996
948.nii.img.nii.gz,10,PV,2,2,0.5140459940232007,387833
945.nii.img.nii.gz,1,Myocardium,1,1,1.0,1251285
945.nii.img.nii.gz,2,LA,1,1,1.0,641993
945.nii.img.nii.gz,3,LV,1,1,1.0,1342318
945.nii.img.nii.gz,4,RA,1,1,1.0,962042
945.nii.img.nii.gz,5,RV,1,1,1.0,1570031
945.nii.img.nii.gz,6,Aorta,2,2,0.5896102233263998,890356
945.nii.img.nii.gz,7,PA,1,1,1.0,602511
945.nii.img.nii.gz,8,LAA,1,1,1.0,109426
945.nii.img.nii.gz,9,Coronary,2,2,0.5886734086853064,42025
945.nii.img.nii.gz,10,PV,2,2,0.5376631737856318,270264
949.nii.img.nii.gz,1,Myocardium,1,1,1.0,1663227
949.nii.img.nii.gz,2,LA,1,1,1.0,964631
949.nii.img.nii.gz,3,LV,1,1,1.0,1540692
949.nii.img.nii.gz,4,RA,1,1,1.0,1393319
949.nii.img.nii.gz,5,RV,1,1,1.0,2022392
949.nii.img.nii.gz,6,Aorta,2,2,0.5671389217975409,1391056
949.nii.img.nii.gz,7,PA,2,2,0.9074700984383667,647207
949.nii.img.nii.gz,8,LAA,1,1,1.0,161557
949.nii.img.nii.gz,9,Coronary,2,2,0.6699602340806085,57587
949.nii.img.nii.gz,10,PV,2,2,0.538858483930631,422263
95.nii.img.nii.gz,1,Myocardium,1,1,1.0,1682360
95.nii.img.nii.gz,2,LA,1,1,1.0,959115
95.nii.img.nii.gz,3,LV,1,1,1.0,2086488
95.nii.img.nii.gz,4,RA,1,1,1.0,1049795
95.nii.img.nii.gz,5,RV,1,1,1.0,2566188
95.nii.img.nii.gz,6,Aorta,2,2,0.5335827190541638,1333677
95.nii.img.nii.gz,7,PA,1,1,1.0,719673
95.nii.img.nii.gz,8,LAA,1,1,1.0,74388
95.nii.img.nii.gz,9,Coronary,2,2,0.5602123123257443,67071
95.nii.img.nii.gz,10,PV,2,2,0.518880337412808,277405
951.nii.img.nii.gz,1,Myocardium,1,1,1.0,2119051
951.nii.img.nii.gz,2,LA,1,1,1.0,1086353
951.nii.img.nii.gz,3,LV,1,1,1.0,1796602
951.nii.img.nii.gz,4,RA,1,1,1.0,1282005
951.nii.img.nii.gz,5,RV,1,1,1.0,2188024
951.nii.img.nii.gz,6,Aorta,2,2,0.5089967439300981,2167951
951.nii.img.nii.gz,7,PA,1,1,1.0,834000
951.nii.img.nii.gz,8,LAA,1,1,1.0,126775
951.nii.img.nii.gz,9,Coronary,2,2,0.6254673354851347,117421
951.nii.img.nii.gz,10,PV,2,2,0.5634349060459175,369489
950.nii.img.nii.gz,1,Myocardium,1,1,1.0,2545664
950.nii.img.nii.gz,2,LA,1,1,1.0,1220816
950.nii.img.nii.gz,3,LV,1,1,1.0,2180614
950.nii.img.nii.gz,4,RA,1,1,1.0,1319799
950.nii.img.nii.gz,5,RV,1,1,1.0,2588833
950.nii.img.nii.gz,6,Aorta,2,2,0.5393023359945793,1853643
950.nii.img.nii.gz,7,PA,1,1,1.0,802669
950.nii.img.nii.gz,8,LAA,1,1,1.0,120446
950.nii.img.nii.gz,9,Coronary,2,2,0.5305754360381449,52117
950.nii.img.nii.gz,10,PV,2,2,0.6080432907735043,367561
954.nii.img.nii.gz,1,Myocardium,1,1,1.0,1838616
954.nii.img.nii.gz,2,LA,1,1,1.0,1297455
954.nii.img.nii.gz,3,LV,1,1,1.0,1778320
954.nii.img.nii.gz,4,RA,1,1,1.0,1432576
954.nii.img.nii.gz,5,RV,1,1,1.0,2794242
954.nii.img.nii.gz,6,Aorta,2,2,0.5553560338168895,1466841
954.nii.img.nii.gz,7,PA,2,2,0.5346299645869284,288594
954.nii.img.nii.gz,8,LAA,1,1,1.0,140737
954.nii.img.nii.gz,9,Coronary,2,2,0.5174265513881113,96462
954.nii.img.nii.gz,10,PV,2,2,0.682221264120031,289925
956.nii.img.nii.gz,1,Myocardium,1,1,1.0,2566468
956.nii.img.nii.gz,2,LA,1,1,1.0,1329489
956.nii.img.nii.gz,3,LV,1,1,1.0,2324929
956.nii.img.nii.gz,4,RA,1,1,1.0,1318464
956.nii.img.nii.gz,5,RV,1,1,1.0,3152323
956.nii.img.nii.gz,6,Aorta,2,2,0.585694575298694,1179217
956.nii.img.nii.gz,7,PA,2,2,0.5040613208308886,185777
956.nii.img.nii.gz,8,LAA,1,1,1.0,85287
956.nii.img.nii.gz,9,Coronary,3,3,0.4820306362922231,61104
956.nii.img.nii.gz,10,PV,3,3,0.44255000495098523,323168
952.nii.img.nii.gz,1,Myocardium,1,1,1.0,2137161
952.nii.img.nii.gz,2,LA,1,1,1.0,1409659
952.nii.img.nii.gz,3,LV,1,1,1.0,2041678
952.nii.img.nii.gz,4,RA,1,1,1.0,1919868
952.nii.img.nii.gz,5,RV,1,1,1.0,2805030
952.nii.img.nii.gz,6,Aorta,2,2,0.5181355029118059,1657219
952.nii.img.nii.gz,7,PA,2,2,0.9456104160126763,401382
952.nii.img.nii.gz,8,LAA,1,1,1.0,141539
952.nii.img.nii.gz,9,Coronary,2,2,0.6560905158866756,66817
952.nii.img.nii.gz,10,PV,2,2,0.548824886545141,394430
957.nii.img.nii.gz,1,Myocardium,1,1,1.0,1931325
957.nii.img.nii.gz,2,LA,1,1,1.0,1209748
957.nii.img.nii.gz,3,LV,1,1,1.0,1765904
957.nii.img.nii.gz,4,RA,1,1,1.0,1533764
957.nii.img.nii.gz,5,RV,1,1,1.0,2296436
957.nii.img.nii.gz,6,Aorta,2,2,0.5815598950104302,1715218
957.nii.img.nii.gz,7,PA,2,1,0.9537318006932767,629763
957.nii.img.nii.gz,8,LAA,1,1,1.0,184528
957.nii.img.nii.gz,9,Coronary,2,2,0.7912979258721476,79889
957.nii.img.nii.gz,10,PV,2,2,0.5146067188887992,396256
953.nii.img.nii.gz,1,Myocardium,1,1,1.0,1706199
953.nii.img.nii.gz,2,LA,1,1,1.0,1122822
953.nii.img.nii.gz,3,LV,1,1,1.0,1957491
953.nii.img.nii.gz,4,RA,1,1,1.0,1096963
953.nii.img.nii.gz,5,RV,1,1,1.0,1819920
953.nii.img.nii.gz,6,Aorta,2,2,0.5394426033070081,1250133
953.nii.img.nii.gz,7,PA,2,1,0.9811116063996047,558597
953.nii.img.nii.gz,8,LAA,1,1,1.0,174793
953.nii.img.nii.gz,9,Coronary,2,2,0.6813064725396814,128713
953.nii.img.nii.gz,10,PV,2,2,0.5744994092310001,319922
958.nii.img.nii.gz,1,Myocardium,1,1,1.0,1793335
958.nii.img.nii.gz,2,LA,1,1,1.0,1085420
958.nii.img.nii.gz,3,LV,1,1,1.0,2087441
958.nii.img.nii.gz,4,RA,1,1,1.0,1098510
958.nii.img.nii.gz,5,RV,1,1,1.0,2319748
958.nii.img.nii.gz,6,Aorta,2,2,0.6195843287562366,1036829
958.nii.img.nii.gz,7,PA,2,2,0.6637015857887909,226638
958.nii.img.nii.gz,8,LAA,1,1,1.0,59134
958.nii.img.nii.gz,9,Coronary,2,2,0.5545061336200576,81844
958.nii.img.nii.gz,10,PV,3,3,0.5174174299267374,384098
955.nii.img.nii.gz,1,Myocardium,1,1,1.0,1788500
955.nii.img.nii.gz,2,LA,1,1,1.0,771085
955.nii.img.nii.gz,3,LV,1,1,1.0,2339261
955.nii.img.nii.gz,4,RA,1,1,1.0,1089593
955.nii.img.nii.gz,5,RV,1,1,1.0,2578992
955.nii.img.nii.gz,6,Aorta,2,2,0.5670853853684092,1191094
955.nii.img.nii.gz,7,PA,1,1,1.0,687933
955.nii.img.nii.gz,8,LAA,1,1,1.0,132679
955.nii.img.nii.gz,9,Coronary,2,2,0.5734702825744218,107193
955.nii.img.nii.gz,10,PV,3,3,0.4859578584600502,297711
96.nii.img.nii.gz,1,Myocardium,1,1,1.0,1506854
96.nii.img.nii.gz,2,LA,1,1,1.0,1182993
96.nii.img.nii.gz,3,LV,1,1,1.0,1979169
96.nii.img.nii.gz,4,RA,1,1,1.0,1691764
96.nii.img.nii.gz,5,RV,1,1,1.0,2254795
96.nii.img.nii.gz,6,Aorta,2,2,0.6922341813098626,1250467
96.nii.img.nii.gz,7,PA,2,2,0.8825740460869701,513464
96.nii.img.nii.gz,8,LAA,1,1,1.0,152646
96.nii.img.nii.gz,9,Coronary,2,2,0.5001829102795577,84741
96.nii.img.nii.gz,10,PV,2,2,0.5136437956049887,377974
961.nii.img.nii.gz,1,Myocardium,1,1,1.0,1300908
961.nii.img.nii.gz,2,LA,1,1,1.0,1110647
961.nii.img.nii.gz,3,LV,1,1,1.0,1325427
961.nii.img.nii.gz,4,RA,1,1,1.0,1296284
961.nii.img.nii.gz,5,RV,1,1,1.0,1766129
961.nii.img.nii.gz,6,Aorta,2,2,0.563788709766772,1083060
961.nii.img.nii.gz,7,PA,2,2,0.6376130063348293,293457
961.nii.img.nii.gz,8,LAA,1,1,1.0,99337
961.nii.img.nii.gz,9,Coronary,2,2,0.5936675941586194,54987
961.nii.img.nii.gz,10,PV,2,2,0.5087087249776526,221502
960.nii.img.nii.gz,1,Myocardium,1,1,1.0,1581851
960.nii.img.nii.gz,2,LA,1,1,1.0,809721
960.nii.img.nii.gz,3,LV,1,1,1.0,1523247
960.nii.img.nii.gz,4,RA,1,1,1.0,1240988
960.nii.img.nii.gz,5,RV,1,1,1.0,1981298
960.nii.img.nii.gz,6,Aorta,2,2,0.5003965374269693,1216783
960.nii.img.nii.gz,7,PA,1,1,1.0,592965
960.nii.img.nii.gz,8,LAA,1,1,1.0,91538
960.nii.img.nii.gz,9,Coronary,2,2,0.6311036640519581,67439
960.nii.img.nii.gz,10,PV,3,3,0.46992051814376606,297678
959.nii.img.nii.gz,1,Myocardium,1,1,1.0,1605480
959.nii.img.nii.gz,2,LA,1,1,1.0,1531084
959.nii.img.nii.gz,3,LV,1,1,1.0,1937450
959.nii.img.nii.gz,4,RA,1,1,1.0,1605391
959.nii.img.nii.gz,5,RV,1,1,1.0,1981415
959.nii.img.nii.gz,6,Aorta,2,2,0.5129273594790448,1864882
959.nii.img.nii.gz,7,PA,1,1,1.0,695241
959.nii.img.nii.gz,8,LAA,1,1,1.0,44600
959.nii.img.nii.gz,9,Coronary,2,2,0.6515712224800853,63772
959.nii.img.nii.gz,10,PV,2,2,0.6331509931344811,414244
962.nii.img.nii.gz,1,Myocardium,1,1,1.0,1565554
962.nii.img.nii.gz,2,LA,1,1,1.0,1209131
962.nii.img.nii.gz,3,LV,1,1,1.0,1427327
962.nii.img.nii.gz,4,RA,1,1,1.0,1380978
962.nii.img.nii.gz,5,RV,1,1,1.0,2202871
962.nii.img.nii.gz,6,Aorta,2,2,0.5191841521657055,1618341
962.nii.img.nii.gz,7,PA,1,1,1.0,812859
962.nii.img.nii.gz,8,LAA,1,1,1.0,131519
962.nii.img.nii.gz,9,Coronary,2,2,0.614688231105686,88479
962.nii.img.nii.gz,10,PV,2,2,0.6022266545784225,275750
963.nii.img.nii.gz,1,Myocardium,1,1,1.0,1677959
963.nii.img.nii.gz,2,LA,1,1,1.0,1187788
963.nii.img.nii.gz,3,LV,1,1,1.0,1582997
963.nii.img.nii.gz,4,RA,1,1,1.0,1296577
963.nii.img.nii.gz,5,RV,1,1,1.0,1928810
963.nii.img.nii.gz,6,Aorta,2,2,0.542522062509472,1629801
963.nii.img.nii.gz,7,PA,1,1,1.0,644196
963.nii.img.nii.gz,8,LAA,1,1,1.0,120498
963.nii.img.nii.gz,9,Coronary,2,2,0.6387095028501335,110872
963.nii.img.nii.gz,10,PV,2,2,0.5137730696625918,327378
964.nii.img.nii.gz,1,Myocardium,1,1,1.0,2158567
964.nii.img.nii.gz,2,LA,1,1,1.0,820774
964.nii.img.nii.gz,3,LV,1,1,1.0,1554047
964.nii.img.nii.gz,4,RA,1,1,1.0,1157312
964.nii.img.nii.gz,5,RV,1,1,1.0,2228802
964.nii.img.nii.gz,6,Aorta,2,2,0.6255707892199033,1056651
964.nii.img.nii.gz,7,PA,2,2,0.9229809473266157,284527
964.nii.img.nii.gz,8,LAA,1,1,1.0,132733
964.nii.img.nii.gz,9,Coronary,2,2,0.534832284474858,81835
964.nii.img.nii.gz,10,PV,3,3,0.562824816040996,261879
965.nii.img.nii.gz,1,Myocardium,1,1,1.0,1287333
965.nii.img.nii.gz,2,LA,1,1,1.0,932570
965.nii.img.nii.gz,3,LV,1,1,1.0,1281656
965.nii.img.nii.gz,4,RA,1,1,1.0,1220297
965.nii.img.nii.gz,5,RV,1,1,1.0,1656627
965.nii.img.nii.gz,6,Aorta,2,2,0.5355590841061827,1206035
965.nii.img.nii.gz,7,PA,1,1,1.0,635627
965.nii.img.nii.gz,8,LAA,1,1,1.0,73233
965.nii.img.nii.gz,9,Coronary,2,1,0.971814855163552,71598
965.nii.img.nii.gz,10,PV,3,3,0.5103404109273996,282629
966.nii.img.nii.gz,1,Myocardium,1,1,1.0,1994576
966.nii.img.nii.gz,2,LA,1,1,1.0,1091172
966.nii.img.nii.gz,3,LV,1,1,1.0,2182943
966.nii.img.nii.gz,4,RA,1,1,1.0,1130447
966.nii.img.nii.gz,5,RV,1,1,1.0,2654747
966.nii.img.nii.gz,6,Aorta,2,2,0.5126428508188446,1739402
966.nii.img.nii.gz,7,PA,1,1,1.0,894753
966.nii.img.nii.gz,8,LAA,1,1,1.0,141275
966.nii.img.nii.gz,9,Coronary,2,2,0.5109375664978508,93988
966.nii.img.nii.gz,10,PV,2,2,0.5293378981012419,395785
97.nii.img.nii.gz,1,Myocardium,1,1,1.0,1577470
97.nii.img.nii.gz,2,LA,1,1,1.0,940000
97.nii.img.nii.gz,3,LV,1,1,1.0,1945651
97.nii.img.nii.gz,4,RA,1,1,1.0,1265085
97.nii.img.nii.gz,5,RV,1,1,1.0,2316084
97.nii.img.nii.gz,6,Aorta,2,2,0.6952410324191357,680925
97.nii.img.nii.gz,7,PA,2,2,0.9032249688408808,77024
97.nii.img.nii.gz,8,LAA,1,1,1.0,67386
97.nii.img.nii.gz,9,Coronary,2,2,0.7243181055558219,62583
97.nii.img.nii.gz,10,PV,2,2,0.5502499013181669,179871
968.nii.img.nii.gz,1,Myocardium,1,1,1.0,1481488
968.nii.img.nii.gz,2,LA,1,1,1.0,794006
968.nii.img.nii.gz,3,LV,1,1,1.0,1393381
968.nii.img.nii.gz,4,RA,1,1,1.0,992646
968.nii.img.nii.gz,5,RV,1,1,1.0,1704524
968.nii.img.nii.gz,6,Aorta,2,2,0.5691635101170163,1183254
968.nii.img.nii.gz,7,PA,1,1,1.0,466023
968.nii.img.nii.gz,8,LAA,1,1,1.0,106362
968.nii.img.nii.gz,9,Coronary,2,2,0.5345676487706659,63571
968.nii.img.nii.gz,10,PV,3,3,0.46556778919903086,279012
967.nii.img.nii.gz,1,Myocardium,1,1,1.0,1636445
967.nii.img.nii.gz,2,LA,1,1,1.0,819156
967.nii.img.nii.gz,3,LV,1,1,1.0,1777273
967.nii.img.nii.gz,4,RA,1,1,1.0,1108450
967.nii.img.nii.gz,5,RV,1,1,1.0,2253263
967.nii.img.nii.gz,6,Aorta,2,2,0.5550431988956505,1161951
967.nii.img.nii.gz,7,PA,2,2,0.8923167053301145,551339
967.nii.img.nii.gz,8,LAA,1,1,1.0,134482
967.nii.img.nii.gz,9,Coronary,2,2,0.5588682758464089,88078
967.nii.img.nii.gz,10,PV,3,3,0.5564851017070428,313056
970.nii.img.nii.gz,1,Myocardium,1,1,1.0,1284002
970.nii.img.nii.gz,2,LA,1,1,1.0,652740
970.nii.img.nii.gz,3,LV,1,1,1.0,1455054
970.nii.img.nii.gz,4,RA,1,1,1.0,1250717
970.nii.img.nii.gz,5,RV,1,1,1.0,1948690
970.nii.img.nii.gz,6,Aorta,2,2,0.5764994813594484,721116
970.nii.img.nii.gz,7,PA,1,1,1.0,430672
970.nii.img.nii.gz,8,LAA,1,1,1.0,157087
970.nii.img.nii.gz,9,Coronary,2,2,0.6853397862472272,49590
970.nii.img.nii.gz,10,PV,3,3,0.5086374318634331,245096
969.nii.img.nii.gz,1,Myocardium,1,1,1.0,1858440
969.nii.img.nii.gz,2,LA,1,1,1.0,1354869
969.nii.img.nii.gz,3,LV,1,1,1.0,2116020
969.nii.img.nii.gz,4,RA,1,1,1.0,1675127
969.nii.img.nii.gz,5,RV,1,1,1.0,2526647
969.nii.img.nii.gz,6,Aorta,2,2,0.5305951537790515,1462748
969.nii.img.nii.gz,7,PA,2,1,0.9664688201361117,551606
969.nii.img.nii.gz,8,LAA,1,1,1.0,365094
969.nii.img.nii.gz,9,Coronary,2,2,0.7084760273972602,102784
969.nii.img.nii.gz,10,PV,2,2,0.5023527059282115,395077
971.nii.img.nii.gz,1,Myocardium,1,1,1.0,1551931
971.nii.img.nii.gz,2,LA,1,1,1.0,707349
971.nii.img.nii.gz,3,LV,1,1,1.0,1566112
971.nii.img.nii.gz,4,RA,1,1,1.0,1287851
971.nii.img.nii.gz,5,RV,1,1,1.0,2059656
971.nii.img.nii.gz,6,Aorta,2,2,0.5193968054166974,1274282
971.nii.img.nii.gz,7,PA,2,1,0.9607435892163112,534919
971.nii.img.nii.gz,8,LAA,1,1,1.0,152200
971.nii.img.nii.gz,9,Coronary,2,2,0.6641976000112018,71417
971.nii.img.nii.gz,10,PV,2,2,0.5516849977370527,278398
973.nii.img.nii.gz,1,Myocardium,1,1,1.0,1816532
973.nii.img.nii.gz,2,LA,1,1,1.0,1434177
973.nii.img.nii.gz,3,LV,1,1,1.0,1647298
973.nii.img.nii.gz,4,RA,1,1,1.0,1449892
973.nii.img.nii.gz,5,RV,1,1,1.0,1768456
973.nii.img.nii.gz,6,Aorta,2,2,0.5608237571242608,1845981
973.nii.img.nii.gz,7,PA,1,1,1.0,835076
973.nii.img.nii.gz,8,LAA,1,1,1.0,92122
973.nii.img.nii.gz,9,Coronary,2,2,0.6361190946190588,97771
973.nii.img.nii.gz,10,PV,3,3,0.4769017677421926,401416
972.nii.img.nii.gz,1,Myocardium,1,1,1.0,1923877
972.nii.img.nii.gz,2,LA,1,1,1.0,803718
972.nii.img.nii.gz,3,LV,1,1,1.0,1904613
972.nii.img.nii.gz,4,RA,1,1,1.0,1250475
972.nii.img.nii.gz,5,RV,1,1,1.0,2399079
972.nii.img.nii.gz,6,Aorta,2,2,0.5216819514983644,1833299
972.nii.img.nii.gz,7,PA,1,1,1.0,813475
972.nii.img.nii.gz,8,LAA,1,1,1.0,143248
972.nii.img.nii.gz,9,Coronary,2,2,0.6524698072685688,71706
972.nii.img.nii.gz,10,PV,2,2,0.5083729258011307,354655
974.nii.img.nii.gz,1,Myocardium,1,1,1.0,1409693
974.nii.img.nii.gz,2,LA,1,1,1.0,1160286
974.nii.img.nii.gz,3,LV,1,1,1.0,1350500
974.nii.img.nii.gz,4,RA,1,1,1.0,1043651
974.nii.img.nii.gz,5,RV,1,1,1.0,1713305
974.nii.img.nii.gz,6,Aorta,2,2,0.5059648325695426,1734332
974.nii.img.nii.gz,7,PA,2,2,0.9434529300281765,953984
974.nii.img.nii.gz,8,LAA,1,1,1.0,145040
974.nii.img.nii.gz,9,Coronary,2,2,0.5620509353490747,139039
974.nii.img.nii.gz,10,PV,2,2,0.573952190918657,402936
975.nii.img.nii.gz,1,Myocardium,1,1,1.0,2114657
975.nii.img.nii.gz,2,LA,1,1,1.0,1219226
975.nii.img.nii.gz,3,LV,1,1,1.0,1545614
975.nii.img.nii.gz,4,RA,1,1,1.0,1152472
975.nii.img.nii.gz,5,RV,1,1,1.0,1972155
975.nii.img.nii.gz,6,Aorta,2,2,0.5633190900357746,1452145
975.nii.img.nii.gz,7,PA,1,1,1.0,599034
975.nii.img.nii.gz,8,LAA,1,1,1.0,134655
975.nii.img.nii.gz,9,Coronary,2,2,0.5131686734819836,89113
975.nii.img.nii.gz,10,PV,2,2,0.5105990196702527,408434
976.nii.img.nii.gz,1,Myocardium,1,1,1.0,1551084
976.nii.img.nii.gz,2,LA,1,1,1.0,937003
976.nii.img.nii.gz,3,LV,1,1,1.0,1797739
976.nii.img.nii.gz,4,RA,1,1,1.0,1193145
976.nii.img.nii.gz,5,RV,1,1,1.0,2011879
976.nii.img.nii.gz,6,Aorta,2,2,0.5521196409796943,1068129
976.nii.img.nii.gz,7,PA,2,2,0.9417232511854376,361259
976.nii.img.nii.gz,8,LAA,1,1,1.0,183530
976.nii.img.nii.gz,9,Coronary,2,2,0.5571026739341028,85679
976.nii.img.nii.gz,10,PV,2,2,0.536808951082158,269554
979.nii.img.nii.gz,1,Myocardium,1,1,1.0,1882453
979.nii.img.nii.gz,2,LA,1,1,1.0,1062767
979.nii.img.nii.gz,3,LV,1,1,1.0,1851670
979.nii.img.nii.gz,4,RA,1,1,1.0,1561300
979.nii.img.nii.gz,5,RV,1,1,1.0,2344869
979.nii.img.nii.gz,6,Aorta,2,2,0.5562880289280623,1150440
979.nii.img.nii.gz,7,PA,2,2,0.6052523884114418,212589
979.nii.img.nii.gz,8,LAA,1,1,1.0,132074
979.nii.img.nii.gz,9,Coronary,2,2,0.7230894249778651,82449
979.nii.img.nii.gz,10,PV,3,3,0.4496816555970547,291037
977.nii.img.nii.gz,1,Myocardium,1,1,1.0,1714736
977.nii.img.nii.gz,2,LA,1,1,1.0,995004
977.nii.img.nii.gz,3,LV,1,1,1.0,2139725
977.nii.img.nii.gz,4,RA,1,1,1.0,1334605
977.nii.img.nii.gz,5,RV,1,1,1.0,2505640
977.nii.img.nii.gz,6,Aorta,2,2,0.6679792057599646,1104729
977.nii.img.nii.gz,7,PA,2,2,0.8170469750117528,553060
977.nii.img.nii.gz,8,LAA,1,1,1.0,155665
977.nii.img.nii.gz,9,Coronary,2,2,0.5220363655268323,76941
977.nii.img.nii.gz,10,PV,3,3,0.48769334129218045,400393
978.nii.img.nii.gz,1,Myocardium,1,1,1.0,1249789
978.nii.img.nii.gz,2,LA,1,1,1.0,853527
978.nii.img.nii.gz,3,LV,1,1,1.0,1266684
978.nii.img.nii.gz,4,RA,1,1,1.0,1101643
978.nii.img.nii.gz,5,RV,1,1,1.0,1567102
978.nii.img.nii.gz,6,Aorta,2,2,0.5390191981026731,1329871
978.nii.img.nii.gz,7,PA,1,1,1.0,759270
978.nii.img.nii.gz,8,LAA,1,1,1.0,167990
978.nii.img.nii.gz,9,Coronary,1,1,1.0,69507
978.nii.img.nii.gz,10,PV,3,3,0.5188898809959454,204951
981.nii.img.nii.gz,1,Myocardium,1,1,1.0,2139170
981.nii.img.nii.gz,2,LA,1,1,1.0,1098104
981.nii.img.nii.gz,3,LV,1,1,1.0,2596952
981.nii.img.nii.gz,4,RA,1,1,1.0,1068585
981.nii.img.nii.gz,5,RV,1,1,1.0,2652817
981.nii.img.nii.gz,6,Aorta,2,2,0.5464531763865644,1349757
981.nii.img.nii.gz,7,PA,2,2,0.9111443264209501,376667
981.nii.img.nii.gz,8,LAA,1,1,1.0,127945
981.nii.img.nii.gz,9,Coronary,2,2,0.5927386424621416,42857
981.nii.img.nii.gz,10,PV,3,3,0.41725650574145956,494909
98.nii.img.nii.gz,1,Myocardium,1,1,1.0,1401056
98.nii.img.nii.gz,2,LA,1,1,1.0,1331898
98.nii.img.nii.gz,3,LV,1,1,1.0,1490482
98.nii.img.nii.gz,4,RA,1,1,1.0,1592732
98.nii.img.nii.gz,5,RV,1,1,1.0,1882958
98.nii.img.nii.gz,6,Aorta,2,2,0.5263151903036716,1844657
98.nii.img.nii.gz,7,PA,1,1,1.0,1286768
98.nii.img.nii.gz,8,LAA,1,1,1.0,66642
98.nii.img.nii.gz,9,Coronary,2,2,0.6095693703351119,125003
98.nii.img.nii.gz,10,PV,2,2,0.5411426172442143,457336
980.nii.img.nii.gz,1,Myocardium,1,1,1.0,2147027
980.nii.img.nii.gz,2,LA,1,1,1.0,1384994
980.nii.img.nii.gz,3,LV,1,1,1.0,1806233
980.nii.img.nii.gz,4,RA,1,1,1.0,1303594
980.nii.img.nii.gz,5,RV,1,1,1.0,2210549
980.nii.img.nii.gz,6,Aorta,2,2,0.5418098913629475,1450518
980.nii.img.nii.gz,7,PA,1,1,1.0,656810
980.nii.img.nii.gz,8,LAA,1,1,1.0,120912
980.nii.img.nii.gz,9,Coronary,2,2,0.6054145117610297,110407
980.nii.img.nii.gz,10,PV,3,3,0.5243861400576563,356596
982.nii.img.nii.gz,1,Myocardium,1,1,1.0,1884392
982.nii.img.nii.gz,2,LA,1,1,1.0,1348895
982.nii.img.nii.gz,3,LV,1,1,1.0,2072234
982.nii.img.nii.gz,4,RA,1,1,1.0,1243844
982.nii.img.nii.gz,5,RV,1,1,1.0,2451391
982.nii.img.nii.gz,6,Aorta,2,2,0.5671140665629809,1469826
982.nii.img.nii.gz,7,PA,1,1,1.0,927719
982.nii.img.nii.gz,8,LAA,1,1,1.0,163069
982.nii.img.nii.gz,9,Coronary,2,2,0.5773371821074145,47461
982.nii.img.nii.gz,10,PV,2,2,0.5116368954673775,323411
983.nii.img.nii.gz,1,Myocardium,1,1,1.0,1405993
983.nii.img.nii.gz,2,LA,1,1,1.0,922200
983.nii.img.nii.gz,3,LV,1,1,1.0,1571238
983.nii.img.nii.gz,4,RA,1,1,1.0,1163585
983.nii.img.nii.gz,5,RV,1,1,1.0,1931751
983.nii.img.nii.gz,6,Aorta,2,2,0.5283600614388092,1679069
983.nii.img.nii.gz,7,PA,1,1,1.0,805784
983.nii.img.nii.gz,8,LAA,1,1,1.0,181043
983.nii.img.nii.gz,9,Coronary,2,2,0.5552610238657866,114683
983.nii.img.nii.gz,10,PV,3,3,0.37977199418606417,329553
986.nii.img.nii.gz,1,Myocardium,1,1,1.0,1560451
986.nii.img.nii.gz,2,LA,1,1,1.0,761609
986.nii.img.nii.gz,3,LV,1,1,1.0,1704734
986.nii.img.nii.gz,4,RA,1,1,1.0,1074793
986.nii.img.nii.gz,5,RV,1,1,1.0,1336417
986.nii.img.nii.gz,6,Aorta,2,2,0.5465455687223082,1203874
986.nii.img.nii.gz,7,PA,2,1,0.989928640113366,276626
986.nii.img.nii.gz,8,LAA,1,1,1.0,95802
986.nii.img.nii.gz,9,Coronary,2,2,0.6547234032244389,82557
986.nii.img.nii.gz,10,PV,2,2,0.5318652422122679,175693
985.nii.img.nii.gz,1,Myocardium,1,1,1.0,1828480
985.nii.img.nii.gz,2,LA,1,1,1.0,1044355
985.nii.img.nii.gz,3,LV,1,1,1.0,1938953
985.nii.img.nii.gz,4,RA,1,1,1.0,1194842
985.nii.img.nii.gz,5,RV,1,1,1.0,2003890
985.nii.img.nii.gz,6,Aorta,2,2,0.5999453365088379,1035426
985.nii.img.nii.gz,7,PA,2,1,0.9523731453397819,268378
985.nii.img.nii.gz,8,LAA,1,1,1.0,153598
985.nii.img.nii.gz,9,Coronary,2,2,0.5626328699918234,61150
985.nii.img.nii.gz,10,PV,2,2,0.595084121216794,311277
984.nii.img.nii.gz,1,Myocardium,1,1,1.0,1952974
984.nii.img.nii.gz,2,LA,1,1,1.0,1246968
984.nii.img.nii.gz,3,LV,1,1,1.0,1909706
984.nii.img.nii.gz,4,RA,1,1,1.0,996772
984.nii.img.nii.gz,5,RV,1,1,1.0,2027202
984.nii.img.nii.gz,6,Aorta,2,2,0.5034057442381995,1480440
984.nii.img.nii.gz,7,PA,2,2,0.9021043297545192,616871
984.nii.img.nii.gz,8,LAA,1,1,1.0,117938
984.nii.img.nii.gz,9,Coronary,2,2,0.5182592398643993,72566
984.nii.img.nii.gz,10,PV,2,2,0.5728866410448027,449616
988.nii.img.nii.gz,1,Myocardium,1,1,1.0,1268614
988.nii.img.nii.gz,2,LA,1,1,1.0,750930
988.nii.img.nii.gz,3,LV,1,1,1.0,1207457
988.nii.img.nii.gz,4,RA,1,1,1.0,801389
988.nii.img.nii.gz,5,RV,1,1,1.0,1336690
988.nii.img.nii.gz,6,Aorta,2,2,0.5811678191565883,834136
988.nii.img.nii.gz,7,PA,1,1,1.0,446204
988.nii.img.nii.gz,8,LAA,1,1,1.0,117424
988.nii.img.nii.gz,9,Coronary,2,2,0.5393392689784442,42680
988.nii.img.nii.gz,10,PV,2,2,0.658703071672355,156169
987.nii.img.nii.gz,1,Myocardium,1,1,1.0,1716085
987.nii.img.nii.gz,2,LA,1,1,1.0,1187077
987.nii.img.nii.gz,3,LV,1,1,1.0,2005843
987.nii.img.nii.gz,4,RA,1,1,1.0,1461441
987.nii.img.nii.gz,5,RV,1,1,1.0,2461864
987.nii.img.nii.gz,6,Aorta,2,2,0.5584143985397133,1707062
987.nii.img.nii.gz,7,PA,2,1,0.9509735387210151,720978
987.nii.img.nii.gz,8,LAA,1,1,1.0,189611
987.nii.img.nii.gz,9,Coronary,2,2,0.5534789519561093,156024
987.nii.img.nii.gz,10,PV,2,2,0.529492014442116,497711
99.nii.img.nii.gz,1,Myocardium,1,1,1.0,1835099
99.nii.img.nii.gz,2,LA,1,1,1.0,861594
99.nii.img.nii.gz,3,LV,1,1,1.0,1853880
99.nii.img.nii.gz,4,RA,1,1,1.0,1204869
99.nii.img.nii.gz,5,RV,1,1,1.0,2367941
99.nii.img.nii.gz,6,Aorta,2,2,0.6065827925859639,1244882
99.nii.img.nii.gz,7,PA,1,1,1.0,595137
99.nii.img.nii.gz,8,LAA,1,1,1.0,77571
99.nii.img.nii.gz,9,Coronary,2,2,0.6306166718314223,87129
99.nii.img.nii.gz,10,PV,2,2,0.5943426792908549,305551
989.nii.img.nii.gz,1,Myocardium,1,1,1.0,2069154
989.nii.img.nii.gz,2,LA,1,1,1.0,1439675
989.nii.img.nii.gz,3,LV,1,1,1.0,1925673
989.nii.img.nii.gz,4,RA,1,1,1.0,1557221
989.nii.img.nii.gz,5,RV,1,1,1.0,2377493
989.nii.img.nii.gz,6,Aorta,2,2,0.6333626017249155,1545467
989.nii.img.nii.gz,7,PA,2,1,0.9773467299283655,386964
989.nii.img.nii.gz,8,LAA,1,1,1.0,215296
989.nii.img.nii.gz,9,Coronary,2,2,0.587728801424386,106151
989.nii.img.nii.gz,10,PV,2,2,0.5179048854700762,368419
991.nii.img.nii.gz,1,Myocardium,1,1,1.0,1350190
991.nii.img.nii.gz,2,LA,1,1,1.0,962138
991.nii.img.nii.gz,3,LV,1,1,1.0,1161316
991.nii.img.nii.gz,4,RA,1,1,1.0,917163
991.nii.img.nii.gz,5,RV,1,1,1.0,1447953
991.nii.img.nii.gz,6,Aorta,2,2,0.5029065246244789,855145
991.nii.img.nii.gz,7,PA,2,2,0.9322905640507868,368442
991.nii.img.nii.gz,8,LAA,1,1,1.0,91692
991.nii.img.nii.gz,9,Coronary,2,2,0.5474314757669269,55090
991.nii.img.nii.gz,10,PV,2,2,0.5364046580838054,289647
990.nii.img.nii.gz,1,Myocardium,1,1,1.0,1649762
990.nii.img.nii.gz,2,LA,1,1,1.0,1043029
990.nii.img.nii.gz,3,LV,1,1,1.0,1534076
990.nii.img.nii.gz,4,RA,1,1,1.0,1245969
990.nii.img.nii.gz,5,RV,1,1,1.0,1974699
990.nii.img.nii.gz,6,Aorta,2,2,0.552243708032301,1156991
990.nii.img.nii.gz,7,PA,2,2,0.9447226673789174,449280
990.nii.img.nii.gz,8,LAA,1,1,1.0,174333
990.nii.img.nii.gz,9,Coronary,2,2,0.5483420241422028,69422
990.nii.img.nii.gz,10,PV,2,2,0.5434163711188913,351607
992.nii.img.nii.gz,1,Myocardium,1,1,1.0,1885541
992.nii.img.nii.gz,2,LA,1,1,1.0,1125810
992.nii.img.nii.gz,3,LV,1,1,1.0,2340135
992.nii.img.nii.gz,4,RA,1,1,1.0,1322257
992.nii.img.nii.gz,5,RV,1,1,1.0,2862110
992.nii.img.nii.gz,6,Aorta,2,2,0.5323531086501396,1510334
992.nii.img.nii.gz,7,PA,2,2,0.9355952922956691,557894
992.nii.img.nii.gz,8,LAA,1,1,1.0,144252
992.nii.img.nii.gz,9,Coronary,2,2,0.5575939419917131,69990
992.nii.img.nii.gz,10,PV,2,2,0.5475022126957558,332174
993.nii.img.nii.gz,1,Myocardium,1,1,1.0,2734736
993.nii.img.nii.gz,2,LA,1,1,1.0,1166081
993.nii.img.nii.gz,3,LV,1,1,1.0,2149479
993.nii.img.nii.gz,4,RA,1,1,1.0,1417694
993.nii.img.nii.gz,5,RV,1,1,1.0,2553756
993.nii.img.nii.gz,6,Aorta,2,2,0.5702754540366543,1883218
993.nii.img.nii.gz,7,PA,1,1,1.0,1057974
993.nii.img.nii.gz,8,LAA,1,1,1.0,109895
993.nii.img.nii.gz,9,Coronary,2,2,0.6582810520134746,129428
993.nii.img.nii.gz,10,PV,2,2,0.519460913626035,382870
994.nii.img.nii.gz,1,Myocardium,1,1,1.0,1735745
994.nii.img.nii.gz,2,LA,1,1,1.0,820011
994.nii.img.nii.gz,3,LV,1,1,1.0,1677191
994.nii.img.nii.gz,4,RA,1,1,1.0,881094
994.nii.img.nii.gz,5,RV,1,1,1.0,2020600
994.nii.img.nii.gz,6,Aorta,2,2,0.5230903751549599,1119644
994.nii.img.nii.gz,7,PA,2,1,0.9597676476725194,416953
994.nii.img.nii.gz,8,LAA,1,1,1.0,95176
994.nii.img.nii.gz,9,Coronary,2,2,0.5313263389768282,70819
994.nii.img.nii.gz,10,PV,2,2,0.5620025484293919,324906
997.nii.img.nii.gz,1,Myocardium,1,1,1.0,2436515
997.nii.img.nii.gz,2,LA,1,1,1.0,1266558
997.nii.img.nii.gz,3,LV,1,1,1.0,2222833
997.nii.img.nii.gz,4,RA,1,1,1.0,1078710
997.nii.img.nii.gz,5,RV,1,1,1.0,2443390
997.nii.img.nii.gz,6,Aorta,2,2,0.5635372767954121,1473088
997.nii.img.nii.gz,7,PA,2,2,0.8660284537196358,470167
997.nii.img.nii.gz,8,LAA,1,1,1.0,126329
997.nii.img.nii.gz,9,Coronary,2,2,0.5253553872724858,150540
997.nii.img.nii.gz,10,PV,2,2,0.5655285745328118,441792
996.nii.img.nii.gz,1,Myocardium,1,1,1.0,1155299
996.nii.img.nii.gz,2,LA,1,1,1.0,1020607
996.nii.img.nii.gz,3,LV,1,1,1.0,1446933
996.nii.img.nii.gz,4,RA,1,1,1.0,905476
996.nii.img.nii.gz,5,RV,1,1,1.0,1622996
996.nii.img.nii.gz,6,Aorta,2,2,0.5139280806592219,1074843
996.nii.img.nii.gz,7,PA,2,1,0.9528073273134008,526141
996.nii.img.nii.gz,8,LAA,1,1,1.0,139325
996.nii.img.nii.gz,9,Coronary,3,2,0.5237103492470362,56178
996.nii.img.nii.gz,10,PV,2,2,0.5516633596853,288783
995.nii.img.nii.gz,1,Myocardium,1,1,1.0,1449275
995.nii.img.nii.gz,2,LA,1,1,1.0,862332
995.nii.img.nii.gz,3,LV,1,1,1.0,1186012
995.nii.img.nii.gz,4,RA,1,1,1.0,828763
995.nii.img.nii.gz,5,RV,1,1,1.0,1350449
995.nii.img.nii.gz,6,Aorta,2,2,0.5048052825006762,1057378
995.nii.img.nii.gz,7,PA,1,1,1.0,590819
995.nii.img.nii.gz,8,LAA,1,1,1.0,125570
995.nii.img.nii.gz,9,Coronary,2,2,0.566148524090216,43939
995.nii.img.nii.gz,10,PV,2,2,0.5611853111923323,249251
998.nii.img.nii.gz,1,Myocardium,1,1,1.0,2025539
998.nii.img.nii.gz,2,LA,1,1,1.0,1450812
998.nii.img.nii.gz,3,LV,1,1,1.0,1802988
998.nii.img.nii.gz,4,RA,1,1,1.0,1186841
998.nii.img.nii.gz,5,RV,1,1,1.0,2322520
998.nii.img.nii.gz,6,Aorta,2,2,0.5113449566084112,1916270
998.nii.img.nii.gz,7,PA,1,1,1.0,738492
998.nii.img.nii.gz,8,LAA,1,1,1.0,223476
998.nii.img.nii.gz,9,Coronary,2,2,0.6823587346386782,136056
998.nii.img.nii.gz,10,PV,2,2,0.5881106157597927,419904
999.nii.img.nii.gz,1,Myocardium,1,1,1.0,1503399
999.nii.img.nii.gz,2,LA,1,1,1.0,1051014
999.nii.img.nii.gz,3,LV,1,1,1.0,1419137
999.nii.img.nii.gz,4,RA,1,1,1.0,885494
999.nii.img.nii.gz,5,RV,1,1,1.0,1779925
999.nii.img.nii.gz,6,Aorta,2,2,0.5484508251265506,1109042
999.nii.img.nii.gz,7,PA,2,2,0.8662787196409891,448343
999.nii.img.nii.gz,8,LAA,1,1,1.0,116619
999.nii.img.nii.gz,9,Coronary,3,3,0.5227311267670772,64867
999.nii.img.nii.gz,10,PV,2,2,0.6370460331860349,205026
