{"_timestamp":1.7634660407810383e+09,"train/total_loss_step":0.6837416887283325,"_runtime":724,"train/dice_score_epoch":0.05147136375308037,"_wandb":{"runtime":724},"train/shape_loss_epoch":0.6659168004989624,"trainer/global_step":249,"train/l2_loss_epoch":15.948370933532715,"epoch":1,"val/dice_loss":0.942877471446991,"val/bce_loss":0.029981909319758415,"train/bce_loss_epoch":0.02992832288146019,"train/total_loss_epoch":0.6675117611885071,"lr-Adam":0.001,"train/shape_loss_step":0.682021975517273,"train/focal_loss_step":0.006198234856128693,"train/dice_loss_epoch":0.9485283493995667,"train/bce_loss_step":0.028085563331842422,"val/l2_loss":15.97021484375,"val/focal_loss":0.006652770098298788,"val/dice_score":0.05712256208062172,"val/shape_loss":0.6620099544525146,"train/dice_score_step":0.028339264914393425,"train/l2_loss_step":17.196857452392578,"_step":27,"train/dice_loss_step":0.9716607332229614,"train/focal_loss_epoch":0.006489284802228212,"val/total_loss":0.663607120513916}