filename,class_id,class_name,cc_count,significant_cc,main_ratio,voxel_count
132_stage3.nii.gz,1,Myocardium,1,1,1.0,580639
132_stage3.nii.gz,2,LA,1,1,1.0,573347
132_stage3.nii.gz,3,LV,1,1,1.0,695700
132_stage3.nii.gz,4,RA,1,1,1.0,519395
132_stage3.nii.gz,5,RV,1,1,1.0,793768
132_stage3.nii.gz,6,Aorta,2,2,0.5797614194848445,520076
132_stage3.nii.gz,7,PA,1,1,1.0,301811
132_stage3.nii.gz,8,LAA,1,1,1.0,52561
132_stage3.nii.gz,9,Coronary,1,1,1.0,14333
132_stage3.nii.gz,10,PV,2,2,0.5668477570449637,133819
139_stage3.nii.gz,1,Myocardium,1,1,1.0,633990
139_stage3.nii.gz,2,LA,1,1,1.0,390042
139_stage3.nii.gz,3,LV,1,1,1.0,661582
139_stage3.nii.gz,4,RA,1,1,1.0,506890
139_stage3.nii.gz,5,RV,1,1,1.0,713761
139_stage3.nii.gz,6,Aorta,2,2,0.5136689881087128,525679
139_stage3.nii.gz,7,PA,1,1,1.0,215358
139_stage3.nii.gz,8,LAA,1,1,1.0,54692
139_stage3.nii.gz,9,Coronary,1,1,1.0,12421
139_stage3.nii.gz,10,PV,2,2,0.632562210829061,119955
142_stage3.nii.gz,1,Myocardium,1,1,1.0,573386
142_stage3.nii.gz,2,LA,1,1,1.0,313379
142_stage3.nii.gz,3,LV,1,1,1.0,612688
142_stage3.nii.gz,4,RA,1,1,1.0,383252
142_stage3.nii.gz,5,RV,1,1,1.0,802187
142_stage3.nii.gz,6,Aorta,2,2,0.5186722784871718,575452
142_stage3.nii.gz,7,PA,1,1,1.0,331182
142_stage3.nii.gz,8,LAA,1,1,1.0,17518
142_stage3.nii.gz,9,Coronary,1,1,1.0,13803
142_stage3.nii.gz,10,PV,3,3,0.46614813792431536,123169
128_stage3.nii.gz,1,Myocardium,1,1,1.0,629973
128_stage3.nii.gz,2,LA,1,1,1.0,352740
128_stage3.nii.gz,3,LV,1,1,1.0,677673
128_stage3.nii.gz,4,RA,1,1,1.0,471315
128_stage3.nii.gz,5,RV,1,1,1.0,715539
128_stage3.nii.gz,6,Aorta,2,2,0.6320485951561747,446135
128_stage3.nii.gz,7,PA,2,1,0.9819405750166169,141422
128_stage3.nii.gz,8,LAA,1,1,1.0,45779
128_stage3.nii.gz,9,Coronary,2,2,0.6129619101762365,17590
128_stage3.nii.gz,10,PV,3,3,0.5052947039118518,144484
126_stage3.nii.gz,1,Myocardium,1,1,1.0,653881
126_stage3.nii.gz,2,LA,1,1,1.0,474519
126_stage3.nii.gz,3,LV,1,1,1.0,647299
126_stage3.nii.gz,4,RA,1,1,1.0,578718
126_stage3.nii.gz,5,RV,1,1,1.0,889007
126_stage3.nii.gz,6,Aorta,2,2,0.5667313017045021,590495
126_stage3.nii.gz,7,PA,2,2,0.919261298488365,180533
126_stage3.nii.gz,8,LAA,1,1,1.0,43802
126_stage3.nii.gz,9,Coronary,2,2,0.510215221459763,38472
126_stage3.nii.gz,10,PV,2,2,0.5293397926621584,120962
119_stage3.nii.gz,1,Myocardium,1,1,1.0,523220
119_stage3.nii.gz,2,LA,1,1,1.0,367384
119_stage3.nii.gz,3,LV,1,1,1.0,462996
119_stage3.nii.gz,4,RA,1,1,1.0,394873
119_stage3.nii.gz,5,RV,1,1,1.0,615114
119_stage3.nii.gz,6,Aorta,2,2,0.5091573926868045,691900
119_stage3.nii.gz,7,PA,1,1,1.0,289527
119_stage3.nii.gz,8,LAA,1,1,1.0,54641
119_stage3.nii.gz,9,Coronary,1,1,1.0,13875
119_stage3.nii.gz,10,PV,3,3,0.48760738619531946,81016
148_stage3.nii.gz,1,Myocardium,1,1,1.0,812708
148_stage3.nii.gz,2,LA,1,1,1.0,400944
148_stage3.nii.gz,3,LV,1,1,1.0,756263
148_stage3.nii.gz,4,RA,1,1,1.0,544600
148_stage3.nii.gz,5,RV,1,1,1.0,1135269
148_stage3.nii.gz,6,Aorta,2,2,0.5325102703632805,418437
148_stage3.nii.gz,7,PA,2,2,0.9034235648303013,155452
148_stage3.nii.gz,8,LAA,1,1,1.0,71121
148_stage3.nii.gz,9,Coronary,1,1,1.0,12813
148_stage3.nii.gz,10,PV,3,3,0.5154720576335778,153244
1000_stage3.nii.gz,1,Myocardium,1,1,1.0,738402
1000_stage3.nii.gz,2,LA,1,1,1.0,479415
1000_stage3.nii.gz,3,LV,1,1,1.0,820331
1000_stage3.nii.gz,4,RA,1,1,1.0,528940
1000_stage3.nii.gz,5,RV,1,1,1.0,1121203
1000_stage3.nii.gz,6,Aorta,2,2,0.5397844402414415,552515
1000_stage3.nii.gz,7,PA,2,2,0.8930902346415636,171453
1000_stage3.nii.gz,8,LAA,1,1,1.0,74470
1000_stage3.nii.gz,9,Coronary,2,2,0.869867693645568,16099
1000_stage3.nii.gz,10,PV,3,3,0.5009911466967656,141755
146_stage3.nii.gz,1,Myocardium,1,1,1.0,559203
146_stage3.nii.gz,2,LA,1,1,1.0,707282
146_stage3.nii.gz,3,LV,1,1,1.0,296173
146_stage3.nii.gz,4,RA,1,1,1.0,569395
146_stage3.nii.gz,5,RV,1,1,1.0,470409
146_stage3.nii.gz,6,Aorta,2,2,0.5521268383124832,619182
146_stage3.nii.gz,7,PA,1,1,1.0,332966
146_stage3.nii.gz,8,LAA,1,1,1.0,62522
146_stage3.nii.gz,9,Coronary,1,1,1.0,10587
146_stage3.nii.gz,10,PV,3,3,0.5260713890849712,117581
134_stage3.nii.gz,1,Myocardium,2,1,0.9999985094404589,670889
134_stage3.nii.gz,2,LA,1,1,1.0,460798
134_stage3.nii.gz,3,LV,1,1,1.0,612537
134_stage3.nii.gz,4,RA,1,1,1.0,330921
134_stage3.nii.gz,5,RV,1,1,1.0,725163
134_stage3.nii.gz,6,Aorta,2,2,0.5729042481229702,535154
134_stage3.nii.gz,7,PA,2,1,0.9795303023573709,202641
134_stage3.nii.gz,8,LAA,1,1,1.0,90115
134_stage3.nii.gz,9,Coronary,2,1,0.9870116894794685,20018
134_stage3.nii.gz,10,PV,3,3,0.5448355887528721,130131
131_stage3.nii.gz,1,Myocardium,1,1,1.0,630206
131_stage3.nii.gz,2,LA,1,1,1.0,450599
131_stage3.nii.gz,3,LV,1,1,1.0,746907
131_stage3.nii.gz,4,RA,1,1,1.0,483976
131_stage3.nii.gz,5,RV,1,1,1.0,787989
131_stage3.nii.gz,6,Aorta,2,2,0.5921931963170359,659143
131_stage3.nii.gz,7,PA,2,2,0.9278784831564741,188945
131_stage3.nii.gz,8,LAA,1,1,1.0,50231
131_stage3.nii.gz,9,Coronary,2,2,0.6541734197730956,14808
131_stage3.nii.gz,10,PV,2,2,0.5487264395497801,119586
168_stage3.nii.gz,1,Myocardium,1,1,1.0,609472
168_stage3.nii.gz,2,LA,1,1,1.0,425687
168_stage3.nii.gz,3,LV,1,1,1.0,719864
168_stage3.nii.gz,4,RA,1,1,1.0,483031
168_stage3.nii.gz,5,RV,1,1,1.0,781824
168_stage3.nii.gz,6,Aorta,2,2,0.5369672471161399,679818
168_stage3.nii.gz,7,PA,1,1,1.0,275855
168_stage3.nii.gz,8,LAA,1,1,1.0,64456
168_stage3.nii.gz,9,Coronary,2,2,0.9367180563403019,12389
168_stage3.nii.gz,10,PV,2,2,0.5364756649101697,120505
187_stage3.nii.gz,1,Myocardium,1,1,1.0,519535
187_stage3.nii.gz,2,LA,1,1,1.0,397055
187_stage3.nii.gz,3,LV,1,1,1.0,531384
187_stage3.nii.gz,4,RA,1,1,1.0,335273
187_stage3.nii.gz,5,RV,1,1,1.0,655766
187_stage3.nii.gz,6,Aorta,2,2,0.5498704826261221,754725
187_stage3.nii.gz,7,PA,1,1,1.0,393974
187_stage3.nii.gz,8,LAA,1,1,1.0,67029
187_stage3.nii.gz,9,Coronary,2,1,0.96405029296875,16384
187_stage3.nii.gz,10,PV,3,3,0.4352837492223681,115736
104_stage3.nii.gz,1,Myocardium,1,1,1.0,625528
104_stage3.nii.gz,2,LA,1,1,1.0,406818
104_stage3.nii.gz,3,LV,1,1,1.0,530373
104_stage3.nii.gz,4,RA,1,1,1.0,460016
104_stage3.nii.gz,5,RV,1,1,1.0,684425
104_stage3.nii.gz,6,Aorta,2,2,0.5108554674587964,674637
104_stage3.nii.gz,7,PA,2,1,0.9720599957703633,245884
104_stage3.nii.gz,8,LAA,1,1,1.0,41250
104_stage3.nii.gz,9,Coronary,1,1,1.0,12115
104_stage3.nii.gz,10,PV,3,3,0.4516250152809067,114522
123_stage3.nii.gz,1,Myocardium,1,1,1.0,563244
123_stage3.nii.gz,2,LA,1,1,1.0,327672
123_stage3.nii.gz,3,LV,1,1,1.0,585479
123_stage3.nii.gz,4,RA,1,1,1.0,406872
123_stage3.nii.gz,5,RV,1,1,1.0,753768
123_stage3.nii.gz,6,Aorta,2,2,0.5568085094336418,529859
123_stage3.nii.gz,7,PA,1,1,1.0,210595
123_stage3.nii.gz,8,LAA,1,1,1.0,83009
123_stage3.nii.gz,9,Coronary,1,1,1.0,13300
123_stage3.nii.gz,10,PV,3,3,0.5333178972147453,103653
155_stage3.nii.gz,1,Myocardium,1,1,1.0,694327
155_stage3.nii.gz,2,LA,1,1,1.0,477478
155_stage3.nii.gz,3,LV,1,1,1.0,673047
155_stage3.nii.gz,4,RA,1,1,1.0,568897
155_stage3.nii.gz,5,RV,1,1,1.0,762274
155_stage3.nii.gz,6,Aorta,2,2,0.5791583402696573,593494
155_stage3.nii.gz,7,PA,2,2,0.8864046308499367,193485
155_stage3.nii.gz,8,LAA,1,1,1.0,50889
155_stage3.nii.gz,9,Coronary,1,1,1.0,13790
155_stage3.nii.gz,10,PV,3,3,0.48618886496462627,113785
138_stage3.nii.gz,1,Myocardium,1,1,1.0,635228
138_stage3.nii.gz,2,LA,1,1,1.0,373663
138_stage3.nii.gz,3,LV,1,1,1.0,677960
138_stage3.nii.gz,4,RA,1,1,1.0,521331
138_stage3.nii.gz,5,RV,1,1,1.0,768081
138_stage3.nii.gz,6,Aorta,2,2,0.5081851077202788,563218
138_stage3.nii.gz,7,PA,2,2,0.9468972339377584,241607
138_stage3.nii.gz,8,LAA,1,1,1.0,62244
138_stage3.nii.gz,9,Coronary,1,1,1.0,12891
138_stage3.nii.gz,10,PV,2,2,0.506269106031687,128886
151_stage3.nii.gz,1,Myocardium,1,1,1.0,769196
151_stage3.nii.gz,2,LA,1,1,1.0,540578
151_stage3.nii.gz,3,LV,1,1,1.0,686465
151_stage3.nii.gz,4,RA,1,1,1.0,600388
151_stage3.nii.gz,5,RV,1,1,1.0,974885
151_stage3.nii.gz,6,Aorta,2,2,0.5595684491528801,677649
151_stage3.nii.gz,7,PA,2,2,0.9405588128177113,194949
151_stage3.nii.gz,8,LAA,1,1,1.0,59295
151_stage3.nii.gz,9,Coronary,1,1,1.0,24061
151_stage3.nii.gz,10,PV,3,3,0.5520002696235381,148355
12_stage3.nii.gz,1,Myocardium,1,1,1.0,489523
12_stage3.nii.gz,2,LA,1,1,1.0,423186
12_stage3.nii.gz,3,LV,1,1,1.0,534431
12_stage3.nii.gz,4,RA,1,1,1.0,538570
12_stage3.nii.gz,5,RV,1,1,1.0,682002
12_stage3.nii.gz,6,Aorta,2,2,0.5077598644801422,621016
12_stage3.nii.gz,7,PA,1,1,1.0,290615
12_stage3.nii.gz,8,LAA,1,1,1.0,62820
12_stage3.nii.gz,9,Coronary,2,2,0.9269000703729767,11368
12_stage3.nii.gz,10,PV,3,3,0.44112268273432537,103894
116_stage3.nii.gz,1,Myocardium,1,1,1.0,676186
116_stage3.nii.gz,2,LA,1,1,1.0,578658
116_stage3.nii.gz,3,LV,1,1,1.0,721807
116_stage3.nii.gz,4,RA,1,1,1.0,724255
116_stage3.nii.gz,5,RV,1,1,1.0,868874
116_stage3.nii.gz,6,Aorta,2,2,0.5669795658502144,576437
116_stage3.nii.gz,7,PA,2,2,0.9458102895385044,21517
116_stage3.nii.gz,8,LAA,1,1,1.0,38021
116_stage3.nii.gz,9,Coronary,1,1,1.0,7946
116_stage3.nii.gz,10,PV,2,2,0.5744879081096189,75133
147_stage3.nii.gz,1,Myocardium,1,1,1.0,823865
147_stage3.nii.gz,2,LA,1,1,1.0,318226
147_stage3.nii.gz,3,LV,1,1,1.0,833132
147_stage3.nii.gz,4,RA,1,1,1.0,477358
147_stage3.nii.gz,5,RV,1,1,1.0,1100176
147_stage3.nii.gz,6,Aorta,2,2,0.5498697838086263,646233
147_stage3.nii.gz,7,PA,1,1,1.0,212404
147_stage3.nii.gz,8,LAA,1,1,1.0,60767
147_stage3.nii.gz,9,Coronary,2,2,0.8768111949754834,18151
147_stage3.nii.gz,10,PV,2,2,0.536250022838976,109462
160_stage3.nii.gz,1,Myocardium,1,1,1.0,948385
160_stage3.nii.gz,2,LA,1,1,1.0,436579
160_stage3.nii.gz,3,LV,1,1,1.0,1220363
160_stage3.nii.gz,4,RA,1,1,1.0,661659
160_stage3.nii.gz,5,RV,1,1,1.0,1318219
160_stage3.nii.gz,6,Aorta,2,2,0.5745986530549281,473219
160_stage3.nii.gz,7,PA,2,2,0.6005278576166261,72368
160_stage3.nii.gz,8,LAA,1,1,1.0,60017
160_stage3.nii.gz,9,Coronary,1,1,1.0,29384
160_stage3.nii.gz,10,PV,3,3,0.4398580121703854,147900
186_stage3.nii.gz,1,Myocardium,1,1,1.0,719364
186_stage3.nii.gz,2,LA,1,1,1.0,469568
186_stage3.nii.gz,3,LV,1,1,1.0,799005
186_stage3.nii.gz,4,RA,1,1,1.0,510466
186_stage3.nii.gz,5,RV,1,1,1.0,911679
186_stage3.nii.gz,6,Aorta,2,2,0.5470094092184663,545210
186_stage3.nii.gz,7,PA,2,1,0.9850395270045839,225795
186_stage3.nii.gz,8,LAA,1,1,1.0,46059
186_stage3.nii.gz,9,Coronary,2,2,0.9457023769291427,17754
186_stage3.nii.gz,10,PV,2,2,0.5174059152262305,161583
114_stage3.nii.gz,1,Myocardium,1,1,1.0,524075
114_stage3.nii.gz,2,LA,1,1,1.0,473676
114_stage3.nii.gz,3,LV,1,1,1.0,467345
114_stage3.nii.gz,4,RA,1,1,1.0,565753
114_stage3.nii.gz,5,RV,1,1,1.0,589173
114_stage3.nii.gz,6,Aorta,2,2,0.5756898764817965,450298
114_stage3.nii.gz,7,PA,1,1,1.0,273221
114_stage3.nii.gz,8,LAA,1,1,1.0,78833
114_stage3.nii.gz,9,Coronary,1,1,1.0,14517
114_stage3.nii.gz,10,PV,4,4,0.33425773897721356,99884
118_stage3.nii.gz,1,Myocardium,1,1,1.0,749831
118_stage3.nii.gz,2,LA,1,1,1.0,496838
118_stage3.nii.gz,3,LV,1,1,1.0,670415
118_stage3.nii.gz,4,RA,1,1,1.0,537195
118_stage3.nii.gz,5,RV,1,1,1.0,857987
118_stage3.nii.gz,6,Aorta,2,2,0.5180793293733085,682824
118_stage3.nii.gz,7,PA,1,1,1.0,332279
118_stage3.nii.gz,8,LAA,1,1,1.0,48634
118_stage3.nii.gz,9,Coronary,1,1,1.0,21339
118_stage3.nii.gz,10,PV,3,3,0.4250691442227652,148964
120_stage3.nii.gz,1,Myocardium,1,1,1.0,588844
120_stage3.nii.gz,2,LA,1,1,1.0,399992
120_stage3.nii.gz,3,LV,1,1,1.0,650884
120_stage3.nii.gz,4,RA,1,1,1.0,505056
120_stage3.nii.gz,5,RV,1,1,1.0,805222
120_stage3.nii.gz,6,Aorta,2,2,0.5029259123043602,489420
120_stage3.nii.gz,7,PA,1,1,1.0,252442
120_stage3.nii.gz,8,LAA,1,1,1.0,45515
120_stage3.nii.gz,9,Coronary,1,1,1.0,10304
120_stage3.nii.gz,10,PV,2,2,0.550100891420398,117453
178_stage3.nii.gz,1,Myocardium,1,1,1.0,837066
178_stage3.nii.gz,2,LA,1,1,1.0,568494
178_stage3.nii.gz,3,LV,1,1,1.0,846033
178_stage3.nii.gz,4,RA,1,1,1.0,757169
178_stage3.nii.gz,5,RV,1,1,1.0,1139689
178_stage3.nii.gz,6,Aorta,2,2,0.5746683452190888,556829
178_stage3.nii.gz,7,PA,1,1,1.0,52226
178_stage3.nii.gz,8,LAA,1,1,1.0,63687
178_stage3.nii.gz,9,Coronary,1,1,1.0,20858
178_stage3.nii.gz,10,PV,3,3,0.40294111277153316,92346
129_stage3.nii.gz,1,Myocardium,1,1,1.0,532687
129_stage3.nii.gz,2,LA,1,1,1.0,418003
129_stage3.nii.gz,3,LV,1,1,1.0,499567
129_stage3.nii.gz,4,RA,1,1,1.0,464926
129_stage3.nii.gz,5,RV,1,1,1.0,669721
129_stage3.nii.gz,6,Aorta,2,2,0.522418383518225,631000
129_stage3.nii.gz,7,PA,2,1,0.9897696748013946,279952
129_stage3.nii.gz,8,LAA,1,1,1.0,31909
129_stage3.nii.gz,9,Coronary,2,2,0.5597073086248701,23096
129_stage3.nii.gz,10,PV,3,3,0.547418689547926,90671
184_stage3.nii.gz,1,Myocardium,1,1,1.0,599665
184_stage3.nii.gz,2,LA,1,1,1.0,368984
184_stage3.nii.gz,3,LV,1,1,1.0,628222
184_stage3.nii.gz,4,RA,1,1,1.0,505401
184_stage3.nii.gz,5,RV,1,1,1.0,729203
184_stage3.nii.gz,6,Aorta,2,2,0.5317788069337888,630074
184_stage3.nii.gz,7,PA,1,1,1.0,287542
184_stage3.nii.gz,8,LAA,1,1,1.0,59024
184_stage3.nii.gz,9,Coronary,1,1,1.0,10637
184_stage3.nii.gz,10,PV,3,3,0.5646506368476434,127346
15_stage3.nii.gz,1,Myocardium,1,1,1.0,1075110
15_stage3.nii.gz,2,LA,1,1,1.0,676241
15_stage3.nii.gz,3,LV,1,1,1.0,807639
15_stage3.nii.gz,4,RA,1,1,1.0,677661
15_stage3.nii.gz,5,RV,1,1,1.0,1063540
15_stage3.nii.gz,6,Aorta,2,2,0.5843601866264838,482461
15_stage3.nii.gz,7,PA,3,2,0.8040304338885461,34041
15_stage3.nii.gz,8,LAA,1,1,1.0,50334
15_stage3.nii.gz,9,Coronary,1,1,1.0,22470
15_stage3.nii.gz,10,PV,3,3,0.41296420523934846,116274
13_stage3.nii.gz,1,Myocardium,1,1,1.0,627680
13_stage3.nii.gz,2,LA,1,1,1.0,632742
13_stage3.nii.gz,3,LV,1,1,1.0,316680
13_stage3.nii.gz,4,RA,1,1,1.0,662186
13_stage3.nii.gz,5,RV,1,1,1.0,493761
13_stage3.nii.gz,6,Aorta,2,2,0.5461482915637199,538709
13_stage3.nii.gz,7,PA,1,1,1.0,160880
13_stage3.nii.gz,8,LAA,1,1,1.0,67975
13_stage3.nii.gz,9,Coronary,2,2,0.5936907814067551,17942
13_stage3.nii.gz,10,PV,2,2,0.5546353758498719,94426
180_stage3.nii.gz,1,Myocardium,1,1,1.0,532792
180_stage3.nii.gz,2,LA,1,1,1.0,395586
180_stage3.nii.gz,3,LV,1,1,1.0,595226
180_stage3.nii.gz,4,RA,1,1,1.0,482952
180_stage3.nii.gz,5,RV,1,1,1.0,752584
180_stage3.nii.gz,6,Aorta,2,2,0.5866325445134365,588474
180_stage3.nii.gz,7,PA,2,2,0.9167313266220471,199763
180_stage3.nii.gz,8,LAA,1,1,1.0,58628
180_stage3.nii.gz,9,Coronary,1,1,1.0,9980
180_stage3.nii.gz,10,PV,2,2,0.5693080365184934,138779
172_stage3.nii.gz,1,Myocardium,1,1,1.0,647239
172_stage3.nii.gz,2,LA,1,1,1.0,328666
172_stage3.nii.gz,3,LV,1,1,1.0,542085
172_stage3.nii.gz,4,RA,1,1,1.0,380699
172_stage3.nii.gz,5,RV,1,1,1.0,630601
172_stage3.nii.gz,6,Aorta,2,2,0.5418759408739016,726718
172_stage3.nii.gz,7,PA,1,1,1.0,225505
172_stage3.nii.gz,8,LAA,1,1,1.0,35036
172_stage3.nii.gz,9,Coronary,2,2,0.8977106051909954,15681
172_stage3.nii.gz,10,PV,3,3,0.536157041490892,123738
11_stage3.nii.gz,1,Myocardium,1,1,1.0,622102
11_stage3.nii.gz,2,LA,1,1,1.0,331048
11_stage3.nii.gz,3,LV,1,1,1.0,722578
11_stage3.nii.gz,4,RA,1,1,1.0,526024
11_stage3.nii.gz,5,RV,1,1,1.0,871173
11_stage3.nii.gz,6,Aorta,2,2,0.5461110216131365,533842
11_stage3.nii.gz,7,PA,1,1,1.0,263291
11_stage3.nii.gz,8,LAA,1,1,1.0,80457
11_stage3.nii.gz,9,Coronary,1,1,1.0,8290
11_stage3.nii.gz,10,PV,2,2,0.5088808765906193,127859
113_stage3.nii.gz,1,Myocardium,1,1,1.0,647993
113_stage3.nii.gz,2,LA,1,1,1.0,455713
113_stage3.nii.gz,3,LV,1,1,1.0,574208
113_stage3.nii.gz,4,RA,1,1,1.0,444555
113_stage3.nii.gz,5,RV,1,1,1.0,756825
113_stage3.nii.gz,6,Aorta,2,2,0.5405317918466654,759959
113_stage3.nii.gz,7,PA,1,1,1.0,212887
113_stage3.nii.gz,8,LAA,1,1,1.0,29475
113_stage3.nii.gz,9,Coronary,1,1,1.0,21080
113_stage3.nii.gz,10,PV,3,3,0.6240830414613668,117917
159_stage3.nii.gz,1,Myocardium,1,1,1.0,575793
159_stage3.nii.gz,2,LA,1,1,1.0,356355
159_stage3.nii.gz,3,LV,1,1,1.0,582304
159_stage3.nii.gz,4,RA,1,1,1.0,522325
159_stage3.nii.gz,5,RV,1,1,1.0,798836
159_stage3.nii.gz,6,Aorta,2,2,0.5924549930860452,528641
159_stage3.nii.gz,7,PA,1,1,1.0,226905
159_stage3.nii.gz,8,LAA,1,1,1.0,42400
159_stage3.nii.gz,9,Coronary,1,1,1.0,12685
159_stage3.nii.gz,10,PV,3,3,0.4623849887705571,138030
100_stage3.nii.gz,1,Myocardium,1,1,1.0,767130
100_stage3.nii.gz,2,LA,1,1,1.0,543876
100_stage3.nii.gz,3,LV,1,1,1.0,680378
100_stage3.nii.gz,4,RA,1,1,1.0,615288
100_stage3.nii.gz,5,RV,1,1,1.0,867528
100_stage3.nii.gz,6,Aorta,2,2,0.541465035228042,638128
100_stage3.nii.gz,7,PA,1,1,1.0,201363
100_stage3.nii.gz,8,LAA,1,1,1.0,103200
100_stage3.nii.gz,9,Coronary,1,1,1.0,24886
100_stage3.nii.gz,10,PV,3,3,0.5130307634966599,139516
111_stage3.nii.gz,1,Myocardium,1,1,1.0,649456
111_stage3.nii.gz,2,LA,1,1,1.0,407325
111_stage3.nii.gz,3,LV,1,1,1.0,794472
111_stage3.nii.gz,4,RA,1,1,1.0,716669
111_stage3.nii.gz,5,RV,1,1,1.0,904585
111_stage3.nii.gz,6,Aorta,2,2,0.5206988411151291,575467
111_stage3.nii.gz,7,PA,1,1,1.0,226824
111_stage3.nii.gz,8,LAA,1,1,1.0,85834
111_stage3.nii.gz,9,Coronary,2,1,0.9640319436584293,15903
111_stage3.nii.gz,10,PV,3,3,0.5605739204850648,109841
103_stage3.nii.gz,1,Myocardium,1,1,1.0,798122
103_stage3.nii.gz,2,LA,1,1,1.0,585922
103_stage3.nii.gz,3,LV,1,1,1.0,711724
103_stage3.nii.gz,4,RA,1,1,1.0,787816
103_stage3.nii.gz,5,RV,1,1,1.0,812949
103_stage3.nii.gz,6,Aorta,2,2,0.534001863917319,478562
103_stage3.nii.gz,7,PA,3,2,0.7387465841866611,66602
103_stage3.nii.gz,8,LAA,1,1,1.0,39158
103_stage3.nii.gz,9,Coronary,1,1,1.0,10913
103_stage3.nii.gz,10,PV,3,3,0.42963665829757575,119089
164_stage3.nii.gz,1,Myocardium,1,1,1.0,597080
164_stage3.nii.gz,2,LA,1,1,1.0,456096
164_stage3.nii.gz,3,LV,1,1,1.0,810780
164_stage3.nii.gz,4,RA,1,1,1.0,507889
164_stage3.nii.gz,5,RV,1,1,1.0,978793
164_stage3.nii.gz,6,Aorta,2,2,0.6303653683185578,411831
164_stage3.nii.gz,7,PA,2,2,0.6855408229444404,55508
164_stage3.nii.gz,8,LAA,1,1,1.0,41139
164_stage3.nii.gz,9,Coronary,1,1,1.0,11036
164_stage3.nii.gz,10,PV,2,2,0.5743025228281662,138535
153_stage3.nii.gz,1,Myocardium,1,1,1.0,632985
153_stage3.nii.gz,2,LA,1,1,1.0,377813
153_stage3.nii.gz,3,LV,1,1,1.0,621993
153_stage3.nii.gz,4,RA,1,1,1.0,586839
153_stage3.nii.gz,5,RV,1,1,1.0,822643
153_stage3.nii.gz,6,Aorta,2,2,0.5341027400876406,473525
153_stage3.nii.gz,7,PA,1,1,1.0,240301
153_stage3.nii.gz,8,LAA,1,1,1.0,22468
153_stage3.nii.gz,9,Coronary,1,1,1.0,10891
153_stage3.nii.gz,10,PV,3,3,0.5145788824361328,99699
171_stage3.nii.gz,1,Myocardium,1,1,1.0,763355
171_stage3.nii.gz,2,LA,1,1,1.0,486619
171_stage3.nii.gz,3,LV,1,1,1.0,754047
171_stage3.nii.gz,4,RA,1,1,1.0,597682
171_stage3.nii.gz,5,RV,1,1,1.0,939706
171_stage3.nii.gz,6,Aorta,2,2,0.5020322218133393,605987
171_stage3.nii.gz,7,PA,2,1,0.9580624779536319,257979
171_stage3.nii.gz,8,LAA,1,1,1.0,40844
171_stage3.nii.gz,9,Coronary,2,1,0.9779013610420021,20499
171_stage3.nii.gz,10,PV,4,4,0.3035803903012575,139482
115_stage3.nii.gz,1,Myocardium,1,1,1.0,856482
115_stage3.nii.gz,2,LA,1,1,1.0,413861
115_stage3.nii.gz,3,LV,1,1,1.0,923163
115_stage3.nii.gz,4,RA,1,1,1.0,387762
115_stage3.nii.gz,5,RV,1,1,1.0,898498
115_stage3.nii.gz,6,Aorta,2,2,0.5462544301666112,487002
115_stage3.nii.gz,7,PA,1,1,1.0,257447
115_stage3.nii.gz,8,LAA,1,1,1.0,70321
115_stage3.nii.gz,9,Coronary,1,1,1.0,16917
115_stage3.nii.gz,10,PV,3,3,0.543940663101298,139677
106_stage3.nii.gz,1,Myocardium,1,1,1.0,901319
106_stage3.nii.gz,2,LA,1,1,1.0,417160
106_stage3.nii.gz,3,LV,1,1,1.0,982194
106_stage3.nii.gz,4,RA,1,1,1.0,604054
106_stage3.nii.gz,5,RV,1,1,1.0,1147533
106_stage3.nii.gz,6,Aorta,2,2,0.5933188421631088,613247
106_stage3.nii.gz,7,PA,2,2,0.6823538586852914,115402
106_stage3.nii.gz,8,LAA,1,1,1.0,66788
106_stage3.nii.gz,9,Coronary,2,2,0.620533767813296,43577
106_stage3.nii.gz,10,PV,2,2,0.5792375112267336,161445
173_stage3.nii.gz,1,Myocardium,1,1,1.0,745367
173_stage3.nii.gz,2,LA,1,1,1.0,379995
173_stage3.nii.gz,3,LV,1,1,1.0,849701
173_stage3.nii.gz,4,RA,1,1,1.0,597767
173_stage3.nii.gz,5,RV,1,1,1.0,1061930
173_stage3.nii.gz,6,Aorta,2,2,0.5738020559765888,666350
173_stage3.nii.gz,7,PA,2,1,0.9543817897086205,162194
173_stage3.nii.gz,8,LAA,1,1,1.0,78041
173_stage3.nii.gz,9,Coronary,1,1,1.0,11352
173_stage3.nii.gz,10,PV,2,2,0.51494702320888,142704
137_stage3.nii.gz,1,Myocardium,1,1,1.0,448474
137_stage3.nii.gz,2,LA,1,1,1.0,341435
137_stage3.nii.gz,3,LV,1,1,1.0,381453
137_stage3.nii.gz,4,RA,1,1,1.0,416090
137_stage3.nii.gz,5,RV,1,1,1.0,559778
137_stage3.nii.gz,6,Aorta,2,2,0.5285077094195119,621253
137_stage3.nii.gz,7,PA,1,1,1.0,308788
137_stage3.nii.gz,8,LAA,1,1,1.0,18916
137_stage3.nii.gz,9,Coronary,1,1,1.0,12100
137_stage3.nii.gz,10,PV,2,2,0.5481916480238628,85824
10_stage3.nii.gz,1,Myocardium,1,1,1.0,711980
10_stage3.nii.gz,2,LA,1,1,1.0,423780
10_stage3.nii.gz,3,LV,1,1,1.0,723887
10_stage3.nii.gz,4,RA,1,1,1.0,442941
10_stage3.nii.gz,5,RV,1,1,1.0,1000792
10_stage3.nii.gz,6,Aorta,2,2,0.5201954757966843,614296
10_stage3.nii.gz,7,PA,1,1,1.0,309030
10_stage3.nii.gz,8,LAA,1,1,1.0,88986
10_stage3.nii.gz,9,Coronary,1,1,1.0,18914
10_stage3.nii.gz,10,PV,2,2,0.5048862048018684,169559
156_stage3.nii.gz,1,Myocardium,1,1,1.0,758326
156_stage3.nii.gz,2,LA,1,1,1.0,632862
156_stage3.nii.gz,3,LV,1,1,1.0,804279
156_stage3.nii.gz,4,RA,1,1,1.0,590849
156_stage3.nii.gz,5,RV,1,1,1.0,1054228
156_stage3.nii.gz,6,Aorta,2,2,0.5371645552191974,551991
156_stage3.nii.gz,7,PA,2,2,0.5866759735727156,61603
156_stage3.nii.gz,8,LAA,1,1,1.0,33883
156_stage3.nii.gz,9,Coronary,2,2,0.880410237109522,21256
156_stage3.nii.gz,10,PV,3,3,0.4677069818503258,140278
176_stage3.nii.gz,1,Myocardium,1,1,1.0,722021
176_stage3.nii.gz,2,LA,1,1,1.0,357188
176_stage3.nii.gz,3,LV,1,1,1.0,742129
176_stage3.nii.gz,4,RA,1,1,1.0,458511
176_stage3.nii.gz,5,RV,1,1,1.0,886540
176_stage3.nii.gz,6,Aorta,2,2,0.5363075859482492,442621
176_stage3.nii.gz,7,PA,2,2,0.9498275570225552,189048
176_stage3.nii.gz,8,LAA,1,1,1.0,35442
176_stage3.nii.gz,9,Coronary,2,1,0.9817465130382049,16490
176_stage3.nii.gz,10,PV,2,2,0.5498757159840052,129542
175_stage3.nii.gz,1,Myocardium,1,1,1.0,728600
175_stage3.nii.gz,2,LA,1,1,1.0,430041
175_stage3.nii.gz,3,LV,1,1,1.0,884714
175_stage3.nii.gz,4,RA,1,1,1.0,547505
175_stage3.nii.gz,5,RV,1,1,1.0,920305
175_stage3.nii.gz,6,Aorta,2,2,0.533671172079887,619625
175_stage3.nii.gz,7,PA,2,1,0.9700481349130302,177418
175_stage3.nii.gz,8,LAA,1,1,1.0,61356
175_stage3.nii.gz,9,Coronary,1,1,1.0,18370
175_stage3.nii.gz,10,PV,3,3,0.49680592583839833,135407
177_stage3.nii.gz,1,Myocardium,1,1,1.0,495465
177_stage3.nii.gz,2,LA,1,1,1.0,319312
177_stage3.nii.gz,3,LV,1,1,1.0,462246
177_stage3.nii.gz,4,RA,1,1,1.0,375338
177_stage3.nii.gz,5,RV,1,1,1.0,573693
177_stage3.nii.gz,6,Aorta,2,2,0.5913634819812741,789068
177_stage3.nii.gz,7,PA,1,1,1.0,270580
177_stage3.nii.gz,8,LAA,1,1,1.0,39654
177_stage3.nii.gz,9,Coronary,1,1,1.0,11691
177_stage3.nii.gz,10,PV,2,2,0.6020394430353538,96595
182_stage3.nii.gz,1,Myocardium,1,1,1.0,579925
182_stage3.nii.gz,2,LA,1,1,1.0,317734
182_stage3.nii.gz,3,LV,1,1,1.0,505524
182_stage3.nii.gz,4,RA,1,1,1.0,332125
182_stage3.nii.gz,5,RV,1,1,1.0,617309
182_stage3.nii.gz,6,Aorta,2,2,0.5024116226788959,528897
182_stage3.nii.gz,7,PA,1,1,1.0,213719
182_stage3.nii.gz,8,LAA,1,1,1.0,42421
182_stage3.nii.gz,9,Coronary,2,1,0.9609472372247612,12035
182_stage3.nii.gz,10,PV,3,3,0.5354738259552264,95056
157_stage3.nii.gz,1,Myocardium,1,1,1.0,714935
157_stage3.nii.gz,2,LA,1,1,1.0,357828
157_stage3.nii.gz,3,LV,1,1,1.0,701866
157_stage3.nii.gz,4,RA,1,1,1.0,422597
157_stage3.nii.gz,5,RV,1,1,1.0,943064
157_stage3.nii.gz,6,Aorta,2,2,0.5134463694429201,535758
157_stage3.nii.gz,7,PA,1,1,1.0,307786
157_stage3.nii.gz,8,LAA,1,1,1.0,53809
157_stage3.nii.gz,9,Coronary,1,1,1.0,17719
157_stage3.nii.gz,10,PV,3,3,0.40425388762268405,118903
102_stage3.nii.gz,1,Myocardium,1,1,1.0,640764
102_stage3.nii.gz,2,LA,1,1,1.0,365885
102_stage3.nii.gz,3,LV,1,1,1.0,511417
102_stage3.nii.gz,4,RA,1,1,1.0,411104
102_stage3.nii.gz,5,RV,1,1,1.0,749764
102_stage3.nii.gz,6,Aorta,2,2,0.5198341286439728,555129
102_stage3.nii.gz,7,PA,2,2,0.9463430933731195,128688
102_stage3.nii.gz,8,LAA,1,1,1.0,45535
102_stage3.nii.gz,9,Coronary,1,1,1.0,13853
102_stage3.nii.gz,10,PV,3,3,0.5298843064150364,104068
140_stage3.nii.gz,1,Myocardium,1,1,1.0,701177
140_stage3.nii.gz,2,LA,1,1,1.0,414561
140_stage3.nii.gz,3,LV,1,1,1.0,704377
140_stage3.nii.gz,4,RA,1,1,1.0,440611
140_stage3.nii.gz,5,RV,1,1,1.0,917685
140_stage3.nii.gz,6,Aorta,2,2,0.637127364405358,828591
140_stage3.nii.gz,7,PA,1,1,1.0,243706
140_stage3.nii.gz,8,LAA,1,1,1.0,67256
140_stage3.nii.gz,9,Coronary,2,2,0.7629703534777651,21048
140_stage3.nii.gz,10,PV,3,3,0.5779558745728298,139874
158_stage3.nii.gz,1,Myocardium,1,1,1.0,515906
158_stage3.nii.gz,2,LA,1,1,1.0,363420
158_stage3.nii.gz,3,LV,1,1,1.0,462814
158_stage3.nii.gz,4,RA,1,1,1.0,486187
158_stage3.nii.gz,5,RV,1,1,1.0,674083
158_stage3.nii.gz,6,Aorta,2,2,0.5218921037240779,754039
158_stage3.nii.gz,7,PA,2,1,0.986503460651115,234060
158_stage3.nii.gz,8,LAA,1,1,1.0,49040
158_stage3.nii.gz,9,Coronary,1,1,1.0,9661
158_stage3.nii.gz,10,PV,3,3,0.5102505878835385,123749
150_stage3.nii.gz,1,Myocardium,1,1,1.0,683175
150_stage3.nii.gz,2,LA,1,1,1.0,505918
150_stage3.nii.gz,3,LV,1,1,1.0,597763
150_stage3.nii.gz,4,RA,1,1,1.0,456127
150_stage3.nii.gz,5,RV,1,1,1.0,848285
150_stage3.nii.gz,6,Aorta,2,2,0.5572761965444082,737645
150_stage3.nii.gz,7,PA,1,1,1.0,342159
150_stage3.nii.gz,8,LAA,1,1,1.0,47346
150_stage3.nii.gz,9,Coronary,2,1,0.965930981341846,18169
150_stage3.nii.gz,10,PV,2,2,0.5107024273878985,124084
135_stage3.nii.gz,1,Myocardium,1,1,1.0,580680
135_stage3.nii.gz,2,LA,1,1,1.0,408676
135_stage3.nii.gz,3,LV,1,1,1.0,641401
135_stage3.nii.gz,4,RA,1,1,1.0,459328
135_stage3.nii.gz,5,RV,1,1,1.0,781121
135_stage3.nii.gz,6,Aorta,2,2,0.5887632586628506,508724
135_stage3.nii.gz,7,PA,1,1,1.0,126401
135_stage3.nii.gz,8,LAA,1,1,1.0,51872
135_stage3.nii.gz,9,Coronary,2,2,0.9163946886037466,22367
135_stage3.nii.gz,10,PV,2,2,0.760996276107723,111174
136_stage3.nii.gz,1,Myocardium,1,1,1.0,664984
136_stage3.nii.gz,2,LA,1,1,1.0,309329
136_stage3.nii.gz,3,LV,1,1,1.0,736373
136_stage3.nii.gz,4,RA,1,1,1.0,369130
136_stage3.nii.gz,5,RV,1,1,1.0,954341
136_stage3.nii.gz,6,Aorta,2,2,0.5133353596683646,546142
136_stage3.nii.gz,7,PA,1,1,1.0,273194
136_stage3.nii.gz,8,LAA,1,1,1.0,56884
136_stage3.nii.gz,9,Coronary,1,1,1.0,16085
136_stage3.nii.gz,10,PV,2,2,0.5555564812423457,120031
112_stage3.nii.gz,1,Myocardium,1,1,1.0,767246
112_stage3.nii.gz,2,LA,1,1,1.0,393612
112_stage3.nii.gz,3,LV,1,1,1.0,972535
112_stage3.nii.gz,4,RA,1,1,1.0,533199
112_stage3.nii.gz,5,RV,1,1,1.0,1046137
112_stage3.nii.gz,6,Aorta,2,2,0.6223294360984619,424489
112_stage3.nii.gz,7,PA,2,2,0.6065121786197565,59120
112_stage3.nii.gz,8,LAA,1,1,1.0,72427
112_stage3.nii.gz,9,Coronary,2,2,0.8461347971439185,24229
112_stage3.nii.gz,10,PV,2,2,0.5284798656234805,113115
174_stage3.nii.gz,1,Myocardium,1,1,1.0,622591
174_stage3.nii.gz,2,LA,1,1,1.0,511272
174_stage3.nii.gz,3,LV,1,1,1.0,757795
174_stage3.nii.gz,4,RA,1,1,1.0,616848
174_stage3.nii.gz,5,RV,1,1,1.0,935729
174_stage3.nii.gz,6,Aorta,2,2,0.5095139497902164,549614
174_stage3.nii.gz,7,PA,1,1,1.0,243497
174_stage3.nii.gz,8,LAA,1,1,1.0,71013
174_stage3.nii.gz,9,Coronary,1,1,1.0,7755
174_stage3.nii.gz,10,PV,3,3,0.48167586518101985,144045
183_stage3.nii.gz,1,Myocardium,2,1,0.999996758093824,616921
183_stage3.nii.gz,2,LA,1,1,1.0,498926
183_stage3.nii.gz,3,LV,1,1,1.0,568887
183_stage3.nii.gz,4,RA,1,1,1.0,412017
183_stage3.nii.gz,5,RV,1,1,1.0,733590
183_stage3.nii.gz,6,Aorta,2,2,0.5216711698635643,716528
183_stage3.nii.gz,7,PA,1,1,1.0,259295
183_stage3.nii.gz,8,LAA,1,1,1.0,44572
183_stage3.nii.gz,9,Coronary,2,1,0.9693745591347285,17012
183_stage3.nii.gz,10,PV,2,2,0.5113111745681674,121517
165_stage3.nii.gz,1,Myocardium,1,1,1.0,592149
165_stage3.nii.gz,2,LA,1,1,1.0,401887
165_stage3.nii.gz,3,LV,1,1,1.0,592498
165_stage3.nii.gz,4,RA,1,1,1.0,378458
165_stage3.nii.gz,5,RV,1,1,1.0,780713
165_stage3.nii.gz,6,Aorta,2,2,0.541751334266978,706193
165_stage3.nii.gz,7,PA,2,2,0.9351687705981034,252147
165_stage3.nii.gz,8,LAA,1,1,1.0,25445
165_stage3.nii.gz,9,Coronary,1,1,1.0,28151
165_stage3.nii.gz,10,PV,2,2,0.5195362892537155,113174
110_stage3.nii.gz,1,Myocardium,1,1,1.0,592634
110_stage3.nii.gz,2,LA,1,1,1.0,504477
110_stage3.nii.gz,3,LV,1,1,1.0,673366
110_stage3.nii.gz,4,RA,1,1,1.0,545568
110_stage3.nii.gz,5,RV,1,1,1.0,754402
110_stage3.nii.gz,6,Aorta,2,2,0.5085794536797505,545431
110_stage3.nii.gz,7,PA,1,1,1.0,288044
110_stage3.nii.gz,8,LAA,1,1,1.0,86837
110_stage3.nii.gz,9,Coronary,2,1,0.9614056469632338,9846
110_stage3.nii.gz,10,PV,3,3,0.6191810344827586,134560
101_stage3.nii.gz,1,Myocardium,1,1,1.0,601064
101_stage3.nii.gz,2,LA,2,1,0.9999981012489985,526662
101_stage3.nii.gz,3,LV,1,1,1.0,562851
101_stage3.nii.gz,4,RA,1,1,1.0,466632
101_stage3.nii.gz,5,RV,1,1,1.0,781387
101_stage3.nii.gz,6,Aorta,2,2,0.566289981927842,459270
101_stage3.nii.gz,7,PA,1,1,1.0,164377
101_stage3.nii.gz,8,LAA,1,1,1.0,34832
101_stage3.nii.gz,9,Coronary,2,2,0.8891538356724349,14678
101_stage3.nii.gz,10,PV,2,2,0.5456583456601832,108841
163_stage3.nii.gz,1,Myocardium,1,1,1.0,626809
163_stage3.nii.gz,2,LA,1,1,1.0,451230
163_stage3.nii.gz,3,LV,1,1,1.0,637495
163_stage3.nii.gz,4,RA,1,1,1.0,412815
163_stage3.nii.gz,5,RV,1,1,1.0,862920
163_stage3.nii.gz,6,Aorta,2,2,0.5125244629368982,534993
163_stage3.nii.gz,7,PA,1,1,1.0,241789
163_stage3.nii.gz,8,LAA,1,1,1.0,32279
163_stage3.nii.gz,9,Coronary,1,1,1.0,18730
163_stage3.nii.gz,10,PV,2,2,0.5281074229580923,126230
109_stage3.nii.gz,1,Myocardium,1,1,1.0,609669
109_stage3.nii.gz,2,LA,1,1,1.0,359467
109_stage3.nii.gz,3,LV,1,1,1.0,689114
109_stage3.nii.gz,4,RA,1,1,1.0,703427
109_stage3.nii.gz,5,RV,1,1,1.0,922560
109_stage3.nii.gz,6,Aorta,2,2,0.5598682436986117,593520
109_stage3.nii.gz,7,PA,2,2,0.9399818293611828,217934
109_stage3.nii.gz,8,LAA,1,1,1.0,66440
109_stage3.nii.gz,9,Coronary,1,1,1.0,6488
109_stage3.nii.gz,10,PV,2,2,0.5373355790824511,149616
162_stage3.nii.gz,1,Myocardium,1,1,1.0,589540
162_stage3.nii.gz,2,LA,1,1,1.0,504147
162_stage3.nii.gz,3,LV,1,1,1.0,743064
162_stage3.nii.gz,4,RA,1,1,1.0,551905
162_stage3.nii.gz,5,RV,1,1,1.0,757664
162_stage3.nii.gz,6,Aorta,2,2,0.6378672924837652,622120
162_stage3.nii.gz,7,PA,2,1,0.9812824894108587,166208
162_stage3.nii.gz,8,LAA,1,1,1.0,75200
162_stage3.nii.gz,9,Coronary,1,1,1.0,18652
162_stage3.nii.gz,10,PV,3,3,0.5299961677789748,138301
152_stage3.nii.gz,1,Myocardium,1,1,1.0,651076
152_stage3.nii.gz,2,LA,1,1,1.0,333609
152_stage3.nii.gz,3,LV,1,1,1.0,565421
152_stage3.nii.gz,4,RA,1,1,1.0,576863
152_stage3.nii.gz,5,RV,1,1,1.0,890861
152_stage3.nii.gz,6,Aorta,2,2,0.5094897572078907,527200
152_stage3.nii.gz,7,PA,1,1,1.0,196131
152_stage3.nii.gz,8,LAA,1,1,1.0,60722
152_stage3.nii.gz,9,Coronary,1,1,1.0,18929
152_stage3.nii.gz,10,PV,2,2,0.5415960108124444,119122
108_stage3.nii.gz,1,Myocardium,2,1,0.9999982160059943,560540
108_stage3.nii.gz,2,LA,1,1,1.0,509471
108_stage3.nii.gz,3,LV,1,1,1.0,628526
108_stage3.nii.gz,4,RA,1,1,1.0,547103
108_stage3.nii.gz,5,RV,1,1,1.0,719990
108_stage3.nii.gz,6,Aorta,2,2,0.5997599975772626,792492
108_stage3.nii.gz,7,PA,1,1,1.0,290675
108_stage3.nii.gz,8,LAA,1,1,1.0,54691
108_stage3.nii.gz,9,Coronary,1,1,1.0,9392
108_stage3.nii.gz,10,PV,2,2,0.5218389766062057,132813
166_stage3.nii.gz,1,Myocardium,1,1,1.0,684982
166_stage3.nii.gz,2,LA,1,1,1.0,651792
166_stage3.nii.gz,3,LV,1,1,1.0,384555
166_stage3.nii.gz,4,RA,1,1,1.0,851404
166_stage3.nii.gz,5,RV,1,1,1.0,696002
166_stage3.nii.gz,6,Aorta,2,2,0.5302990649109893,733620
166_stage3.nii.gz,7,PA,1,1,1.0,127013
166_stage3.nii.gz,8,LAA,1,1,1.0,67685
166_stage3.nii.gz,9,Coronary,1,1,1.0,13216
166_stage3.nii.gz,10,PV,2,2,0.6365523513990691,93455
161_stage3.nii.gz,1,Myocardium,1,1,1.0,789000
161_stage3.nii.gz,2,LA,1,1,1.0,429521
161_stage3.nii.gz,3,LV,1,1,1.0,855002
161_stage3.nii.gz,4,RA,1,1,1.0,686802
161_stage3.nii.gz,5,RV,1,1,1.0,1064407
161_stage3.nii.gz,6,Aorta,2,2,0.6541965663600443,477569
161_stage3.nii.gz,7,PA,2,2,0.9088254586233893,141783
161_stage3.nii.gz,8,LAA,1,1,1.0,39410
161_stage3.nii.gz,9,Coronary,1,1,1.0,20192
161_stage3.nii.gz,10,PV,3,3,0.5587704677541185,160191
122_stage3.nii.gz,1,Myocardium,1,1,1.0,647773
122_stage3.nii.gz,2,LA,1,1,1.0,436394
122_stage3.nii.gz,3,LV,1,1,1.0,490047
122_stage3.nii.gz,4,RA,1,1,1.0,460667
122_stage3.nii.gz,5,RV,1,1,1.0,696829
122_stage3.nii.gz,6,Aorta,2,2,0.5614366963184392,566689
122_stage3.nii.gz,7,PA,2,1,0.9813867919195449,194593
122_stage3.nii.gz,8,LAA,1,1,1.0,65250
122_stage3.nii.gz,9,Coronary,2,2,0.7595957011258956,7816
122_stage3.nii.gz,10,PV,3,3,0.5746754037660471,123153
17_stage3.nii.gz,1,Myocardium,1,1,1.0,414164
17_stage3.nii.gz,2,LA,1,1,1.0,435574
17_stage3.nii.gz,3,LV,1,1,1.0,439572
17_stage3.nii.gz,4,RA,1,1,1.0,467174
17_stage3.nii.gz,5,RV,1,1,1.0,580989
17_stage3.nii.gz,6,Aorta,2,2,0.5661260243434052,793069
17_stage3.nii.gz,7,PA,1,1,1.0,248770
17_stage3.nii.gz,8,LAA,1,1,1.0,49581
17_stage3.nii.gz,9,Coronary,1,1,1.0,10533
17_stage3.nii.gz,10,PV,3,3,0.4793457274539113,128448
170_stage3.nii.gz,1,Myocardium,1,1,1.0,603334
170_stage3.nii.gz,2,LA,1,1,1.0,420660
170_stage3.nii.gz,3,LV,1,1,1.0,419342
170_stage3.nii.gz,4,RA,1,1,1.0,332942
170_stage3.nii.gz,5,RV,1,1,1.0,463339
170_stage3.nii.gz,6,Aorta,2,2,0.6058852641998189,759728
170_stage3.nii.gz,7,PA,2,1,0.9806849758148698,272068
170_stage3.nii.gz,8,LAA,1,1,1.0,39837
170_stage3.nii.gz,9,Coronary,1,1,1.0,49655
170_stage3.nii.gz,10,PV,3,3,0.5287429498847771,111523
16_stage3.nii.gz,1,Myocardium,1,1,1.0,497736
16_stage3.nii.gz,2,LA,1,1,1.0,518669
16_stage3.nii.gz,3,LV,1,1,1.0,531154
16_stage3.nii.gz,4,RA,1,1,1.0,680588
16_stage3.nii.gz,5,RV,1,1,1.0,642464
16_stage3.nii.gz,6,Aorta,2,2,0.553226277967761,588356
16_stage3.nii.gz,7,PA,2,1,0.9853472092747335,235996
16_stage3.nii.gz,8,LAA,1,1,1.0,81097
16_stage3.nii.gz,9,Coronary,2,2,0.5978911201943012,16881
16_stage3.nii.gz,10,PV,3,3,0.37755032940243205,103369
125_stage3.nii.gz,1,Myocardium,1,1,1.0,556039
125_stage3.nii.gz,2,LA,1,1,1.0,475504
125_stage3.nii.gz,3,LV,1,1,1.0,528006
125_stage3.nii.gz,4,RA,1,1,1.0,333858
125_stage3.nii.gz,5,RV,1,1,1.0,466874
125_stage3.nii.gz,6,Aorta,2,2,0.583754958376822,754027
125_stage3.nii.gz,7,PA,1,1,1.0,321355
125_stage3.nii.gz,8,LAA,1,1,1.0,102907
125_stage3.nii.gz,9,Coronary,2,2,0.9307432432432432,13024
125_stage3.nii.gz,10,PV,2,2,0.5059277054584055,89495
185_stage3.nii.gz,1,Myocardium,1,1,1.0,600635
185_stage3.nii.gz,2,LA,1,1,1.0,516482
185_stage3.nii.gz,3,LV,1,1,1.0,647649
185_stage3.nii.gz,4,RA,1,1,1.0,357333
185_stage3.nii.gz,5,RV,1,1,1.0,688772
185_stage3.nii.gz,6,Aorta,2,2,0.5246661783133963,537862
185_stage3.nii.gz,7,PA,1,1,1.0,306709
185_stage3.nii.gz,8,LAA,1,1,1.0,51958
185_stage3.nii.gz,9,Coronary,1,1,1.0,16603
185_stage3.nii.gz,10,PV,2,2,0.5409281523264836,114701
154_stage3.nii.gz,1,Myocardium,1,1,1.0,975068
154_stage3.nii.gz,2,LA,1,1,1.0,581282
154_stage3.nii.gz,3,LV,1,1,1.0,1110666
154_stage3.nii.gz,4,RA,1,1,1.0,684980
154_stage3.nii.gz,5,RV,1,1,1.0,1352379
154_stage3.nii.gz,6,Aorta,2,2,0.5070507121831723,506190
154_stage3.nii.gz,7,PA,2,1,0.9804271537544827,182089
154_stage3.nii.gz,8,LAA,1,1,1.0,48994
154_stage3.nii.gz,9,Coronary,2,1,0.9660789669729327,20135
154_stage3.nii.gz,10,PV,2,2,0.5201016913810941,124691
169_stage3.nii.gz,1,Myocardium,1,1,1.0,605189
169_stage3.nii.gz,2,LA,1,1,1.0,331920
169_stage3.nii.gz,3,LV,1,1,1.0,677948
169_stage3.nii.gz,4,RA,1,1,1.0,490390
169_stage3.nii.gz,5,RV,1,1,1.0,823355
169_stage3.nii.gz,6,Aorta,2,2,0.5688633663106344,609308
169_stage3.nii.gz,7,PA,2,2,0.5044168831805481,101995
169_stage3.nii.gz,8,LAA,1,1,1.0,43021
169_stage3.nii.gz,9,Coronary,2,2,0.8064024390243902,19680
169_stage3.nii.gz,10,PV,2,2,0.5948944156026379,114032
117_stage3.nii.gz,1,Myocardium,1,1,1.0,548294
117_stage3.nii.gz,2,LA,1,1,1.0,360941
117_stage3.nii.gz,3,LV,1,1,1.0,513017
117_stage3.nii.gz,4,RA,1,1,1.0,463665
117_stage3.nii.gz,5,RV,1,1,1.0,696300
117_stage3.nii.gz,6,Aorta,2,2,0.5409223889827082,714731
117_stage3.nii.gz,7,PA,1,1,1.0,276152
117_stage3.nii.gz,8,LAA,1,1,1.0,55565
117_stage3.nii.gz,9,Coronary,1,1,1.0,28884
117_stage3.nii.gz,10,PV,3,3,0.5622092846502296,131572
145_stage3.nii.gz,1,Myocardium,1,1,1.0,851101
145_stage3.nii.gz,2,LA,1,1,1.0,436176
145_stage3.nii.gz,3,LV,1,1,1.0,698476
145_stage3.nii.gz,4,RA,1,1,1.0,492884
145_stage3.nii.gz,5,RV,1,1,1.0,923671
145_stage3.nii.gz,6,Aorta,2,2,0.5661912685535975,481982
145_stage3.nii.gz,7,PA,2,2,0.5743816130614533,57084
145_stage3.nii.gz,8,LAA,1,1,1.0,45636
145_stage3.nii.gz,9,Coronary,2,2,0.5564558285415577,26782
145_stage3.nii.gz,10,PV,3,3,0.4465293162676808,111491
124_stage3.nii.gz,1,Myocardium,1,1,1.0,539893
124_stage3.nii.gz,2,LA,1,1,1.0,548568
124_stage3.nii.gz,3,LV,1,1,1.0,544611
124_stage3.nii.gz,4,RA,1,1,1.0,683524
124_stage3.nii.gz,5,RV,1,1,1.0,742808
124_stage3.nii.gz,6,Aorta,2,2,0.5218969761384225,726356
124_stage3.nii.gz,7,PA,1,1,1.0,183179
124_stage3.nii.gz,8,LAA,1,1,1.0,95329
124_stage3.nii.gz,9,Coronary,2,2,0.6520415926959168,11829
124_stage3.nii.gz,10,PV,2,2,0.5992136385213928,96902
143_stage3.nii.gz,1,Myocardium,2,1,0.9999980757574299,519685
143_stage3.nii.gz,2,LA,1,1,1.0,411730
143_stage3.nii.gz,3,LV,1,1,1.0,483624
143_stage3.nii.gz,4,RA,1,1,1.0,347118
143_stage3.nii.gz,5,RV,1,1,1.0,685673
143_stage3.nii.gz,6,Aorta,2,2,0.5733774792270224,785275
143_stage3.nii.gz,7,PA,1,1,1.0,267940
143_stage3.nii.gz,8,LAA,1,1,1.0,38710
143_stage3.nii.gz,9,Coronary,2,1,0.9704033525405972,15272
143_stage3.nii.gz,10,PV,2,2,0.5415088151808837,88427
144_stage3.nii.gz,1,Myocardium,1,1,1.0,435408
144_stage3.nii.gz,2,LA,1,1,1.0,366765
144_stage3.nii.gz,3,LV,1,1,1.0,434506
144_stage3.nii.gz,4,RA,1,1,1.0,341464
144_stage3.nii.gz,5,RV,1,1,1.0,533616
144_stage3.nii.gz,6,Aorta,1,1,1.0,636908
144_stage3.nii.gz,7,PA,1,1,1.0,327605
144_stage3.nii.gz,8,LAA,1,1,1.0,40185
144_stage3.nii.gz,9,Coronary,1,1,1.0,11778
144_stage3.nii.gz,10,PV,2,2,0.6402570437342304,76096
105_stage3.nii.gz,1,Myocardium,1,1,1.0,634900
105_stage3.nii.gz,2,LA,1,1,1.0,744152
105_stage3.nii.gz,3,LV,1,1,1.0,675867
105_stage3.nii.gz,4,RA,1,1,1.0,921002
105_stage3.nii.gz,5,RV,1,1,1.0,869030
105_stage3.nii.gz,6,Aorta,2,2,0.5821294317584567,749646
105_stage3.nii.gz,7,PA,2,1,0.965785020616438,228701
105_stage3.nii.gz,8,LAA,1,1,1.0,100101
105_stage3.nii.gz,9,Coronary,2,2,0.8576474743906747,16986
105_stage3.nii.gz,10,PV,2,2,0.6038481611100878,130296
14_stage3.nii.gz,1,Myocardium,1,1,1.0,607155
14_stage3.nii.gz,2,LA,1,1,1.0,327460
14_stage3.nii.gz,3,LV,1,1,1.0,630005
14_stage3.nii.gz,4,RA,1,1,1.0,542890
14_stage3.nii.gz,5,RV,1,1,1.0,824912
14_stage3.nii.gz,6,Aorta,2,2,0.6356267736995289,551108
14_stage3.nii.gz,7,PA,2,2,0.6544675281345841,77929
14_stage3.nii.gz,8,LAA,1,1,1.0,46501
14_stage3.nii.gz,9,Coronary,1,1,1.0,19685
14_stage3.nii.gz,10,PV,3,3,0.38162484134360725,100059
107_stage3.nii.gz,1,Myocardium,1,1,1.0,641345
107_stage3.nii.gz,2,LA,1,1,1.0,433671
107_stage3.nii.gz,3,LV,1,1,1.0,659987
107_stage3.nii.gz,4,RA,1,1,1.0,646146
107_stage3.nii.gz,5,RV,1,1,1.0,899486
107_stage3.nii.gz,6,Aorta,2,2,0.5554892881799485,553314
107_stage3.nii.gz,7,PA,1,1,1.0,282921
107_stage3.nii.gz,8,LAA,1,1,1.0,81265
107_stage3.nii.gz,9,Coronary,1,1,1.0,13110
107_stage3.nii.gz,10,PV,3,3,0.46547857548664895,100329
130_stage3.nii.gz,1,Myocardium,1,1,1.0,603746
130_stage3.nii.gz,2,LA,1,1,1.0,442429
130_stage3.nii.gz,3,LV,1,1,1.0,635840
130_stage3.nii.gz,4,RA,1,1,1.0,492163
130_stage3.nii.gz,5,RV,1,1,1.0,836206
130_stage3.nii.gz,6,Aorta,2,2,0.5033721310511856,663527
130_stage3.nii.gz,7,PA,1,1,1.0,287472
130_stage3.nii.gz,8,LAA,1,1,1.0,83303
130_stage3.nii.gz,9,Coronary,1,1,1.0,13197
130_stage3.nii.gz,10,PV,2,2,0.5193634416123815,114365
149_stage3.nii.gz,1,Myocardium,1,1,1.0,606910
149_stage3.nii.gz,2,LA,1,1,1.0,516731
149_stage3.nii.gz,3,LV,1,1,1.0,475120
149_stage3.nii.gz,4,RA,1,1,1.0,362323
149_stage3.nii.gz,5,RV,1,1,1.0,585357
149_stage3.nii.gz,6,Aorta,2,2,0.5866739614813076,579407
149_stage3.nii.gz,7,PA,1,1,1.0,456655
149_stage3.nii.gz,8,LAA,1,1,1.0,34877
149_stage3.nii.gz,9,Coronary,1,1,1.0,14208
149_stage3.nii.gz,10,PV,2,2,0.5347897677682901,111139
133_stage3.nii.gz,1,Myocardium,1,1,1.0,503405
133_stage3.nii.gz,2,LA,1,1,1.0,542650
133_stage3.nii.gz,3,LV,1,1,1.0,572361
133_stage3.nii.gz,4,RA,1,1,1.0,736685
133_stage3.nii.gz,5,RV,1,1,1.0,771257
133_stage3.nii.gz,6,Aorta,2,2,0.5401488941249558,489341
133_stage3.nii.gz,7,PA,2,1,0.9693158401716802,164026
133_stage3.nii.gz,8,LAA,1,1,1.0,68015
133_stage3.nii.gz,9,Coronary,2,1,0.9512406459235919,12695
133_stage3.nii.gz,10,PV,2,2,0.5296180965675221,111756
167_stage3.nii.gz,1,Myocardium,1,1,1.0,570477
167_stage3.nii.gz,2,LA,1,1,1.0,346986
167_stage3.nii.gz,3,LV,1,1,1.0,563090
167_stage3.nii.gz,4,RA,1,1,1.0,453280
167_stage3.nii.gz,5,RV,1,1,1.0,654121
167_stage3.nii.gz,6,Aorta,2,2,0.5370577247745968,556780
167_stage3.nii.gz,7,PA,1,1,1.0,233744
167_stage3.nii.gz,8,LAA,1,1,1.0,77518
167_stage3.nii.gz,9,Coronary,2,1,0.9567878199865661,13399
167_stage3.nii.gz,10,PV,3,3,0.578710494732631,119984
127_stage3.nii.gz,1,Myocardium,1,1,1.0,773380
127_stage3.nii.gz,2,LA,1,1,1.0,302057
127_stage3.nii.gz,3,LV,1,1,1.0,869504
127_stage3.nii.gz,4,RA,1,1,1.0,454324
127_stage3.nii.gz,5,RV,1,1,1.0,1122065
127_stage3.nii.gz,6,Aorta,2,2,0.5456546574159213,394779
127_stage3.nii.gz,7,PA,2,2,0.8889995669120832,115450
127_stage3.nii.gz,8,LAA,1,1,1.0,38342
127_stage3.nii.gz,9,Coronary,2,2,0.8224506578947368,12160
127_stage3.nii.gz,10,PV,3,3,0.49144627262962903,128482
179_stage3.nii.gz,1,Myocardium,1,1,1.0,727193
179_stage3.nii.gz,2,LA,1,1,1.0,555488
179_stage3.nii.gz,3,LV,1,1,1.0,737951
179_stage3.nii.gz,4,RA,1,1,1.0,455767
179_stage3.nii.gz,5,RV,1,1,1.0,620844
179_stage3.nii.gz,6,Aorta,2,2,0.5455802807257788,438150
179_stage3.nii.gz,7,PA,2,2,0.9454226956111217,241474
179_stage3.nii.gz,8,LAA,1,1,1.0,63108
179_stage3.nii.gz,9,Coronary,1,1,1.0,20859
179_stage3.nii.gz,10,PV,3,3,0.5164558814115754,109353
121_stage3.nii.gz,1,Myocardium,1,1,1.0,672819
121_stage3.nii.gz,2,LA,1,1,1.0,386225
121_stage3.nii.gz,3,LV,1,1,1.0,764444
121_stage3.nii.gz,4,RA,1,1,1.0,520492
121_stage3.nii.gz,5,RV,1,1,1.0,883691
121_stage3.nii.gz,6,Aorta,2,2,0.5918735082794992,485597
121_stage3.nii.gz,7,PA,1,1,1.0,205402
121_stage3.nii.gz,8,LAA,1,1,1.0,58942
121_stage3.nii.gz,9,Coronary,1,1,1.0,12084
121_stage3.nii.gz,10,PV,3,3,0.5695342677894218,113649
181_stage3.nii.gz,1,Myocardium,1,1,1.0,1077422
181_stage3.nii.gz,2,LA,1,1,1.0,483869
181_stage3.nii.gz,3,LV,1,1,1.0,958038
181_stage3.nii.gz,4,RA,1,1,1.0,570445
181_stage3.nii.gz,5,RV,1,1,1.0,915950
181_stage3.nii.gz,6,Aorta,2,2,0.5875166651460794,679562
181_stage3.nii.gz,7,PA,3,1,0.9991270672634353,189018
181_stage3.nii.gz,8,LAA,1,1,1.0,64150
181_stage3.nii.gz,9,Coronary,2,1,0.97404035858918,28891
181_stage3.nii.gz,10,PV,3,3,0.5126043109135859,137929
188_stage3.nii.gz,1,Myocardium,1,1,1.0,733644
188_stage3.nii.gz,2,LA,1,1,1.0,414508
188_stage3.nii.gz,3,LV,1,1,1.0,786790
188_stage3.nii.gz,4,RA,1,1,1.0,667494
188_stage3.nii.gz,5,RV,1,1,1.0,944776
188_stage3.nii.gz,6,Aorta,2,2,0.6315185185964012,475549
188_stage3.nii.gz,7,PA,2,2,0.8935460766379202,206634
188_stage3.nii.gz,8,LAA,1,1,1.0,56440
188_stage3.nii.gz,9,Coronary,1,1,1.0,14606
188_stage3.nii.gz,10,PV,3,3,0.5055611019249369,128212
189_stage3.nii.gz,1,Myocardium,1,1,1.0,670716
189_stage3.nii.gz,2,LA,1,1,1.0,623428
189_stage3.nii.gz,3,LV,1,1,1.0,714467
189_stage3.nii.gz,4,RA,1,1,1.0,529768
189_stage3.nii.gz,5,RV,1,1,1.0,724198
189_stage3.nii.gz,6,Aorta,2,2,0.5639759881019349,648845
189_stage3.nii.gz,7,PA,2,1,0.9870840403061047,173274
189_stage3.nii.gz,8,LAA,1,1,1.0,101328
189_stage3.nii.gz,9,Coronary,1,1,1.0,29324
189_stage3.nii.gz,10,PV,3,3,0.4534907402378754,147304
18_stage3.nii.gz,1,Myocardium,1,1,1.0,731620
18_stage3.nii.gz,2,LA,1,1,1.0,728060
18_stage3.nii.gz,3,LV,1,1,1.0,926174
18_stage3.nii.gz,4,RA,1,1,1.0,627869
18_stage3.nii.gz,5,RV,1,1,1.0,1135268
18_stage3.nii.gz,6,Aorta,2,2,0.6450411499775082,549089
18_stage3.nii.gz,7,PA,2,2,0.9263875598086124,292600
18_stage3.nii.gz,8,LAA,1,1,1.0,117372
18_stage3.nii.gz,9,Coronary,2,2,0.8191251271617498,14745
18_stage3.nii.gz,10,PV,2,2,0.5441936144550895,175772
191_stage3.nii.gz,1,Myocardium,1,1,1.0,843226
191_stage3.nii.gz,2,LA,1,1,1.0,423345
191_stage3.nii.gz,3,LV,1,1,1.0,1098674
191_stage3.nii.gz,4,RA,1,1,1.0,482081
191_stage3.nii.gz,5,RV,1,1,1.0,1207373
191_stage3.nii.gz,6,Aorta,2,2,0.6596372885598827,447408
191_stage3.nii.gz,7,PA,2,2,0.5863776876314368,87019
191_stage3.nii.gz,8,LAA,1,1,1.0,39043
191_stage3.nii.gz,9,Coronary,1,1,1.0,17251
191_stage3.nii.gz,10,PV,2,2,0.5196024505434061,158169
195_stage3.nii.gz,1,Myocardium,1,1,1.0,727022
195_stage3.nii.gz,2,LA,1,1,1.0,566903
195_stage3.nii.gz,3,LV,1,1,1.0,766302
195_stage3.nii.gz,4,RA,1,1,1.0,710015
195_stage3.nii.gz,5,RV,1,1,1.0,1072797
195_stage3.nii.gz,6,Aorta,2,2,0.5395465320004122,485150
195_stage3.nii.gz,7,PA,2,2,0.9318980175740482,196426
195_stage3.nii.gz,8,LAA,1,1,1.0,75966
195_stage3.nii.gz,9,Coronary,1,1,1.0,21590
195_stage3.nii.gz,10,PV,2,2,0.5338299520991828,170352
202_stage3.nii.gz,1,Myocardium,1,1,1.0,732784
202_stage3.nii.gz,2,LA,1,1,1.0,498980
202_stage3.nii.gz,3,LV,1,1,1.0,899030
202_stage3.nii.gz,4,RA,1,1,1.0,567855
202_stage3.nii.gz,5,RV,1,1,1.0,998707
202_stage3.nii.gz,6,Aorta,2,2,0.51755235332609,490561
202_stage3.nii.gz,7,PA,2,2,0.9313703924834239,222761
202_stage3.nii.gz,8,LAA,1,1,1.0,100156
202_stage3.nii.gz,9,Coronary,2,2,0.5412115193644489,14098
202_stage3.nii.gz,10,PV,2,2,0.5793512001049272,137238
196_stage3.nii.gz,1,Myocardium,1,1,1.0,623152
196_stage3.nii.gz,2,LA,1,1,1.0,406067
196_stage3.nii.gz,3,LV,1,1,1.0,743310
196_stage3.nii.gz,4,RA,1,1,1.0,508725
196_stage3.nii.gz,5,RV,1,1,1.0,934479
196_stage3.nii.gz,6,Aorta,2,2,0.5232481243391128,595790
196_stage3.nii.gz,7,PA,1,1,1.0,365163
196_stage3.nii.gz,8,LAA,1,1,1.0,56318
196_stage3.nii.gz,9,Coronary,1,1,1.0,18931
196_stage3.nii.gz,10,PV,3,3,0.4934127869842005,142473
198_stage3.nii.gz,1,Myocardium,1,1,1.0,580006
198_stage3.nii.gz,2,LA,1,1,1.0,377291
198_stage3.nii.gz,3,LV,1,1,1.0,580242
198_stage3.nii.gz,4,RA,1,1,1.0,569601
198_stage3.nii.gz,5,RV,1,1,1.0,802446
198_stage3.nii.gz,6,Aorta,2,2,0.5454226165545711,532433
198_stage3.nii.gz,7,PA,2,1,0.9860672047009819,215104
198_stage3.nii.gz,8,LAA,1,1,1.0,49937
198_stage3.nii.gz,9,Coronary,1,1,1.0,11543
198_stage3.nii.gz,10,PV,2,2,0.6486075132797774,99211
201_stage3.nii.gz,1,Myocardium,1,1,1.0,711486
201_stage3.nii.gz,2,LA,1,1,1.0,325518
201_stage3.nii.gz,3,LV,1,1,1.0,776473
201_stage3.nii.gz,4,RA,1,1,1.0,427948
201_stage3.nii.gz,5,RV,1,1,1.0,929193
201_stage3.nii.gz,6,Aorta,2,2,0.59151262450776,647550
201_stage3.nii.gz,7,PA,1,1,1.0,184567
201_stage3.nii.gz,8,LAA,1,1,1.0,53628
201_stage3.nii.gz,9,Coronary,2,2,0.6129854481416257,21578
201_stage3.nii.gz,10,PV,3,3,0.506859762028902,128503
199_stage3.nii.gz,1,Myocardium,1,1,1.0,589723
199_stage3.nii.gz,2,LA,1,1,1.0,382919
199_stage3.nii.gz,3,LV,1,1,1.0,596099
199_stage3.nii.gz,4,RA,1,1,1.0,471578
199_stage3.nii.gz,5,RV,1,1,1.0,528230
199_stage3.nii.gz,6,Aorta,2,2,0.5178408440244228,705572
199_stage3.nii.gz,7,PA,1,1,1.0,379460
199_stage3.nii.gz,8,LAA,1,1,1.0,61870
199_stage3.nii.gz,9,Coronary,2,2,0.9173931482964988,21221
199_stage3.nii.gz,10,PV,2,2,0.533438625307979,79145
190_stage3.nii.gz,1,Myocardium,1,1,1.0,753382
190_stage3.nii.gz,2,LA,1,1,1.0,422345
190_stage3.nii.gz,3,LV,1,1,1.0,818701
190_stage3.nii.gz,4,RA,1,1,1.0,576664
190_stage3.nii.gz,5,RV,1,1,1.0,875696
190_stage3.nii.gz,6,Aorta,2,2,0.5364427126842348,855905
190_stage3.nii.gz,7,PA,2,1,0.9808045742291198,146910
190_stage3.nii.gz,8,LAA,1,1,1.0,63988
190_stage3.nii.gz,9,Coronary,2,1,0.9688037061944258,26766
190_stage3.nii.gz,10,PV,3,3,0.45864716874892897,122543
194_stage3.nii.gz,1,Myocardium,1,1,1.0,769443
194_stage3.nii.gz,2,LA,1,1,1.0,323552
194_stage3.nii.gz,3,LV,1,1,1.0,787828
194_stage3.nii.gz,4,RA,1,1,1.0,440659
194_stage3.nii.gz,5,RV,1,1,1.0,928480
194_stage3.nii.gz,6,Aorta,2,2,0.5220947190768582,750134
194_stage3.nii.gz,7,PA,1,1,1.0,260226
194_stage3.nii.gz,8,LAA,1,1,1.0,51734
194_stage3.nii.gz,9,Coronary,1,1,1.0,11719
194_stage3.nii.gz,10,PV,3,3,0.4943260448380847,115616
193_stage3.nii.gz,1,Myocardium,1,1,1.0,523798
193_stage3.nii.gz,2,LA,1,1,1.0,339649
193_stage3.nii.gz,3,LV,1,1,1.0,542942
193_stage3.nii.gz,4,RA,1,1,1.0,529870
193_stage3.nii.gz,5,RV,1,1,1.0,680315
193_stage3.nii.gz,6,Aorta,2,2,0.5908704867655795,681745
193_stage3.nii.gz,7,PA,2,1,0.9986855282924386,143784
193_stage3.nii.gz,8,LAA,1,1,1.0,26586
193_stage3.nii.gz,9,Coronary,1,1,1.0,21538
193_stage3.nii.gz,10,PV,2,2,0.5301008703866136,118568
197_stage3.nii.gz,1,Myocardium,1,1,1.0,658040
197_stage3.nii.gz,2,LA,1,1,1.0,436060
197_stage3.nii.gz,3,LV,1,1,1.0,710342
197_stage3.nii.gz,4,RA,1,1,1.0,377551
197_stage3.nii.gz,5,RV,1,1,1.0,891180
197_stage3.nii.gz,6,Aorta,2,2,0.5125706508564001,523879
197_stage3.nii.gz,7,PA,1,1,1.0,206179
197_stage3.nii.gz,8,LAA,1,1,1.0,35732
197_stage3.nii.gz,9,Coronary,1,1,1.0,20744
197_stage3.nii.gz,10,PV,2,2,0.5165124028137726,108040
204_stage3.nii.gz,1,Myocardium,1,1,1.0,564267
204_stage3.nii.gz,2,LA,2,1,0.9999972807539925,367749
204_stage3.nii.gz,3,LV,1,1,1.0,571540
204_stage3.nii.gz,4,RA,1,1,1.0,359788
204_stage3.nii.gz,5,RV,1,1,1.0,876873
204_stage3.nii.gz,6,Aorta,2,2,0.5435242035130402,679013
204_stage3.nii.gz,7,PA,1,1,1.0,263028
204_stage3.nii.gz,8,LAA,1,1,1.0,48920
204_stage3.nii.gz,9,Coronary,2,2,0.536123993165731,16388
204_stage3.nii.gz,10,PV,3,3,0.43266083567777036,91351
207_stage3.nii.gz,1,Myocardium,1,1,1.0,543366
207_stage3.nii.gz,2,LA,1,1,1.0,355346
207_stage3.nii.gz,3,LV,1,1,1.0,531935
207_stage3.nii.gz,4,RA,1,1,1.0,399711
207_stage3.nii.gz,5,RV,1,1,1.0,681914
207_stage3.nii.gz,6,Aorta,2,2,0.595414907652993,516151
207_stage3.nii.gz,7,PA,1,1,1.0,213922
207_stage3.nii.gz,8,LAA,1,1,1.0,38516
207_stage3.nii.gz,9,Coronary,2,2,0.9005303957568339,12255
207_stage3.nii.gz,10,PV,3,3,0.5033762763971745,109292
213_stage3.nii.gz,1,Myocardium,1,1,1.0,700619
213_stage3.nii.gz,2,LA,1,1,1.0,334073
213_stage3.nii.gz,3,LV,1,1,1.0,724860
213_stage3.nii.gz,4,RA,1,1,1.0,509264
213_stage3.nii.gz,5,RV,1,1,1.0,969824
213_stage3.nii.gz,6,Aorta,2,2,0.5727923390897312,503961
213_stage3.nii.gz,7,PA,3,1,0.9988355393393626,180341
213_stage3.nii.gz,8,LAA,1,1,1.0,38612
213_stage3.nii.gz,9,Coronary,1,1,1.0,9455
213_stage3.nii.gz,10,PV,3,3,0.508319918971224,110578
205_stage3.nii.gz,1,Myocardium,1,1,1.0,759793
205_stage3.nii.gz,2,LA,1,1,1.0,534131
205_stage3.nii.gz,3,LV,1,1,1.0,691901
205_stage3.nii.gz,4,RA,1,1,1.0,541496
205_stage3.nii.gz,5,RV,1,1,1.0,1022850
205_stage3.nii.gz,6,Aorta,2,2,0.5362883119914279,565554
205_stage3.nii.gz,7,PA,2,2,0.9213193198325216,117030
205_stage3.nii.gz,8,LAA,1,1,1.0,50957
205_stage3.nii.gz,9,Coronary,2,2,0.5985723863233032,25357
205_stage3.nii.gz,10,PV,2,2,0.5654334660958588,140853
206_stage3.nii.gz,1,Myocardium,1,1,1.0,557066
206_stage3.nii.gz,2,LA,1,1,1.0,332387
206_stage3.nii.gz,3,LV,1,1,1.0,585427
206_stage3.nii.gz,4,RA,1,1,1.0,326984
206_stage3.nii.gz,5,RV,1,1,1.0,711449
206_stage3.nii.gz,6,Aorta,2,2,0.5391289539662732,698792
206_stage3.nii.gz,7,PA,1,1,1.0,285467
206_stage3.nii.gz,8,LAA,1,1,1.0,46969
206_stage3.nii.gz,9,Coronary,2,2,0.74626767076232,15138
206_stage3.nii.gz,10,PV,2,2,0.5971735398618707,125245
19_stage3.nii.gz,1,Myocardium,1,1,1.0,617439
19_stage3.nii.gz,2,LA,3,1,0.99999532389071,427706
19_stage3.nii.gz,3,LV,1,1,1.0,650911
19_stage3.nii.gz,4,RA,1,1,1.0,557845
19_stage3.nii.gz,5,RV,1,1,1.0,660531
19_stage3.nii.gz,6,Aorta,2,2,0.5706120121664332,571737
19_stage3.nii.gz,7,PA,1,1,1.0,258550
19_stage3.nii.gz,8,LAA,1,1,1.0,46639
19_stage3.nii.gz,9,Coronary,2,2,0.8341500506928016,23672
19_stage3.nii.gz,10,PV,3,3,0.5699788218005791,115685
200_stage3.nii.gz,1,Myocardium,1,1,1.0,516924
200_stage3.nii.gz,2,LA,1,1,1.0,368237
200_stage3.nii.gz,3,LV,1,1,1.0,654443
200_stage3.nii.gz,4,RA,1,1,1.0,385693
200_stage3.nii.gz,5,RV,1,1,1.0,699501
200_stage3.nii.gz,6,Aorta,2,2,0.5257703601969815,527156
200_stage3.nii.gz,7,PA,2,1,0.956921759262357,149449
200_stage3.nii.gz,8,LAA,1,1,1.0,37821
200_stage3.nii.gz,9,Coronary,1,1,1.0,10556
200_stage3.nii.gz,10,PV,2,2,0.5067678424938474,117024
215_stage3.nii.gz,1,Myocardium,1,1,1.0,584626
215_stage3.nii.gz,2,LA,1,1,1.0,380320
215_stage3.nii.gz,3,LV,1,1,1.0,552943
215_stage3.nii.gz,4,RA,1,1,1.0,428549
215_stage3.nii.gz,5,RV,1,1,1.0,771232
215_stage3.nii.gz,6,Aorta,2,2,0.5961323007474526,489128
215_stage3.nii.gz,7,PA,1,1,1.0,198181
215_stage3.nii.gz,8,LAA,1,1,1.0,43440
215_stage3.nii.gz,9,Coronary,1,1,1.0,9030
215_stage3.nii.gz,10,PV,3,3,0.514366744519244,101902
209_stage3.nii.gz,1,Myocardium,1,1,1.0,778447
209_stage3.nii.gz,2,LA,1,1,1.0,552750
209_stage3.nii.gz,3,LV,1,1,1.0,943977
209_stage3.nii.gz,4,RA,1,1,1.0,717941
209_stage3.nii.gz,5,RV,1,1,1.0,1102047
209_stage3.nii.gz,6,Aorta,2,2,0.5421509228526772,569430
209_stage3.nii.gz,7,PA,2,2,0.762440916442895,63681
209_stage3.nii.gz,8,LAA,1,1,1.0,51746
209_stage3.nii.gz,9,Coronary,1,1,1.0,15075
209_stage3.nii.gz,10,PV,2,2,0.5752930764320121,137848
221_stage3.nii.gz,1,Myocardium,1,1,1.0,775786
221_stage3.nii.gz,2,LA,1,1,1.0,587890
221_stage3.nii.gz,3,LV,1,1,1.0,805532
221_stage3.nii.gz,4,RA,1,1,1.0,568855
221_stage3.nii.gz,5,RV,1,1,1.0,1021751
221_stage3.nii.gz,6,Aorta,2,2,0.5320417204268998,536332
221_stage3.nii.gz,7,PA,2,2,0.5178065862017583,107376
221_stage3.nii.gz,8,LAA,1,1,1.0,49210
221_stage3.nii.gz,9,Coronary,1,1,1.0,17034
221_stage3.nii.gz,10,PV,3,3,0.3893356814401722,102210
210_stage3.nii.gz,1,Myocardium,1,1,1.0,755805
210_stage3.nii.gz,2,LA,1,1,1.0,407227
210_stage3.nii.gz,3,LV,1,1,1.0,850284
210_stage3.nii.gz,4,RA,1,1,1.0,506839
210_stage3.nii.gz,5,RV,1,1,1.0,972222
210_stage3.nii.gz,6,Aorta,2,2,0.587860752636305,539012
210_stage3.nii.gz,7,PA,2,2,0.6667774671020472,51143
210_stage3.nii.gz,8,LAA,1,1,1.0,19994
210_stage3.nii.gz,9,Coronary,1,1,1.0,18252
210_stage3.nii.gz,10,PV,3,3,0.4844989030213516,139474
192_stage3.nii.gz,1,Myocardium,1,1,1.0,961244
192_stage3.nii.gz,2,LA,1,1,1.0,526716
192_stage3.nii.gz,3,LV,1,1,1.0,918516
192_stage3.nii.gz,4,RA,1,1,1.0,563578
192_stage3.nii.gz,5,RV,1,1,1.0,1169870
192_stage3.nii.gz,6,Aorta,2,2,0.524796154213912,606586
192_stage3.nii.gz,7,PA,2,2,0.9358574797843666,166208
192_stage3.nii.gz,8,LAA,1,1,1.0,71154
192_stage3.nii.gz,9,Coronary,2,1,0.9563993531772175,16697
192_stage3.nii.gz,10,PV,2,2,0.510970205713874,138785
217_stage3.nii.gz,1,Myocardium,1,1,1.0,685659
217_stage3.nii.gz,2,LA,1,1,1.0,382634
217_stage3.nii.gz,3,LV,1,1,1.0,803400
217_stage3.nii.gz,4,RA,1,1,1.0,512824
217_stage3.nii.gz,5,RV,1,1,1.0,966797
217_stage3.nii.gz,6,Aorta,2,2,0.5193140112161561,534586
217_stage3.nii.gz,7,PA,1,1,1.0,199611
217_stage3.nii.gz,8,LAA,1,1,1.0,50108
217_stage3.nii.gz,9,Coronary,2,2,0.5013908205841446,24446
217_stage3.nii.gz,10,PV,3,3,0.5762618362087858,132327
20_stage3.nii.gz,1,Myocardium,1,1,1.0,448250
20_stage3.nii.gz,2,LA,1,1,1.0,310694
20_stage3.nii.gz,3,LV,1,1,1.0,487712
20_stage3.nii.gz,4,RA,1,1,1.0,371706
20_stage3.nii.gz,5,RV,1,1,1.0,576338
20_stage3.nii.gz,6,Aorta,2,2,0.5260801958849941,731858
20_stage3.nii.gz,7,PA,2,2,0.9376006756017078,255772
20_stage3.nii.gz,8,LAA,1,1,1.0,37333
20_stage3.nii.gz,9,Coronary,2,2,0.8146558704453442,12350
20_stage3.nii.gz,10,PV,2,2,0.5826265512007857,89608
211_stage3.nii.gz,1,Myocardium,1,1,1.0,703887
211_stage3.nii.gz,2,LA,1,1,1.0,486976
211_stage3.nii.gz,3,LV,1,1,1.0,709332
211_stage3.nii.gz,4,RA,1,1,1.0,493488
211_stage3.nii.gz,5,RV,1,1,1.0,871049
211_stage3.nii.gz,6,Aorta,2,2,0.5046956606037105,660184
211_stage3.nii.gz,7,PA,1,1,1.0,307810
211_stage3.nii.gz,8,LAA,1,1,1.0,73577
211_stage3.nii.gz,9,Coronary,1,1,1.0,17327
211_stage3.nii.gz,10,PV,2,2,0.5357142857142857,118440
223_stage3.nii.gz,1,Myocardium,1,1,1.0,707085
223_stage3.nii.gz,2,LA,1,1,1.0,357262
223_stage3.nii.gz,3,LV,1,1,1.0,731991
223_stage3.nii.gz,4,RA,1,1,1.0,464314
223_stage3.nii.gz,5,RV,1,1,1.0,898729
223_stage3.nii.gz,6,Aorta,2,2,0.5451556258467407,687932
223_stage3.nii.gz,7,PA,2,1,0.9518064140379883,266135
223_stage3.nii.gz,8,LAA,1,1,1.0,88792
223_stage3.nii.gz,9,Coronary,1,1,1.0,19213
223_stage3.nii.gz,10,PV,2,2,0.5151258107134278,133216
1_stage3.nii.gz,1,Myocardium,1,1,1.0,547741
1_stage3.nii.gz,2,LA,2,1,0.9999970758951416,341985
1_stage3.nii.gz,3,LV,1,1,1.0,489490
1_stage3.nii.gz,4,RA,1,1,1.0,340353
1_stage3.nii.gz,5,RV,1,1,1.0,603823
1_stage3.nii.gz,6,Aorta,2,2,0.5401321787015085,703139
1_stage3.nii.gz,7,PA,1,1,1.0,273252
1_stage3.nii.gz,8,LAA,1,1,1.0,44250
1_stage3.nii.gz,9,Coronary,1,1,1.0,10476
1_stage3.nii.gz,10,PV,3,3,0.5274230509090542,99059
220_stage3.nii.gz,1,Myocardium,1,1,1.0,586686
220_stage3.nii.gz,2,LA,1,1,1.0,396168
220_stage3.nii.gz,3,LV,1,1,1.0,487009
220_stage3.nii.gz,4,RA,1,1,1.0,329436
220_stage3.nii.gz,5,RV,1,1,1.0,646825
220_stage3.nii.gz,6,Aorta,2,2,0.5020824732810422,654030
220_stage3.nii.gz,7,PA,1,1,1.0,275367
220_stage3.nii.gz,8,LAA,1,1,1.0,29276
220_stage3.nii.gz,9,Coronary,1,1,1.0,14460
220_stage3.nii.gz,10,PV,2,2,0.5453066309643348,107556
225_stage3.nii.gz,1,Myocardium,1,1,1.0,614158
225_stage3.nii.gz,2,LA,1,1,1.0,373769
225_stage3.nii.gz,3,LV,1,1,1.0,597814
225_stage3.nii.gz,4,RA,1,1,1.0,502128
225_stage3.nii.gz,5,RV,1,1,1.0,875640
225_stage3.nii.gz,6,Aorta,2,2,0.5137535747176579,660192
225_stage3.nii.gz,7,PA,2,1,0.957696566205268,279079
225_stage3.nii.gz,8,LAA,1,1,1.0,44725
225_stage3.nii.gz,9,Coronary,1,1,1.0,18485
225_stage3.nii.gz,10,PV,2,2,0.5251809739689968,109408
233_stage3.nii.gz,1,Myocardium,1,1,1.0,574368
233_stage3.nii.gz,2,LA,1,1,1.0,447228
233_stage3.nii.gz,3,LV,1,1,1.0,569982
233_stage3.nii.gz,4,RA,1,1,1.0,446519
233_stage3.nii.gz,5,RV,1,1,1.0,779777
233_stage3.nii.gz,6,Aorta,2,2,0.5592949032701562,509150
233_stage3.nii.gz,7,PA,2,2,0.9478178368121443,133858
233_stage3.nii.gz,8,LAA,1,1,1.0,45070
233_stage3.nii.gz,9,Coronary,1,1,1.0,13733
233_stage3.nii.gz,10,PV,2,2,0.5959287472711227,86116
222_stage3.nii.gz,1,Myocardium,1,1,1.0,494363
222_stage3.nii.gz,2,LA,1,1,1.0,489269
222_stage3.nii.gz,3,LV,1,1,1.0,565368
222_stage3.nii.gz,4,RA,1,1,1.0,558331
222_stage3.nii.gz,5,RV,1,1,1.0,671475
222_stage3.nii.gz,6,Aorta,2,2,0.5413002049093929,474356
222_stage3.nii.gz,7,PA,2,1,0.9885761851505728,195819
222_stage3.nii.gz,8,LAA,1,1,1.0,71929
222_stage3.nii.gz,9,Coronary,1,1,1.0,8714
222_stage3.nii.gz,10,PV,2,2,0.6142345182224023,113569
203_stage3.nii.gz,1,Myocardium,1,1,1.0,888218
203_stage3.nii.gz,2,LA,1,1,1.0,556737
203_stage3.nii.gz,3,LV,1,1,1.0,1042443
203_stage3.nii.gz,4,RA,1,1,1.0,545640
203_stage3.nii.gz,5,RV,1,1,1.0,1118870
203_stage3.nii.gz,6,Aorta,2,2,0.5194702981150348,634017
203_stage3.nii.gz,7,PA,2,2,0.9008067466353467,259685
203_stage3.nii.gz,8,LAA,1,1,1.0,82294
203_stage3.nii.gz,9,Coronary,1,1,1.0,17808
203_stage3.nii.gz,10,PV,3,3,0.5839584438796883,179035
226_stage3.nii.gz,1,Myocardium,1,1,1.0,790004
226_stage3.nii.gz,2,LA,2,1,0.9999979619122155,490656
226_stage3.nii.gz,3,LV,1,1,1.0,830671
226_stage3.nii.gz,4,RA,1,1,1.0,633100
226_stage3.nii.gz,5,RV,1,1,1.0,908594
226_stage3.nii.gz,6,Aorta,2,2,0.563619376110373,499832
226_stage3.nii.gz,7,PA,1,1,1.0,223266
226_stage3.nii.gz,8,LAA,1,1,1.0,89730
226_stage3.nii.gz,9,Coronary,2,2,0.8988545816733068,20080
226_stage3.nii.gz,10,PV,3,3,0.4363668626271043,129618
224_stage3.nii.gz,1,Myocardium,1,1,1.0,454556
224_stage3.nii.gz,2,LA,1,1,1.0,388878
224_stage3.nii.gz,3,LV,1,1,1.0,545689
224_stage3.nii.gz,4,RA,1,1,1.0,578110
224_stage3.nii.gz,5,RV,1,1,1.0,789195
224_stage3.nii.gz,6,Aorta,2,2,0.5674838163895837,435008
224_stage3.nii.gz,7,PA,2,2,0.6138229407605373,83441
224_stage3.nii.gz,8,LAA,1,1,1.0,42706
224_stage3.nii.gz,9,Coronary,1,1,1.0,15928
224_stage3.nii.gz,10,PV,3,3,0.5182660354167615,87868
216_stage3.nii.gz,1,Myocardium,1,1,1.0,612679
216_stage3.nii.gz,2,LA,2,1,0.9999982074966077,557879
216_stage3.nii.gz,3,LV,1,1,1.0,621069
216_stage3.nii.gz,4,RA,1,1,1.0,509296
216_stage3.nii.gz,5,RV,1,1,1.0,841434
216_stage3.nii.gz,6,Aorta,2,2,0.5858510795135148,834311
216_stage3.nii.gz,7,PA,2,1,0.9586653744981309,180575
216_stage3.nii.gz,8,LAA,1,1,1.0,65437
216_stage3.nii.gz,9,Coronary,1,1,1.0,23739
216_stage3.nii.gz,10,PV,2,2,0.559415395687436,144508
218_stage3.nii.gz,1,Myocardium,1,1,1.0,605190
218_stage3.nii.gz,2,LA,1,1,1.0,357862
218_stage3.nii.gz,3,LV,1,1,1.0,571078
218_stage3.nii.gz,4,RA,1,1,1.0,448193
218_stage3.nii.gz,5,RV,1,1,1.0,689381
218_stage3.nii.gz,6,Aorta,2,2,0.5339422877309529,814073
218_stage3.nii.gz,7,PA,1,1,1.0,249376
218_stage3.nii.gz,8,LAA,1,1,1.0,41121
218_stage3.nii.gz,9,Coronary,1,1,1.0,9532
218_stage3.nii.gz,10,PV,2,2,0.5082482384988815,131422
227_stage3.nii.gz,1,Myocardium,1,1,1.0,666870
227_stage3.nii.gz,2,LA,1,1,1.0,541783
227_stage3.nii.gz,3,LV,1,1,1.0,653694
227_stage3.nii.gz,4,RA,1,1,1.0,578727
227_stage3.nii.gz,5,RV,1,1,1.0,884587
227_stage3.nii.gz,6,Aorta,2,2,0.5305091565144823,703379
227_stage3.nii.gz,7,PA,1,1,1.0,258562
227_stage3.nii.gz,8,LAA,1,1,1.0,71534
227_stage3.nii.gz,9,Coronary,2,1,0.9783746629302597,18913
227_stage3.nii.gz,10,PV,3,3,0.5300935081078026,141592
22_stage3.nii.gz,1,Myocardium,1,1,1.0,608980
22_stage3.nii.gz,2,LA,1,1,1.0,526399
22_stage3.nii.gz,3,LV,1,1,1.0,667653
22_stage3.nii.gz,4,RA,1,1,1.0,513065
22_stage3.nii.gz,5,RV,1,1,1.0,749360
22_stage3.nii.gz,6,Aorta,2,2,0.5121091829315291,526749
22_stage3.nii.gz,7,PA,1,1,1.0,178904
22_stage3.nii.gz,8,LAA,1,1,1.0,40905
22_stage3.nii.gz,9,Coronary,2,2,0.8196126842064656,12961
22_stage3.nii.gz,10,PV,2,2,0.5072322107362539,101283
231_stage3.nii.gz,1,Myocardium,1,1,1.0,563965
231_stage3.nii.gz,2,LA,1,1,1.0,391145
231_stage3.nii.gz,3,LV,1,1,1.0,712609
231_stage3.nii.gz,4,RA,1,1,1.0,526787
231_stage3.nii.gz,5,RV,1,1,1.0,821286
231_stage3.nii.gz,6,Aorta,2,2,0.542846394827745,640649
231_stage3.nii.gz,7,PA,1,1,1.0,186324
231_stage3.nii.gz,8,LAA,1,1,1.0,81722
231_stage3.nii.gz,9,Coronary,1,1,1.0,15672
231_stage3.nii.gz,10,PV,2,2,0.5064538635967207,103194
238_stage3.nii.gz,1,Myocardium,1,1,1.0,741795
238_stage3.nii.gz,2,LA,1,1,1.0,672171
238_stage3.nii.gz,3,LV,1,1,1.0,685811
238_stage3.nii.gz,4,RA,1,1,1.0,740551
238_stage3.nii.gz,5,RV,1,1,1.0,752598
238_stage3.nii.gz,6,Aorta,2,2,0.5438554047765031,541484
238_stage3.nii.gz,7,PA,2,2,0.8079154168422619,80678
238_stage3.nii.gz,8,LAA,1,1,1.0,20914
238_stage3.nii.gz,9,Coronary,1,1,1.0,20423
238_stage3.nii.gz,10,PV,2,2,0.712575866475004,100176
234_stage3.nii.gz,1,Myocardium,1,1,1.0,613203
234_stage3.nii.gz,2,LA,1,1,1.0,349787
234_stage3.nii.gz,3,LV,1,1,1.0,646933
234_stage3.nii.gz,4,RA,1,1,1.0,494300
234_stage3.nii.gz,5,RV,1,1,1.0,769180
234_stage3.nii.gz,6,Aorta,2,2,0.5561844009741808,576895
234_stage3.nii.gz,7,PA,1,1,1.0,253602
234_stage3.nii.gz,8,LAA,1,1,1.0,54261
234_stage3.nii.gz,9,Coronary,2,2,0.9170827002387671,13821
234_stage3.nii.gz,10,PV,2,2,0.5441232672063371,115132
236_stage3.nii.gz,1,Myocardium,1,1,1.0,542487
236_stage3.nii.gz,2,LA,1,1,1.0,465600
236_stage3.nii.gz,3,LV,1,1,1.0,590460
236_stage3.nii.gz,4,RA,1,1,1.0,505977
236_stage3.nii.gz,5,RV,1,1,1.0,741906
236_stage3.nii.gz,6,Aorta,2,2,0.5310882163554411,621200
236_stage3.nii.gz,7,PA,1,1,1.0,215751
236_stage3.nii.gz,8,LAA,1,1,1.0,57236
236_stage3.nii.gz,9,Coronary,2,1,0.9656284219491422,16438
236_stage3.nii.gz,10,PV,2,2,0.5579882799922725,93174
229_stage3.nii.gz,1,Myocardium,1,1,1.0,927081
229_stage3.nii.gz,2,LA,1,1,1.0,431487
229_stage3.nii.gz,3,LV,1,1,1.0,650574
229_stage3.nii.gz,4,RA,1,1,1.0,496983
229_stage3.nii.gz,5,RV,1,1,1.0,681058
229_stage3.nii.gz,6,Aorta,1,1,1.0,455952
229_stage3.nii.gz,7,PA,1,1,1.0,302070
229_stage3.nii.gz,8,LAA,1,1,1.0,86809
229_stage3.nii.gz,9,Coronary,2,2,0.6222703639514732,23080
229_stage3.nii.gz,10,PV,3,3,0.4917551238400427,89874
259_stage3.nii.gz,1,Myocardium,1,1,1.0,645834
259_stage3.nii.gz,2,LA,1,1,1.0,389381
259_stage3.nii.gz,3,LV,1,1,1.0,719931
259_stage3.nii.gz,4,RA,1,1,1.0,510553
259_stage3.nii.gz,5,RV,1,1,1.0,890913
259_stage3.nii.gz,6,Aorta,2,2,0.6389555936003879,528032
259_stage3.nii.gz,7,PA,1,1,1.0,72159
259_stage3.nii.gz,8,LAA,1,1,1.0,53239
259_stage3.nii.gz,9,Coronary,1,1,1.0,15625
259_stage3.nii.gz,10,PV,3,3,0.44857584371482534,104834
248_stage3.nii.gz,1,Myocardium,1,1,1.0,684156
248_stage3.nii.gz,2,LA,1,1,1.0,420781
248_stage3.nii.gz,3,LV,1,1,1.0,730197
248_stage3.nii.gz,4,RA,1,1,1.0,491464
248_stage3.nii.gz,5,RV,1,1,1.0,781479
248_stage3.nii.gz,6,Aorta,2,2,0.6079833638700024,485209
248_stage3.nii.gz,7,PA,1,1,1.0,230607
248_stage3.nii.gz,8,LAA,1,1,1.0,40063
248_stage3.nii.gz,9,Coronary,1,1,1.0,15360
248_stage3.nii.gz,10,PV,3,3,0.5368442866158643,106163
242_stage3.nii.gz,1,Myocardium,1,1,1.0,730868
242_stage3.nii.gz,2,LA,1,1,1.0,460391
242_stage3.nii.gz,3,LV,1,1,1.0,765232
242_stage3.nii.gz,4,RA,1,1,1.0,506288
242_stage3.nii.gz,5,RV,1,1,1.0,1072765
242_stage3.nii.gz,6,Aorta,2,2,0.5575851302375303,613648
242_stage3.nii.gz,7,PA,1,1,1.0,258960
242_stage3.nii.gz,8,LAA,1,1,1.0,34718
242_stage3.nii.gz,9,Coronary,1,1,1.0,14420
242_stage3.nii.gz,10,PV,3,3,0.47694419635473523,120924
239_stage3.nii.gz,1,Myocardium,1,1,1.0,817509
239_stage3.nii.gz,2,LA,1,1,1.0,569639
239_stage3.nii.gz,3,LV,1,1,1.0,809527
239_stage3.nii.gz,4,RA,1,1,1.0,628848
239_stage3.nii.gz,5,RV,1,1,1.0,712122
239_stage3.nii.gz,6,Aorta,2,2,0.5330389330532218,517889
239_stage3.nii.gz,7,PA,1,1,1.0,332644
239_stage3.nii.gz,8,LAA,1,1,1.0,67180
239_stage3.nii.gz,9,Coronary,1,1,1.0,22067
239_stage3.nii.gz,10,PV,2,2,0.7154059985369422,102525
228_stage3.nii.gz,1,Myocardium,1,1,1.0,684399
228_stage3.nii.gz,2,LA,1,1,1.0,577642
228_stage3.nii.gz,3,LV,1,1,1.0,637916
228_stage3.nii.gz,4,RA,1,1,1.0,572673
228_stage3.nii.gz,5,RV,1,1,1.0,683715
228_stage3.nii.gz,6,Aorta,2,2,0.5617718763049016,548413
228_stage3.nii.gz,7,PA,2,2,0.661380026456908,70303
228_stage3.nii.gz,8,LAA,1,1,1.0,61179
228_stage3.nii.gz,9,Coronary,1,1,1.0,18711
228_stage3.nii.gz,10,PV,3,3,0.43958825514681066,106668
249_stage3.nii.gz,1,Myocardium,1,1,1.0,729991
249_stage3.nii.gz,2,LA,1,1,1.0,402102
249_stage3.nii.gz,3,LV,1,1,1.0,696733
249_stage3.nii.gz,4,RA,1,1,1.0,516703
249_stage3.nii.gz,5,RV,1,1,1.0,854819
249_stage3.nii.gz,6,Aorta,2,2,0.5469166522648127,653851
249_stage3.nii.gz,7,PA,2,1,0.9728666114333057,222088
249_stage3.nii.gz,8,LAA,1,1,1.0,51227
249_stage3.nii.gz,9,Coronary,1,1,1.0,28212
249_stage3.nii.gz,10,PV,2,2,0.5042039562762128,151405
243_stage3.nii.gz,1,Myocardium,1,1,1.0,668023
243_stage3.nii.gz,2,LA,1,1,1.0,404766
243_stage3.nii.gz,3,LV,1,1,1.0,708870
243_stage3.nii.gz,4,RA,1,1,1.0,434965
243_stage3.nii.gz,5,RV,1,1,1.0,806092
243_stage3.nii.gz,6,Aorta,2,2,0.5290808093165784,686604
243_stage3.nii.gz,7,PA,1,1,1.0,370346
243_stage3.nii.gz,8,LAA,1,1,1.0,43348
243_stage3.nii.gz,9,Coronary,1,1,1.0,21166
243_stage3.nii.gz,10,PV,3,3,0.5170229936941743,146214
208_stage3.nii.gz,1,Myocardium,1,1,1.0,622558
208_stage3.nii.gz,2,LA,1,1,1.0,323156
208_stage3.nii.gz,3,LV,1,1,1.0,689005
208_stage3.nii.gz,4,RA,1,1,1.0,442801
208_stage3.nii.gz,5,RV,1,1,1.0,794356
208_stage3.nii.gz,6,Aorta,2,2,0.5216112896587582,775081
208_stage3.nii.gz,7,PA,1,1,1.0,324364
208_stage3.nii.gz,8,LAA,1,1,1.0,21359
208_stage3.nii.gz,9,Coronary,1,1,1.0,8100
208_stage3.nii.gz,10,PV,2,2,0.5036731004277857,157088
237_stage3.nii.gz,1,Myocardium,1,1,1.0,891651
237_stage3.nii.gz,2,LA,2,1,0.9999955932188451,453846
237_stage3.nii.gz,3,LV,1,1,1.0,1003767
237_stage3.nii.gz,4,RA,1,1,1.0,626652
237_stage3.nii.gz,5,RV,1,1,1.0,1255580
237_stage3.nii.gz,6,Aorta,2,2,0.535945770655062,477970
237_stage3.nii.gz,7,PA,2,2,0.5065058503490545,122044
237_stage3.nii.gz,8,LAA,1,1,1.0,75146
237_stage3.nii.gz,9,Coronary,1,1,1.0,33837
237_stage3.nii.gz,10,PV,3,3,0.5772884250617778,132329
21_stage3.nii.gz,1,Myocardium,1,1,1.0,540242
21_stage3.nii.gz,2,LA,1,1,1.0,389013
21_stage3.nii.gz,3,LV,1,1,1.0,541511
21_stage3.nii.gz,4,RA,1,1,1.0,391146
21_stage3.nii.gz,5,RV,1,1,1.0,573555
21_stage3.nii.gz,6,Aorta,2,2,0.5844250403251241,554865
21_stage3.nii.gz,7,PA,1,1,1.0,215470
21_stage3.nii.gz,8,LAA,1,1,1.0,70767
21_stage3.nii.gz,9,Coronary,2,2,0.931500162707452,12292
21_stage3.nii.gz,10,PV,2,2,0.5439489163740466,89422
257_stage3.nii.gz,1,Myocardium,1,1,1.0,655772
257_stage3.nii.gz,2,LA,1,1,1.0,406096
257_stage3.nii.gz,3,LV,1,1,1.0,660770
257_stage3.nii.gz,4,RA,1,1,1.0,465748
257_stage3.nii.gz,5,RV,1,1,1.0,821841
257_stage3.nii.gz,6,Aorta,2,2,0.5456930161625,569157
257_stage3.nii.gz,7,PA,1,1,1.0,332993
257_stage3.nii.gz,8,LAA,1,1,1.0,36403
257_stage3.nii.gz,9,Coronary,1,1,1.0,10715
257_stage3.nii.gz,10,PV,3,3,0.5274297324754487,147650
241_stage3.nii.gz,1,Myocardium,1,1,1.0,689231
241_stage3.nii.gz,2,LA,1,1,1.0,476752
241_stage3.nii.gz,3,LV,1,1,1.0,623338
241_stage3.nii.gz,4,RA,1,1,1.0,520741
241_stage3.nii.gz,5,RV,1,1,1.0,808668
241_stage3.nii.gz,6,Aorta,2,2,0.7162348890707261,777252
241_stage3.nii.gz,7,PA,2,1,0.9551067528385678,299711
241_stage3.nii.gz,8,LAA,1,1,1.0,73649
241_stage3.nii.gz,9,Coronary,1,1,1.0,22147
241_stage3.nii.gz,10,PV,2,2,0.5781973347994227,160063
24_stage3.nii.gz,1,Myocardium,1,1,1.0,564486
24_stage3.nii.gz,2,LA,1,1,1.0,414139
24_stage3.nii.gz,3,LV,1,1,1.0,610122
24_stage3.nii.gz,4,RA,1,1,1.0,561173
24_stage3.nii.gz,5,RV,1,1,1.0,721195
24_stage3.nii.gz,6,Aorta,2,2,0.5396951924372548,705035
24_stage3.nii.gz,7,PA,1,1,1.0,293635
24_stage3.nii.gz,8,LAA,1,1,1.0,106913
24_stage3.nii.gz,9,Coronary,2,1,0.976363444935776,18996
24_stage3.nii.gz,10,PV,2,2,0.570776771591956,115066
232_stage3.nii.gz,1,Myocardium,1,1,1.0,914811
232_stage3.nii.gz,2,LA,1,1,1.0,478373
232_stage3.nii.gz,3,LV,1,1,1.0,878621
232_stage3.nii.gz,4,RA,1,1,1.0,576157
232_stage3.nii.gz,5,RV,1,1,1.0,1027704
232_stage3.nii.gz,6,Aorta,2,2,0.6147115072021039,550603
232_stage3.nii.gz,7,PA,2,2,0.6458541286614119,58106
232_stage3.nii.gz,8,LAA,1,1,1.0,49788
232_stage3.nii.gz,9,Coronary,1,1,1.0,22210
232_stage3.nii.gz,10,PV,3,3,0.5462628359986956,150261
219_stage3.nii.gz,1,Myocardium,1,1,1.0,677691
219_stage3.nii.gz,2,LA,1,1,1.0,313223
219_stage3.nii.gz,3,LV,1,1,1.0,667124
219_stage3.nii.gz,4,RA,1,1,1.0,447228
219_stage3.nii.gz,5,RV,1,1,1.0,862064
219_stage3.nii.gz,6,Aorta,2,2,0.563038271127723,618299
219_stage3.nii.gz,7,PA,2,1,0.9589066072004601,213903
219_stage3.nii.gz,8,LAA,1,1,1.0,57417
219_stage3.nii.gz,9,Coronary,2,1,0.9808207435979857,9333
219_stage3.nii.gz,10,PV,3,3,0.5506963971519248,121626
214_stage3.nii.gz,1,Myocardium,1,1,1.0,845486
214_stage3.nii.gz,2,LA,1,1,1.0,469395
214_stage3.nii.gz,3,LV,1,1,1.0,845829
214_stage3.nii.gz,4,RA,1,1,1.0,757278
214_stage3.nii.gz,5,RV,1,1,1.0,1065837
214_stage3.nii.gz,6,Aorta,2,2,0.5911909036020083,493558
214_stage3.nii.gz,7,PA,2,2,0.7230813806091775,110444
214_stage3.nii.gz,8,LAA,1,1,1.0,45166
214_stage3.nii.gz,9,Coronary,2,1,0.9881325047890482,21403
214_stage3.nii.gz,10,PV,3,3,0.48632405596084716,141599
230_stage3.nii.gz,1,Myocardium,1,1,1.0,703026
230_stage3.nii.gz,2,LA,1,1,1.0,437667
230_stage3.nii.gz,3,LV,1,1,1.0,671674
230_stage3.nii.gz,4,RA,1,1,1.0,536760
230_stage3.nii.gz,5,RV,1,1,1.0,863265
230_stage3.nii.gz,6,Aorta,2,2,0.5005665517030887,524224
230_stage3.nii.gz,7,PA,1,1,1.0,264540
230_stage3.nii.gz,8,LAA,1,1,1.0,76461
230_stage3.nii.gz,9,Coronary,1,1,1.0,11275
230_stage3.nii.gz,10,PV,4,4,0.3585613241134864,126394
252_stage3.nii.gz,1,Myocardium,2,1,0.9999982879643896,584100
252_stage3.nii.gz,2,LA,1,1,1.0,524168
252_stage3.nii.gz,3,LV,1,1,1.0,643878
252_stage3.nii.gz,4,RA,1,1,1.0,515343
252_stage3.nii.gz,5,RV,1,1,1.0,708860
252_stage3.nii.gz,6,Aorta,2,2,0.6296389580024255,686873
252_stage3.nii.gz,7,PA,1,1,1.0,299741
252_stage3.nii.gz,8,LAA,1,1,1.0,76663
252_stage3.nii.gz,9,Coronary,1,1,1.0,16483
252_stage3.nii.gz,10,PV,2,2,0.5048207118599215,113365
255_stage3.nii.gz,1,Myocardium,1,1,1.0,526165
255_stage3.nii.gz,2,LA,1,1,1.0,400146
255_stage3.nii.gz,3,LV,1,1,1.0,638624
255_stage3.nii.gz,4,RA,1,1,1.0,421519
255_stage3.nii.gz,5,RV,1,1,1.0,667417
255_stage3.nii.gz,6,Aorta,2,2,0.5221081085434042,745066
255_stage3.nii.gz,7,PA,1,1,1.0,343428
255_stage3.nii.gz,8,LAA,1,1,1.0,59877
255_stage3.nii.gz,9,Coronary,1,1,1.0,14914
255_stage3.nii.gz,10,PV,2,2,0.5099577113528753,110668
268_stage3.nii.gz,1,Myocardium,1,1,1.0,658702
268_stage3.nii.gz,2,LA,1,1,1.0,419535
268_stage3.nii.gz,3,LV,1,1,1.0,572210
268_stage3.nii.gz,4,RA,1,1,1.0,489801
268_stage3.nii.gz,5,RV,1,1,1.0,756610
268_stage3.nii.gz,6,Aorta,2,2,0.5707595685442701,530854
268_stage3.nii.gz,7,PA,1,1,1.0,239951
268_stage3.nii.gz,8,LAA,1,1,1.0,40118
268_stage3.nii.gz,9,Coronary,1,1,1.0,16006
268_stage3.nii.gz,10,PV,2,2,0.5065780350828538,115384
246_stage3.nii.gz,1,Myocardium,1,1,1.0,789757
246_stage3.nii.gz,2,LA,1,1,1.0,352701
246_stage3.nii.gz,3,LV,1,1,1.0,879958
246_stage3.nii.gz,4,RA,1,1,1.0,397999
246_stage3.nii.gz,5,RV,1,1,1.0,668417
246_stage3.nii.gz,6,Aorta,2,2,0.5493524691740896,790001
246_stage3.nii.gz,7,PA,2,1,0.9821253608029024,264341
246_stage3.nii.gz,8,LAA,1,1,1.0,65007
246_stage3.nii.gz,9,Coronary,1,1,1.0,14123
246_stage3.nii.gz,10,PV,2,2,0.5500781780098534,101691
258_stage3.nii.gz,1,Myocardium,1,1,1.0,590439
258_stage3.nii.gz,2,LA,1,1,1.0,565650
258_stage3.nii.gz,3,LV,1,1,1.0,567622
258_stage3.nii.gz,4,RA,1,1,1.0,630648
258_stage3.nii.gz,5,RV,1,1,1.0,779873
258_stage3.nii.gz,6,Aorta,2,2,0.6164453155364064,720424
258_stage3.nii.gz,7,PA,1,1,1.0,349396
258_stage3.nii.gz,8,LAA,1,1,1.0,30741
258_stage3.nii.gz,9,Coronary,2,2,0.6526872374330002,27612
258_stage3.nii.gz,10,PV,2,2,0.533319730964578,137231
260_stage3.nii.gz,1,Myocardium,1,1,1.0,528386
260_stage3.nii.gz,2,LA,1,1,1.0,411343
260_stage3.nii.gz,3,LV,1,1,1.0,455854
260_stage3.nii.gz,4,RA,1,1,1.0,411050
260_stage3.nii.gz,5,RV,1,1,1.0,565045
260_stage3.nii.gz,6,Aorta,2,2,0.533447493386718,404111
260_stage3.nii.gz,7,PA,2,2,0.9315223092196456,213544
260_stage3.nii.gz,8,LAA,1,1,1.0,48476
260_stage3.nii.gz,9,Coronary,1,1,1.0,12987
260_stage3.nii.gz,10,PV,2,2,0.5980414746543778,86800
264_stage3.nii.gz,1,Myocardium,1,1,1.0,920688
264_stage3.nii.gz,2,LA,1,1,1.0,624451
264_stage3.nii.gz,3,LV,1,1,1.0,1100175
264_stage3.nii.gz,4,RA,1,1,1.0,622975
264_stage3.nii.gz,5,RV,1,1,1.0,1351824
264_stage3.nii.gz,6,Aorta,2,2,0.6098236273078291,666373
264_stage3.nii.gz,7,PA,2,2,0.945755137069482,370542
264_stage3.nii.gz,8,LAA,1,1,1.0,115080
264_stage3.nii.gz,9,Coronary,1,1,1.0,31070
264_stage3.nii.gz,10,PV,2,2,0.576448452080508,222686
254_stage3.nii.gz,1,Myocardium,1,1,1.0,609779
254_stage3.nii.gz,2,LA,1,1,1.0,399130
254_stage3.nii.gz,3,LV,1,1,1.0,750042
254_stage3.nii.gz,4,RA,1,1,1.0,455729
254_stage3.nii.gz,5,RV,1,1,1.0,808411
254_stage3.nii.gz,6,Aorta,2,2,0.5189520074259288,597905
254_stage3.nii.gz,7,PA,2,1,0.9648148600161097,245814
254_stage3.nii.gz,8,LAA,1,1,1.0,51892
254_stage3.nii.gz,9,Coronary,1,1,1.0,14633
254_stage3.nii.gz,10,PV,2,2,0.5012477139487582,117014
251_stage3.nii.gz,1,Myocardium,1,1,1.0,876697
251_stage3.nii.gz,2,LA,2,1,0.9999980194686234,504915
251_stage3.nii.gz,3,LV,1,1,1.0,898755
251_stage3.nii.gz,4,RA,1,1,1.0,695869
251_stage3.nii.gz,5,RV,1,1,1.0,1038075
251_stage3.nii.gz,6,Aorta,2,2,0.6263611938879026,504704
251_stage3.nii.gz,7,PA,2,2,0.6172872429080969,59998
251_stage3.nii.gz,8,LAA,1,1,1.0,74576
251_stage3.nii.gz,9,Coronary,1,1,1.0,20239
251_stage3.nii.gz,10,PV,2,2,0.6495076305595744,107135
256_stage3.nii.gz,1,Myocardium,1,1,1.0,774714
256_stage3.nii.gz,2,LA,1,1,1.0,473463
256_stage3.nii.gz,3,LV,1,1,1.0,693992
256_stage3.nii.gz,4,RA,1,1,1.0,421774
256_stage3.nii.gz,5,RV,1,1,1.0,832028
256_stage3.nii.gz,6,Aorta,2,2,0.5156123915202021,666714
256_stage3.nii.gz,7,PA,1,1,1.0,137607
256_stage3.nii.gz,8,LAA,1,1,1.0,55335
256_stage3.nii.gz,9,Coronary,1,1,1.0,22468
256_stage3.nii.gz,10,PV,3,3,0.40398151066288474,114228
23_stage3.nii.gz,1,Myocardium,1,1,1.0,425486
23_stage3.nii.gz,2,LA,1,1,1.0,485254
23_stage3.nii.gz,3,LV,1,1,1.0,504818
23_stage3.nii.gz,4,RA,1,1,1.0,376079
23_stage3.nii.gz,5,RV,1,1,1.0,510100
23_stage3.nii.gz,6,Aorta,2,2,0.6429457402398998,692539
23_stage3.nii.gz,7,PA,1,1,1.0,290705
23_stage3.nii.gz,8,LAA,1,1,1.0,52079
23_stage3.nii.gz,9,Coronary,2,2,0.5115531444645369,19908
23_stage3.nii.gz,10,PV,2,2,0.5139782133735422,129988
270_stage3.nii.gz,1,Myocardium,1,1,1.0,546087
270_stage3.nii.gz,2,LA,1,1,1.0,532044
270_stage3.nii.gz,3,LV,1,1,1.0,400070
270_stage3.nii.gz,4,RA,1,1,1.0,390631
270_stage3.nii.gz,5,RV,1,1,1.0,571438
270_stage3.nii.gz,6,Aorta,2,2,0.5251109429415308,544424
270_stage3.nii.gz,7,PA,1,1,1.0,346926
270_stage3.nii.gz,8,LAA,1,1,1.0,81489
270_stage3.nii.gz,9,Coronary,1,1,1.0,11001
270_stage3.nii.gz,10,PV,3,3,0.5486187009231079,118946
25_stage3.nii.gz,1,Myocardium,1,1,1.0,536407
25_stage3.nii.gz,2,LA,1,1,1.0,542529
25_stage3.nii.gz,3,LV,1,1,1.0,566223
25_stage3.nii.gz,4,RA,1,1,1.0,488073
25_stage3.nii.gz,5,RV,1,1,1.0,724238
25_stage3.nii.gz,6,Aorta,2,2,0.5865890625277793,449976
25_stage3.nii.gz,7,PA,2,2,0.6387761879322543,69259
25_stage3.nii.gz,8,LAA,1,1,1.0,42107
25_stage3.nii.gz,9,Coronary,1,1,1.0,10701
25_stage3.nii.gz,10,PV,2,2,0.621357129071444,88083
262_stage3.nii.gz,1,Myocardium,1,1,1.0,528216
262_stage3.nii.gz,2,LA,1,1,1.0,326078
262_stage3.nii.gz,3,LV,1,1,1.0,568121
262_stage3.nii.gz,4,RA,1,1,1.0,349573
262_stage3.nii.gz,5,RV,1,1,1.0,734224
262_stage3.nii.gz,6,Aorta,2,2,0.535122639338432,669198
262_stage3.nii.gz,7,PA,1,1,1.0,260318
262_stage3.nii.gz,8,LAA,1,1,1.0,33256
262_stage3.nii.gz,9,Coronary,2,2,0.9292964957189513,11329
262_stage3.nii.gz,10,PV,2,2,0.5301051106666338,121491
235_stage3.nii.gz,1,Myocardium,1,1,1.0,590651
235_stage3.nii.gz,2,LA,1,1,1.0,337684
235_stage3.nii.gz,3,LV,1,1,1.0,745956
235_stage3.nii.gz,4,RA,1,1,1.0,598149
235_stage3.nii.gz,5,RV,1,1,1.0,847273
235_stage3.nii.gz,6,Aorta,2,2,0.5244890541348942,528236
235_stage3.nii.gz,7,PA,1,1,1.0,211965
235_stage3.nii.gz,8,LAA,1,1,1.0,49292
235_stage3.nii.gz,9,Coronary,1,1,1.0,28273
235_stage3.nii.gz,10,PV,3,3,0.5136980666392431,97240
265_stage3.nii.gz,1,Myocardium,1,1,1.0,618406
265_stage3.nii.gz,2,LA,1,1,1.0,528727
265_stage3.nii.gz,3,LV,1,1,1.0,645852
265_stage3.nii.gz,4,RA,1,1,1.0,613856
265_stage3.nii.gz,5,RV,1,1,1.0,847520
265_stage3.nii.gz,6,Aorta,2,2,0.5155431945845753,565939
265_stage3.nii.gz,7,PA,2,2,0.8356139115269813,119268
265_stage3.nii.gz,8,LAA,1,1,1.0,55135
265_stage3.nii.gz,9,Coronary,2,2,0.9486801977074351,9509
265_stage3.nii.gz,10,PV,3,3,0.4527886991250835,128698
253_stage3.nii.gz,1,Myocardium,1,1,1.0,563593
253_stage3.nii.gz,2,LA,1,1,1.0,623593
253_stage3.nii.gz,3,LV,1,1,1.0,293414
253_stage3.nii.gz,4,RA,1,1,1.0,542542
253_stage3.nii.gz,5,RV,1,1,1.0,438169
253_stage3.nii.gz,6,Aorta,2,2,0.514892782801896,627418
253_stage3.nii.gz,7,PA,2,1,0.9635291662318689,268324
253_stage3.nii.gz,8,LAA,1,1,1.0,54367
253_stage3.nii.gz,9,Coronary,1,1,1.0,8530
253_stage3.nii.gz,10,PV,2,2,0.5663497688576913,176082
266_stage3.nii.gz,1,Myocardium,1,1,1.0,888021
266_stage3.nii.gz,2,LA,1,1,1.0,376736
266_stage3.nii.gz,3,LV,1,1,1.0,916224
266_stage3.nii.gz,4,RA,1,1,1.0,626719
266_stage3.nii.gz,5,RV,1,1,1.0,1216719
266_stage3.nii.gz,6,Aorta,2,2,0.5367498248807151,515363
266_stage3.nii.gz,7,PA,1,1,1.0,228464
266_stage3.nii.gz,8,LAA,1,1,1.0,47742
266_stage3.nii.gz,9,Coronary,2,1,0.9870310668229777,27296
266_stage3.nii.gz,10,PV,3,3,0.5644288472879063,172966
272_stage3.nii.gz,1,Myocardium,1,1,1.0,662049
272_stage3.nii.gz,2,LA,1,1,1.0,508832
272_stage3.nii.gz,3,LV,1,1,1.0,722186
272_stage3.nii.gz,4,RA,1,1,1.0,521827
272_stage3.nii.gz,5,RV,1,1,1.0,940125
272_stage3.nii.gz,6,Aorta,2,2,0.5282322347855485,624127
272_stage3.nii.gz,7,PA,1,1,1.0,308738
272_stage3.nii.gz,8,LAA,1,1,1.0,49275
272_stage3.nii.gz,9,Coronary,1,1,1.0,15991
272_stage3.nii.gz,10,PV,1,1,1.0,149960
240_stage3.nii.gz,1,Myocardium,1,1,1.0,853577
240_stage3.nii.gz,2,LA,1,1,1.0,608194
240_stage3.nii.gz,3,LV,1,1,1.0,979538
240_stage3.nii.gz,4,RA,1,1,1.0,654147
240_stage3.nii.gz,5,RV,2,1,0.9999990777145398,1084263
240_stage3.nii.gz,6,Aorta,2,2,0.5817781922197697,508314
240_stage3.nii.gz,7,PA,2,2,0.6564224596222976,79004
240_stage3.nii.gz,8,LAA,1,1,1.0,126143
240_stage3.nii.gz,9,Coronary,1,1,1.0,26054
240_stage3.nii.gz,10,PV,2,2,0.6534562102946918,169058
263_stage3.nii.gz,1,Myocardium,1,1,1.0,721740
263_stage3.nii.gz,2,LA,1,1,1.0,453277
263_stage3.nii.gz,3,LV,1,1,1.0,737024
263_stage3.nii.gz,4,RA,1,1,1.0,461465
263_stage3.nii.gz,5,RV,1,1,1.0,1023257
263_stage3.nii.gz,6,Aorta,2,2,0.5231455201190675,642997
263_stage3.nii.gz,7,PA,2,2,0.900025433068641,176935
263_stage3.nii.gz,8,LAA,1,1,1.0,48676
263_stage3.nii.gz,9,Coronary,1,1,1.0,14108
263_stage3.nii.gz,10,PV,2,2,0.507998447300141,146841
250_stage3.nii.gz,1,Myocardium,1,1,1.0,620270
250_stage3.nii.gz,2,LA,2,1,0.9999975338175272,405485
250_stage3.nii.gz,3,LV,1,1,1.0,630293
250_stage3.nii.gz,4,RA,1,1,1.0,436935
250_stage3.nii.gz,5,RV,1,1,1.0,665279
250_stage3.nii.gz,6,Aorta,2,2,0.5108860877902762,555893
250_stage3.nii.gz,7,PA,1,1,1.0,277514
250_stage3.nii.gz,8,LAA,1,1,1.0,37288
250_stage3.nii.gz,9,Coronary,1,1,1.0,8264
250_stage3.nii.gz,10,PV,2,2,0.5353943034626346,117194
212_stage3.nii.gz,1,Myocardium,1,1,1.0,638753
212_stage3.nii.gz,2,LA,1,1,1.0,617122
212_stage3.nii.gz,3,LV,1,1,1.0,644835
212_stage3.nii.gz,4,RA,1,1,1.0,608991
212_stage3.nii.gz,5,RV,1,1,1.0,836077
212_stage3.nii.gz,6,Aorta,2,2,0.6517242708302108,467038
212_stage3.nii.gz,7,PA,2,1,0.994879205009253,157788
212_stage3.nii.gz,8,LAA,1,1,1.0,70409
212_stage3.nii.gz,9,Coronary,2,2,0.9438058748403576,13311
212_stage3.nii.gz,10,PV,3,3,0.4593600044379929,108157
269_stage3.nii.gz,1,Myocardium,1,1,1.0,493028
269_stage3.nii.gz,2,LA,1,1,1.0,518267
269_stage3.nii.gz,3,LV,1,1,1.0,491574
269_stage3.nii.gz,4,RA,1,1,1.0,606459
269_stage3.nii.gz,5,RV,1,1,1.0,702918
269_stage3.nii.gz,6,Aorta,2,2,0.5029015071993028,454419
269_stage3.nii.gz,7,PA,1,1,1.0,160529
269_stage3.nii.gz,8,LAA,1,1,1.0,26955
269_stage3.nii.gz,9,Coronary,1,1,1.0,10043
269_stage3.nii.gz,10,PV,2,2,0.628679480681508,102596
271_stage3.nii.gz,1,Myocardium,1,1,1.0,711985
271_stage3.nii.gz,2,LA,1,1,1.0,452936
271_stage3.nii.gz,3,LV,1,1,1.0,816520
271_stage3.nii.gz,4,RA,1,1,1.0,587324
271_stage3.nii.gz,5,RV,1,1,1.0,968393
271_stage3.nii.gz,6,Aorta,2,2,0.6203256835847349,541630
271_stage3.nii.gz,7,PA,2,1,0.9644937619395769,169604
271_stage3.nii.gz,8,LAA,1,1,1.0,51252
271_stage3.nii.gz,9,Coronary,1,1,1.0,24526
271_stage3.nii.gz,10,PV,2,2,0.5059502277701821,163103
244_stage3.nii.gz,1,Myocardium,1,1,1.0,589140
244_stage3.nii.gz,2,LA,1,1,1.0,386023
244_stage3.nii.gz,3,LV,1,1,1.0,602042
244_stage3.nii.gz,4,RA,1,1,1.0,512653
244_stage3.nii.gz,5,RV,1,1,1.0,707808
244_stage3.nii.gz,6,Aorta,2,2,0.5164880422368444,524471
244_stage3.nii.gz,7,PA,1,1,1.0,311874
244_stage3.nii.gz,8,LAA,1,1,1.0,91158
244_stage3.nii.gz,9,Coronary,2,2,0.8899183763512023,9066
244_stage3.nii.gz,10,PV,2,2,0.5178347328790776,118729
247_stage3.nii.gz,1,Myocardium,1,1,1.0,434344
247_stage3.nii.gz,2,LA,1,1,1.0,418528
247_stage3.nii.gz,3,LV,1,1,1.0,502779
247_stage3.nii.gz,4,RA,1,1,1.0,442210
247_stage3.nii.gz,5,RV,1,1,1.0,643329
247_stage3.nii.gz,6,Aorta,2,2,0.6004383732377436,744571
247_stage3.nii.gz,7,PA,1,1,1.0,300595
247_stage3.nii.gz,8,LAA,1,1,1.0,37195
247_stage3.nii.gz,9,Coronary,1,1,1.0,16450
247_stage3.nii.gz,10,PV,2,2,0.5498176109341091,108285
26_stage3.nii.gz,1,Myocardium,1,1,1.0,575109
26_stage3.nii.gz,2,LA,1,1,1.0,401865
26_stage3.nii.gz,3,LV,1,1,1.0,578546
26_stage3.nii.gz,4,RA,1,1,1.0,436445
26_stage3.nii.gz,5,RV,1,1,1.0,612998
26_stage3.nii.gz,6,Aorta,2,2,0.5919940314247729,534801
26_stage3.nii.gz,7,PA,2,2,0.945691481182009,201589
26_stage3.nii.gz,8,LAA,1,1,1.0,25637
26_stage3.nii.gz,9,Coronary,2,2,0.9121762908155059,18651
26_stage3.nii.gz,10,PV,3,3,0.5416663088193615,116437
261_stage3.nii.gz,1,Myocardium,1,1,1.0,584099
261_stage3.nii.gz,2,LA,1,1,1.0,352832
261_stage3.nii.gz,3,LV,1,1,1.0,496447
261_stage3.nii.gz,4,RA,1,1,1.0,390693
261_stage3.nii.gz,5,RV,1,1,1.0,630110
261_stage3.nii.gz,6,Aorta,1,1,1.0,729281
261_stage3.nii.gz,7,PA,1,1,1.0,330870
261_stage3.nii.gz,8,LAA,1,1,1.0,72205
261_stage3.nii.gz,9,Coronary,2,2,0.9237803371064208,20231
261_stage3.nii.gz,10,PV,2,2,0.5388941263270074,121985
245_stage3.nii.gz,1,Myocardium,1,1,1.0,702114
245_stage3.nii.gz,2,LA,1,1,1.0,338924
245_stage3.nii.gz,3,LV,1,1,1.0,827714
245_stage3.nii.gz,4,RA,1,1,1.0,450713
245_stage3.nii.gz,5,RV,1,1,1.0,887482
245_stage3.nii.gz,6,Aorta,2,2,0.5407615596323978,582804
245_stage3.nii.gz,7,PA,1,1,1.0,314590
245_stage3.nii.gz,8,LAA,1,1,1.0,41113
245_stage3.nii.gz,9,Coronary,1,1,1.0,21379
245_stage3.nii.gz,10,PV,3,3,0.5863168153331799,147758
267_stage3.nii.gz,1,Myocardium,1,1,1.0,576627
267_stage3.nii.gz,2,LA,1,1,1.0,330729
267_stage3.nii.gz,3,LV,1,1,1.0,527919
267_stage3.nii.gz,4,RA,1,1,1.0,409045
267_stage3.nii.gz,5,RV,1,1,1.0,755995
267_stage3.nii.gz,6,Aorta,2,2,0.5658149835484687,790200
267_stage3.nii.gz,7,PA,1,1,1.0,294858
267_stage3.nii.gz,8,LAA,1,1,1.0,66195
267_stage3.nii.gz,9,Coronary,1,1,1.0,13617
267_stage3.nii.gz,10,PV,2,2,0.7359375952221342,114863
273_stage3.nii.gz,1,Myocardium,1,1,1.0,641119
273_stage3.nii.gz,2,LA,1,1,1.0,432472
273_stage3.nii.gz,3,LV,1,1,1.0,640584
273_stage3.nii.gz,4,RA,1,1,1.0,387330
273_stage3.nii.gz,5,RV,1,1,1.0,787669
273_stage3.nii.gz,6,Aorta,2,2,0.5759843587932717,519653
273_stage3.nii.gz,7,PA,2,1,0.9724399400635589,242924
273_stage3.nii.gz,8,LAA,1,1,1.0,43648
273_stage3.nii.gz,9,Coronary,1,1,1.0,19501
273_stage3.nii.gz,10,PV,2,2,0.56845492212146,111263
274_stage3.nii.gz,1,Myocardium,1,1,1.0,606426
274_stage3.nii.gz,2,LA,1,1,1.0,417967
274_stage3.nii.gz,3,LV,1,1,1.0,750417
274_stage3.nii.gz,4,RA,1,1,1.0,657015
274_stage3.nii.gz,5,RV,1,1,1.0,874566
274_stage3.nii.gz,6,Aorta,2,2,0.5848196526615381,520357
274_stage3.nii.gz,7,PA,2,2,0.8163711344284343,101117
274_stage3.nii.gz,8,LAA,1,1,1.0,65458
274_stage3.nii.gz,9,Coronary,2,2,0.7620012854105898,20227
274_stage3.nii.gz,10,PV,2,2,0.5398566097675076,91917
277_stage3.nii.gz,1,Myocardium,1,1,1.0,568921
277_stage3.nii.gz,2,LA,1,1,1.0,356725
277_stage3.nii.gz,3,LV,1,1,1.0,578057
277_stage3.nii.gz,4,RA,1,1,1.0,482664
277_stage3.nii.gz,5,RV,1,1,1.0,794460
277_stage3.nii.gz,6,Aorta,2,2,0.5149077003707514,412136
277_stage3.nii.gz,7,PA,1,1,1.0,265474
277_stage3.nii.gz,8,LAA,1,1,1.0,37402
277_stage3.nii.gz,9,Coronary,1,1,1.0,15755
277_stage3.nii.gz,10,PV,3,3,0.5016550063943429,132930
275_stage3.nii.gz,1,Myocardium,1,1,1.0,597191
275_stage3.nii.gz,2,LA,1,1,1.0,412964
275_stage3.nii.gz,3,LV,1,1,1.0,606000
275_stage3.nii.gz,4,RA,1,1,1.0,438305
275_stage3.nii.gz,5,RV,1,1,1.0,773848
275_stage3.nii.gz,6,Aorta,2,2,0.5366898368133808,589264
275_stage3.nii.gz,7,PA,1,1,1.0,233525
275_stage3.nii.gz,8,LAA,1,1,1.0,53809
275_stage3.nii.gz,9,Coronary,1,1,1.0,9289
275_stage3.nii.gz,10,PV,2,2,0.6203929611164151,84843
27_stage3.nii.gz,1,Myocardium,1,1,1.0,567854
27_stage3.nii.gz,2,LA,1,1,1.0,385945
27_stage3.nii.gz,3,LV,1,1,1.0,676200
27_stage3.nii.gz,4,RA,1,1,1.0,545056
27_stage3.nii.gz,5,RV,1,1,1.0,759682
27_stage3.nii.gz,6,Aorta,2,2,0.5645518114476974,472357
27_stage3.nii.gz,7,PA,2,2,0.6076440482086841,133254
27_stage3.nii.gz,8,LAA,1,1,1.0,40642
27_stage3.nii.gz,9,Coronary,1,1,1.0,22827
27_stage3.nii.gz,10,PV,3,3,0.46055226003976807,120197
282_stage3.nii.gz,1,Myocardium,2,1,0.9999983637351345,611148
282_stage3.nii.gz,2,LA,1,1,1.0,624007
282_stage3.nii.gz,3,LV,1,1,1.0,711046
282_stage3.nii.gz,4,RA,1,1,1.0,703898
282_stage3.nii.gz,5,RV,1,1,1.0,639642
282_stage3.nii.gz,6,Aorta,2,2,0.5752234028968339,736114
282_stage3.nii.gz,7,PA,2,2,0.9473169760432977,220982
282_stage3.nii.gz,8,LAA,1,1,1.0,54775
282_stage3.nii.gz,9,Coronary,1,1,1.0,24048
282_stage3.nii.gz,10,PV,2,2,0.5710316434663811,108332
279_stage3.nii.gz,1,Myocardium,1,1,1.0,563079
279_stage3.nii.gz,2,LA,1,1,1.0,477535
279_stage3.nii.gz,3,LV,1,1,1.0,541824
279_stage3.nii.gz,4,RA,1,1,1.0,457880
279_stage3.nii.gz,5,RV,1,1,1.0,657698
279_stage3.nii.gz,6,Aorta,2,2,0.5448182981469806,536098
279_stage3.nii.gz,7,PA,1,1,1.0,236549
279_stage3.nii.gz,8,LAA,1,1,1.0,26524
279_stage3.nii.gz,9,Coronary,1,1,1.0,13420
279_stage3.nii.gz,10,PV,2,2,0.5473759910194345,114024
28_stage3.nii.gz,1,Myocardium,1,1,1.0,634359
28_stage3.nii.gz,2,LA,1,1,1.0,444386
28_stage3.nii.gz,3,LV,1,1,1.0,784039
28_stage3.nii.gz,4,RA,1,1,1.0,544519
28_stage3.nii.gz,5,RV,1,1,1.0,992928
28_stage3.nii.gz,6,Aorta,2,2,0.5806775300902067,586985
28_stage3.nii.gz,7,PA,1,1,1.0,285328
28_stage3.nii.gz,8,LAA,1,1,1.0,58625
28_stage3.nii.gz,9,Coronary,2,2,0.8844651070775014,20219
28_stage3.nii.gz,10,PV,3,3,0.5168885849524653,149154
281_stage3.nii.gz,1,Myocardium,1,1,1.0,581867
281_stage3.nii.gz,2,LA,1,1,1.0,407250
281_stage3.nii.gz,3,LV,1,1,1.0,607515
281_stage3.nii.gz,4,RA,1,1,1.0,653124
281_stage3.nii.gz,5,RV,1,1,1.0,839301
281_stage3.nii.gz,6,Aorta,2,2,0.5290095605847857,774848
281_stage3.nii.gz,7,PA,2,1,0.9693043913202339,281897
281_stage3.nii.gz,8,LAA,1,1,1.0,56810
281_stage3.nii.gz,9,Coronary,2,1,0.9627103228740337,24189
281_stage3.nii.gz,10,PV,3,3,0.5335772753230821,141837
278_stage3.nii.gz,1,Myocardium,1,1,1.0,657366
278_stage3.nii.gz,2,LA,1,1,1.0,399464
278_stage3.nii.gz,3,LV,1,1,1.0,657260
278_stage3.nii.gz,4,RA,1,1,1.0,711660
278_stage3.nii.gz,5,RV,1,1,1.0,713315
278_stage3.nii.gz,6,Aorta,2,2,0.5564419519414262,641925
278_stage3.nii.gz,7,PA,1,1,1.0,265401
278_stage3.nii.gz,8,LAA,1,1,1.0,53375
278_stage3.nii.gz,9,Coronary,2,2,0.9386075066275987,14334
278_stage3.nii.gz,10,PV,3,3,0.5297571353576659,144772
276_stage3.nii.gz,1,Myocardium,1,1,1.0,806031
276_stage3.nii.gz,2,LA,1,1,1.0,290233
276_stage3.nii.gz,3,LV,1,1,1.0,1041226
276_stage3.nii.gz,4,RA,1,1,1.0,244423
276_stage3.nii.gz,5,RV,1,1,1.0,1091548
276_stage3.nii.gz,6,Aorta,2,2,0.5491532710811694,562872
276_stage3.nii.gz,7,PA,1,1,1.0,291585
276_stage3.nii.gz,8,LAA,1,1,1.0,17101
276_stage3.nii.gz,9,Coronary,2,2,0.890550893834367,10964
276_stage3.nii.gz,10,PV,3,3,0.5426131368526814,119435
280_stage3.nii.gz,1,Myocardium,1,1,1.0,598170
280_stage3.nii.gz,2,LA,1,1,1.0,417110
280_stage3.nii.gz,3,LV,1,1,1.0,728743
280_stage3.nii.gz,4,RA,1,1,1.0,573545
280_stage3.nii.gz,5,RV,1,1,1.0,818293
280_stage3.nii.gz,6,Aorta,2,2,0.5223729562618876,484223
280_stage3.nii.gz,7,PA,1,1,1.0,303304
280_stage3.nii.gz,8,LAA,1,1,1.0,50164
280_stage3.nii.gz,9,Coronary,1,1,1.0,8947
280_stage3.nii.gz,10,PV,2,2,0.5327448699141754,118614
289_stage3.nii.gz,1,Myocardium,1,1,1.0,780319
289_stage3.nii.gz,2,LA,1,1,1.0,549783
289_stage3.nii.gz,3,LV,1,1,1.0,865617
289_stage3.nii.gz,4,RA,1,1,1.0,623845
289_stage3.nii.gz,5,RV,1,1,1.0,1012397
289_stage3.nii.gz,6,Aorta,2,2,0.5786653102746694,491500
289_stage3.nii.gz,7,PA,2,2,0.587310887933156,85333
289_stage3.nii.gz,8,LAA,1,1,1.0,67145
289_stage3.nii.gz,9,Coronary,1,1,1.0,12611
289_stage3.nii.gz,10,PV,2,2,0.5479621756340712,136420
290_stage3.nii.gz,1,Myocardium,1,1,1.0,650648
290_stage3.nii.gz,2,LA,1,1,1.0,491205
290_stage3.nii.gz,3,LV,1,1,1.0,764975
290_stage3.nii.gz,4,RA,1,1,1.0,431357
290_stage3.nii.gz,5,RV,1,1,1.0,827100
290_stage3.nii.gz,6,Aorta,2,2,0.5471855999203316,722996
290_stage3.nii.gz,7,PA,1,1,1.0,314355
290_stage3.nii.gz,8,LAA,1,1,1.0,29936
290_stage3.nii.gz,9,Coronary,2,1,0.9792473511143588,13685
290_stage3.nii.gz,10,PV,2,2,0.5721895073111543,145873
293_stage3.nii.gz,1,Myocardium,1,1,1.0,851377
293_stage3.nii.gz,2,LA,1,1,1.0,440789
293_stage3.nii.gz,3,LV,1,1,1.0,547981
293_stage3.nii.gz,4,RA,1,1,1.0,393548
293_stage3.nii.gz,5,RV,1,1,1.0,603817
293_stage3.nii.gz,6,Aorta,2,2,0.5484276019082543,460316
293_stage3.nii.gz,7,PA,1,1,1.0,234564
293_stage3.nii.gz,8,LAA,1,1,1.0,23151
293_stage3.nii.gz,9,Coronary,1,1,1.0,20726
293_stage3.nii.gz,10,PV,3,3,0.5630386360190789,85749
284_stage3.nii.gz,1,Myocardium,3,1,0.9999947753668998,765604
284_stage3.nii.gz,2,LA,1,1,1.0,473509
284_stage3.nii.gz,3,LV,1,1,1.0,984954
284_stage3.nii.gz,4,RA,1,1,1.0,547267
284_stage3.nii.gz,5,RV,1,1,1.0,974469
284_stage3.nii.gz,6,Aorta,2,2,0.582370915622895,614598
284_stage3.nii.gz,7,PA,2,2,0.9121652525365667,107133
284_stage3.nii.gz,8,LAA,1,1,1.0,38955
284_stage3.nii.gz,9,Coronary,1,1,1.0,25552
284_stage3.nii.gz,10,PV,2,2,0.6501870608632174,109590
296_stage3.nii.gz,1,Myocardium,1,1,1.0,650139
296_stage3.nii.gz,2,LA,2,1,0.9999947030391313,377575
296_stage3.nii.gz,3,LV,1,1,1.0,788543
296_stage3.nii.gz,4,RA,1,1,1.0,517034
296_stage3.nii.gz,5,RV,1,1,1.0,884298
296_stage3.nii.gz,6,Aorta,2,2,0.5816614896569956,378275
296_stage3.nii.gz,7,PA,1,1,1.0,206044
296_stage3.nii.gz,8,LAA,1,1,1.0,40452
296_stage3.nii.gz,9,Coronary,1,1,1.0,12258
296_stage3.nii.gz,10,PV,2,2,0.5032731328557334,116555
29_stage3.nii.gz,1,Myocardium,1,1,1.0,712836
29_stage3.nii.gz,2,LA,1,1,1.0,425124
29_stage3.nii.gz,3,LV,1,1,1.0,856038
29_stage3.nii.gz,4,RA,1,1,1.0,543897
29_stage3.nii.gz,5,RV,1,1,1.0,901784
29_stage3.nii.gz,6,Aorta,2,2,0.5395200226251962,594028
29_stage3.nii.gz,7,PA,1,1,1.0,176048
29_stage3.nii.gz,8,LAA,1,1,1.0,65295
29_stage3.nii.gz,9,Coronary,2,2,0.910915171784737,26312
29_stage3.nii.gz,10,PV,2,2,0.5468130161643255,141670
283_stage3.nii.gz,1,Myocardium,1,1,1.0,526278
283_stage3.nii.gz,2,LA,1,1,1.0,628037
283_stage3.nii.gz,3,LV,1,1,1.0,665922
283_stage3.nii.gz,4,RA,1,1,1.0,746323
283_stage3.nii.gz,5,RV,1,1,1.0,653541
283_stage3.nii.gz,6,Aorta,2,2,0.5354772435836258,576299
283_stage3.nii.gz,7,PA,2,2,0.9438719146097398,187375
283_stage3.nii.gz,8,LAA,1,1,1.0,72539
283_stage3.nii.gz,9,Coronary,2,2,0.8796952827424553,17065
283_stage3.nii.gz,10,PV,3,3,0.5372806191978436,132817
291_stage3.nii.gz,1,Myocardium,1,1,1.0,756930
291_stage3.nii.gz,2,LA,1,1,1.0,426265
291_stage3.nii.gz,3,LV,1,1,1.0,969173
291_stage3.nii.gz,4,RA,1,1,1.0,614941
291_stage3.nii.gz,5,RV,1,1,1.0,1240638
291_stage3.nii.gz,6,Aorta,2,2,0.6285567349511851,361673
291_stage3.nii.gz,7,PA,2,2,0.8542140407868616,166230
291_stage3.nii.gz,8,LAA,1,1,1.0,45180
291_stage3.nii.gz,9,Coronary,1,1,1.0,14141
291_stage3.nii.gz,10,PV,3,3,0.4897898441948341,154552
292_stage3.nii.gz,1,Myocardium,1,1,1.0,523305
292_stage3.nii.gz,2,LA,1,1,1.0,375877
292_stage3.nii.gz,3,LV,1,1,1.0,549341
292_stage3.nii.gz,4,RA,1,1,1.0,350775
292_stage3.nii.gz,5,RV,1,1,1.0,660522
292_stage3.nii.gz,6,Aorta,2,2,0.525465110837498,619691
292_stage3.nii.gz,7,PA,2,1,0.9748836046909855,216074
292_stage3.nii.gz,8,LAA,1,1,1.0,22835
292_stage3.nii.gz,9,Coronary,1,1,1.0,6755
292_stage3.nii.gz,10,PV,2,2,0.5341013106900111,102694
295_stage3.nii.gz,1,Myocardium,1,1,1.0,665948
295_stage3.nii.gz,2,LA,1,1,1.0,694122
295_stage3.nii.gz,3,LV,1,1,1.0,816409
295_stage3.nii.gz,4,RA,1,1,1.0,871778
295_stage3.nii.gz,5,RV,1,1,1.0,810323
295_stage3.nii.gz,6,Aorta,2,2,0.5869702517357778,468666
295_stage3.nii.gz,7,PA,2,1,0.9838708937735321,218053
295_stage3.nii.gz,8,LAA,1,1,1.0,64305
295_stage3.nii.gz,9,Coronary,1,1,1.0,14469
295_stage3.nii.gz,10,PV,3,3,0.4883354447980719,129452
2_stage3.nii.gz,1,Myocardium,1,1,1.0,505303
2_stage3.nii.gz,2,LA,1,1,1.0,308720
2_stage3.nii.gz,3,LV,1,1,1.0,675498
2_stage3.nii.gz,4,RA,1,1,1.0,370958
2_stage3.nii.gz,5,RV,1,1,1.0,690290
2_stage3.nii.gz,6,Aorta,2,2,0.6020324388873831,509142
2_stage3.nii.gz,7,PA,2,2,0.6019541925653614,41347
2_stage3.nii.gz,8,LAA,1,1,1.0,8376
2_stage3.nii.gz,9,Coronary,1,1,1.0,7732
2_stage3.nii.gz,10,PV,3,3,0.39945909803099705,100203
286_stage3.nii.gz,1,Myocardium,1,1,1.0,653027
286_stage3.nii.gz,2,LA,1,1,1.0,391821
286_stage3.nii.gz,3,LV,1,1,1.0,710038
286_stage3.nii.gz,4,RA,1,1,1.0,540616
286_stage3.nii.gz,5,RV,1,1,1.0,817848
286_stage3.nii.gz,6,Aorta,2,2,0.5436068151717993,668978
286_stage3.nii.gz,7,PA,2,1,0.9749343934995074,229398
286_stage3.nii.gz,8,LAA,1,1,1.0,63350
286_stage3.nii.gz,9,Coronary,1,1,1.0,28160
286_stage3.nii.gz,10,PV,3,3,0.4472310580887429,154987
303_stage3.nii.gz,1,Myocardium,1,1,1.0,772670
303_stage3.nii.gz,2,LA,1,1,1.0,547079
303_stage3.nii.gz,3,LV,1,1,1.0,854973
303_stage3.nii.gz,4,RA,1,1,1.0,474351
303_stage3.nii.gz,5,RV,1,1,1.0,1008189
303_stage3.nii.gz,6,Aorta,2,2,0.6059542609814588,495813
303_stage3.nii.gz,7,PA,2,2,0.6306768597060775,85941
303_stage3.nii.gz,8,LAA,1,1,1.0,88803
303_stage3.nii.gz,9,Coronary,2,2,0.8935458833363186,16749
303_stage3.nii.gz,10,PV,2,2,0.5736309015065505,156782
288_stage3.nii.gz,1,Myocardium,1,1,1.0,578045
288_stage3.nii.gz,2,LA,1,1,1.0,341890
288_stage3.nii.gz,3,LV,1,1,1.0,698027
288_stage3.nii.gz,4,RA,1,1,1.0,533498
288_stage3.nii.gz,5,RV,1,1,1.0,740149
288_stage3.nii.gz,6,Aorta,2,2,0.5748439080135277,517163
288_stage3.nii.gz,7,PA,2,2,0.6682713995193197,135225
288_stage3.nii.gz,8,LAA,1,1,1.0,42658
288_stage3.nii.gz,9,Coronary,1,1,1.0,17281
288_stage3.nii.gz,10,PV,3,3,0.5107467690262941,100821
301_stage3.nii.gz,1,Myocardium,1,1,1.0,621128
301_stage3.nii.gz,2,LA,1,1,1.0,519419
301_stage3.nii.gz,3,LV,1,1,1.0,743201
301_stage3.nii.gz,4,RA,1,1,1.0,576722
301_stage3.nii.gz,5,RV,1,1,1.0,885894
301_stage3.nii.gz,6,Aorta,2,2,0.6073614674451021,346507
301_stage3.nii.gz,7,PA,1,1,1.0,248250
301_stage3.nii.gz,8,LAA,1,1,1.0,38604
301_stage3.nii.gz,9,Coronary,2,2,0.9211588541666667,15360
301_stage3.nii.gz,10,PV,3,3,0.599783364841863,148637
302_stage3.nii.gz,1,Myocardium,1,1,1.0,857654
302_stage3.nii.gz,2,LA,1,1,1.0,507353
302_stage3.nii.gz,3,LV,1,1,1.0,945070
302_stage3.nii.gz,4,RA,1,1,1.0,453816
302_stage3.nii.gz,5,RV,1,1,1.0,864173
302_stage3.nii.gz,6,Aorta,2,2,0.5359461873841682,600008
302_stage3.nii.gz,7,PA,2,1,0.9785701925497106,254272
302_stage3.nii.gz,8,LAA,1,1,1.0,77699
302_stage3.nii.gz,9,Coronary,2,1,0.9581496502674426,17013
302_stage3.nii.gz,10,PV,2,2,0.5161092310053226,123811
285_stage3.nii.gz,1,Myocardium,1,1,1.0,636192
285_stage3.nii.gz,2,LA,1,1,1.0,440401
285_stage3.nii.gz,3,LV,1,1,1.0,626656
285_stage3.nii.gz,4,RA,1,1,1.0,576613
285_stage3.nii.gz,5,RV,1,1,1.0,908719
285_stage3.nii.gz,6,Aorta,2,2,0.5106351203687137,676297
285_stage3.nii.gz,7,PA,1,1,1.0,372040
285_stage3.nii.gz,8,LAA,1,1,1.0,83018
285_stage3.nii.gz,9,Coronary,2,1,0.9743070694487699,12844
285_stage3.nii.gz,10,PV,3,3,0.5035775227577318,136547
312_stage3.nii.gz,1,Myocardium,1,1,1.0,640385
312_stage3.nii.gz,2,LA,1,1,1.0,361818
312_stage3.nii.gz,3,LV,1,1,1.0,635251
312_stage3.nii.gz,4,RA,1,1,1.0,605815
312_stage3.nii.gz,5,RV,1,1,1.0,928552
312_stage3.nii.gz,6,Aorta,2,2,0.5003724295970489,508821
312_stage3.nii.gz,7,PA,2,2,0.9387861909123194,214004
312_stage3.nii.gz,8,LAA,1,1,1.0,21796
312_stage3.nii.gz,9,Coronary,1,1,1.0,22342
312_stage3.nii.gz,10,PV,3,3,0.47498091591932823,171609
287_stage3.nii.gz,1,Myocardium,1,1,1.0,843746
287_stage3.nii.gz,2,LA,1,1,1.0,397710
287_stage3.nii.gz,3,LV,1,1,1.0,1007513
287_stage3.nii.gz,4,RA,1,1,1.0,578322
287_stage3.nii.gz,5,RV,1,1,1.0,1152777
287_stage3.nii.gz,6,Aorta,2,2,0.5968113370935424,474619
287_stage3.nii.gz,7,PA,1,1,1.0,158117
287_stage3.nii.gz,8,LAA,1,1,1.0,49419
287_stage3.nii.gz,9,Coronary,2,1,0.9770623537788627,19662
287_stage3.nii.gz,10,PV,2,2,0.5008543114249915,140464
325_stage3.nii.gz,1,Myocardium,1,1,1.0,724892
325_stage3.nii.gz,2,LA,2,1,0.9999985339328571,682097
325_stage3.nii.gz,3,LV,1,1,1.0,762933
325_stage3.nii.gz,4,RA,1,1,1.0,720289
325_stage3.nii.gz,5,RV,1,1,1.0,939352
325_stage3.nii.gz,6,Aorta,2,2,0.5301643211687322,550203
325_stage3.nii.gz,7,PA,4,1,0.9997716831148015,214614
325_stage3.nii.gz,8,LAA,1,1,1.0,53614
325_stage3.nii.gz,9,Coronary,2,1,0.9818762191877992,28195
325_stage3.nii.gz,10,PV,3,3,0.44660270217348735,153210
294_stage3.nii.gz,1,Myocardium,1,1,1.0,571958
294_stage3.nii.gz,2,LA,1,1,1.0,555579
294_stage3.nii.gz,3,LV,1,1,1.0,607024
294_stage3.nii.gz,4,RA,1,1,1.0,592207
294_stage3.nii.gz,5,RV,1,1,1.0,722309
294_stage3.nii.gz,6,Aorta,2,2,0.5145267470552632,536975
294_stage3.nii.gz,7,PA,2,1,0.9868074617668477,178510
294_stage3.nii.gz,8,LAA,1,1,1.0,30863
294_stage3.nii.gz,9,Coronary,2,2,0.641811431773606,28552
294_stage3.nii.gz,10,PV,3,3,0.4910475406462235,121475
298_stage3.nii.gz,1,Myocardium,1,1,1.0,561901
298_stage3.nii.gz,2,LA,2,1,0.9999978044126914,455459
298_stage3.nii.gz,3,LV,1,1,1.0,574360
298_stage3.nii.gz,4,RA,1,1,1.0,353425
298_stage3.nii.gz,5,RV,1,1,1.0,617179
298_stage3.nii.gz,6,Aorta,2,2,0.5023614754384351,630538
298_stage3.nii.gz,7,PA,1,1,1.0,229237
298_stage3.nii.gz,8,LAA,1,1,1.0,68937
298_stage3.nii.gz,9,Coronary,2,1,0.9853821768228249,11356
298_stage3.nii.gz,10,PV,2,2,0.5180404482302966,133949
319_stage3.nii.gz,1,Myocardium,1,1,1.0,581422
319_stage3.nii.gz,2,LA,1,1,1.0,529962
319_stage3.nii.gz,3,LV,1,1,1.0,653001
319_stage3.nii.gz,4,RA,1,1,1.0,499208
319_stage3.nii.gz,5,RV,1,1,1.0,831038
319_stage3.nii.gz,6,Aorta,2,2,0.5074612674807989,620538
319_stage3.nii.gz,7,PA,2,1,0.950560816596441,235906
319_stage3.nii.gz,8,LAA,1,1,1.0,80271
319_stage3.nii.gz,9,Coronary,2,2,0.89821083172147,16544
319_stage3.nii.gz,10,PV,2,2,0.5635777546235999,153560
306_stage3.nii.gz,1,Myocardium,1,1,1.0,646445
306_stage3.nii.gz,2,LA,1,1,1.0,365095
306_stage3.nii.gz,3,LV,1,1,1.0,710537
306_stage3.nii.gz,4,RA,1,1,1.0,407960
306_stage3.nii.gz,5,RV,1,1,1.0,835279
306_stage3.nii.gz,6,Aorta,2,2,0.6282245212980562,840241
306_stage3.nii.gz,7,PA,1,1,1.0,305087
306_stage3.nii.gz,8,LAA,1,1,1.0,42345
306_stage3.nii.gz,9,Coronary,1,1,1.0,22827
306_stage3.nii.gz,10,PV,2,2,0.564141206557976,87588
300_stage3.nii.gz,1,Myocardium,1,1,1.0,632253
300_stage3.nii.gz,2,LA,1,1,1.0,374204
300_stage3.nii.gz,3,LV,1,1,1.0,645078
300_stage3.nii.gz,4,RA,1,1,1.0,564173
300_stage3.nii.gz,5,RV,1,1,1.0,984935
300_stage3.nii.gz,6,Aorta,2,2,0.5271355374051138,638001
300_stage3.nii.gz,7,PA,2,2,0.7527077567837597,113101
300_stage3.nii.gz,8,LAA,1,1,1.0,38515
300_stage3.nii.gz,9,Coronary,1,1,1.0,12278
300_stage3.nii.gz,10,PV,2,2,0.5165666837041222,111519
299_stage3.nii.gz,1,Myocardium,1,1,1.0,508883
299_stage3.nii.gz,2,LA,1,1,1.0,467513
299_stage3.nii.gz,3,LV,1,1,1.0,599688
299_stage3.nii.gz,4,RA,1,1,1.0,458992
299_stage3.nii.gz,5,RV,1,1,1.0,757652
299_stage3.nii.gz,6,Aorta,2,2,0.5254747129591105,564815
299_stage3.nii.gz,7,PA,2,1,0.9697350762792364,295821
299_stage3.nii.gz,8,LAA,1,1,1.0,76025
299_stage3.nii.gz,9,Coronary,2,1,0.9676341479394615,15263
299_stage3.nii.gz,10,PV,2,2,0.5959873591680863,157901
314_stage3.nii.gz,1,Myocardium,1,1,1.0,625726
314_stage3.nii.gz,2,LA,1,1,1.0,451697
314_stage3.nii.gz,3,LV,1,1,1.0,671874
314_stage3.nii.gz,4,RA,1,1,1.0,433366
314_stage3.nii.gz,5,RV,1,1,1.0,755446
314_stage3.nii.gz,6,Aorta,2,2,0.5294699496580463,565135
314_stage3.nii.gz,7,PA,1,1,1.0,248782
314_stage3.nii.gz,8,LAA,1,1,1.0,81400
314_stage3.nii.gz,9,Coronary,2,2,0.8939735064663071,19099
314_stage3.nii.gz,10,PV,3,3,0.5655337361530715,119160
297_stage3.nii.gz,1,Myocardium,2,1,0.999998118603251,531520
297_stage3.nii.gz,2,LA,1,1,1.0,272011
297_stage3.nii.gz,3,LV,1,1,1.0,603648
297_stage3.nii.gz,4,RA,1,1,1.0,447642
297_stage3.nii.gz,5,RV,1,1,1.0,812218
297_stage3.nii.gz,6,Aorta,2,2,0.6016444010230853,364388
297_stage3.nii.gz,7,PA,2,2,0.9455539113890996,160838
297_stage3.nii.gz,8,LAA,1,1,1.0,33563
297_stage3.nii.gz,9,Coronary,2,2,0.833107803337844,13302
297_stage3.nii.gz,10,PV,3,3,0.4765732462173315,116320
316_stage3.nii.gz,1,Myocardium,1,1,1.0,513070
316_stage3.nii.gz,2,LA,1,1,1.0,451913
316_stage3.nii.gz,3,LV,1,1,1.0,568036
316_stage3.nii.gz,4,RA,1,1,1.0,437295
316_stage3.nii.gz,5,RV,1,1,1.0,551210
316_stage3.nii.gz,6,Aorta,2,2,0.5057734938176325,608990
316_stage3.nii.gz,7,PA,1,1,1.0,286457
316_stage3.nii.gz,8,LAA,1,1,1.0,50024
316_stage3.nii.gz,9,Coronary,1,1,1.0,9682
316_stage3.nii.gz,10,PV,2,2,0.6382799088171559,106599
318_stage3.nii.gz,1,Myocardium,1,1,1.0,679074
318_stage3.nii.gz,2,LA,1,1,1.0,329020
318_stage3.nii.gz,3,LV,1,1,1.0,856485
318_stage3.nii.gz,4,RA,1,1,1.0,436194
318_stage3.nii.gz,5,RV,1,1,1.0,1042881
318_stage3.nii.gz,6,Aorta,2,2,0.575747432215782,454088
318_stage3.nii.gz,7,PA,1,1,1.0,197018
318_stage3.nii.gz,8,LAA,1,1,1.0,40827
318_stage3.nii.gz,9,Coronary,2,2,0.9467475794354289,14666
318_stage3.nii.gz,10,PV,3,3,0.5695006414684693,121596
317_stage3.nii.gz,1,Myocardium,1,1,1.0,532043
317_stage3.nii.gz,2,LA,1,1,1.0,369334
317_stage3.nii.gz,3,LV,1,1,1.0,598779
317_stage3.nii.gz,4,RA,1,1,1.0,643210
317_stage3.nii.gz,5,RV,1,1,1.0,767359
317_stage3.nii.gz,6,Aorta,2,2,0.5897856665437794,667278
317_stage3.nii.gz,7,PA,2,1,0.9595096444052513,80513
317_stage3.nii.gz,8,LAA,1,1,1.0,68710
317_stage3.nii.gz,9,Coronary,1,1,1.0,9793
317_stage3.nii.gz,10,PV,3,3,0.38538330494037476,88050
333_stage3.nii.gz,1,Myocardium,1,1,1.0,685732
333_stage3.nii.gz,2,LA,1,1,1.0,300819
333_stage3.nii.gz,3,LV,1,1,1.0,704624
333_stage3.nii.gz,4,RA,1,1,1.0,431572
333_stage3.nii.gz,5,RV,1,1,1.0,998973
333_stage3.nii.gz,6,Aorta,2,2,0.6005321313897222,398022
333_stage3.nii.gz,7,PA,2,2,0.7568979741497845,21818
333_stage3.nii.gz,8,LAA,1,1,1.0,51706
333_stage3.nii.gz,9,Coronary,1,1,1.0,15599
333_stage3.nii.gz,10,PV,3,3,0.425770710438574,97475
321_stage3.nii.gz,1,Myocardium,1,1,1.0,805766
321_stage3.nii.gz,2,LA,1,1,1.0,751768
321_stage3.nii.gz,3,LV,1,1,1.0,626293
321_stage3.nii.gz,4,RA,1,1,1.0,593887
321_stage3.nii.gz,5,RV,1,1,1.0,864996
321_stage3.nii.gz,6,Aorta,2,2,0.6905698987367349,465223
321_stage3.nii.gz,7,PA,1,1,1.0,211389
321_stage3.nii.gz,8,LAA,1,1,1.0,62609
321_stage3.nii.gz,9,Coronary,2,1,0.9781359808132076,17929
321_stage3.nii.gz,10,PV,2,2,0.5858021196341279,125399
341_stage3.nii.gz,1,Myocardium,1,1,1.0,907429
341_stage3.nii.gz,2,LA,2,1,0.9999979160197645,479851
341_stage3.nii.gz,3,LV,1,1,1.0,987473
341_stage3.nii.gz,4,RA,1,1,1.0,517650
341_stage3.nii.gz,5,RV,1,1,1.0,1315415
341_stage3.nii.gz,6,Aorta,2,2,0.5556191797070356,537881
341_stage3.nii.gz,7,PA,2,2,0.9495481643942991,132681
341_stage3.nii.gz,8,LAA,1,1,1.0,55474
341_stage3.nii.gz,9,Coronary,2,2,0.6175179720015135,26430
341_stage3.nii.gz,10,PV,3,3,0.46248831931651313,134838
308_stage3.nii.gz,1,Myocardium,1,1,1.0,507955
308_stage3.nii.gz,2,LA,1,1,1.0,454080
308_stage3.nii.gz,3,LV,1,1,1.0,521256
308_stage3.nii.gz,4,RA,1,1,1.0,490380
308_stage3.nii.gz,5,RV,1,1,1.0,732313
308_stage3.nii.gz,6,Aorta,2,2,0.5393636121945801,549162
308_stage3.nii.gz,7,PA,2,2,0.9422242988691607,190478
308_stage3.nii.gz,8,LAA,1,1,1.0,54118
308_stage3.nii.gz,9,Coronary,2,1,0.968777707409753,15790
308_stage3.nii.gz,10,PV,2,2,0.5417644101876675,143232
334_stage3.nii.gz,1,Myocardium,1,1,1.0,916616
334_stage3.nii.gz,2,LA,1,1,1.0,489033
334_stage3.nii.gz,3,LV,1,1,1.0,913811
334_stage3.nii.gz,4,RA,1,1,1.0,559934
334_stage3.nii.gz,5,RV,1,1,1.0,1155469
334_stage3.nii.gz,6,Aorta,2,2,0.5070820461357838,609852
334_stage3.nii.gz,7,PA,2,2,0.7620523917521483,48061
334_stage3.nii.gz,8,LAA,1,1,1.0,49933
334_stage3.nii.gz,9,Coronary,1,1,1.0,24256
334_stage3.nii.gz,10,PV,2,2,0.5426048345676557,120714
320_stage3.nii.gz,1,Myocardium,1,1,1.0,705851
320_stage3.nii.gz,2,LA,1,1,1.0,498902
320_stage3.nii.gz,3,LV,1,1,1.0,811893
320_stage3.nii.gz,4,RA,1,1,1.0,664023
320_stage3.nii.gz,5,RV,1,1,1.0,999702
320_stage3.nii.gz,6,Aorta,2,2,0.5042750098679167,613098
320_stage3.nii.gz,7,PA,2,1,0.9884320445431612,298497
320_stage3.nii.gz,8,LAA,1,1,1.0,59561
320_stage3.nii.gz,9,Coronary,1,1,1.0,15991
320_stage3.nii.gz,10,PV,2,2,0.529199213560763,131733
332_stage3.nii.gz,1,Myocardium,1,1,1.0,621785
332_stage3.nii.gz,2,LA,1,1,1.0,378370
332_stage3.nii.gz,3,LV,1,1,1.0,718262
332_stage3.nii.gz,4,RA,1,1,1.0,463550
332_stage3.nii.gz,5,RV,1,1,1.0,751394
332_stage3.nii.gz,6,Aorta,2,2,0.523528831044894,486212
332_stage3.nii.gz,7,PA,2,2,0.9475562565579742,149627
332_stage3.nii.gz,8,LAA,1,1,1.0,40967
332_stage3.nii.gz,9,Coronary,1,1,1.0,11812
332_stage3.nii.gz,10,PV,3,3,0.5506082748797596,102503
304_stage3.nii.gz,1,Myocardium,1,1,1.0,633747
304_stage3.nii.gz,2,LA,1,1,1.0,425525
304_stage3.nii.gz,3,LV,1,1,1.0,612771
304_stage3.nii.gz,4,RA,1,1,1.0,454045
304_stage3.nii.gz,5,RV,1,1,1.0,697258
304_stage3.nii.gz,6,Aorta,2,2,0.5096644788530524,492577
304_stage3.nii.gz,7,PA,1,1,1.0,231953
304_stage3.nii.gz,8,LAA,1,1,1.0,42346
304_stage3.nii.gz,9,Coronary,1,1,1.0,18862
304_stage3.nii.gz,10,PV,3,3,0.522571694750486,98752
311_stage3.nii.gz,1,Myocardium,1,1,1.0,654956
311_stage3.nii.gz,2,LA,1,1,1.0,301762
311_stage3.nii.gz,3,LV,1,1,1.0,695066
311_stage3.nii.gz,4,RA,1,1,1.0,416084
311_stage3.nii.gz,5,RV,1,1,1.0,1011717
311_stage3.nii.gz,6,Aorta,2,2,0.5967068277726018,693374
311_stage3.nii.gz,7,PA,2,1,0.9882200637727425,271903
311_stage3.nii.gz,8,LAA,1,1,1.0,47889
311_stage3.nii.gz,9,Coronary,1,1,1.0,14903
311_stage3.nii.gz,10,PV,2,2,0.512485705019885,117174
307_stage3.nii.gz,1,Myocardium,1,1,1.0,649418
307_stage3.nii.gz,2,LA,1,1,1.0,555992
307_stage3.nii.gz,3,LV,1,1,1.0,676584
307_stage3.nii.gz,4,RA,1,1,1.0,794456
307_stage3.nii.gz,5,RV,1,1,1.0,993855
307_stage3.nii.gz,6,Aorta,2,2,0.5233557805774096,748273
307_stage3.nii.gz,7,PA,2,2,0.9341641026859431,252537
307_stage3.nii.gz,8,LAA,1,1,1.0,73122
307_stage3.nii.gz,9,Coronary,2,1,0.960156326811523,40684
307_stage3.nii.gz,10,PV,3,3,0.47985760560369634,121634
310_stage3.nii.gz,1,Myocardium,1,1,1.0,804813
310_stage3.nii.gz,2,LA,1,1,1.0,569141
310_stage3.nii.gz,3,LV,1,1,1.0,862569
310_stage3.nii.gz,4,RA,1,1,1.0,662947
310_stage3.nii.gz,5,RV,1,1,1.0,1027583
310_stage3.nii.gz,6,Aorta,2,2,0.531748881070343,501372
310_stage3.nii.gz,7,PA,2,2,0.6461569184343658,45068
310_stage3.nii.gz,8,LAA,1,1,1.0,13812
310_stage3.nii.gz,9,Coronary,2,1,0.9838999184117487,18385
310_stage3.nii.gz,10,PV,3,3,0.38618842881735094,120247
309_stage3.nii.gz,1,Myocardium,1,1,1.0,552445
309_stage3.nii.gz,2,LA,1,1,1.0,450173
309_stage3.nii.gz,3,LV,1,1,1.0,613513
309_stage3.nii.gz,4,RA,1,1,1.0,386863
309_stage3.nii.gz,5,RV,1,1,1.0,598859
309_stage3.nii.gz,6,Aorta,2,2,0.5084199022645564,644188
309_stage3.nii.gz,7,PA,1,1,1.0,292207
309_stage3.nii.gz,8,LAA,1,1,1.0,40968
309_stage3.nii.gz,9,Coronary,1,1,1.0,13080
309_stage3.nii.gz,10,PV,2,2,0.5174804289786868,110495
338_stage3.nii.gz,1,Myocardium,1,1,1.0,682825
338_stage3.nii.gz,2,LA,1,1,1.0,377888
338_stage3.nii.gz,3,LV,1,1,1.0,769165
338_stage3.nii.gz,4,RA,1,1,1.0,574103
338_stage3.nii.gz,5,RV,1,1,1.0,1034305
338_stage3.nii.gz,6,Aorta,2,2,0.5373866379922498,591468
338_stage3.nii.gz,7,PA,2,2,0.5493955466360856,83712
338_stage3.nii.gz,8,LAA,1,1,1.0,42870
338_stage3.nii.gz,9,Coronary,2,1,0.9659060688261263,18801
338_stage3.nii.gz,10,PV,2,2,0.5786822687520635,130239
305_stage3.nii.gz,1,Myocardium,1,1,1.0,503562
305_stage3.nii.gz,2,LA,1,1,1.0,445654
305_stage3.nii.gz,3,LV,1,1,1.0,494390
305_stage3.nii.gz,4,RA,1,1,1.0,563359
305_stage3.nii.gz,5,RV,1,1,1.0,714403
305_stage3.nii.gz,6,Aorta,2,2,0.641436822657287,613242
305_stage3.nii.gz,7,PA,2,1,0.9893412740377926,287464
305_stage3.nii.gz,8,LAA,1,1,1.0,44193
305_stage3.nii.gz,9,Coronary,2,1,0.9687197231833911,14450
305_stage3.nii.gz,10,PV,2,2,0.7218313970459455,137032
313_stage3.nii.gz,1,Myocardium,1,1,1.0,790187
313_stage3.nii.gz,2,LA,1,1,1.0,521498
313_stage3.nii.gz,3,LV,1,1,1.0,907711
313_stage3.nii.gz,4,RA,1,1,1.0,721147
313_stage3.nii.gz,5,RV,1,1,1.0,1020333
313_stage3.nii.gz,6,Aorta,2,2,0.5868507622515791,596719
313_stage3.nii.gz,7,PA,2,1,0.9539101531855155,96876
313_stage3.nii.gz,8,LAA,1,1,1.0,51168
313_stage3.nii.gz,9,Coronary,1,1,1.0,14801
313_stage3.nii.gz,10,PV,2,2,0.5794982498086401,116273
31_stage3.nii.gz,1,Myocardium,1,1,1.0,754578
31_stage3.nii.gz,2,LA,1,1,1.0,437454
31_stage3.nii.gz,3,LV,1,1,1.0,690393
31_stage3.nii.gz,4,RA,1,1,1.0,526238
31_stage3.nii.gz,5,RV,1,1,1.0,1026611
31_stage3.nii.gz,6,Aorta,2,2,0.5477151093823278,579984
31_stage3.nii.gz,7,PA,2,2,0.9342832331523769,206127
31_stage3.nii.gz,8,LAA,1,1,1.0,53626
31_stage3.nii.gz,9,Coronary,1,1,1.0,17045
31_stage3.nii.gz,10,PV,3,3,0.5729510764323955,140464
322_stage3.nii.gz,1,Myocardium,1,1,1.0,652866
322_stage3.nii.gz,2,LA,1,1,1.0,265927
322_stage3.nii.gz,3,LV,1,1,1.0,620518
322_stage3.nii.gz,4,RA,1,1,1.0,270097
322_stage3.nii.gz,5,RV,1,1,1.0,787022
322_stage3.nii.gz,6,Aorta,2,2,0.5436762278356965,708177
322_stage3.nii.gz,7,PA,2,1,0.9806164901664145,285552
322_stage3.nii.gz,8,LAA,1,1,1.0,64417
322_stage3.nii.gz,9,Coronary,2,2,0.9420347924805502,29949
322_stage3.nii.gz,10,PV,2,2,0.5954095758903543,115937
329_stage3.nii.gz,1,Myocardium,1,1,1.0,464804
329_stage3.nii.gz,2,LA,1,1,1.0,293323
329_stage3.nii.gz,3,LV,1,1,1.0,549624
329_stage3.nii.gz,4,RA,1,1,1.0,374831
329_stage3.nii.gz,5,RV,1,1,1.0,626829
329_stage3.nii.gz,6,Aorta,2,2,0.593402471561415,895790
329_stage3.nii.gz,7,PA,1,1,1.0,326502
329_stage3.nii.gz,8,LAA,1,1,1.0,64941
329_stage3.nii.gz,9,Coronary,1,1,1.0,12495
329_stage3.nii.gz,10,PV,2,2,0.5556043098825021,102555
30_stage3.nii.gz,1,Myocardium,1,1,1.0,658890
30_stage3.nii.gz,2,LA,1,1,1.0,354950
30_stage3.nii.gz,3,LV,1,1,1.0,701631
30_stage3.nii.gz,4,RA,1,1,1.0,488842
30_stage3.nii.gz,5,RV,1,1,1.0,789862
30_stage3.nii.gz,6,Aorta,2,2,0.5417004821013125,702342
30_stage3.nii.gz,7,PA,2,1,0.9704804167470577,176222
30_stage3.nii.gz,8,LAA,1,1,1.0,56246
30_stage3.nii.gz,9,Coronary,1,1,1.0,11590
30_stage3.nii.gz,10,PV,4,4,0.2967562391525525,100254
323_stage3.nii.gz,1,Myocardium,1,1,1.0,659468
323_stage3.nii.gz,2,LA,1,1,1.0,500617
323_stage3.nii.gz,3,LV,1,1,1.0,714436
323_stage3.nii.gz,4,RA,1,1,1.0,670628
323_stage3.nii.gz,5,RV,1,1,1.0,926762
323_stage3.nii.gz,6,Aorta,2,2,0.5359079001578011,643215
323_stage3.nii.gz,7,PA,1,1,1.0,321385
323_stage3.nii.gz,8,LAA,1,1,1.0,68720
323_stage3.nii.gz,9,Coronary,1,1,1.0,11392
323_stage3.nii.gz,10,PV,3,3,0.5096335722085314,167591
343_stage3.nii.gz,1,Myocardium,1,1,1.0,661083
343_stage3.nii.gz,2,LA,1,1,1.0,519549
343_stage3.nii.gz,3,LV,1,1,1.0,474960
343_stage3.nii.gz,4,RA,1,1,1.0,422986
343_stage3.nii.gz,5,RV,1,1,1.0,608769
343_stage3.nii.gz,6,Aorta,2,2,0.5563414894753713,655130
343_stage3.nii.gz,7,PA,1,1,1.0,238401
343_stage3.nii.gz,8,LAA,1,1,1.0,68036
343_stage3.nii.gz,9,Coronary,2,2,0.6854888139748697,13052
343_stage3.nii.gz,10,PV,3,3,0.5069003425186477,110067
345_stage3.nii.gz,1,Myocardium,2,1,0.9999984617609146,650094
345_stage3.nii.gz,2,LA,1,1,1.0,314665
345_stage3.nii.gz,3,LV,1,1,1.0,802166
345_stage3.nii.gz,4,RA,1,1,1.0,393142
345_stage3.nii.gz,5,RV,1,1,1.0,929472
345_stage3.nii.gz,6,Aorta,2,2,0.5985726089062366,350990
345_stage3.nii.gz,7,PA,1,1,1.0,190337
345_stage3.nii.gz,8,LAA,1,1,1.0,36951
345_stage3.nii.gz,9,Coronary,2,2,0.5374875174755342,25035
345_stage3.nii.gz,10,PV,3,3,0.4907644167844048,115369
315_stage3.nii.gz,1,Myocardium,1,1,1.0,580059
315_stage3.nii.gz,2,LA,1,1,1.0,467586
315_stage3.nii.gz,3,LV,1,1,1.0,582068
315_stage3.nii.gz,4,RA,1,1,1.0,450891
315_stage3.nii.gz,5,RV,1,1,1.0,543043
315_stage3.nii.gz,6,Aorta,2,2,0.6141334193579014,926867
315_stage3.nii.gz,7,PA,2,1,0.9825740659745402,173764
315_stage3.nii.gz,8,LAA,1,1,1.0,83726
315_stage3.nii.gz,9,Coronary,2,1,0.9522966743496872,24296
315_stage3.nii.gz,10,PV,3,3,0.48670342007808703,119354
324_stage3.nii.gz,1,Myocardium,1,1,1.0,620019
324_stage3.nii.gz,2,LA,1,1,1.0,401836
324_stage3.nii.gz,3,LV,1,1,1.0,606446
324_stage3.nii.gz,4,RA,1,1,1.0,406741
324_stage3.nii.gz,5,RV,1,1,1.0,717274
324_stage3.nii.gz,6,Aorta,2,2,0.5527118685386495,533267
324_stage3.nii.gz,7,PA,2,2,0.9392902987958444,225137
324_stage3.nii.gz,8,LAA,1,1,1.0,37499
324_stage3.nii.gz,9,Coronary,1,1,1.0,18119
324_stage3.nii.gz,10,PV,3,3,0.5857582516382247,115674
326_stage3.nii.gz,1,Myocardium,1,1,1.0,680284
326_stage3.nii.gz,2,LA,1,1,1.0,470147
326_stage3.nii.gz,3,LV,1,1,1.0,715582
326_stage3.nii.gz,4,RA,1,1,1.0,541318
326_stage3.nii.gz,5,RV,1,1,1.0,898297
326_stage3.nii.gz,6,Aorta,2,2,0.6133272554263519,576953
326_stage3.nii.gz,7,PA,2,1,0.9833234526109997,220969
326_stage3.nii.gz,8,LAA,1,1,1.0,50051
326_stage3.nii.gz,9,Coronary,2,2,0.912465564738292,14520
326_stage3.nii.gz,10,PV,2,2,0.5539300935221192,133979
339_stage3.nii.gz,1,Myocardium,1,1,1.0,545416
339_stage3.nii.gz,2,LA,1,1,1.0,417211
339_stage3.nii.gz,3,LV,1,1,1.0,497897
339_stage3.nii.gz,4,RA,1,1,1.0,367517
339_stage3.nii.gz,5,RV,1,1,1.0,653858
339_stage3.nii.gz,6,Aorta,2,2,0.5123149920919005,600650
339_stage3.nii.gz,7,PA,2,1,0.9832853861960594,206825
339_stage3.nii.gz,8,LAA,1,1,1.0,42010
339_stage3.nii.gz,9,Coronary,1,1,1.0,17357
339_stage3.nii.gz,10,PV,2,2,0.5352237741841397,154285
335_stage3.nii.gz,1,Myocardium,1,1,1.0,580329
335_stage3.nii.gz,2,LA,1,1,1.0,466119
335_stage3.nii.gz,3,LV,1,1,1.0,564139
335_stage3.nii.gz,4,RA,1,1,1.0,447228
335_stage3.nii.gz,5,RV,1,1,1.0,745825
335_stage3.nii.gz,6,Aorta,2,2,0.5126157248784269,634803
335_stage3.nii.gz,7,PA,2,2,0.9356452794113133,228033
335_stage3.nii.gz,8,LAA,1,1,1.0,65769
335_stage3.nii.gz,9,Coronary,1,1,1.0,22697
335_stage3.nii.gz,10,PV,2,2,0.547298527188838,126357
351_stage3.nii.gz,1,Myocardium,1,1,1.0,957284
351_stage3.nii.gz,2,LA,1,1,1.0,476482
351_stage3.nii.gz,3,LV,1,1,1.0,864243
351_stage3.nii.gz,4,RA,1,1,1.0,507776
351_stage3.nii.gz,5,RV,1,1,1.0,1040558
351_stage3.nii.gz,6,Aorta,2,2,0.5062406134271136,643206
351_stage3.nii.gz,7,PA,2,2,0.7855563470157005,134772
351_stage3.nii.gz,8,LAA,1,1,1.0,65316
351_stage3.nii.gz,9,Coronary,1,1,1.0,20601
351_stage3.nii.gz,10,PV,3,3,0.5706635828613098,135763
331_stage3.nii.gz,1,Myocardium,1,1,1.0,673705
331_stage3.nii.gz,2,LA,1,1,1.0,445707
331_stage3.nii.gz,3,LV,1,1,1.0,618996
331_stage3.nii.gz,4,RA,1,1,1.0,457725
331_stage3.nii.gz,5,RV,1,1,1.0,781035
331_stage3.nii.gz,6,Aorta,2,2,0.5650707574788538,555065
331_stage3.nii.gz,7,PA,1,1,1.0,262754
331_stage3.nii.gz,8,LAA,1,1,1.0,84571
331_stage3.nii.gz,9,Coronary,1,1,1.0,10597
331_stage3.nii.gz,10,PV,3,3,0.5857431007609792,109070
33_stage3.nii.gz,1,Myocardium,1,1,1.0,460112
33_stage3.nii.gz,2,LA,1,1,1.0,483875
33_stage3.nii.gz,3,LV,1,1,1.0,207996
33_stage3.nii.gz,4,RA,1,1,1.0,499919
33_stage3.nii.gz,5,RV,1,1,1.0,358939
33_stage3.nii.gz,6,Aorta,2,2,0.5047465899517584,689653
33_stage3.nii.gz,7,PA,1,1,1.0,413548
33_stage3.nii.gz,8,LAA,1,1,1.0,77210
33_stage3.nii.gz,9,Coronary,2,1,0.9646924829157175,11414
33_stage3.nii.gz,10,PV,2,2,0.5599608036976335,115317
328_stage3.nii.gz,1,Myocardium,1,1,1.0,627938
328_stage3.nii.gz,2,LA,1,1,1.0,388500
328_stage3.nii.gz,3,LV,1,1,1.0,672376
328_stage3.nii.gz,4,RA,1,1,1.0,390772
328_stage3.nii.gz,5,RV,1,1,1.0,867110
328_stage3.nii.gz,6,Aorta,2,2,0.5779942751670911,570497
328_stage3.nii.gz,7,PA,2,1,0.9666181576163348,201337
328_stage3.nii.gz,8,LAA,1,1,1.0,28602
328_stage3.nii.gz,9,Coronary,2,2,0.5891751395153276,13081
328_stage3.nii.gz,10,PV,2,2,0.5270460010179546,113954
340_stage3.nii.gz,1,Myocardium,1,1,1.0,664638
340_stage3.nii.gz,2,LA,1,1,1.0,357663
340_stage3.nii.gz,3,LV,1,1,1.0,685205
340_stage3.nii.gz,4,RA,1,1,1.0,552375
340_stage3.nii.gz,5,RV,1,1,1.0,787233
340_stage3.nii.gz,6,Aorta,2,2,0.5396726865753794,654052
340_stage3.nii.gz,7,PA,1,1,1.0,264892
340_stage3.nii.gz,8,LAA,1,1,1.0,51019
340_stage3.nii.gz,9,Coronary,2,2,0.8804587108995034,19533
340_stage3.nii.gz,10,PV,3,3,0.43638901754088416,153299
354_stage3.nii.gz,1,Myocardium,1,1,1.0,639036
354_stage3.nii.gz,2,LA,1,1,1.0,316582
354_stage3.nii.gz,3,LV,1,1,1.0,642020
354_stage3.nii.gz,4,RA,1,1,1.0,437672
354_stage3.nii.gz,5,RV,1,1,1.0,746135
354_stage3.nii.gz,6,Aorta,2,2,0.5466978917028305,494048
354_stage3.nii.gz,7,PA,1,1,1.0,258577
354_stage3.nii.gz,8,LAA,1,1,1.0,70062
354_stage3.nii.gz,9,Coronary,1,1,1.0,16749
354_stage3.nii.gz,10,PV,2,2,0.5500517090504097,113133
355_stage3.nii.gz,1,Myocardium,1,1,1.0,1006562
355_stage3.nii.gz,2,LA,1,1,1.0,636954
355_stage3.nii.gz,3,LV,1,1,1.0,1099923
355_stage3.nii.gz,4,RA,1,1,1.0,701459
355_stage3.nii.gz,5,RV,1,1,1.0,1403181
355_stage3.nii.gz,6,Aorta,2,2,0.5498885743985141,541617
355_stage3.nii.gz,7,PA,2,1,0.9823188045113632,176798
355_stage3.nii.gz,8,LAA,1,1,1.0,72002
355_stage3.nii.gz,9,Coronary,1,1,1.0,16729
355_stage3.nii.gz,10,PV,2,2,0.5885033423848793,139571
337_stage3.nii.gz,1,Myocardium,1,1,1.0,640885
337_stage3.nii.gz,2,LA,1,1,1.0,460410
337_stage3.nii.gz,3,LV,1,1,1.0,655503
337_stage3.nii.gz,4,RA,1,1,1.0,443199
337_stage3.nii.gz,5,RV,1,1,1.0,836414
337_stage3.nii.gz,6,Aorta,2,2,0.5280607553493769,772146
337_stage3.nii.gz,7,PA,2,2,0.948061993413098,245639
337_stage3.nii.gz,8,LAA,1,1,1.0,53021
337_stage3.nii.gz,9,Coronary,1,1,1.0,16323
337_stage3.nii.gz,10,PV,2,2,0.5181803826995679,139326
35_stage3.nii.gz,1,Myocardium,1,1,1.0,589685
35_stage3.nii.gz,2,LA,1,1,1.0,543514
35_stage3.nii.gz,3,LV,1,1,1.0,540532
35_stage3.nii.gz,4,RA,1,1,1.0,697221
35_stage3.nii.gz,5,RV,1,1,1.0,689297
35_stage3.nii.gz,6,Aorta,2,2,0.5395418880430656,555803
35_stage3.nii.gz,7,PA,2,1,0.9536380627074404,124132
35_stage3.nii.gz,8,LAA,1,1,1.0,43179
35_stage3.nii.gz,9,Coronary,1,1,1.0,34944
35_stage3.nii.gz,10,PV,3,3,0.4458889599488368,100072
350_stage3.nii.gz,1,Myocardium,1,1,1.0,671242
350_stage3.nii.gz,2,LA,1,1,1.0,311807
350_stage3.nii.gz,3,LV,1,1,1.0,681264
350_stage3.nii.gz,4,RA,1,1,1.0,404769
350_stage3.nii.gz,5,RV,1,1,1.0,897689
350_stage3.nii.gz,6,Aorta,2,2,0.5541600530119739,454237
350_stage3.nii.gz,7,PA,1,1,1.0,246270
350_stage3.nii.gz,8,LAA,1,1,1.0,38410
350_stage3.nii.gz,9,Coronary,1,1,1.0,15520
350_stage3.nii.gz,10,PV,3,3,0.4712785847835467,104295
327_stage3.nii.gz,1,Myocardium,1,1,1.0,749740
327_stage3.nii.gz,2,LA,1,1,1.0,434025
327_stage3.nii.gz,3,LV,1,1,1.0,889622
327_stage3.nii.gz,4,RA,1,1,1.0,564021
327_stage3.nii.gz,5,RV,1,1,1.0,977834
327_stage3.nii.gz,6,Aorta,2,2,0.5336393830615408,581387
327_stage3.nii.gz,7,PA,3,2,0.9352030490660731,232727
327_stage3.nii.gz,8,LAA,1,1,1.0,53178
327_stage3.nii.gz,9,Coronary,2,2,0.6470613562970936,23225
327_stage3.nii.gz,10,PV,3,3,0.5733910654355122,115014
32_stage3.nii.gz,1,Myocardium,1,1,1.0,689583
32_stage3.nii.gz,2,LA,1,1,1.0,503422
32_stage3.nii.gz,3,LV,1,1,1.0,592939
32_stage3.nii.gz,4,RA,1,1,1.0,594268
32_stage3.nii.gz,5,RV,1,1,1.0,600314
32_stage3.nii.gz,6,Aorta,2,2,0.5216396597047037,792018
32_stage3.nii.gz,7,PA,2,1,0.983238307327524,201173
32_stage3.nii.gz,8,LAA,1,1,1.0,61980
32_stage3.nii.gz,9,Coronary,1,1,1.0,18539
32_stage3.nii.gz,10,PV,2,2,0.6753772624684693,90388
353_stage3.nii.gz,1,Myocardium,1,1,1.0,860545
353_stage3.nii.gz,2,LA,2,1,0.99999746128459,393900
353_stage3.nii.gz,3,LV,1,1,1.0,839549
353_stage3.nii.gz,4,RA,1,1,1.0,487017
353_stage3.nii.gz,5,RV,1,1,1.0,1104084
353_stage3.nii.gz,6,Aorta,2,2,0.5275964090324753,748322
353_stage3.nii.gz,7,PA,2,2,0.92600530102234,264100
353_stage3.nii.gz,8,LAA,1,1,1.0,92418
353_stage3.nii.gz,9,Coronary,1,1,1.0,25274
353_stage3.nii.gz,10,PV,3,3,0.5371071474365463,148179
34_stage3.nii.gz,1,Myocardium,1,1,1.0,752302
34_stage3.nii.gz,2,LA,1,1,1.0,419271
34_stage3.nii.gz,3,LV,1,1,1.0,728674
34_stage3.nii.gz,4,RA,1,1,1.0,562914
34_stage3.nii.gz,5,RV,1,1,1.0,817784
34_stage3.nii.gz,6,Aorta,2,2,0.5663443361388673,670223
34_stage3.nii.gz,7,PA,1,1,1.0,328367
34_stage3.nii.gz,8,LAA,1,1,1.0,105217
34_stage3.nii.gz,9,Coronary,2,2,0.9490727704251981,24859
34_stage3.nii.gz,10,PV,3,3,0.5163251876131058,158038
330_stage3.nii.gz,1,Myocardium,1,1,1.0,602131
330_stage3.nii.gz,2,LA,1,1,1.0,410689
330_stage3.nii.gz,3,LV,1,1,1.0,660576
330_stage3.nii.gz,4,RA,1,1,1.0,413775
330_stage3.nii.gz,5,RV,1,1,1.0,750031
330_stage3.nii.gz,6,Aorta,2,2,0.5553071659951636,509057
330_stage3.nii.gz,7,PA,2,1,0.981351906387397,217663
330_stage3.nii.gz,8,LAA,1,1,1.0,51218
330_stage3.nii.gz,9,Coronary,1,1,1.0,23351
330_stage3.nii.gz,10,PV,2,2,0.5317584167606975,124959
344_stage3.nii.gz,1,Myocardium,1,1,1.0,606744
344_stage3.nii.gz,2,LA,1,1,1.0,362747
344_stage3.nii.gz,3,LV,1,1,1.0,583425
344_stage3.nii.gz,4,RA,1,1,1.0,418682
344_stage3.nii.gz,5,RV,1,1,1.0,747445
344_stage3.nii.gz,6,Aorta,2,2,0.5504743622762202,667844
344_stage3.nii.gz,7,PA,5,1,0.9956714849180068,176966
344_stage3.nii.gz,8,LAA,1,1,1.0,35691
344_stage3.nii.gz,9,Coronary,1,1,1.0,16074
344_stage3.nii.gz,10,PV,3,3,0.484966131745238,109985
336_stage3.nii.gz,1,Myocardium,1,1,1.0,704044
336_stage3.nii.gz,2,LA,1,1,1.0,543268
336_stage3.nii.gz,3,LV,1,1,1.0,652942
336_stage3.nii.gz,4,RA,1,1,1.0,415011
336_stage3.nii.gz,5,RV,1,1,1.0,859581
336_stage3.nii.gz,6,Aorta,2,2,0.5310187338774475,496587
336_stage3.nii.gz,7,PA,1,1,1.0,134564
336_stage3.nii.gz,8,LAA,1,1,1.0,61346
336_stage3.nii.gz,9,Coronary,1,1,1.0,12703
336_stage3.nii.gz,10,PV,2,2,0.6124268148639117,117681
342_stage3.nii.gz,1,Myocardium,1,1,1.0,937513
342_stage3.nii.gz,2,LA,1,1,1.0,552776
342_stage3.nii.gz,3,LV,1,1,1.0,941808
342_stage3.nii.gz,4,RA,1,1,1.0,666310
342_stage3.nii.gz,5,RV,1,1,1.0,1186245
342_stage3.nii.gz,6,Aorta,2,2,0.5469130284512757,552629
342_stage3.nii.gz,7,PA,2,2,0.9394516826068325,219362
342_stage3.nii.gz,8,LAA,1,1,1.0,71357
342_stage3.nii.gz,9,Coronary,1,1,1.0,14621
342_stage3.nii.gz,10,PV,3,3,0.46838829341370763,168213
348_stage3.nii.gz,1,Myocardium,1,1,1.0,820824
348_stage3.nii.gz,2,LA,1,1,1.0,425364
348_stage3.nii.gz,3,LV,1,1,1.0,1003060
348_stage3.nii.gz,4,RA,1,1,1.0,475159
348_stage3.nii.gz,5,RV,1,1,1.0,1126862
348_stage3.nii.gz,6,Aorta,2,2,0.636663930709493,348446
348_stage3.nii.gz,7,PA,2,2,0.6088048498845265,69280
348_stage3.nii.gz,8,LAA,1,1,1.0,13723
348_stage3.nii.gz,9,Coronary,2,2,0.8527641778865769,19608
348_stage3.nii.gz,10,PV,3,3,0.5062012814890929,152791
356_stage3.nii.gz,1,Myocardium,1,1,1.0,679792
356_stage3.nii.gz,2,LA,1,1,1.0,507287
356_stage3.nii.gz,3,LV,1,1,1.0,716190
356_stage3.nii.gz,4,RA,1,1,1.0,587558
356_stage3.nii.gz,5,RV,1,1,1.0,846137
356_stage3.nii.gz,6,Aorta,2,2,0.638067394821151,567462
356_stage3.nii.gz,7,PA,2,2,0.9243468128187292,225701
356_stage3.nii.gz,8,LAA,1,1,1.0,93638
356_stage3.nii.gz,9,Coronary,1,1,1.0,19472
356_stage3.nii.gz,10,PV,3,3,0.6163508277122943,160261
346_stage3.nii.gz,1,Myocardium,1,1,1.0,758981
346_stage3.nii.gz,2,LA,1,1,1.0,389150
346_stage3.nii.gz,3,LV,1,1,1.0,837095
346_stage3.nii.gz,4,RA,1,1,1.0,724942
346_stage3.nii.gz,5,RV,1,1,1.0,1014090
346_stage3.nii.gz,6,Aorta,2,2,0.6665347117368655,570902
346_stage3.nii.gz,7,PA,1,1,1.0,265106
346_stage3.nii.gz,8,LAA,1,1,1.0,76639
346_stage3.nii.gz,9,Coronary,2,1,0.9744385026737968,18700
346_stage3.nii.gz,10,PV,2,2,0.5481566476214428,127241
352_stage3.nii.gz,1,Myocardium,1,1,1.0,512378
352_stage3.nii.gz,2,LA,1,1,1.0,298664
352_stage3.nii.gz,3,LV,1,1,1.0,450732
352_stage3.nii.gz,4,RA,1,1,1.0,355989
352_stage3.nii.gz,5,RV,1,1,1.0,662797
352_stage3.nii.gz,6,Aorta,1,1,1.0,738933
352_stage3.nii.gz,7,PA,1,1,1.0,247586
352_stage3.nii.gz,8,LAA,1,1,1.0,31426
352_stage3.nii.gz,9,Coronary,2,2,0.9370015948963317,8778
352_stage3.nii.gz,10,PV,2,2,0.5082862246119285,108614
358_stage3.nii.gz,1,Myocardium,1,1,1.0,633845
358_stage3.nii.gz,2,LA,1,1,1.0,423404
358_stage3.nii.gz,3,LV,1,1,1.0,631758
358_stage3.nii.gz,4,RA,1,1,1.0,420975
358_stage3.nii.gz,5,RV,1,1,1.0,876736
358_stage3.nii.gz,6,Aorta,2,2,0.5083738325592816,667914
358_stage3.nii.gz,7,PA,2,2,0.946211352099677,216700
358_stage3.nii.gz,8,LAA,1,1,1.0,49418
358_stage3.nii.gz,9,Coronary,2,1,0.9809826557358764,17931
358_stage3.nii.gz,10,PV,2,2,0.5245478401720223,141377
357_stage3.nii.gz,1,Myocardium,1,1,1.0,733546
357_stage3.nii.gz,2,LA,1,1,1.0,344597
357_stage3.nii.gz,3,LV,1,1,1.0,757673
357_stage3.nii.gz,4,RA,1,1,1.0,593550
357_stage3.nii.gz,5,RV,1,1,1.0,1284054
357_stage3.nii.gz,6,Aorta,2,2,0.5313016717091552,422741
357_stage3.nii.gz,7,PA,2,2,0.927564494377662,206142
357_stage3.nii.gz,8,LAA,1,1,1.0,47060
357_stage3.nii.gz,9,Coronary,2,2,0.9334768812330009,17648
357_stage3.nii.gz,10,PV,2,2,0.5649972380777021,108620
359_stage3.nii.gz,1,Myocardium,1,1,1.0,675583
359_stage3.nii.gz,2,LA,1,1,1.0,345674
359_stage3.nii.gz,3,LV,1,1,1.0,725613
359_stage3.nii.gz,4,RA,1,1,1.0,396728
359_stage3.nii.gz,5,RV,1,1,1.0,885153
359_stage3.nii.gz,6,Aorta,2,2,0.6653640493390959,507184
359_stage3.nii.gz,7,PA,1,1,1.0,114540
359_stage3.nii.gz,8,LAA,1,1,1.0,47202
359_stage3.nii.gz,9,Coronary,1,1,1.0,10341
359_stage3.nii.gz,10,PV,2,2,0.5570892592269435,114610
360_stage3.nii.gz,1,Myocardium,1,1,1.0,601677
360_stage3.nii.gz,2,LA,1,1,1.0,478699
360_stage3.nii.gz,3,LV,1,1,1.0,713656
360_stage3.nii.gz,4,RA,1,1,1.0,619516
360_stage3.nii.gz,5,RV,1,1,1.0,821624
360_stage3.nii.gz,6,Aorta,2,2,0.5405588534481557,574104
360_stage3.nii.gz,7,PA,2,1,0.9815344620368919,153096
360_stage3.nii.gz,8,LAA,1,1,1.0,77427
360_stage3.nii.gz,9,Coronary,2,2,0.8522618414050026,18790
360_stage3.nii.gz,10,PV,2,2,0.6280819816710763,104316
362_stage3.nii.gz,1,Myocardium,1,1,1.0,613843
362_stage3.nii.gz,2,LA,1,1,1.0,359295
362_stage3.nii.gz,3,LV,1,1,1.0,708598
362_stage3.nii.gz,4,RA,1,1,1.0,465485
362_stage3.nii.gz,5,RV,1,1,1.0,854706
362_stage3.nii.gz,6,Aorta,2,2,0.5498321734018546,527330
362_stage3.nii.gz,7,PA,2,2,0.9261582063585599,213822
362_stage3.nii.gz,8,LAA,1,1,1.0,68133
362_stage3.nii.gz,9,Coronary,1,1,1.0,14933
362_stage3.nii.gz,10,PV,3,3,0.6227219149514915,154406
361_stage3.nii.gz,1,Myocardium,1,1,1.0,438654
361_stage3.nii.gz,2,LA,1,1,1.0,801189
361_stage3.nii.gz,3,LV,1,1,1.0,451342
361_stage3.nii.gz,4,RA,1,1,1.0,467398
361_stage3.nii.gz,5,RV,1,1,1.0,500415
361_stage3.nii.gz,6,Aorta,2,2,0.5034969366507016,548909
361_stage3.nii.gz,7,PA,1,1,1.0,391047
361_stage3.nii.gz,8,LAA,1,1,1.0,140571
361_stage3.nii.gz,9,Coronary,2,1,0.975112729795352,11532
361_stage3.nii.gz,10,PV,2,2,0.5117558588916177,157581
366_stage3.nii.gz,1,Myocardium,1,1,1.0,557643
366_stage3.nii.gz,2,LA,1,1,1.0,370030
366_stage3.nii.gz,3,LV,1,1,1.0,482210
366_stage3.nii.gz,4,RA,1,1,1.0,435455
366_stage3.nii.gz,5,RV,1,1,1.0,583285
366_stage3.nii.gz,6,Aorta,2,2,0.5269832323516979,702603
366_stage3.nii.gz,7,PA,2,2,0.946770160111721,307910
366_stage3.nii.gz,8,LAA,1,1,1.0,60675
366_stage3.nii.gz,9,Coronary,1,1,1.0,22237
366_stage3.nii.gz,10,PV,2,2,0.6376577493057656,145484
36_stage3.nii.gz,1,Myocardium,1,1,1.0,643958
36_stage3.nii.gz,2,LA,1,1,1.0,378104
36_stage3.nii.gz,3,LV,1,1,1.0,581107
36_stage3.nii.gz,4,RA,1,1,1.0,509624
36_stage3.nii.gz,5,RV,1,1,1.0,770678
36_stage3.nii.gz,6,Aorta,2,2,0.5366287087749715,507580
36_stage3.nii.gz,7,PA,1,1,1.0,164451
36_stage3.nii.gz,8,LAA,1,1,1.0,77503
36_stage3.nii.gz,9,Coronary,2,1,0.9827422340053024,19991
36_stage3.nii.gz,10,PV,2,2,0.5070429179285425,105993
363_stage3.nii.gz,1,Myocardium,1,1,1.0,642486
363_stage3.nii.gz,2,LA,1,1,1.0,395904
363_stage3.nii.gz,3,LV,1,1,1.0,660239
363_stage3.nii.gz,4,RA,1,1,1.0,620257
363_stage3.nii.gz,5,RV,1,1,1.0,883650
363_stage3.nii.gz,6,Aorta,2,2,0.5130404456750817,665238
363_stage3.nii.gz,7,PA,1,1,1.0,221190
363_stage3.nii.gz,8,LAA,1,1,1.0,48079
363_stage3.nii.gz,9,Coronary,1,1,1.0,11975
363_stage3.nii.gz,10,PV,3,3,0.5260211212279091,120921
373_stage3.nii.gz,1,Myocardium,1,1,1.0,448878
373_stage3.nii.gz,2,LA,1,1,1.0,489318
373_stage3.nii.gz,3,LV,1,1,1.0,293031
373_stage3.nii.gz,4,RA,1,1,1.0,496955
373_stage3.nii.gz,5,RV,1,1,1.0,356668
373_stage3.nii.gz,6,Aorta,2,2,0.5380657435542293,514058
373_stage3.nii.gz,7,PA,1,1,1.0,278516
373_stage3.nii.gz,8,LAA,1,1,1.0,92058
373_stage3.nii.gz,9,Coronary,1,1,1.0,15957
373_stage3.nii.gz,10,PV,2,2,0.5705646898474891,127663
370_stage3.nii.gz,1,Myocardium,1,1,1.0,703508
370_stage3.nii.gz,2,LA,1,1,1.0,705071
370_stage3.nii.gz,3,LV,1,1,1.0,394144
370_stage3.nii.gz,4,RA,1,1,1.0,836085
370_stage3.nii.gz,5,RV,1,1,1.0,544314
370_stage3.nii.gz,6,Aorta,2,2,0.6413290104387092,536369
370_stage3.nii.gz,7,PA,2,2,0.8372004826754008,116020
370_stage3.nii.gz,8,LAA,1,1,1.0,69677
370_stage3.nii.gz,9,Coronary,1,1,1.0,25283
370_stage3.nii.gz,10,PV,3,3,0.4206304281024082,123662
368_stage3.nii.gz,1,Myocardium,1,1,1.0,609379
368_stage3.nii.gz,2,LA,1,1,1.0,337978
368_stage3.nii.gz,3,LV,1,1,1.0,674409
368_stage3.nii.gz,4,RA,1,1,1.0,379509
368_stage3.nii.gz,5,RV,1,1,1.0,705373
368_stage3.nii.gz,6,Aorta,2,2,0.5791305807043107,488648
368_stage3.nii.gz,7,PA,1,1,1.0,174178
368_stage3.nii.gz,8,LAA,1,1,1.0,55124
368_stage3.nii.gz,9,Coronary,1,1,1.0,21924
368_stage3.nii.gz,10,PV,2,2,0.5339477836112919,112187
367_stage3.nii.gz,1,Myocardium,1,1,1.0,731573
367_stage3.nii.gz,2,LA,1,1,1.0,569669
367_stage3.nii.gz,3,LV,1,1,1.0,709095
367_stage3.nii.gz,4,RA,1,1,1.0,545227
367_stage3.nii.gz,5,RV,1,1,1.0,855722
367_stage3.nii.gz,6,Aorta,2,2,0.5136803948627006,665953
367_stage3.nii.gz,7,PA,1,1,1.0,234487
367_stage3.nii.gz,8,LAA,1,1,1.0,73200
367_stage3.nii.gz,9,Coronary,2,2,0.8825751734772552,25940
367_stage3.nii.gz,10,PV,2,2,0.5656721605651791,123713
365_stage3.nii.gz,1,Myocardium,1,1,1.0,698894
365_stage3.nii.gz,2,LA,1,1,1.0,539876
365_stage3.nii.gz,3,LV,1,1,1.0,687139
365_stage3.nii.gz,4,RA,1,1,1.0,464643
365_stage3.nii.gz,5,RV,1,1,1.0,810475
365_stage3.nii.gz,6,Aorta,2,2,0.5299169469328944,594078
365_stage3.nii.gz,7,PA,2,1,0.9792174193364102,245061
365_stage3.nii.gz,8,LAA,1,1,1.0,69718
365_stage3.nii.gz,9,Coronary,2,2,0.8596409780253791,19386
365_stage3.nii.gz,10,PV,2,2,0.5027205997704624,121113
369_stage3.nii.gz,1,Myocardium,1,1,1.0,536688
369_stage3.nii.gz,2,LA,2,1,0.9999973660088712,379652
369_stage3.nii.gz,3,LV,1,1,1.0,524139
369_stage3.nii.gz,4,RA,1,1,1.0,416046
369_stage3.nii.gz,5,RV,1,1,1.0,755221
369_stage3.nii.gz,6,Aorta,2,2,0.6263548961527815,458799
369_stage3.nii.gz,7,PA,2,1,0.9696250339819023,205992
369_stage3.nii.gz,8,LAA,1,1,1.0,48528
369_stage3.nii.gz,9,Coronary,1,1,1.0,10629
369_stage3.nii.gz,10,PV,3,3,0.5881753568356259,119733
374_stage3.nii.gz,1,Myocardium,1,1,1.0,600489
374_stage3.nii.gz,2,LA,1,1,1.0,371660
374_stage3.nii.gz,3,LV,1,1,1.0,593412
374_stage3.nii.gz,4,RA,1,1,1.0,457167
374_stage3.nii.gz,5,RV,1,1,1.0,716868
374_stage3.nii.gz,6,Aorta,2,2,0.5306566796870508,521746
374_stage3.nii.gz,7,PA,1,1,1.0,231166
374_stage3.nii.gz,8,LAA,1,1,1.0,94143
374_stage3.nii.gz,9,Coronary,1,1,1.0,24879
374_stage3.nii.gz,10,PV,3,3,0.48646546068047614,106690
372_stage3.nii.gz,1,Myocardium,1,1,1.0,621420
372_stage3.nii.gz,2,LA,1,1,1.0,388193
372_stage3.nii.gz,3,LV,1,1,1.0,568772
372_stage3.nii.gz,4,RA,1,1,1.0,419960
372_stage3.nii.gz,5,RV,1,1,1.0,717955
372_stage3.nii.gz,6,Aorta,2,2,0.5380125307320168,504360
372_stage3.nii.gz,7,PA,1,1,1.0,194356
372_stage3.nii.gz,8,LAA,1,1,1.0,39990
372_stage3.nii.gz,9,Coronary,1,1,1.0,5082
372_stage3.nii.gz,10,PV,3,3,0.4758015551246646,102114
375_stage3.nii.gz,1,Myocardium,1,1,1.0,599775
375_stage3.nii.gz,2,LA,1,1,1.0,490362
375_stage3.nii.gz,3,LV,1,1,1.0,663575
375_stage3.nii.gz,4,RA,1,1,1.0,485784
375_stage3.nii.gz,5,RV,1,1,1.0,747314
375_stage3.nii.gz,6,Aorta,2,2,0.5191549786371004,711982
375_stage3.nii.gz,7,PA,1,1,1.0,388171
375_stage3.nii.gz,8,LAA,1,1,1.0,42063
375_stage3.nii.gz,9,Coronary,1,1,1.0,13960
375_stage3.nii.gz,10,PV,2,2,0.512631468604773,114476
376_stage3.nii.gz,1,Myocardium,1,1,1.0,695762
376_stage3.nii.gz,2,LA,1,1,1.0,392152
376_stage3.nii.gz,3,LV,1,1,1.0,675042
376_stage3.nii.gz,4,RA,1,1,1.0,490459
376_stage3.nii.gz,5,RV,1,1,1.0,863344
376_stage3.nii.gz,6,Aorta,2,2,0.5815590990750227,538824
376_stage3.nii.gz,7,PA,1,1,1.0,104149
376_stage3.nii.gz,8,LAA,1,1,1.0,32182
376_stage3.nii.gz,9,Coronary,1,1,1.0,15504
376_stage3.nii.gz,10,PV,2,2,0.5143271607149253,111676
371_stage3.nii.gz,1,Myocardium,1,1,1.0,754757
371_stage3.nii.gz,2,LA,1,1,1.0,658898
371_stage3.nii.gz,3,LV,1,1,1.0,738483
371_stage3.nii.gz,4,RA,1,1,1.0,562091
371_stage3.nii.gz,5,RV,1,1,1.0,1004447
371_stage3.nii.gz,6,Aorta,2,2,0.5475382714723103,465425
371_stage3.nii.gz,7,PA,2,1,0.9791555876319988,105304
371_stage3.nii.gz,8,LAA,1,1,1.0,55393
371_stage3.nii.gz,9,Coronary,2,2,0.9174443200199079,16074
371_stage3.nii.gz,10,PV,3,3,0.399470749724054,141332
364_stage3.nii.gz,1,Myocardium,1,1,1.0,724814
364_stage3.nii.gz,2,LA,1,1,1.0,514425
364_stage3.nii.gz,3,LV,1,1,1.0,457759
364_stage3.nii.gz,4,RA,1,1,1.0,604929
364_stage3.nii.gz,5,RV,1,1,1.0,765177
364_stage3.nii.gz,6,Aorta,2,2,0.555290593846248,850018
364_stage3.nii.gz,7,PA,1,1,1.0,413533
364_stage3.nii.gz,8,LAA,1,1,1.0,75708
364_stage3.nii.gz,9,Coronary,2,1,0.9846532333645736,17072
364_stage3.nii.gz,10,PV,2,2,0.5536359218838238,152286
377_stage3.nii.gz,1,Myocardium,1,1,1.0,606319
377_stage3.nii.gz,2,LA,1,1,1.0,390828
377_stage3.nii.gz,3,LV,1,1,1.0,762844
377_stage3.nii.gz,4,RA,1,1,1.0,483328
377_stage3.nii.gz,5,RV,1,1,1.0,885670
377_stage3.nii.gz,6,Aorta,2,2,0.5699258266529972,647672
377_stage3.nii.gz,7,PA,1,1,1.0,248489
377_stage3.nii.gz,8,LAA,1,1,1.0,52763
377_stage3.nii.gz,9,Coronary,1,1,1.0,15407
377_stage3.nii.gz,10,PV,3,3,0.5436445515096493,111251
381_stage3.nii.gz,1,Myocardium,1,1,1.0,507220
381_stage3.nii.gz,2,LA,1,1,1.0,434532
381_stage3.nii.gz,3,LV,1,1,1.0,502471
381_stage3.nii.gz,4,RA,1,1,1.0,344024
381_stage3.nii.gz,5,RV,1,1,1.0,532957
381_stage3.nii.gz,6,Aorta,2,2,0.53173880798274,415296
381_stage3.nii.gz,7,PA,1,1,1.0,256296
381_stage3.nii.gz,8,LAA,1,1,1.0,25977
381_stage3.nii.gz,9,Coronary,1,1,1.0,14321
381_stage3.nii.gz,10,PV,2,2,0.5114859294578997,89762
379_stage3.nii.gz,1,Myocardium,1,1,1.0,646973
379_stage3.nii.gz,2,LA,1,1,1.0,391803
379_stage3.nii.gz,3,LV,1,1,1.0,666618
379_stage3.nii.gz,4,RA,1,1,1.0,534573
379_stage3.nii.gz,5,RV,1,1,1.0,828897
379_stage3.nii.gz,6,Aorta,2,2,0.6019138100349419,437870
379_stage3.nii.gz,7,PA,1,1,1.0,235910
379_stage3.nii.gz,8,LAA,1,1,1.0,53993
379_stage3.nii.gz,9,Coronary,2,1,0.9813105413105413,8775
379_stage3.nii.gz,10,PV,3,3,0.48191183424155276,129007
384_stage3.nii.gz,1,Myocardium,1,1,1.0,719022
384_stage3.nii.gz,2,LA,1,1,1.0,321363
384_stage3.nii.gz,3,LV,1,1,1.0,772775
384_stage3.nii.gz,4,RA,1,1,1.0,572547
384_stage3.nii.gz,5,RV,1,1,1.0,965874
384_stage3.nii.gz,6,Aorta,2,2,0.6129181517486554,436564
384_stage3.nii.gz,7,PA,2,2,0.9315753292086312,149829
384_stage3.nii.gz,8,LAA,1,1,1.0,55268
384_stage3.nii.gz,9,Coronary,1,1,1.0,19104
384_stage3.nii.gz,10,PV,2,2,0.5314038383790339,126147
349_stage3.nii.gz,1,Myocardium,1,1,1.0,737412
349_stage3.nii.gz,2,LA,1,1,1.0,349661
349_stage3.nii.gz,3,LV,1,1,1.0,779035
349_stage3.nii.gz,4,RA,1,1,1.0,485099
349_stage3.nii.gz,5,RV,1,1,1.0,999430
349_stage3.nii.gz,6,Aorta,2,2,0.5168740899254242,497212
349_stage3.nii.gz,7,PA,1,1,1.0,262528
349_stage3.nii.gz,8,LAA,1,1,1.0,45074
349_stage3.nii.gz,9,Coronary,2,1,0.9735759290214736,15554
349_stage3.nii.gz,10,PV,3,3,0.5546742658117628,126330
390_stage3.nii.gz,1,Myocardium,1,1,1.0,557850
390_stage3.nii.gz,2,LA,1,1,1.0,420096
390_stage3.nii.gz,3,LV,1,1,1.0,613800
390_stage3.nii.gz,4,RA,1,1,1.0,521334
390_stage3.nii.gz,5,RV,1,1,1.0,734621
390_stage3.nii.gz,6,Aorta,2,2,0.5204619677955824,564022
390_stage3.nii.gz,7,PA,2,1,0.9818132975151108,223350
390_stage3.nii.gz,8,LAA,1,1,1.0,50414
390_stage3.nii.gz,9,Coronary,2,2,0.5092053931969064,14611
390_stage3.nii.gz,10,PV,3,3,0.5922140578629128,126022
380_stage3.nii.gz,1,Myocardium,1,1,1.0,912211
380_stage3.nii.gz,2,LA,1,1,1.0,738565
380_stage3.nii.gz,3,LV,1,1,1.0,884630
380_stage3.nii.gz,4,RA,1,1,1.0,619931
380_stage3.nii.gz,5,RV,1,1,1.0,1061507
380_stage3.nii.gz,6,Aorta,2,2,0.6574251100090244,626085
380_stage3.nii.gz,7,PA,2,2,0.700865762586516,124399
380_stage3.nii.gz,8,LAA,1,1,1.0,112846
380_stage3.nii.gz,9,Coronary,1,1,1.0,38092
380_stage3.nii.gz,10,PV,2,2,0.6243623352699448,169368
383_stage3.nii.gz,1,Myocardium,2,1,0.9999982692883487,577797
383_stage3.nii.gz,2,LA,1,1,1.0,381449
383_stage3.nii.gz,3,LV,1,1,1.0,613596
383_stage3.nii.gz,4,RA,1,1,1.0,383528
383_stage3.nii.gz,5,RV,1,1,1.0,709733
383_stage3.nii.gz,6,Aorta,1,1,1.0,545513
383_stage3.nii.gz,7,PA,1,1,1.0,258257
383_stage3.nii.gz,8,LAA,1,1,1.0,51358
383_stage3.nii.gz,9,Coronary,1,1,1.0,9726
383_stage3.nii.gz,10,PV,2,2,0.5270397648299331,125186
37_stage3.nii.gz,1,Myocardium,1,1,1.0,788816
37_stage3.nii.gz,2,LA,1,1,1.0,334984
37_stage3.nii.gz,3,LV,1,1,1.0,767369
37_stage3.nii.gz,4,RA,1,1,1.0,484727
37_stage3.nii.gz,5,RV,1,1,1.0,894728
37_stage3.nii.gz,6,Aorta,2,2,0.5345949442327191,572020
37_stage3.nii.gz,7,PA,1,1,1.0,242900
37_stage3.nii.gz,8,LAA,1,1,1.0,41649
37_stage3.nii.gz,9,Coronary,1,1,1.0,12109
37_stage3.nii.gz,10,PV,2,2,0.5333947372868466,118342
382_stage3.nii.gz,1,Myocardium,1,1,1.0,478053
382_stage3.nii.gz,2,LA,2,1,0.9999978615892241,467637
382_stage3.nii.gz,3,LV,1,1,1.0,483390
382_stage3.nii.gz,4,RA,1,1,1.0,333152
382_stage3.nii.gz,5,RV,1,1,1.0,565020
382_stage3.nii.gz,6,Aorta,2,2,0.5168837605820893,504390
382_stage3.nii.gz,7,PA,1,1,1.0,242009
382_stage3.nii.gz,8,LAA,1,1,1.0,37066
382_stage3.nii.gz,9,Coronary,2,2,0.942514020970495,16404
382_stage3.nii.gz,10,PV,3,3,0.5840444440308578,107461
391_stage3.nii.gz,1,Myocardium,1,1,1.0,683070
391_stage3.nii.gz,2,LA,2,1,0.9999965329302287,288428
391_stage3.nii.gz,3,LV,1,1,1.0,828001
391_stage3.nii.gz,4,RA,1,1,1.0,348975
391_stage3.nii.gz,5,RV,1,1,1.0,875039
391_stage3.nii.gz,6,Aorta,2,2,0.5391972202870879,581355
391_stage3.nii.gz,7,PA,1,1,1.0,230089
391_stage3.nii.gz,8,LAA,1,1,1.0,65049
391_stage3.nii.gz,9,Coronary,1,1,1.0,16621
391_stage3.nii.gz,10,PV,2,2,0.5247274529236868,100900
386_stage3.nii.gz,1,Myocardium,1,1,1.0,711750
386_stage3.nii.gz,2,LA,1,1,1.0,685303
386_stage3.nii.gz,3,LV,1,1,1.0,806332
386_stage3.nii.gz,4,RA,1,1,1.0,541142
386_stage3.nii.gz,5,RV,1,1,1.0,738324
386_stage3.nii.gz,6,Aorta,2,2,0.5739983100158302,747936
386_stage3.nii.gz,7,PA,1,1,1.0,187023
386_stage3.nii.gz,8,LAA,1,1,1.0,74254
386_stage3.nii.gz,9,Coronary,1,1,1.0,12758
386_stage3.nii.gz,10,PV,3,3,0.4888621683700997,129738
388_stage3.nii.gz,1,Myocardium,1,1,1.0,557354
388_stage3.nii.gz,2,LA,1,1,1.0,519538
388_stage3.nii.gz,3,LV,1,1,1.0,308821
388_stage3.nii.gz,4,RA,1,1,1.0,547448
388_stage3.nii.gz,5,RV,1,1,1.0,553727
388_stage3.nii.gz,6,Aorta,2,2,0.5378221037697459,545554
388_stage3.nii.gz,7,PA,2,2,0.9361468361384186,225721
388_stage3.nii.gz,8,LAA,1,1,1.0,54655
388_stage3.nii.gz,9,Coronary,2,1,0.9641819941916747,12396
388_stage3.nii.gz,10,PV,3,3,0.5024994340903947,106024
394_stage3.nii.gz,1,Myocardium,1,1,1.0,1101782
394_stage3.nii.gz,2,LA,1,1,1.0,487440
394_stage3.nii.gz,3,LV,1,1,1.0,1227945
394_stage3.nii.gz,4,RA,1,1,1.0,569455
394_stage3.nii.gz,5,RV,1,1,1.0,930475
394_stage3.nii.gz,6,Aorta,2,2,0.5508680508436242,552675
394_stage3.nii.gz,7,PA,2,2,0.8154767644947336,93327
394_stage3.nii.gz,8,LAA,1,1,1.0,77768
394_stage3.nii.gz,9,Coronary,2,1,0.9660556687033266,19149
394_stage3.nii.gz,10,PV,2,2,0.5203744991112048,132764
398_stage3.nii.gz,1,Myocardium,1,1,1.0,612437
398_stage3.nii.gz,2,LA,1,1,1.0,383782
398_stage3.nii.gz,3,LV,1,1,1.0,647256
398_stage3.nii.gz,4,RA,1,1,1.0,594359
398_stage3.nii.gz,5,RV,1,1,1.0,757832
398_stage3.nii.gz,6,Aorta,2,2,0.6301753677031491,485038
398_stage3.nii.gz,7,PA,2,2,0.6697984032356596,94942
398_stage3.nii.gz,8,LAA,1,1,1.0,44582
398_stage3.nii.gz,9,Coronary,1,1,1.0,22004
398_stage3.nii.gz,10,PV,2,2,0.6371307537677028,88051
396_stage3.nii.gz,1,Myocardium,2,1,0.9999986523782828,742048
396_stage3.nii.gz,2,LA,1,1,1.0,506132
396_stage3.nii.gz,3,LV,1,1,1.0,889173
396_stage3.nii.gz,4,RA,1,1,1.0,494542
396_stage3.nii.gz,5,RV,1,1,1.0,789936
396_stage3.nii.gz,6,Aorta,2,2,0.5104311491969301,536566
396_stage3.nii.gz,7,PA,2,2,0.9264316012725344,143336
396_stage3.nii.gz,8,LAA,1,1,1.0,128775
396_stage3.nii.gz,9,Coronary,1,1,1.0,14432
396_stage3.nii.gz,10,PV,2,2,0.5164312791727197,116333
39_stage3.nii.gz,1,Myocardium,1,1,1.0,624038
39_stage3.nii.gz,2,LA,1,1,1.0,354952
39_stage3.nii.gz,3,LV,1,1,1.0,532216
39_stage3.nii.gz,4,RA,1,1,1.0,457494
39_stage3.nii.gz,5,RV,1,1,1.0,731600
39_stage3.nii.gz,6,Aorta,2,2,0.5056184180471225,586642
39_stage3.nii.gz,7,PA,2,1,0.9905536216680177,209710
39_stage3.nii.gz,8,LAA,1,1,1.0,48543
39_stage3.nii.gz,9,Coronary,1,1,1.0,19000
39_stage3.nii.gz,10,PV,3,3,0.4689335798792361,122222
399_stage3.nii.gz,1,Myocardium,1,1,1.0,600322
399_stage3.nii.gz,2,LA,1,1,1.0,549288
399_stage3.nii.gz,3,LV,1,1,1.0,717278
399_stage3.nii.gz,4,RA,1,1,1.0,571661
399_stage3.nii.gz,5,RV,1,1,1.0,888894
399_stage3.nii.gz,6,Aorta,2,2,0.5077246471260523,517111
399_stage3.nii.gz,7,PA,1,1,1.0,190939
399_stage3.nii.gz,8,LAA,1,1,1.0,88648
399_stage3.nii.gz,9,Coronary,1,1,1.0,21495
399_stage3.nii.gz,10,PV,2,2,0.5576190759527564,134452
402_stage3.nii.gz,1,Myocardium,1,1,1.0,641972
402_stage3.nii.gz,2,LA,1,1,1.0,374586
402_stage3.nii.gz,3,LV,1,1,1.0,726108
402_stage3.nii.gz,4,RA,1,1,1.0,510979
402_stage3.nii.gz,5,RV,1,1,1.0,905965
402_stage3.nii.gz,6,Aorta,2,2,0.5149850003228893,511011
402_stage3.nii.gz,7,PA,1,1,1.0,281264
402_stage3.nii.gz,8,LAA,1,1,1.0,35376
402_stage3.nii.gz,9,Coronary,1,1,1.0,19812
402_stage3.nii.gz,10,PV,2,2,0.5035898908673176,125352
3_stage3.nii.gz,1,Myocardium,1,1,1.0,550295
3_stage3.nii.gz,2,LA,1,1,1.0,407399
3_stage3.nii.gz,3,LV,1,1,1.0,549023
3_stage3.nii.gz,4,RA,1,1,1.0,526457
3_stage3.nii.gz,5,RV,1,1,1.0,716995
3_stage3.nii.gz,6,Aorta,2,2,0.5103491193574028,573672
3_stage3.nii.gz,7,PA,1,1,1.0,218725
3_stage3.nii.gz,8,LAA,1,1,1.0,61255
3_stage3.nii.gz,9,Coronary,1,1,1.0,15271
3_stage3.nii.gz,10,PV,3,3,0.5884838281477645,123548
347_stage3.nii.gz,1,Myocardium,1,1,1.0,517964
347_stage3.nii.gz,2,LA,1,1,1.0,415258
347_stage3.nii.gz,3,LV,1,1,1.0,547907
347_stage3.nii.gz,4,RA,1,1,1.0,401735
347_stage3.nii.gz,5,RV,1,1,1.0,671173
347_stage3.nii.gz,6,Aorta,1,1,1.0,725948
347_stage3.nii.gz,7,PA,1,1,1.0,276312
347_stage3.nii.gz,8,LAA,1,1,1.0,35460
347_stage3.nii.gz,9,Coronary,1,1,1.0,17901
347_stage3.nii.gz,10,PV,2,2,0.5930024174298983,131131
385_stage3.nii.gz,1,Myocardium,1,1,1.0,772606
385_stage3.nii.gz,2,LA,1,1,1.0,385733
385_stage3.nii.gz,3,LV,1,1,1.0,907969
385_stage3.nii.gz,4,RA,1,1,1.0,560469
385_stage3.nii.gz,5,RV,1,1,1.0,1047071
385_stage3.nii.gz,6,Aorta,2,2,0.6371282608353406,508152
385_stage3.nii.gz,7,PA,2,2,0.6099340454094437,119931
385_stage3.nii.gz,8,LAA,1,1,1.0,40041
385_stage3.nii.gz,9,Coronary,1,1,1.0,26675
385_stage3.nii.gz,10,PV,3,3,0.475301759971129,155173
397_stage3.nii.gz,1,Myocardium,1,1,1.0,721762
397_stage3.nii.gz,2,LA,1,1,1.0,564517
397_stage3.nii.gz,3,LV,1,1,1.0,718237
397_stage3.nii.gz,4,RA,1,1,1.0,482038
397_stage3.nii.gz,5,RV,1,1,1.0,698199
397_stage3.nii.gz,6,Aorta,2,2,0.6483797090089649,816520
397_stage3.nii.gz,7,PA,2,1,0.9895103908200524,389719
397_stage3.nii.gz,8,LAA,1,1,1.0,120375
397_stage3.nii.gz,9,Coronary,1,1,1.0,30487
397_stage3.nii.gz,10,PV,2,2,0.5068601690323978,147664
378_stage3.nii.gz,1,Myocardium,1,1,1.0,627101
378_stage3.nii.gz,2,LA,1,1,1.0,299891
378_stage3.nii.gz,3,LV,1,1,1.0,647758
378_stage3.nii.gz,4,RA,1,1,1.0,453498
378_stage3.nii.gz,5,RV,1,1,1.0,786420
378_stage3.nii.gz,6,Aorta,2,2,0.5077083124868451,579634
378_stage3.nii.gz,7,PA,1,1,1.0,218013
378_stage3.nii.gz,8,LAA,1,1,1.0,34768
378_stage3.nii.gz,9,Coronary,2,1,0.9642370299093898,12471
378_stage3.nii.gz,10,PV,3,3,0.5530327678363932,86060
409_stage3.nii.gz,1,Myocardium,1,1,1.0,709508
409_stage3.nii.gz,2,LA,1,1,1.0,515611
409_stage3.nii.gz,3,LV,1,1,1.0,866712
409_stage3.nii.gz,4,RA,1,1,1.0,674992
409_stage3.nii.gz,5,RV,1,1,1.0,978111
409_stage3.nii.gz,6,Aorta,2,2,0.6176326417527146,563058
409_stage3.nii.gz,7,PA,2,2,0.8725619170491318,236405
409_stage3.nii.gz,8,LAA,1,1,1.0,66334
409_stage3.nii.gz,9,Coronary,1,1,1.0,18066
409_stage3.nii.gz,10,PV,3,3,0.534699517817241,170060
401_stage3.nii.gz,1,Myocardium,1,1,1.0,637516
401_stage3.nii.gz,2,LA,1,1,1.0,453710
401_stage3.nii.gz,3,LV,1,1,1.0,746468
401_stage3.nii.gz,4,RA,1,1,1.0,670327
401_stage3.nii.gz,5,RV,1,1,1.0,866527
401_stage3.nii.gz,6,Aorta,2,2,0.5255033879012457,687889
401_stage3.nii.gz,7,PA,1,1,1.0,304690
401_stage3.nii.gz,8,LAA,1,1,1.0,44249
401_stage3.nii.gz,9,Coronary,2,1,0.982648551317728,12218
401_stage3.nii.gz,10,PV,3,3,0.45303808124659545,121162
38_stage3.nii.gz,1,Myocardium,1,1,1.0,555441
38_stage3.nii.gz,2,LA,1,1,1.0,406137
38_stage3.nii.gz,3,LV,1,1,1.0,639845
38_stage3.nii.gz,4,RA,1,1,1.0,438632
38_stage3.nii.gz,5,RV,1,1,1.0,805580
38_stage3.nii.gz,6,Aorta,2,2,0.5276443682830897,786634
38_stage3.nii.gz,7,PA,1,1,1.0,252896
38_stage3.nii.gz,8,LAA,1,1,1.0,24205
38_stage3.nii.gz,9,Coronary,1,1,1.0,8670
38_stage3.nii.gz,10,PV,3,3,0.47312421825506407,123122
403_stage3.nii.gz,1,Myocardium,1,1,1.0,538940
403_stage3.nii.gz,2,LA,1,1,1.0,391366
403_stage3.nii.gz,3,LV,1,1,1.0,665128
403_stage3.nii.gz,4,RA,1,1,1.0,385548
403_stage3.nii.gz,5,RV,1,1,1.0,665400
403_stage3.nii.gz,6,Aorta,2,2,0.5298251432630016,639209
403_stage3.nii.gz,7,PA,1,1,1.0,252618
403_stage3.nii.gz,8,LAA,1,1,1.0,47985
403_stage3.nii.gz,9,Coronary,1,1,1.0,10038
403_stage3.nii.gz,10,PV,2,2,0.5388170530056384,97367
392_stage3.nii.gz,1,Myocardium,1,1,1.0,676055
392_stage3.nii.gz,2,LA,1,1,1.0,438509
392_stage3.nii.gz,3,LV,1,1,1.0,650717
392_stage3.nii.gz,4,RA,1,1,1.0,451395
392_stage3.nii.gz,5,RV,1,1,1.0,895012
392_stage3.nii.gz,6,Aorta,2,2,0.5041253409148454,552924
392_stage3.nii.gz,7,PA,2,2,0.9091623433615631,217619
392_stage3.nii.gz,8,LAA,1,1,1.0,73288
392_stage3.nii.gz,9,Coronary,1,1,1.0,14374
392_stage3.nii.gz,10,PV,2,2,0.5218344641235576,135451
422_stage3.nii.gz,1,Myocardium,2,1,0.9999983696520511,613366
422_stage3.nii.gz,2,LA,1,1,1.0,422114
422_stage3.nii.gz,3,LV,1,1,1.0,673447
422_stage3.nii.gz,4,RA,1,1,1.0,458784
422_stage3.nii.gz,5,RV,1,1,1.0,911984
422_stage3.nii.gz,6,Aorta,2,2,0.5322467157539155,621071
422_stage3.nii.gz,7,PA,1,1,1.0,207078
422_stage3.nii.gz,8,LAA,1,1,1.0,89324
422_stage3.nii.gz,9,Coronary,2,1,0.9599162067437457,24823
422_stage3.nii.gz,10,PV,3,3,0.583960808452153,118597
416_stage3.nii.gz,1,Myocardium,1,1,1.0,792417
416_stage3.nii.gz,2,LA,1,1,1.0,771616
416_stage3.nii.gz,3,LV,1,1,1.0,705589
416_stage3.nii.gz,4,RA,1,1,1.0,627909
416_stage3.nii.gz,5,RV,1,1,1.0,896938
416_stage3.nii.gz,6,Aorta,2,2,0.5430402298056871,506863
416_stage3.nii.gz,7,PA,1,1,1.0,126966
416_stage3.nii.gz,8,LAA,1,1,1.0,58222
416_stage3.nii.gz,9,Coronary,2,2,0.9143349553933495,29592
416_stage3.nii.gz,10,PV,2,2,0.579082326751041,121285
389_stage3.nii.gz,1,Myocardium,1,1,1.0,693220
389_stage3.nii.gz,2,LA,1,1,1.0,378259
389_stage3.nii.gz,3,LV,1,1,1.0,514760
389_stage3.nii.gz,4,RA,1,1,1.0,404708
389_stage3.nii.gz,5,RV,1,1,1.0,712692
389_stage3.nii.gz,6,Aorta,2,2,0.5957005827133255,478623
389_stage3.nii.gz,7,PA,2,1,0.987083589944572,178610
389_stage3.nii.gz,8,LAA,1,1,1.0,56466
389_stage3.nii.gz,9,Coronary,1,1,1.0,17367
389_stage3.nii.gz,10,PV,3,3,0.5440912921756483,103229
395_stage3.nii.gz,1,Myocardium,1,1,1.0,568794
395_stage3.nii.gz,2,LA,1,1,1.0,623122
395_stage3.nii.gz,3,LV,1,1,1.0,534647
395_stage3.nii.gz,4,RA,1,1,1.0,522892
395_stage3.nii.gz,5,RV,1,1,1.0,708949
395_stage3.nii.gz,6,Aorta,2,2,0.5190336814237387,679900
395_stage3.nii.gz,7,PA,1,1,1.0,389906
395_stage3.nii.gz,8,LAA,1,1,1.0,87561
395_stage3.nii.gz,9,Coronary,2,1,0.9519627798778715,17195
395_stage3.nii.gz,10,PV,2,2,0.5909694004477983,120590
417_stage3.nii.gz,1,Myocardium,1,1,1.0,879646
417_stage3.nii.gz,2,LA,1,1,1.0,365125
417_stage3.nii.gz,3,LV,1,1,1.0,1040795
417_stage3.nii.gz,4,RA,1,1,1.0,434158
417_stage3.nii.gz,5,RV,1,1,1.0,895518
417_stage3.nii.gz,6,Aorta,2,2,0.5080561126029838,635294
417_stage3.nii.gz,7,PA,2,1,0.9553470345958035,143977
417_stage3.nii.gz,8,LAA,1,1,1.0,72248
417_stage3.nii.gz,9,Coronary,2,2,0.8757877489286614,15868
417_stage3.nii.gz,10,PV,2,2,0.5401630854719122,121654
400_stage3.nii.gz,1,Myocardium,1,1,1.0,521956
400_stage3.nii.gz,2,LA,1,1,1.0,377252
400_stage3.nii.gz,3,LV,1,1,1.0,583471
400_stage3.nii.gz,4,RA,1,1,1.0,363226
400_stage3.nii.gz,5,RV,1,1,1.0,684560
400_stage3.nii.gz,6,Aorta,2,2,0.5200475215321528,600149
400_stage3.nii.gz,7,PA,1,1,1.0,258621
400_stage3.nii.gz,8,LAA,1,1,1.0,37543
400_stage3.nii.gz,9,Coronary,2,2,0.5226106256068803,14418
400_stage3.nii.gz,10,PV,3,3,0.5195301165348435,106835
405_stage3.nii.gz,1,Myocardium,1,1,1.0,605077
405_stage3.nii.gz,2,LA,2,1,0.999997048144759,338770
405_stage3.nii.gz,3,LV,1,1,1.0,632222
405_stage3.nii.gz,4,RA,1,1,1.0,432536
405_stage3.nii.gz,5,RV,1,1,1.0,726520
405_stage3.nii.gz,6,Aorta,2,2,0.5371113636717473,642310
405_stage3.nii.gz,7,PA,2,1,0.9690391255412907,157263
405_stage3.nii.gz,8,LAA,1,1,1.0,68399
405_stage3.nii.gz,9,Coronary,1,1,1.0,18191
405_stage3.nii.gz,10,PV,2,2,0.5369273330339943,138082
404_stage3.nii.gz,1,Myocardium,1,1,1.0,591546
404_stage3.nii.gz,2,LA,1,1,1.0,632107
404_stage3.nii.gz,3,LV,1,1,1.0,577125
404_stage3.nii.gz,4,RA,1,1,1.0,489157
404_stage3.nii.gz,5,RV,1,1,1.0,544002
404_stage3.nii.gz,6,Aorta,2,2,0.5668918870326288,556196
404_stage3.nii.gz,7,PA,1,1,1.0,163197
404_stage3.nii.gz,8,LAA,1,1,1.0,64299
404_stage3.nii.gz,9,Coronary,1,1,1.0,8219
404_stage3.nii.gz,10,PV,2,2,0.628072207137771,127799
406_stage3.nii.gz,1,Myocardium,1,1,1.0,612190
406_stage3.nii.gz,2,LA,1,1,1.0,479402
406_stage3.nii.gz,3,LV,1,1,1.0,702837
406_stage3.nii.gz,4,RA,1,1,1.0,454277
406_stage3.nii.gz,5,RV,1,1,1.0,668991
406_stage3.nii.gz,6,Aorta,2,2,0.557991833717977,552026
406_stage3.nii.gz,7,PA,1,1,1.0,231350
406_stage3.nii.gz,8,LAA,1,1,1.0,51444
406_stage3.nii.gz,9,Coronary,1,1,1.0,21614
406_stage3.nii.gz,10,PV,2,2,0.5305590244619114,136130
428_stage3.nii.gz,1,Myocardium,1,1,1.0,664773
428_stage3.nii.gz,2,LA,1,1,1.0,355426
428_stage3.nii.gz,3,LV,1,1,1.0,613026
428_stage3.nii.gz,4,RA,1,1,1.0,528557
428_stage3.nii.gz,5,RV,1,1,1.0,767193
428_stage3.nii.gz,6,Aorta,2,2,0.6762619647573653,922292
428_stage3.nii.gz,7,PA,1,1,1.0,272353
428_stage3.nii.gz,8,LAA,1,1,1.0,25045
428_stage3.nii.gz,9,Coronary,1,1,1.0,9189
428_stage3.nii.gz,10,PV,2,2,0.5059347864121476,108597
408_stage3.nii.gz,1,Myocardium,1,1,1.0,840871
408_stage3.nii.gz,2,LA,1,1,1.0,455258
408_stage3.nii.gz,3,LV,1,1,1.0,1060847
408_stage3.nii.gz,4,RA,1,1,1.0,494808
408_stage3.nii.gz,5,RV,1,1,1.0,730495
408_stage3.nii.gz,6,Aorta,2,2,0.6196841083710858,471934
408_stage3.nii.gz,7,PA,2,2,0.9491176449634163,140363
408_stage3.nii.gz,8,LAA,1,1,1.0,81038
408_stage3.nii.gz,9,Coronary,1,1,1.0,20024
408_stage3.nii.gz,10,PV,2,2,0.5633814086535577,99982
40_stage3.nii.gz,1,Myocardium,1,1,1.0,700288
40_stage3.nii.gz,2,LA,1,1,1.0,483190
40_stage3.nii.gz,3,LV,1,1,1.0,692303
40_stage3.nii.gz,4,RA,1,1,1.0,561575
40_stage3.nii.gz,5,RV,1,1,1.0,825349
40_stage3.nii.gz,6,Aorta,2,2,0.503387954898162,601838
40_stage3.nii.gz,7,PA,4,1,0.982953524921419,178160
40_stage3.nii.gz,8,LAA,1,1,1.0,34836
40_stage3.nii.gz,9,Coronary,2,2,0.9265002136621696,16381
40_stage3.nii.gz,10,PV,3,3,0.6070089870387932,88572
410_stage3.nii.gz,1,Myocardium,1,1,1.0,797616
410_stage3.nii.gz,2,LA,1,1,1.0,408032
410_stage3.nii.gz,3,LV,1,1,1.0,840445
410_stage3.nii.gz,4,RA,1,1,1.0,568660
410_stage3.nii.gz,5,RV,1,1,1.0,1230901
410_stage3.nii.gz,6,Aorta,2,2,0.569389732257238,499584
410_stage3.nii.gz,7,PA,1,1,1.0,145936
410_stage3.nii.gz,8,LAA,1,1,1.0,50798
410_stage3.nii.gz,9,Coronary,1,1,1.0,12091
410_stage3.nii.gz,10,PV,3,3,0.4968166050448959,140102
427_stage3.nii.gz,1,Myocardium,1,1,1.0,577590
427_stage3.nii.gz,2,LA,1,1,1.0,432142
427_stage3.nii.gz,3,LV,1,1,1.0,682440
427_stage3.nii.gz,4,RA,1,1,1.0,375106
427_stage3.nii.gz,5,RV,1,1,1.0,733474
427_stage3.nii.gz,6,Aorta,2,2,0.5250131046625718,595208
427_stage3.nii.gz,7,PA,1,1,1.0,300113
427_stage3.nii.gz,8,LAA,1,1,1.0,43611
427_stage3.nii.gz,9,Coronary,1,1,1.0,9602
427_stage3.nii.gz,10,PV,2,2,0.5431017170398634,119508
407_stage3.nii.gz,1,Myocardium,1,1,1.0,613792
407_stage3.nii.gz,2,LA,1,1,1.0,346249
407_stage3.nii.gz,3,LV,1,1,1.0,691786
407_stage3.nii.gz,4,RA,1,1,1.0,492992
407_stage3.nii.gz,5,RV,1,1,1.0,795651
407_stage3.nii.gz,6,Aorta,2,2,0.5208097994916691,509904
407_stage3.nii.gz,7,PA,1,1,1.0,243779
407_stage3.nii.gz,8,LAA,1,1,1.0,64957
407_stage3.nii.gz,9,Coronary,1,1,1.0,14122
407_stage3.nii.gz,10,PV,3,2,0.642859594330233,87411
412_stage3.nii.gz,1,Myocardium,1,1,1.0,673249
412_stage3.nii.gz,2,LA,2,1,0.9999972215430438,359912
412_stage3.nii.gz,3,LV,1,1,1.0,610575
412_stage3.nii.gz,4,RA,1,1,1.0,581018
412_stage3.nii.gz,5,RV,1,1,1.0,805941
412_stage3.nii.gz,6,Aorta,2,2,0.5812434570292148,623761
412_stage3.nii.gz,7,PA,2,1,0.9754050096660396,191909
412_stage3.nii.gz,8,LAA,1,1,1.0,81842
412_stage3.nii.gz,9,Coronary,1,1,1.0,26516
412_stage3.nii.gz,10,PV,3,3,0.4718712428827439,88166
393_stage3.nii.gz,1,Myocardium,1,1,1.0,644327
393_stage3.nii.gz,2,LA,1,1,1.0,458713
393_stage3.nii.gz,3,LV,1,1,1.0,749642
393_stage3.nii.gz,4,RA,1,1,1.0,608345
393_stage3.nii.gz,5,RV,1,1,1.0,847232
393_stage3.nii.gz,6,Aorta,2,2,0.593798650752465,655180
393_stage3.nii.gz,7,PA,2,2,0.9301791715432989,265723
393_stage3.nii.gz,8,LAA,1,1,1.0,64318
393_stage3.nii.gz,9,Coronary,2,1,0.9801693643477328,18658
393_stage3.nii.gz,10,PV,3,3,0.5815565701838897,143238
420_stage3.nii.gz,1,Myocardium,1,1,1.0,599749
420_stage3.nii.gz,2,LA,1,1,1.0,346100
420_stage3.nii.gz,3,LV,1,1,1.0,552059
420_stage3.nii.gz,4,RA,1,1,1.0,549187
420_stage3.nii.gz,5,RV,1,1,1.0,833571
420_stage3.nii.gz,6,Aorta,2,2,0.6090314026876232,623004
420_stage3.nii.gz,7,PA,1,1,1.0,304787
420_stage3.nii.gz,8,LAA,1,1,1.0,61457
420_stage3.nii.gz,9,Coronary,1,1,1.0,14200
420_stage3.nii.gz,10,PV,3,3,0.4438587468929459,116670
415_stage3.nii.gz,1,Myocardium,1,1,1.0,855038
415_stage3.nii.gz,2,LA,1,1,1.0,494034
415_stage3.nii.gz,3,LV,1,1,1.0,883767
415_stage3.nii.gz,4,RA,1,1,1.0,661921
415_stage3.nii.gz,5,RV,1,1,1.0,911457
415_stage3.nii.gz,6,Aorta,2,2,0.6484312790531066,425729
415_stage3.nii.gz,7,PA,2,2,0.799303228817656,59991
415_stage3.nii.gz,8,LAA,1,1,1.0,32059
415_stage3.nii.gz,9,Coronary,1,1,1.0,19408
415_stage3.nii.gz,10,PV,3,3,0.5022503859933591,167749
41_stage3.nii.gz,1,Myocardium,1,1,1.0,797921
41_stage3.nii.gz,2,LA,1,1,1.0,551425
41_stage3.nii.gz,3,LV,1,1,1.0,646684
41_stage3.nii.gz,4,RA,1,1,1.0,601468
41_stage3.nii.gz,5,RV,1,1,1.0,778049
41_stage3.nii.gz,6,Aorta,2,2,0.5145480269430689,650260
41_stage3.nii.gz,7,PA,1,1,1.0,212997
41_stage3.nii.gz,8,LAA,1,1,1.0,82627
41_stage3.nii.gz,9,Coronary,1,1,1.0,29993
41_stage3.nii.gz,10,PV,3,3,0.3957413508265141,103507
431_stage3.nii.gz,1,Myocardium,1,1,1.0,774853
431_stage3.nii.gz,2,LA,1,1,1.0,480203
431_stage3.nii.gz,3,LV,1,1,1.0,1029723
431_stage3.nii.gz,4,RA,1,1,1.0,834702
431_stage3.nii.gz,5,RV,1,1,1.0,1232558
431_stage3.nii.gz,6,Aorta,2,2,0.6949199473129882,386433
431_stage3.nii.gz,7,PA,2,2,0.5313060200123855,92043
431_stage3.nii.gz,8,LAA,1,1,1.0,58854
431_stage3.nii.gz,9,Coronary,2,2,0.9461881408827463,22430
431_stage3.nii.gz,10,PV,2,2,0.5601130092368949,136626
414_stage3.nii.gz,1,Myocardium,1,1,1.0,604386
414_stage3.nii.gz,2,LA,1,1,1.0,440583
414_stage3.nii.gz,3,LV,1,1,1.0,621313
414_stage3.nii.gz,4,RA,1,1,1.0,421386
414_stage3.nii.gz,5,RV,1,1,1.0,706744
414_stage3.nii.gz,6,Aorta,2,2,0.5095830475657008,453457
414_stage3.nii.gz,7,PA,1,1,1.0,246135
414_stage3.nii.gz,8,LAA,1,1,1.0,23650
414_stage3.nii.gz,9,Coronary,1,1,1.0,7392
414_stage3.nii.gz,10,PV,3,3,0.5248816647316246,111970
418_stage3.nii.gz,1,Myocardium,1,1,1.0,843151
418_stage3.nii.gz,2,LA,1,1,1.0,505283
418_stage3.nii.gz,3,LV,1,1,1.0,872269
418_stage3.nii.gz,4,RA,1,1,1.0,769731
418_stage3.nii.gz,5,RV,1,1,1.0,1078760
418_stage3.nii.gz,6,Aorta,2,2,0.5270916589697396,437404
418_stage3.nii.gz,7,PA,2,2,0.8441278851818134,93365
418_stage3.nii.gz,8,LAA,1,1,1.0,35458
418_stage3.nii.gz,9,Coronary,1,1,1.0,25195
418_stage3.nii.gz,10,PV,3,3,0.46819133829165016,154219
42_stage3.nii.gz,1,Myocardium,1,1,1.0,736640
42_stage3.nii.gz,2,LA,1,1,1.0,331339
42_stage3.nii.gz,3,LV,1,1,1.0,884231
42_stage3.nii.gz,4,RA,1,1,1.0,642376
42_stage3.nii.gz,5,RV,1,1,1.0,1144547
42_stage3.nii.gz,6,Aorta,2,2,0.6170887962165573,486541
42_stage3.nii.gz,7,PA,2,2,0.5503414048176013,126536
42_stage3.nii.gz,8,LAA,1,1,1.0,58062
42_stage3.nii.gz,9,Coronary,1,1,1.0,7139
42_stage3.nii.gz,10,PV,3,3,0.49813128688483743,140471
413_stage3.nii.gz,1,Myocardium,1,1,1.0,544228
413_stage3.nii.gz,2,LA,1,1,1.0,433773
413_stage3.nii.gz,3,LV,1,1,1.0,506784
413_stage3.nii.gz,4,RA,1,1,1.0,469846
413_stage3.nii.gz,5,RV,1,1,1.0,576137
413_stage3.nii.gz,6,Aorta,2,2,0.5486790081834064,652540
413_stage3.nii.gz,7,PA,1,1,1.0,323373
413_stage3.nii.gz,8,LAA,1,1,1.0,43961
413_stage3.nii.gz,9,Coronary,2,1,0.9893745290128109,13270
413_stage3.nii.gz,10,PV,3,3,0.5137245342155667,143575
411_stage3.nii.gz,1,Myocardium,1,1,1.0,646265
411_stage3.nii.gz,2,LA,1,1,1.0,355652
411_stage3.nii.gz,3,LV,1,1,1.0,636814
411_stage3.nii.gz,4,RA,1,1,1.0,307961
411_stage3.nii.gz,5,RV,1,1,1.0,638674
411_stage3.nii.gz,6,Aorta,2,2,0.5176108083267624,604941
411_stage3.nii.gz,7,PA,1,1,1.0,380693
411_stage3.nii.gz,8,LAA,1,1,1.0,55958
411_stage3.nii.gz,9,Coronary,1,1,1.0,14661
411_stage3.nii.gz,10,PV,3,3,0.4954580064809732,112946
421_stage3.nii.gz,1,Myocardium,1,1,1.0,561706
421_stage3.nii.gz,2,LA,1,1,1.0,353599
421_stage3.nii.gz,3,LV,1,1,1.0,581681
421_stage3.nii.gz,4,RA,1,1,1.0,372130
421_stage3.nii.gz,5,RV,1,1,1.0,667786
421_stage3.nii.gz,6,Aorta,2,2,0.5297920842974975,640019
421_stage3.nii.gz,7,PA,1,1,1.0,299896
421_stage3.nii.gz,8,LAA,1,1,1.0,47815
421_stage3.nii.gz,9,Coronary,2,1,0.9723502304147466,11067
421_stage3.nii.gz,10,PV,2,2,0.5942850758358705,143204
426_stage3.nii.gz,1,Myocardium,1,1,1.0,828294
426_stage3.nii.gz,2,LA,1,1,1.0,455793
426_stage3.nii.gz,3,LV,1,1,1.0,832767
426_stage3.nii.gz,4,RA,1,1,1.0,572263
426_stage3.nii.gz,5,RV,1,1,1.0,1073134
426_stage3.nii.gz,6,Aorta,2,2,0.5592225542355,486259
426_stage3.nii.gz,7,PA,2,1,0.9659865097507973,177165
426_stage3.nii.gz,8,LAA,1,1,1.0,64897
426_stage3.nii.gz,9,Coronary,2,2,0.6462103740765353,25583
426_stage3.nii.gz,10,PV,2,2,0.525313981747421,117682
436_stage3.nii.gz,1,Myocardium,1,1,1.0,797620
436_stage3.nii.gz,2,LA,1,1,1.0,432287
436_stage3.nii.gz,3,LV,1,1,1.0,1069708
436_stage3.nii.gz,4,RA,1,1,1.0,711829
436_stage3.nii.gz,5,RV,1,1,1.0,1297282
436_stage3.nii.gz,6,Aorta,2,2,0.5788467365857975,372907
436_stage3.nii.gz,7,PA,2,2,0.8966561667070512,156826
436_stage3.nii.gz,8,LAA,1,1,1.0,62395
436_stage3.nii.gz,9,Coronary,1,1,1.0,15614
436_stage3.nii.gz,10,PV,3,3,0.5226255889298981,168526
425_stage3.nii.gz,1,Myocardium,1,1,1.0,623765
425_stage3.nii.gz,2,LA,1,1,1.0,370579
425_stage3.nii.gz,3,LV,1,1,1.0,664754
425_stage3.nii.gz,4,RA,1,1,1.0,375428
425_stage3.nii.gz,5,RV,1,1,1.0,745853
425_stage3.nii.gz,6,Aorta,2,2,0.5324623892279992,623691
425_stage3.nii.gz,7,PA,1,1,1.0,280586
425_stage3.nii.gz,8,LAA,1,1,1.0,23417
425_stage3.nii.gz,9,Coronary,2,2,0.5381978452497551,22462
425_stage3.nii.gz,10,PV,2,2,0.5230193244613021,122332
433_stage3.nii.gz,1,Myocardium,1,1,1.0,644731
433_stage3.nii.gz,2,LA,1,1,1.0,367029
433_stage3.nii.gz,3,LV,1,1,1.0,740197
433_stage3.nii.gz,4,RA,1,1,1.0,431088
433_stage3.nii.gz,5,RV,1,1,1.0,790769
433_stage3.nii.gz,6,Aorta,2,2,0.5800337829281266,513277
433_stage3.nii.gz,7,PA,1,1,1.0,272939
433_stage3.nii.gz,8,LAA,1,1,1.0,97315
433_stage3.nii.gz,9,Coronary,2,2,0.8720844586300025,20365
433_stage3.nii.gz,10,PV,2,2,0.5402071390929329,92981
434_stage3.nii.gz,1,Myocardium,1,1,1.0,536351
434_stage3.nii.gz,2,LA,1,1,1.0,537166
434_stage3.nii.gz,3,LV,1,1,1.0,508940
434_stage3.nii.gz,4,RA,1,1,1.0,499563
434_stage3.nii.gz,5,RV,1,1,1.0,597852
434_stage3.nii.gz,6,Aorta,2,2,0.5743007728696856,629731
434_stage3.nii.gz,7,PA,1,1,1.0,361343
434_stage3.nii.gz,8,LAA,1,1,1.0,37712
434_stage3.nii.gz,9,Coronary,2,2,0.7350270479134466,10352
434_stage3.nii.gz,10,PV,2,2,0.5146123561477892,145288
419_stage3.nii.gz,1,Myocardium,1,1,1.0,696539
419_stage3.nii.gz,2,LA,1,1,1.0,582335
419_stage3.nii.gz,3,LV,1,1,1.0,858427
419_stage3.nii.gz,4,RA,1,1,1.0,782233
419_stage3.nii.gz,5,RV,1,1,1.0,1091027
419_stage3.nii.gz,6,Aorta,2,2,0.5968098643369095,491954
419_stage3.nii.gz,7,PA,2,2,0.5305186701627943,71317
419_stage3.nii.gz,8,LAA,1,1,1.0,46780
419_stage3.nii.gz,9,Coronary,2,2,0.8203459568393652,23818
419_stage3.nii.gz,10,PV,3,3,0.3890877073392411,105624
430_stage3.nii.gz,1,Myocardium,1,1,1.0,763242
430_stage3.nii.gz,2,LA,1,1,1.0,536843
430_stage3.nii.gz,3,LV,1,1,1.0,800165
430_stage3.nii.gz,4,RA,1,1,1.0,566491
430_stage3.nii.gz,5,RV,1,1,1.0,1076623
430_stage3.nii.gz,6,Aorta,2,2,0.5464960985971775,760752
430_stage3.nii.gz,7,PA,2,2,0.9019377414503024,228049
430_stage3.nii.gz,8,LAA,1,1,1.0,49004
430_stage3.nii.gz,9,Coronary,1,1,1.0,25142
430_stage3.nii.gz,10,PV,3,3,0.49951610769562826,143627
439_stage3.nii.gz,1,Myocardium,1,1,1.0,604421
439_stage3.nii.gz,2,LA,1,1,1.0,422414
439_stage3.nii.gz,3,LV,1,1,1.0,627575
439_stage3.nii.gz,4,RA,1,1,1.0,425852
439_stage3.nii.gz,5,RV,1,1,1.0,725979
439_stage3.nii.gz,6,Aorta,2,2,0.5136476075847858,707047
439_stage3.nii.gz,7,PA,2,1,0.9644149398714713,235745
439_stage3.nii.gz,8,LAA,1,1,1.0,84775
439_stage3.nii.gz,9,Coronary,2,1,0.9586248778813403,37873
439_stage3.nii.gz,10,PV,2,2,0.5699343362744476,141783
423_stage3.nii.gz,1,Myocardium,1,1,1.0,745089
423_stage3.nii.gz,2,LA,1,1,1.0,404393
423_stage3.nii.gz,3,LV,1,1,1.0,708938
423_stage3.nii.gz,4,RA,1,1,1.0,475515
423_stage3.nii.gz,5,RV,1,1,1.0,973366
423_stage3.nii.gz,6,Aorta,2,2,0.5444419453806172,569102
423_stage3.nii.gz,7,PA,1,1,1.0,316011
423_stage3.nii.gz,8,LAA,1,1,1.0,49181
423_stage3.nii.gz,9,Coronary,1,1,1.0,14542
423_stage3.nii.gz,10,PV,3,3,0.5518094236650548,135043
424_stage3.nii.gz,1,Myocardium,1,1,1.0,632620
424_stage3.nii.gz,2,LA,1,1,1.0,258477
424_stage3.nii.gz,3,LV,1,1,1.0,731084
424_stage3.nii.gz,4,RA,1,1,1.0,418117
424_stage3.nii.gz,5,RV,1,1,1.0,706236
424_stage3.nii.gz,6,Aorta,2,2,0.651203009629692,712380
424_stage3.nii.gz,7,PA,1,1,1.0,272059
424_stage3.nii.gz,8,LAA,1,1,1.0,45837
424_stage3.nii.gz,9,Coronary,1,1,1.0,15091
424_stage3.nii.gz,10,PV,3,3,0.487632572031549,111826
435_stage3.nii.gz,1,Myocardium,1,1,1.0,761160
435_stage3.nii.gz,2,LA,1,1,1.0,406752
435_stage3.nii.gz,3,LV,1,1,1.0,757811
435_stage3.nii.gz,4,RA,1,1,1.0,449173
435_stage3.nii.gz,5,RV,1,1,1.0,961903
435_stage3.nii.gz,6,Aorta,2,2,0.5115093426577793,640610
435_stage3.nii.gz,7,PA,2,2,0.9442920871727366,218784
435_stage3.nii.gz,8,LAA,1,1,1.0,68608
435_stage3.nii.gz,9,Coronary,2,1,0.9694124550722512,13633
435_stage3.nii.gz,10,PV,2,2,0.5753676652391926,101111
438_stage3.nii.gz,1,Myocardium,1,1,1.0,571773
438_stage3.nii.gz,2,LA,1,1,1.0,388744
438_stage3.nii.gz,3,LV,1,1,1.0,708197
438_stage3.nii.gz,4,RA,1,1,1.0,512076
438_stage3.nii.gz,5,RV,1,1,1.0,899813
438_stage3.nii.gz,6,Aorta,2,2,0.521843147165361,415485
438_stage3.nii.gz,7,PA,1,1,1.0,244050
438_stage3.nii.gz,8,LAA,1,1,1.0,71890
438_stage3.nii.gz,9,Coronary,1,1,1.0,16297
438_stage3.nii.gz,10,PV,2,2,0.5077329087236646,135654
437_stage3.nii.gz,1,Myocardium,1,1,1.0,700677
437_stage3.nii.gz,2,LA,1,1,1.0,579939
437_stage3.nii.gz,3,LV,1,1,1.0,815576
437_stage3.nii.gz,4,RA,1,1,1.0,783913
437_stage3.nii.gz,5,RV,1,1,1.0,951315
437_stage3.nii.gz,6,Aorta,2,2,0.5390715067870498,484010
437_stage3.nii.gz,7,PA,2,2,0.7571881472714207,118285
437_stage3.nii.gz,8,LAA,1,1,1.0,43645
437_stage3.nii.gz,9,Coronary,2,2,0.9081319417313166,17917
437_stage3.nii.gz,10,PV,2,2,0.615350698684032,147420
429_stage3.nii.gz,1,Myocardium,1,1,1.0,716142
429_stage3.nii.gz,2,LA,2,1,0.9999977315518453,440830
429_stage3.nii.gz,3,LV,1,1,1.0,711115
429_stage3.nii.gz,4,RA,1,1,1.0,502978
429_stage3.nii.gz,5,RV,1,1,1.0,874348
429_stage3.nii.gz,6,Aorta,2,2,0.6044080526255642,498769
429_stage3.nii.gz,7,PA,1,1,1.0,198501
429_stage3.nii.gz,8,LAA,1,1,1.0,45177
429_stage3.nii.gz,9,Coronary,2,1,0.9624669453211635,11723
429_stage3.nii.gz,10,PV,2,2,0.5251871207759422,112895
432_stage3.nii.gz,1,Myocardium,1,1,1.0,689694
432_stage3.nii.gz,2,LA,2,1,0.999993500077999,461544
432_stage3.nii.gz,3,LV,1,1,1.0,601509
432_stage3.nii.gz,4,RA,1,1,1.0,434351
432_stage3.nii.gz,5,RV,1,1,1.0,737766
432_stage3.nii.gz,6,Aorta,2,2,0.5321330069287847,683814
432_stage3.nii.gz,7,PA,1,1,1.0,297166
432_stage3.nii.gz,8,LAA,1,1,1.0,79720
432_stage3.nii.gz,9,Coronary,2,2,0.8643482375207002,21135
432_stage3.nii.gz,10,PV,2,2,0.6058449793526541,160069
445_stage3.nii.gz,1,Myocardium,1,1,1.0,672414
445_stage3.nii.gz,2,LA,1,1,1.0,510385
445_stage3.nii.gz,3,LV,1,1,1.0,676181
445_stage3.nii.gz,4,RA,1,1,1.0,585746
445_stage3.nii.gz,5,RV,1,1,1.0,767729
445_stage3.nii.gz,6,Aorta,2,2,0.6445095854168865,388559
445_stage3.nii.gz,7,PA,2,2,0.5143044243441247,73299
445_stage3.nii.gz,8,LAA,1,1,1.0,35382
445_stage3.nii.gz,9,Coronary,1,1,1.0,15628
445_stage3.nii.gz,10,PV,2,2,0.5290518106709906,103608
440_stage3.nii.gz,1,Myocardium,1,1,1.0,514790
440_stage3.nii.gz,2,LA,1,1,1.0,382689
440_stage3.nii.gz,3,LV,1,1,1.0,466107
440_stage3.nii.gz,4,RA,1,1,1.0,409169
440_stage3.nii.gz,5,RV,1,1,1.0,618939
440_stage3.nii.gz,6,Aorta,2,2,0.5408732350996677,552085
440_stage3.nii.gz,7,PA,1,1,1.0,238035
440_stage3.nii.gz,8,LAA,1,1,1.0,51241
440_stage3.nii.gz,9,Coronary,2,1,0.9836065573770492,8906
440_stage3.nii.gz,10,PV,2,2,0.6230633418635562,100818
442_stage3.nii.gz,1,Myocardium,1,1,1.0,871770
442_stage3.nii.gz,2,LA,1,1,1.0,461603
442_stage3.nii.gz,3,LV,1,1,1.0,765199
442_stage3.nii.gz,4,RA,1,1,1.0,487866
442_stage3.nii.gz,5,RV,1,1,1.0,971491
442_stage3.nii.gz,6,Aorta,2,2,0.5147898549087161,575293
442_stage3.nii.gz,7,PA,2,1,0.957276044225366,181163
442_stage3.nii.gz,8,LAA,1,1,1.0,78648
442_stage3.nii.gz,9,Coronary,2,1,0.9621487911882759,21426
442_stage3.nii.gz,10,PV,3,3,0.4799046383748333,109478
444_stage3.nii.gz,1,Myocardium,1,1,1.0,722342
444_stage3.nii.gz,2,LA,1,1,1.0,346268
444_stage3.nii.gz,3,LV,1,1,1.0,906899
444_stage3.nii.gz,4,RA,1,1,1.0,503173
444_stage3.nii.gz,5,RV,1,1,1.0,969720
444_stage3.nii.gz,6,Aorta,2,2,0.6533251033933402,529773
444_stage3.nii.gz,7,PA,2,2,0.698656919415165,47056
444_stage3.nii.gz,8,LAA,1,1,1.0,48675
444_stage3.nii.gz,9,Coronary,1,1,1.0,22318
444_stage3.nii.gz,10,PV,2,2,0.5591299486710373,98385
43_stage3.nii.gz,1,Myocardium,1,1,1.0,616364
43_stage3.nii.gz,2,LA,1,1,1.0,426935
43_stage3.nii.gz,3,LV,1,1,1.0,782418
43_stage3.nii.gz,4,RA,1,1,1.0,444373
43_stage3.nii.gz,5,RV,1,1,1.0,780661
43_stage3.nii.gz,6,Aorta,2,2,0.543842859717572,787882
43_stage3.nii.gz,7,PA,2,1,0.9770547792454393,313878
43_stage3.nii.gz,8,LAA,1,1,1.0,92203
43_stage3.nii.gz,9,Coronary,2,2,0.9387887334680032,26237
43_stage3.nii.gz,10,PV,2,2,0.5840202772132532,131379
448_stage3.nii.gz,1,Myocardium,1,1,1.0,653630
448_stage3.nii.gz,2,LA,1,1,1.0,439744
448_stage3.nii.gz,3,LV,1,1,1.0,769104
448_stage3.nii.gz,4,RA,1,1,1.0,478522
448_stage3.nii.gz,5,RV,1,1,1.0,917582
448_stage3.nii.gz,6,Aorta,2,2,0.5121458980893596,678830
448_stage3.nii.gz,7,PA,1,1,1.0,271865
448_stage3.nii.gz,8,LAA,1,1,1.0,53554
448_stage3.nii.gz,9,Coronary,1,1,1.0,12324
448_stage3.nii.gz,10,PV,3,3,0.5455636771061196,149944
447_stage3.nii.gz,1,Myocardium,1,1,1.0,710098
447_stage3.nii.gz,2,LA,1,1,1.0,840131
447_stage3.nii.gz,3,LV,1,1,1.0,811600
447_stage3.nii.gz,4,RA,1,1,1.0,528258
447_stage3.nii.gz,5,RV,1,1,1.0,838842
447_stage3.nii.gz,6,Aorta,2,2,0.5150243234224899,512469
447_stage3.nii.gz,7,PA,1,1,1.0,180784
447_stage3.nii.gz,8,LAA,1,1,1.0,109657
447_stage3.nii.gz,9,Coronary,1,1,1.0,9026
447_stage3.nii.gz,10,PV,2,2,0.5512383651069782,111518
449_stage3.nii.gz,1,Myocardium,1,1,1.0,673912
449_stage3.nii.gz,2,LA,1,1,1.0,358033
449_stage3.nii.gz,3,LV,1,1,1.0,725415
449_stage3.nii.gz,4,RA,1,1,1.0,405388
449_stage3.nii.gz,5,RV,1,1,1.0,992005
449_stage3.nii.gz,6,Aorta,2,2,0.5826613082879624,448892
449_stage3.nii.gz,7,PA,1,1,1.0,191206
449_stage3.nii.gz,8,LAA,1,1,1.0,32229
449_stage3.nii.gz,9,Coronary,1,1,1.0,11898
449_stage3.nii.gz,10,PV,3,3,0.4517945821072955,118607
441_stage3.nii.gz,1,Myocardium,1,1,1.0,700413
441_stage3.nii.gz,2,LA,1,1,1.0,476208
441_stage3.nii.gz,3,LV,1,1,1.0,734326
441_stage3.nii.gz,4,RA,1,1,1.0,552358
441_stage3.nii.gz,5,RV,1,1,1.0,835565
441_stage3.nii.gz,6,Aorta,2,2,0.5248156793780727,573186
441_stage3.nii.gz,7,PA,2,1,0.9830188088101678,191506
441_stage3.nii.gz,8,LAA,1,1,1.0,83428
441_stage3.nii.gz,9,Coronary,1,1,1.0,29612
441_stage3.nii.gz,10,PV,2,2,0.5090427629725618,124243
450_stage3.nii.gz,1,Myocardium,1,1,1.0,573673
450_stage3.nii.gz,2,LA,1,1,1.0,475506
450_stage3.nii.gz,3,LV,1,1,1.0,519772
450_stage3.nii.gz,4,RA,1,1,1.0,503995
450_stage3.nii.gz,5,RV,1,1,1.0,623766
450_stage3.nii.gz,6,Aorta,2,2,0.657134122070048,660719
450_stage3.nii.gz,7,PA,1,1,1.0,288970
450_stage3.nii.gz,8,LAA,1,1,1.0,63554
450_stage3.nii.gz,9,Coronary,1,1,1.0,5616
450_stage3.nii.gz,10,PV,2,2,0.5321055165772458,116304
451_stage3.nii.gz,1,Myocardium,1,1,1.0,979609
451_stage3.nii.gz,2,LA,1,1,1.0,377023
451_stage3.nii.gz,3,LV,1,1,1.0,660651
451_stage3.nii.gz,4,RA,1,1,1.0,424699
451_stage3.nii.gz,5,RV,1,1,1.0,903612
451_stage3.nii.gz,6,Aorta,2,2,0.5571969959488152,634876
451_stage3.nii.gz,7,PA,2,2,0.9486206288698411,181532
451_stage3.nii.gz,8,LAA,1,1,1.0,69632
451_stage3.nii.gz,9,Coronary,2,2,0.7365048714122707,22786
451_stage3.nii.gz,10,PV,3,3,0.5571583469440975,145718
456_stage3.nii.gz,1,Myocardium,1,1,1.0,723050
456_stage3.nii.gz,2,LA,2,1,0.9999976532432179,426120
456_stage3.nii.gz,3,LV,1,1,1.0,655103
456_stage3.nii.gz,4,RA,1,1,1.0,390724
456_stage3.nii.gz,5,RV,1,1,1.0,804354
456_stage3.nii.gz,6,Aorta,2,2,0.5689038146808216,716731
456_stage3.nii.gz,7,PA,2,1,0.9715731196042245,205369
456_stage3.nii.gz,8,LAA,1,1,1.0,31837
456_stage3.nii.gz,9,Coronary,1,1,1.0,17688
456_stage3.nii.gz,10,PV,2,2,0.5356875353952393,109478
455_stage3.nii.gz,1,Myocardium,1,1,1.0,832810
455_stage3.nii.gz,2,LA,1,1,1.0,513918
455_stage3.nii.gz,3,LV,1,1,1.0,941944
455_stage3.nii.gz,4,RA,1,1,1.0,508524
455_stage3.nii.gz,5,RV,1,1,1.0,682437
455_stage3.nii.gz,6,Aorta,2,2,0.5819362824200338,563926
455_stage3.nii.gz,7,PA,2,2,0.879749490298602,102511
455_stage3.nii.gz,8,LAA,1,1,1.0,62209
455_stage3.nii.gz,9,Coronary,1,1,1.0,18287
455_stage3.nii.gz,10,PV,3,3,0.37750019904282517,113041
446_stage3.nii.gz,1,Myocardium,1,1,1.0,546182
446_stage3.nii.gz,2,LA,1,1,1.0,477292
446_stage3.nii.gz,3,LV,1,1,1.0,482857
446_stage3.nii.gz,4,RA,1,1,1.0,441150
446_stage3.nii.gz,5,RV,1,1,1.0,675961
446_stage3.nii.gz,6,Aorta,2,2,0.5861380962589371,531774
446_stage3.nii.gz,7,PA,2,1,0.9830904045247846,274223
446_stage3.nii.gz,8,LAA,1,1,1.0,45776
446_stage3.nii.gz,9,Coronary,1,1,1.0,17397
446_stage3.nii.gz,10,PV,3,3,0.5565312339425971,108984
462_stage3.nii.gz,1,Myocardium,1,1,1.0,945840
462_stage3.nii.gz,2,LA,1,1,1.0,404508
462_stage3.nii.gz,3,LV,1,1,1.0,859913
462_stage3.nii.gz,4,RA,1,1,1.0,764515
462_stage3.nii.gz,5,RV,1,1,1.0,949408
462_stage3.nii.gz,6,Aorta,2,2,0.6126189951500427,549077
462_stage3.nii.gz,7,PA,2,2,0.5026061633023858,155209
462_stage3.nii.gz,8,LAA,1,1,1.0,34504
462_stage3.nii.gz,9,Coronary,1,1,1.0,20720
462_stage3.nii.gz,10,PV,3,3,0.4733474493994508,108151
459_stage3.nii.gz,1,Myocardium,1,1,1.0,561948
459_stage3.nii.gz,2,LA,1,1,1.0,539238
459_stage3.nii.gz,3,LV,1,1,1.0,461817
459_stage3.nii.gz,4,RA,1,1,1.0,626139
459_stage3.nii.gz,5,RV,1,1,1.0,739779
459_stage3.nii.gz,6,Aorta,2,2,0.5300909873086713,503257
459_stage3.nii.gz,7,PA,2,1,0.9725418723143849,300676
459_stage3.nii.gz,8,LAA,1,1,1.0,52646
459_stage3.nii.gz,9,Coronary,1,1,1.0,15953
459_stage3.nii.gz,10,PV,2,2,0.5970916621645957,111060
457_stage3.nii.gz,1,Myocardium,1,1,1.0,487753
457_stage3.nii.gz,2,LA,1,1,1.0,531506
457_stage3.nii.gz,3,LV,1,1,1.0,587423
457_stage3.nii.gz,4,RA,1,1,1.0,472437
457_stage3.nii.gz,5,RV,1,1,1.0,605248
457_stage3.nii.gz,6,Aorta,2,2,0.5586499494508723,810103
457_stage3.nii.gz,7,PA,1,1,1.0,330974
457_stage3.nii.gz,8,LAA,1,1,1.0,87179
457_stage3.nii.gz,9,Coronary,1,1,1.0,11030
457_stage3.nii.gz,10,PV,2,2,0.5430042338349003,100618
458_stage3.nii.gz,1,Myocardium,1,1,1.0,593943
458_stage3.nii.gz,2,LA,1,1,1.0,300252
458_stage3.nii.gz,3,LV,1,1,1.0,554543
458_stage3.nii.gz,4,RA,1,1,1.0,367427
458_stage3.nii.gz,5,RV,1,1,1.0,708305
458_stage3.nii.gz,6,Aorta,2,2,0.6412675345274084,978498
458_stage3.nii.gz,7,PA,1,1,1.0,290969
458_stage3.nii.gz,8,LAA,1,1,1.0,29544
458_stage3.nii.gz,9,Coronary,2,2,0.7914596949891067,11475
458_stage3.nii.gz,10,PV,2,2,0.5189862968466238,121140
453_stage3.nii.gz,1,Myocardium,1,1,1.0,663686
453_stage3.nii.gz,2,LA,1,1,1.0,537227
453_stage3.nii.gz,3,LV,1,1,1.0,633978
453_stage3.nii.gz,4,RA,1,1,1.0,636274
453_stage3.nii.gz,5,RV,1,1,1.0,861344
453_stage3.nii.gz,6,Aorta,2,2,0.5131148612601822,474233
453_stage3.nii.gz,7,PA,2,2,0.9280311240192466,184552
453_stage3.nii.gz,8,LAA,1,1,1.0,59238
453_stage3.nii.gz,9,Coronary,1,1,1.0,17465
453_stage3.nii.gz,10,PV,2,2,0.5010344827586207,136300
45_stage3.nii.gz,1,Myocardium,1,1,1.0,582352
45_stage3.nii.gz,2,LA,1,1,1.0,441149
45_stage3.nii.gz,3,LV,1,1,1.0,575633
45_stage3.nii.gz,4,RA,1,1,1.0,518564
45_stage3.nii.gz,5,RV,1,1,1.0,710046
45_stage3.nii.gz,6,Aorta,2,2,0.5650092018043166,760177
45_stage3.nii.gz,7,PA,2,1,0.9629077164614144,306371
45_stage3.nii.gz,8,LAA,1,1,1.0,34871
45_stage3.nii.gz,9,Coronary,2,2,0.7842260153031195,16990
45_stage3.nii.gz,10,PV,3,3,0.3923637277066064,115449
387_stage3.nii.gz,1,Myocardium,1,1,1.0,580695
387_stage3.nii.gz,2,LA,1,1,1.0,381534
387_stage3.nii.gz,3,LV,1,1,1.0,628493
387_stage3.nii.gz,4,RA,1,1,1.0,584729
387_stage3.nii.gz,5,RV,1,1,1.0,745391
387_stage3.nii.gz,6,Aorta,2,2,0.6064082219540179,536904
387_stage3.nii.gz,7,PA,2,2,0.9378573415335167,129428
387_stage3.nii.gz,8,LAA,1,1,1.0,29524
387_stage3.nii.gz,9,Coronary,1,1,1.0,14222
387_stage3.nii.gz,10,PV,2,2,0.5105992165389013,106706
454_stage3.nii.gz,1,Myocardium,1,1,1.0,568804
454_stage3.nii.gz,2,LA,1,1,1.0,444769
454_stage3.nii.gz,3,LV,1,1,1.0,608419
454_stage3.nii.gz,4,RA,1,1,1.0,446053
454_stage3.nii.gz,5,RV,1,1,1.0,802726
454_stage3.nii.gz,6,Aorta,2,2,0.556727503496257,510546
454_stage3.nii.gz,7,PA,2,1,0.9642510489072578,127752
454_stage3.nii.gz,8,LAA,1,1,1.0,40017
454_stage3.nii.gz,9,Coronary,1,1,1.0,8728
454_stage3.nii.gz,10,PV,2,2,0.582559219693451,120568
461_stage3.nii.gz,1,Myocardium,1,1,1.0,610736
461_stage3.nii.gz,2,LA,1,1,1.0,323602
461_stage3.nii.gz,3,LV,1,1,1.0,726172
461_stage3.nii.gz,4,RA,1,1,1.0,386567
461_stage3.nii.gz,5,RV,1,1,1.0,806155
461_stage3.nii.gz,6,Aorta,2,2,0.5097021040086177,698096
461_stage3.nii.gz,7,PA,1,1,1.0,230110
461_stage3.nii.gz,8,LAA,1,1,1.0,35132
461_stage3.nii.gz,9,Coronary,1,1,1.0,16159
461_stage3.nii.gz,10,PV,2,2,0.5419132196142052,106637
460_stage3.nii.gz,1,Myocardium,1,1,1.0,542060
460_stage3.nii.gz,2,LA,1,1,1.0,370937
460_stage3.nii.gz,3,LV,1,1,1.0,557404
460_stage3.nii.gz,4,RA,1,1,1.0,452507
460_stage3.nii.gz,5,RV,1,1,1.0,671798
460_stage3.nii.gz,6,Aorta,2,2,0.5775950251514518,616863
460_stage3.nii.gz,7,PA,1,1,1.0,306977
460_stage3.nii.gz,8,LAA,1,1,1.0,62339
460_stage3.nii.gz,9,Coronary,1,1,1.0,13407
460_stage3.nii.gz,10,PV,3,3,0.4285583019388036,108830
44_stage3.nii.gz,1,Myocardium,1,1,1.0,947909
44_stage3.nii.gz,2,LA,1,1,1.0,684659
44_stage3.nii.gz,3,LV,1,1,1.0,932260
44_stage3.nii.gz,4,RA,1,1,1.0,704364
44_stage3.nii.gz,5,RV,1,1,1.0,1089483
44_stage3.nii.gz,6,Aorta,2,2,0.511372178979186,510808
44_stage3.nii.gz,7,PA,2,2,0.7740155873831966,122535
44_stage3.nii.gz,8,LAA,1,1,1.0,46530
44_stage3.nii.gz,9,Coronary,2,2,0.589899356242633,33087
44_stage3.nii.gz,10,PV,3,3,0.3751151064775164,155291
452_stage3.nii.gz,1,Myocardium,1,1,1.0,696681
452_stage3.nii.gz,2,LA,1,1,1.0,405607
452_stage3.nii.gz,3,LV,1,1,1.0,859017
452_stage3.nii.gz,4,RA,1,1,1.0,493786
452_stage3.nii.gz,5,RV,1,1,1.0,934084
452_stage3.nii.gz,6,Aorta,2,2,0.5411468846166573,483536
452_stage3.nii.gz,7,PA,2,2,0.9323832169516012,199344
452_stage3.nii.gz,8,LAA,1,1,1.0,65752
452_stage3.nii.gz,9,Coronary,1,1,1.0,18420
452_stage3.nii.gz,10,PV,3,3,0.5551913847594522,145231
464_stage3.nii.gz,1,Myocardium,1,1,1.0,687866
464_stage3.nii.gz,2,LA,1,1,1.0,415102
464_stage3.nii.gz,3,LV,1,1,1.0,661281
464_stage3.nii.gz,4,RA,1,1,1.0,464129
464_stage3.nii.gz,5,RV,1,1,1.0,822373
464_stage3.nii.gz,6,Aorta,2,2,0.5768598464377559,704991
464_stage3.nii.gz,7,PA,1,1,1.0,298223
464_stage3.nii.gz,8,LAA,1,1,1.0,66067
464_stage3.nii.gz,9,Coronary,2,2,0.8998790810157195,16540
464_stage3.nii.gz,10,PV,3,3,0.5260843933292699,100079
463_stage3.nii.gz,1,Myocardium,1,1,1.0,618396
463_stage3.nii.gz,2,LA,1,1,1.0,590455
463_stage3.nii.gz,3,LV,1,1,1.0,788764
463_stage3.nii.gz,4,RA,1,1,1.0,442026
463_stage3.nii.gz,5,RV,1,1,1.0,823177
463_stage3.nii.gz,6,Aorta,2,2,0.534291897727989,618703
463_stage3.nii.gz,7,PA,2,1,0.9668417244022841,279146
463_stage3.nii.gz,8,LAA,1,1,1.0,57867
463_stage3.nii.gz,9,Coronary,1,1,1.0,13321
463_stage3.nii.gz,10,PV,2,2,0.539733361726076,131489
467_stage3.nii.gz,1,Myocardium,1,1,1.0,703608
467_stage3.nii.gz,2,LA,1,1,1.0,361847
467_stage3.nii.gz,3,LV,1,1,1.0,647261
467_stage3.nii.gz,4,RA,1,1,1.0,416243
467_stage3.nii.gz,5,RV,1,1,1.0,771596
467_stage3.nii.gz,6,Aorta,2,2,0.5932606204642872,589075
467_stage3.nii.gz,7,PA,2,1,0.9513099067251158,298151
467_stage3.nii.gz,8,LAA,1,1,1.0,43613
467_stage3.nii.gz,9,Coronary,1,1,1.0,14966
467_stage3.nii.gz,10,PV,3,3,0.5171209553524763,126278
469_stage3.nii.gz,1,Myocardium,1,1,1.0,684796
469_stage3.nii.gz,2,LA,1,1,1.0,414353
469_stage3.nii.gz,3,LV,1,1,1.0,636433
469_stage3.nii.gz,4,RA,1,1,1.0,464661
469_stage3.nii.gz,5,RV,1,1,1.0,815286
469_stage3.nii.gz,6,Aorta,2,2,0.6060087746930667,746009
469_stage3.nii.gz,7,PA,1,1,1.0,346619
469_stage3.nii.gz,8,LAA,1,1,1.0,43264
469_stage3.nii.gz,9,Coronary,2,1,0.9676053263479589,22905
469_stage3.nii.gz,10,PV,2,2,0.5253002075360789,166718
466_stage3.nii.gz,1,Myocardium,1,1,1.0,652087
466_stage3.nii.gz,2,LA,1,1,1.0,545548
466_stage3.nii.gz,3,LV,1,1,1.0,690737
466_stage3.nii.gz,4,RA,1,1,1.0,450885
466_stage3.nii.gz,5,RV,1,1,1.0,887663
466_stage3.nii.gz,6,Aorta,2,2,0.5148745527195902,479006
466_stage3.nii.gz,7,PA,2,2,0.9417175125262648,197984
466_stage3.nii.gz,8,LAA,1,1,1.0,25513
466_stage3.nii.gz,9,Coronary,2,2,0.718077519379845,16125
466_stage3.nii.gz,10,PV,2,2,0.5561886880330684,137412
468_stage3.nii.gz,1,Myocardium,1,1,1.0,660740
468_stage3.nii.gz,2,LA,2,1,0.9999986740214278,754160
468_stage3.nii.gz,3,LV,1,1,1.0,675078
468_stage3.nii.gz,4,RA,1,1,1.0,603160
468_stage3.nii.gz,5,RV,1,1,1.0,763996
468_stage3.nii.gz,6,Aorta,2,2,0.589034084508422,408338
468_stage3.nii.gz,7,PA,1,1,1.0,297745
468_stage3.nii.gz,8,LAA,1,1,1.0,60222
468_stage3.nii.gz,9,Coronary,1,1,1.0,11359
468_stage3.nii.gz,10,PV,3,3,0.5477998435628898,144467
471_stage3.nii.gz,1,Myocardium,1,1,1.0,605978
471_stage3.nii.gz,2,LA,1,1,1.0,369670
471_stage3.nii.gz,3,LV,1,1,1.0,710531
471_stage3.nii.gz,4,RA,1,1,1.0,381907
471_stage3.nii.gz,5,RV,1,1,1.0,899230
471_stage3.nii.gz,6,Aorta,2,2,0.5528988641929407,559426
471_stage3.nii.gz,7,PA,1,1,1.0,235085
471_stage3.nii.gz,8,LAA,1,1,1.0,49330
471_stage3.nii.gz,9,Coronary,2,2,0.6329019697663766,17464
471_stage3.nii.gz,10,PV,2,2,0.524315291585238,105921
472_stage3.nii.gz,1,Myocardium,1,1,1.0,763479
472_stage3.nii.gz,2,LA,1,1,1.0,462658
472_stage3.nii.gz,3,LV,1,1,1.0,677561
472_stage3.nii.gz,4,RA,1,1,1.0,526209
472_stage3.nii.gz,5,RV,1,1,1.0,872951
472_stage3.nii.gz,6,Aorta,2,2,0.592394104142805,399874
472_stage3.nii.gz,7,PA,2,2,0.9298291515135658,152884
472_stage3.nii.gz,8,LAA,1,1,1.0,90260
472_stage3.nii.gz,9,Coronary,2,1,0.9774617517198891,19478
472_stage3.nii.gz,10,PV,3,3,0.5173308002191052,144223
470_stage3.nii.gz,1,Myocardium,1,1,1.0,498668
470_stage3.nii.gz,2,LA,1,1,1.0,327080
470_stage3.nii.gz,3,LV,1,1,1.0,544937
470_stage3.nii.gz,4,RA,1,1,1.0,293832
470_stage3.nii.gz,5,RV,1,1,1.0,606490
470_stage3.nii.gz,6,Aorta,2,2,0.5196121598075565,744946
470_stage3.nii.gz,7,PA,1,1,1.0,269173
470_stage3.nii.gz,8,LAA,1,1,1.0,27395
470_stage3.nii.gz,9,Coronary,1,1,1.0,10866
470_stage3.nii.gz,10,PV,2,2,0.5494949494949495,128205
443_stage3.nii.gz,1,Myocardium,1,1,1.0,865814
443_stage3.nii.gz,2,LA,1,1,1.0,551729
443_stage3.nii.gz,3,LV,1,1,1.0,955502
443_stage3.nii.gz,4,RA,1,1,1.0,486148
443_stage3.nii.gz,5,RV,1,1,1.0,962100
443_stage3.nii.gz,6,Aorta,2,2,0.523961377746099,754798
443_stage3.nii.gz,7,PA,2,2,0.9406751429681861,288176
443_stage3.nii.gz,8,LAA,1,1,1.0,77241
443_stage3.nii.gz,9,Coronary,1,1,1.0,29847
443_stage3.nii.gz,10,PV,2,2,0.5477628528786003,157455
475_stage3.nii.gz,1,Myocardium,2,1,0.9999982968896095,587161
475_stage3.nii.gz,2,LA,1,1,1.0,316551
475_stage3.nii.gz,3,LV,1,1,1.0,669107
475_stage3.nii.gz,4,RA,1,1,1.0,415325
475_stage3.nii.gz,5,RV,1,1,1.0,803920
475_stage3.nii.gz,6,Aorta,2,2,0.513212464194671,545659
475_stage3.nii.gz,7,PA,1,1,1.0,250611
475_stage3.nii.gz,8,LAA,1,1,1.0,53133
475_stage3.nii.gz,9,Coronary,2,2,0.8145989453233416,10809
475_stage3.nii.gz,10,PV,2,2,0.5711043300632991,118959
465_stage3.nii.gz,1,Myocardium,1,1,1.0,732431
465_stage3.nii.gz,2,LA,1,1,1.0,466879
465_stage3.nii.gz,3,LV,1,1,1.0,738120
465_stage3.nii.gz,4,RA,1,1,1.0,794835
465_stage3.nii.gz,5,RV,1,1,1.0,899652
465_stage3.nii.gz,6,Aorta,2,2,0.6350119086452011,610061
465_stage3.nii.gz,7,PA,2,1,0.9630922185399812,108026
465_stage3.nii.gz,8,LAA,1,1,1.0,77488
465_stage3.nii.gz,9,Coronary,1,1,1.0,17766
465_stage3.nii.gz,10,PV,3,3,0.41511225022544973,105345
478_stage3.nii.gz,1,Myocardium,1,1,1.0,721165
478_stage3.nii.gz,2,LA,1,1,1.0,340418
478_stage3.nii.gz,3,LV,1,1,1.0,739957
478_stage3.nii.gz,4,RA,1,1,1.0,551706
478_stage3.nii.gz,5,RV,1,1,1.0,967994
478_stage3.nii.gz,6,Aorta,2,2,0.6367620718000632,509721
478_stage3.nii.gz,7,PA,2,1,0.9765672131494555,188966
478_stage3.nii.gz,8,LAA,1,1,1.0,65758
478_stage3.nii.gz,9,Coronary,1,1,1.0,18029
478_stage3.nii.gz,10,PV,3,3,0.526126423502228,90885
474_stage3.nii.gz,1,Myocardium,1,1,1.0,675165
474_stage3.nii.gz,2,LA,2,1,0.9999974984678115,399755
474_stage3.nii.gz,3,LV,1,1,1.0,821779
474_stage3.nii.gz,4,RA,1,1,1.0,533298
474_stage3.nii.gz,5,RV,1,1,1.0,1001234
474_stage3.nii.gz,6,Aorta,2,2,0.5460113873013247,556058
474_stage3.nii.gz,7,PA,1,1,1.0,237682
474_stage3.nii.gz,8,LAA,1,1,1.0,32951
474_stage3.nii.gz,9,Coronary,2,2,0.9369041554472018,13741
474_stage3.nii.gz,10,PV,3,3,0.5976743472524775,130372
473_stage3.nii.gz,1,Myocardium,1,1,1.0,790264
473_stage3.nii.gz,2,LA,1,1,1.0,372484
473_stage3.nii.gz,3,LV,1,1,1.0,618147
473_stage3.nii.gz,4,RA,1,1,1.0,460520
473_stage3.nii.gz,5,RV,1,1,1.0,765679
473_stage3.nii.gz,6,Aorta,2,2,0.5676146476776669,816894
473_stage3.nii.gz,7,PA,2,2,0.9210226644389782,334577
473_stage3.nii.gz,8,LAA,1,1,1.0,32741
473_stage3.nii.gz,9,Coronary,1,1,1.0,17661
473_stage3.nii.gz,10,PV,3,3,0.5255560512395641,125528
476_stage3.nii.gz,1,Myocardium,1,1,1.0,846587
476_stage3.nii.gz,2,LA,1,1,1.0,381836
476_stage3.nii.gz,3,LV,1,1,1.0,773833
476_stage3.nii.gz,4,RA,1,1,1.0,515767
476_stage3.nii.gz,5,RV,1,1,1.0,858802
476_stage3.nii.gz,6,Aorta,2,2,0.5722280246813317,529469
476_stage3.nii.gz,7,PA,1,1,1.0,102470
476_stage3.nii.gz,8,LAA,1,1,1.0,63582
476_stage3.nii.gz,9,Coronary,2,2,0.8430075593952484,14816
476_stage3.nii.gz,10,PV,3,3,0.5019706655997548,117473
483_stage3.nii.gz,1,Myocardium,1,1,1.0,524546
483_stage3.nii.gz,2,LA,1,1,1.0,455261
483_stage3.nii.gz,3,LV,1,1,1.0,631741
483_stage3.nii.gz,4,RA,1,1,1.0,579966
483_stage3.nii.gz,5,RV,1,1,1.0,714911
483_stage3.nii.gz,6,Aorta,2,2,0.572228240607216,568628
483_stage3.nii.gz,7,PA,2,1,0.9810884330168411,230864
483_stage3.nii.gz,8,LAA,1,1,1.0,75594
483_stage3.nii.gz,9,Coronary,2,1,0.9869669104337122,13811
483_stage3.nii.gz,10,PV,3,3,0.5747051704603976,155344
477_stage3.nii.gz,1,Myocardium,1,1,1.0,646687
477_stage3.nii.gz,2,LA,1,1,1.0,378855
477_stage3.nii.gz,3,LV,1,1,1.0,578263
477_stage3.nii.gz,4,RA,1,1,1.0,373630
477_stage3.nii.gz,5,RV,1,1,1.0,828157
477_stage3.nii.gz,6,Aorta,2,2,0.5554755125610328,524718
477_stage3.nii.gz,7,PA,2,1,0.9891063055648803,92347
477_stage3.nii.gz,8,LAA,1,1,1.0,19301
477_stage3.nii.gz,9,Coronary,1,1,1.0,11569
477_stage3.nii.gz,10,PV,3,3,0.48434167593284605,109718
481_stage3.nii.gz,1,Myocardium,1,1,1.0,590068
481_stage3.nii.gz,2,LA,1,1,1.0,450539
481_stage3.nii.gz,3,LV,1,1,1.0,628907
481_stage3.nii.gz,4,RA,1,1,1.0,517153
481_stage3.nii.gz,5,RV,1,1,1.0,758039
481_stage3.nii.gz,6,Aorta,2,2,0.5820751729261442,675722
481_stage3.nii.gz,7,PA,2,2,0.9474970376269936,257395
481_stage3.nii.gz,8,LAA,1,1,1.0,62818
481_stage3.nii.gz,9,Coronary,1,1,1.0,16191
481_stage3.nii.gz,10,PV,2,2,0.532575707593851,121256
46_stage3.nii.gz,1,Myocardium,1,1,1.0,778624
46_stage3.nii.gz,2,LA,1,1,1.0,433127
46_stage3.nii.gz,3,LV,1,1,1.0,874877
46_stage3.nii.gz,4,RA,1,1,1.0,521200
46_stage3.nii.gz,5,RV,1,1,1.0,999802
46_stage3.nii.gz,6,Aorta,2,2,0.5048293262200171,567574
46_stage3.nii.gz,7,PA,1,1,1.0,368167
46_stage3.nii.gz,8,LAA,1,1,1.0,11335
46_stage3.nii.gz,9,Coronary,2,2,0.7315171763899597,23346
46_stage3.nii.gz,10,PV,2,2,0.5567590863381698,174025
479_stage3.nii.gz,1,Myocardium,1,1,1.0,573239
479_stage3.nii.gz,2,LA,1,1,1.0,381726
479_stage3.nii.gz,3,LV,1,1,1.0,529871
479_stage3.nii.gz,4,RA,1,1,1.0,440536
479_stage3.nii.gz,5,RV,1,1,1.0,650071
479_stage3.nii.gz,6,Aorta,2,2,0.5480139191876671,508363
479_stage3.nii.gz,7,PA,1,1,1.0,229126
479_stage3.nii.gz,8,LAA,1,1,1.0,49532
479_stage3.nii.gz,9,Coronary,2,1,0.9788473186413829,21463
479_stage3.nii.gz,10,PV,2,2,0.5509935710111046,95816
484_stage3.nii.gz,1,Myocardium,1,1,1.0,865211
484_stage3.nii.gz,2,LA,1,1,1.0,713735
484_stage3.nii.gz,3,LV,1,1,1.0,1026686
484_stage3.nii.gz,4,RA,1,1,1.0,387806
484_stage3.nii.gz,5,RV,1,1,1.0,543023
484_stage3.nii.gz,6,Aorta,2,2,0.5852903776554594,449828
484_stage3.nii.gz,7,PA,1,1,1.0,253013
484_stage3.nii.gz,8,LAA,1,1,1.0,91021
484_stage3.nii.gz,9,Coronary,2,2,0.7662038197403379,19949
484_stage3.nii.gz,10,PV,2,2,0.5267016454295607,140085
486_stage3.nii.gz,1,Myocardium,1,1,1.0,580532
486_stage3.nii.gz,2,LA,1,1,1.0,384994
486_stage3.nii.gz,3,LV,1,1,1.0,688365
486_stage3.nii.gz,4,RA,1,1,1.0,491964
486_stage3.nii.gz,5,RV,1,1,1.0,749438
486_stage3.nii.gz,6,Aorta,2,2,0.5516436600675831,567301
486_stage3.nii.gz,7,PA,2,2,0.9415190725036768,255656
486_stage3.nii.gz,8,LAA,1,1,1.0,67721
486_stage3.nii.gz,9,Coronary,2,2,0.7201592527371564,13061
486_stage3.nii.gz,10,PV,2,2,0.6362312714292424,63873
488_stage3.nii.gz,1,Myocardium,1,1,1.0,739372
488_stage3.nii.gz,2,LA,1,1,1.0,462256
488_stage3.nii.gz,3,LV,1,1,1.0,692858
488_stage3.nii.gz,4,RA,1,1,1.0,521236
488_stage3.nii.gz,5,RV,1,1,1.0,864761
488_stage3.nii.gz,6,Aorta,2,2,0.5174723633922823,584008
488_stage3.nii.gz,7,PA,2,2,0.8487272194263937,204670
488_stage3.nii.gz,8,LAA,1,1,1.0,49911
488_stage3.nii.gz,9,Coronary,1,1,1.0,21396
488_stage3.nii.gz,10,PV,3,3,0.5193009622829333,117533
480_stage3.nii.gz,1,Myocardium,1,1,1.0,577858
480_stage3.nii.gz,2,LA,1,1,1.0,396170
480_stage3.nii.gz,3,LV,1,1,1.0,640645
480_stage3.nii.gz,4,RA,1,1,1.0,453670
480_stage3.nii.gz,5,RV,1,1,1.0,785829
480_stage3.nii.gz,6,Aorta,2,2,0.5976119187371339,581471
480_stage3.nii.gz,7,PA,1,1,1.0,223578
480_stage3.nii.gz,8,LAA,1,1,1.0,62161
480_stage3.nii.gz,9,Coronary,1,1,1.0,14951
480_stage3.nii.gz,10,PV,3,3,0.5242075417365044,135433
489_stage3.nii.gz,1,Myocardium,1,1,1.0,610365
489_stage3.nii.gz,2,LA,1,1,1.0,447131
489_stage3.nii.gz,3,LV,1,1,1.0,617081
489_stage3.nii.gz,4,RA,1,1,1.0,494630
489_stage3.nii.gz,5,RV,1,1,1.0,775598
489_stage3.nii.gz,6,Aorta,2,2,0.5459329368940545,599167
489_stage3.nii.gz,7,PA,2,1,0.9503910883429888,290855
489_stage3.nii.gz,8,LAA,1,1,1.0,48727
489_stage3.nii.gz,9,Coronary,1,1,1.0,10475
489_stage3.nii.gz,10,PV,2,2,0.5089080433448443,109171
491_stage3.nii.gz,1,Myocardium,1,1,1.0,679740
491_stage3.nii.gz,2,LA,1,1,1.0,495838
491_stage3.nii.gz,3,LV,1,1,1.0,783131
491_stage3.nii.gz,4,RA,1,1,1.0,652276
491_stage3.nii.gz,5,RV,1,1,1.0,807290
491_stage3.nii.gz,6,Aorta,2,2,0.5084839462255265,665669
491_stage3.nii.gz,7,PA,2,1,0.9897279558129943,278815
491_stage3.nii.gz,8,LAA,1,1,1.0,87648
491_stage3.nii.gz,9,Coronary,1,1,1.0,30063
491_stage3.nii.gz,10,PV,2,2,0.5129539942964022,140613
485_stage3.nii.gz,1,Myocardium,1,1,1.0,553264
485_stage3.nii.gz,2,LA,1,1,1.0,412435
485_stage3.nii.gz,3,LV,1,1,1.0,657380
485_stage3.nii.gz,4,RA,1,1,1.0,451189
485_stage3.nii.gz,5,RV,1,1,1.0,758560
485_stage3.nii.gz,6,Aorta,2,2,0.5679560491493384,423200
485_stage3.nii.gz,7,PA,2,1,0.9591292302956718,233908
485_stage3.nii.gz,8,LAA,1,1,1.0,49387
485_stage3.nii.gz,9,Coronary,2,2,0.6590052609977239,26801
485_stage3.nii.gz,10,PV,3,3,0.5394586176888196,109165
496_stage3.nii.gz,1,Myocardium,1,1,1.0,638948
496_stage3.nii.gz,2,LA,1,1,1.0,389415
496_stage3.nii.gz,3,LV,1,1,1.0,545187
496_stage3.nii.gz,4,RA,1,1,1.0,385709
496_stage3.nii.gz,5,RV,1,1,1.0,561239
496_stage3.nii.gz,6,Aorta,2,2,0.5877236054641194,486739
496_stage3.nii.gz,7,PA,2,2,0.9386050774862652,176741
496_stage3.nii.gz,8,LAA,1,1,1.0,43659
496_stage3.nii.gz,9,Coronary,1,1,1.0,23146
496_stage3.nii.gz,10,PV,3,3,0.5769105384166638,116564
49_stage3.nii.gz,1,Myocardium,1,1,1.0,537367
49_stage3.nii.gz,2,LA,1,1,1.0,445960
49_stage3.nii.gz,3,LV,1,1,1.0,622097
49_stage3.nii.gz,4,RA,1,1,1.0,546461
49_stage3.nii.gz,5,RV,1,1,1.0,769743
49_stage3.nii.gz,6,Aorta,2,2,0.5085034201890001,632275
49_stage3.nii.gz,7,PA,1,1,1.0,322140
49_stage3.nii.gz,8,LAA,1,1,1.0,44863
49_stage3.nii.gz,9,Coronary,1,1,1.0,21679
49_stage3.nii.gz,10,PV,2,2,0.6159107824258391,169294
47_stage3.nii.gz,1,Myocardium,1,1,1.0,721559
47_stage3.nii.gz,2,LA,1,1,1.0,395806
47_stage3.nii.gz,3,LV,1,1,1.0,785577
47_stage3.nii.gz,4,RA,1,1,1.0,474523
47_stage3.nii.gz,5,RV,1,1,1.0,887743
47_stage3.nii.gz,6,Aorta,2,2,0.5697450101866901,480529
47_stage3.nii.gz,7,PA,3,1,0.9837097807595719,135787
47_stage3.nii.gz,8,LAA,1,1,1.0,52749
47_stage3.nii.gz,9,Coronary,1,1,1.0,10310
47_stage3.nii.gz,10,PV,2,2,0.5622239377322902,125651
493_stage3.nii.gz,1,Myocardium,1,1,1.0,669936
493_stage3.nii.gz,2,LA,1,1,1.0,390467
493_stage3.nii.gz,3,LV,1,1,1.0,748133
493_stage3.nii.gz,4,RA,1,1,1.0,500203
493_stage3.nii.gz,5,RV,1,1,1.0,865302
493_stage3.nii.gz,6,Aorta,2,2,0.5383221975894765,522791
493_stage3.nii.gz,7,PA,2,2,0.9419322668738512,172471
493_stage3.nii.gz,8,LAA,1,1,1.0,50278
493_stage3.nii.gz,9,Coronary,2,2,0.5267424524785688,21464
493_stage3.nii.gz,10,PV,3,3,0.5381000616912543,131299
490_stage3.nii.gz,1,Myocardium,1,1,1.0,501229
490_stage3.nii.gz,2,LA,1,1,1.0,480541
490_stage3.nii.gz,3,LV,1,1,1.0,570386
490_stage3.nii.gz,4,RA,1,1,1.0,581755
490_stage3.nii.gz,5,RV,1,1,1.0,711130
490_stage3.nii.gz,6,Aorta,2,2,0.5123801289105486,636100
490_stage3.nii.gz,7,PA,2,1,0.9634171126617438,265698
490_stage3.nii.gz,8,LAA,1,1,1.0,58906
490_stage3.nii.gz,9,Coronary,1,1,1.0,13290
490_stage3.nii.gz,10,PV,2,2,0.5414021342698906,103642
487_stage3.nii.gz,1,Myocardium,1,1,1.0,698608
487_stage3.nii.gz,2,LA,2,1,0.9999987513267153,800850
487_stage3.nii.gz,3,LV,1,1,1.0,714242
487_stage3.nii.gz,4,RA,1,1,1.0,645929
487_stage3.nii.gz,5,RV,1,1,1.0,797121
487_stage3.nii.gz,6,Aorta,2,2,0.572619171160597,558902
487_stage3.nii.gz,7,PA,2,1,0.9883720189766613,157035
487_stage3.nii.gz,8,LAA,1,1,1.0,75456
487_stage3.nii.gz,9,Coronary,2,2,0.8885587757161276,17839
487_stage3.nii.gz,10,PV,2,2,0.53919081606329,139548
495_stage3.nii.gz,1,Myocardium,1,1,1.0,711195
495_stage3.nii.gz,2,LA,1,1,1.0,343320
495_stage3.nii.gz,3,LV,1,1,1.0,586325
495_stage3.nii.gz,4,RA,1,1,1.0,552699
495_stage3.nii.gz,5,RV,1,1,1.0,880853
495_stage3.nii.gz,6,Aorta,2,2,0.6527469272915741,479463
495_stage3.nii.gz,7,PA,2,1,0.9881102787016233,146429
495_stage3.nii.gz,8,LAA,1,1,1.0,58541
495_stage3.nii.gz,9,Coronary,1,1,1.0,19956
495_stage3.nii.gz,10,PV,3,3,0.49571910621652926,119134
482_stage3.nii.gz,1,Myocardium,1,1,1.0,651392
482_stage3.nii.gz,2,LA,1,1,1.0,349108
482_stage3.nii.gz,3,LV,1,1,1.0,686826
482_stage3.nii.gz,4,RA,1,1,1.0,620021
482_stage3.nii.gz,5,RV,1,1,1.0,1060262
482_stage3.nii.gz,6,Aorta,2,2,0.5663648304788979,472773
482_stage3.nii.gz,7,PA,2,2,0.9196181105479886,202048
482_stage3.nii.gz,8,LAA,1,1,1.0,50358
482_stage3.nii.gz,9,Coronary,1,1,1.0,11551
482_stage3.nii.gz,10,PV,2,2,0.5126729868148633,91770
498_stage3.nii.gz,1,Myocardium,1,1,1.0,640925
498_stage3.nii.gz,2,LA,1,1,1.0,427215
498_stage3.nii.gz,3,LV,1,1,1.0,758016
498_stage3.nii.gz,4,RA,1,1,1.0,467061
498_stage3.nii.gz,5,RV,1,1,1.0,907334
498_stage3.nii.gz,6,Aorta,2,2,0.5892150450620226,360836
498_stage3.nii.gz,7,PA,2,1,0.9647488382385484,45190
498_stage3.nii.gz,8,LAA,1,1,1.0,41056
498_stage3.nii.gz,9,Coronary,1,1,1.0,19439
498_stage3.nii.gz,10,PV,3,3,0.4024450150720107,89570
508_stage3.nii.gz,1,Myocardium,1,1,1.0,430486
508_stage3.nii.gz,2,LA,1,1,1.0,457231
508_stage3.nii.gz,3,LV,1,1,1.0,446518
508_stage3.nii.gz,4,RA,1,1,1.0,405244
508_stage3.nii.gz,5,RV,1,1,1.0,526996
508_stage3.nii.gz,6,Aorta,2,2,0.5019103509307109,662182
508_stage3.nii.gz,7,PA,1,1,1.0,228911
508_stage3.nii.gz,8,LAA,1,1,1.0,39346
508_stage3.nii.gz,9,Coronary,1,1,1.0,11250
508_stage3.nii.gz,10,PV,3,3,0.5341785485873368,106324
505_stage3.nii.gz,1,Myocardium,1,1,1.0,652694
505_stage3.nii.gz,2,LA,1,1,1.0,498499
505_stage3.nii.gz,3,LV,1,1,1.0,671362
505_stage3.nii.gz,4,RA,1,1,1.0,506102
505_stage3.nii.gz,5,RV,1,1,1.0,859814
505_stage3.nii.gz,6,Aorta,2,2,0.5528562195840494,490491
505_stage3.nii.gz,7,PA,1,1,1.0,213148
505_stage3.nii.gz,8,LAA,1,1,1.0,83023
505_stage3.nii.gz,9,Coronary,2,2,0.6389348025711662,10890
505_stage3.nii.gz,10,PV,2,2,0.5506106812057057,144347
492_stage3.nii.gz,1,Myocardium,1,1,1.0,706655
492_stage3.nii.gz,2,LA,1,1,1.0,420775
492_stage3.nii.gz,3,LV,1,1,1.0,813135
492_stage3.nii.gz,4,RA,1,1,1.0,409950
492_stage3.nii.gz,5,RV,1,1,1.0,907115
492_stage3.nii.gz,6,Aorta,2,2,0.5388863292305667,455790
492_stage3.nii.gz,7,PA,2,2,0.7532359412475966,100898
492_stage3.nii.gz,8,LAA,1,1,1.0,27006
492_stage3.nii.gz,9,Coronary,2,2,0.9386634116570034,13108
492_stage3.nii.gz,10,PV,3,3,0.4812592997193604,106186
499_stage3.nii.gz,1,Myocardium,1,1,1.0,843527
499_stage3.nii.gz,2,LA,2,1,0.9999975388250351,406310
499_stage3.nii.gz,3,LV,1,1,1.0,1037188
499_stage3.nii.gz,4,RA,1,1,1.0,482175
499_stage3.nii.gz,5,RV,1,1,1.0,1255998
499_stage3.nii.gz,6,Aorta,2,2,0.5898889255471241,454650
499_stage3.nii.gz,7,PA,2,2,0.8991982639098197,165890
499_stage3.nii.gz,8,LAA,1,1,1.0,73952
499_stage3.nii.gz,9,Coronary,1,1,1.0,12582
499_stage3.nii.gz,10,PV,2,2,0.5536551835678474,148392
4_stage3.nii.gz,1,Myocardium,1,1,1.0,557366
4_stage3.nii.gz,2,LA,1,1,1.0,340525
4_stage3.nii.gz,3,LV,1,1,1.0,505788
4_stage3.nii.gz,4,RA,1,1,1.0,409238
4_stage3.nii.gz,5,RV,1,1,1.0,641949
4_stage3.nii.gz,6,Aorta,2,2,0.5223638833733932,631554
4_stage3.nii.gz,7,PA,2,2,0.9371728579132697,189138
4_stage3.nii.gz,8,LAA,1,1,1.0,40983
4_stage3.nii.gz,9,Coronary,1,1,1.0,16794
4_stage3.nii.gz,10,PV,3,3,0.5044483442031833,114537
494_stage3.nii.gz,1,Myocardium,1,1,1.0,628430
494_stage3.nii.gz,2,LA,1,1,1.0,391023
494_stage3.nii.gz,3,LV,1,1,1.0,779821
494_stage3.nii.gz,4,RA,1,1,1.0,410807
494_stage3.nii.gz,5,RV,1,1,1.0,859928
494_stage3.nii.gz,6,Aorta,2,2,0.5211588038552608,485259
494_stage3.nii.gz,7,PA,1,1,1.0,258608
494_stage3.nii.gz,8,LAA,1,1,1.0,49314
494_stage3.nii.gz,9,Coronary,1,1,1.0,15598
494_stage3.nii.gz,10,PV,3,3,0.49650182924322767,121635
48_stage3.nii.gz,1,Myocardium,1,1,1.0,608312
48_stage3.nii.gz,2,LA,1,1,1.0,726760
48_stage3.nii.gz,3,LV,1,1,1.0,530243
48_stage3.nii.gz,4,RA,1,1,1.0,593801
48_stage3.nii.gz,5,RV,1,1,1.0,765358
48_stage3.nii.gz,6,Aorta,2,2,0.5619445280993776,441629
48_stage3.nii.gz,7,PA,2,1,0.9879668591742051,176097
48_stage3.nii.gz,8,LAA,1,1,1.0,78250
48_stage3.nii.gz,9,Coronary,1,1,1.0,33038
48_stage3.nii.gz,10,PV,2,2,0.5569027758686798,138227
503_stage3.nii.gz,1,Myocardium,1,1,1.0,606732
503_stage3.nii.gz,2,LA,1,1,1.0,354471
503_stage3.nii.gz,3,LV,1,1,1.0,510915
503_stage3.nii.gz,4,RA,1,1,1.0,428228
503_stage3.nii.gz,5,RV,1,1,1.0,714380
503_stage3.nii.gz,6,Aorta,2,2,0.5101959712873501,684437
503_stage3.nii.gz,7,PA,1,1,1.0,287735
503_stage3.nii.gz,8,LAA,1,1,1.0,23981
503_stage3.nii.gz,9,Coronary,2,2,0.9266328660900686,10059
503_stage3.nii.gz,10,PV,2,2,0.5448885450960785,106007
500_stage3.nii.gz,1,Myocardium,1,1,1.0,611387
500_stage3.nii.gz,2,LA,1,1,1.0,396265
500_stage3.nii.gz,3,LV,1,1,1.0,657751
500_stage3.nii.gz,4,RA,1,1,1.0,431529
500_stage3.nii.gz,5,RV,1,1,1.0,813431
500_stage3.nii.gz,6,Aorta,2,2,0.5303187606213648,668464
500_stage3.nii.gz,7,PA,1,1,1.0,161876
500_stage3.nii.gz,8,LAA,1,1,1.0,59391
500_stage3.nii.gz,9,Coronary,1,1,1.0,32854
500_stage3.nii.gz,10,PV,2,2,0.507714620749244,97218
509_stage3.nii.gz,1,Myocardium,1,1,1.0,572925
509_stage3.nii.gz,2,LA,1,1,1.0,544637
509_stage3.nii.gz,3,LV,1,1,1.0,537421
509_stage3.nii.gz,4,RA,1,1,1.0,449569
509_stage3.nii.gz,5,RV,1,1,1.0,726941
509_stage3.nii.gz,6,Aorta,2,2,0.5311139940898935,721476
509_stage3.nii.gz,7,PA,1,1,1.0,192555
509_stage3.nii.gz,8,LAA,1,1,1.0,53296
509_stage3.nii.gz,9,Coronary,2,2,0.7791572380894135,16351
509_stage3.nii.gz,10,PV,2,2,0.6354820143884892,104250
501_stage3.nii.gz,1,Myocardium,1,1,1.0,794483
501_stage3.nii.gz,2,LA,1,1,1.0,403712
501_stage3.nii.gz,3,LV,1,1,1.0,756488
501_stage3.nii.gz,4,RA,1,1,1.0,520582
501_stage3.nii.gz,5,RV,1,1,1.0,1109022
501_stage3.nii.gz,6,Aorta,2,2,0.5509214500503397,599924
501_stage3.nii.gz,7,PA,2,1,0.9843257553473127,118985
501_stage3.nii.gz,8,LAA,1,1,1.0,69884
501_stage3.nii.gz,9,Coronary,1,1,1.0,14516
501_stage3.nii.gz,10,PV,2,2,0.5620886391366362,116382
502_stage3.nii.gz,1,Myocardium,1,1,1.0,713870
502_stage3.nii.gz,2,LA,1,1,1.0,413280
502_stage3.nii.gz,3,LV,1,1,1.0,750698
502_stage3.nii.gz,4,RA,1,1,1.0,532668
502_stage3.nii.gz,5,RV,1,1,1.0,872805
502_stage3.nii.gz,6,Aorta,2,2,0.6024903034732315,365337
502_stage3.nii.gz,7,PA,2,2,0.6038027747280168,80152
502_stage3.nii.gz,8,LAA,1,1,1.0,75303
502_stage3.nii.gz,9,Coronary,2,2,0.6535521425064871,28518
502_stage3.nii.gz,10,PV,4,4,0.35693099064831146,101479
506_stage3.nii.gz,1,Myocardium,1,1,1.0,629271
506_stage3.nii.gz,2,LA,2,1,0.999997549590169,408095
506_stage3.nii.gz,3,LV,1,1,1.0,598873
506_stage3.nii.gz,4,RA,1,1,1.0,402996
506_stage3.nii.gz,5,RV,1,1,1.0,798508
506_stage3.nii.gz,6,Aorta,2,2,0.5608920756541317,711554
506_stage3.nii.gz,7,PA,2,1,0.9536088268221732,222413
506_stage3.nii.gz,8,LAA,1,1,1.0,39456
506_stage3.nii.gz,9,Coronary,1,1,1.0,25975
506_stage3.nii.gz,10,PV,3,3,0.4685475330176925,128416
504_stage3.nii.gz,1,Myocardium,1,1,1.0,587335
504_stage3.nii.gz,2,LA,1,1,1.0,370616
504_stage3.nii.gz,3,LV,1,1,1.0,740677
504_stage3.nii.gz,4,RA,1,1,1.0,458175
504_stage3.nii.gz,5,RV,1,1,1.0,864875
504_stage3.nii.gz,6,Aorta,1,1,1.0,657006
504_stage3.nii.gz,7,PA,1,1,1.0,249431
504_stage3.nii.gz,8,LAA,1,1,1.0,72435
504_stage3.nii.gz,9,Coronary,1,1,1.0,6490
504_stage3.nii.gz,10,PV,2,2,0.5052247383898849,133978
507_stage3.nii.gz,1,Myocardium,1,1,1.0,666884
507_stage3.nii.gz,2,LA,1,1,1.0,379502
507_stage3.nii.gz,3,LV,1,1,1.0,682332
507_stage3.nii.gz,4,RA,1,1,1.0,358007
507_stage3.nii.gz,5,RV,1,1,1.0,715861
507_stage3.nii.gz,6,Aorta,2,2,0.671214242772455,525628
507_stage3.nii.gz,7,PA,2,1,0.9977600988646018,129470
507_stage3.nii.gz,8,LAA,1,1,1.0,53143
507_stage3.nii.gz,9,Coronary,1,1,1.0,12854
507_stage3.nii.gz,10,PV,3,3,0.44303001606756137,128831
512_stage3.nii.gz,1,Myocardium,1,1,1.0,605644
512_stage3.nii.gz,2,LA,1,1,1.0,377285
512_stage3.nii.gz,3,LV,1,1,1.0,692508
512_stage3.nii.gz,4,RA,1,1,1.0,466061
512_stage3.nii.gz,5,RV,1,1,1.0,817852
512_stage3.nii.gz,6,Aorta,2,2,0.6229636471674913,509919
512_stage3.nii.gz,7,PA,2,1,0.9843714453138465,145055
512_stage3.nii.gz,8,LAA,1,1,1.0,41061
512_stage3.nii.gz,9,Coronary,1,1,1.0,11369
512_stage3.nii.gz,10,PV,3,3,0.5108129206489862,94794
50_stage3.nii.gz,1,Myocardium,1,1,1.0,493244
50_stage3.nii.gz,2,LA,1,1,1.0,420270
50_stage3.nii.gz,3,LV,1,1,1.0,578478
50_stage3.nii.gz,4,RA,1,1,1.0,479878
50_stage3.nii.gz,5,RV,1,1,1.0,668177
50_stage3.nii.gz,6,Aorta,2,2,0.5587776867175492,460013
50_stage3.nii.gz,7,PA,1,1,1.0,219520
50_stage3.nii.gz,8,LAA,1,1,1.0,46566
50_stage3.nii.gz,9,Coronary,1,1,1.0,7391
50_stage3.nii.gz,10,PV,2,2,0.5663610487319954,139826
513_stage3.nii.gz,1,Myocardium,1,1,1.0,702220
513_stage3.nii.gz,2,LA,2,1,0.9999967971815198,312225
513_stage3.nii.gz,3,LV,1,1,1.0,874296
513_stage3.nii.gz,4,RA,1,1,1.0,550594
513_stage3.nii.gz,5,RV,1,1,1.0,812868
513_stage3.nii.gz,6,Aorta,2,2,0.5960117484527376,809979
513_stage3.nii.gz,7,PA,1,1,1.0,218844
513_stage3.nii.gz,8,LAA,1,1,1.0,91622
513_stage3.nii.gz,9,Coronary,2,1,0.962276583477473,12141
513_stage3.nii.gz,10,PV,2,2,0.500415469480513,99887
510_stage3.nii.gz,1,Myocardium,1,1,1.0,700179
510_stage3.nii.gz,2,LA,1,1,1.0,411744
510_stage3.nii.gz,3,LV,1,1,1.0,611702
510_stage3.nii.gz,4,RA,1,1,1.0,496096
510_stage3.nii.gz,5,RV,1,1,1.0,1002512
510_stage3.nii.gz,6,Aorta,2,2,0.5425525102914622,702767
510_stage3.nii.gz,7,PA,2,1,0.9531963081533955,234896
510_stage3.nii.gz,8,LAA,1,1,1.0,57865
510_stage3.nii.gz,9,Coronary,1,1,1.0,15305
510_stage3.nii.gz,10,PV,2,2,0.5307599197759381,113183
516_stage3.nii.gz,1,Myocardium,1,1,1.0,549299
516_stage3.nii.gz,2,LA,1,1,1.0,417995
516_stage3.nii.gz,3,LV,1,1,1.0,653177
516_stage3.nii.gz,4,RA,1,1,1.0,376714
516_stage3.nii.gz,5,RV,1,1,1.0,690118
516_stage3.nii.gz,6,Aorta,2,2,0.5046741723162912,425102
516_stage3.nii.gz,7,PA,1,1,1.0,267227
516_stage3.nii.gz,8,LAA,1,1,1.0,75229
516_stage3.nii.gz,9,Coronary,1,1,1.0,19875
516_stage3.nii.gz,10,PV,3,3,0.5436601395150618,133749
497_stage3.nii.gz,1,Myocardium,1,1,1.0,735237
497_stage3.nii.gz,2,LA,1,1,1.0,389907
497_stage3.nii.gz,3,LV,1,1,1.0,659347
497_stage3.nii.gz,4,RA,1,1,1.0,373351
497_stage3.nii.gz,5,RV,1,1,1.0,649395
497_stage3.nii.gz,6,Aorta,2,2,0.5586905495054604,456283
497_stage3.nii.gz,7,PA,2,2,0.9384821770793408,177412
497_stage3.nii.gz,8,LAA,1,1,1.0,43364
497_stage3.nii.gz,9,Coronary,1,1,1.0,13324
497_stage3.nii.gz,10,PV,2,2,0.5581725366197451,104998
511_stage3.nii.gz,1,Myocardium,1,1,1.0,678718
511_stage3.nii.gz,2,LA,1,1,1.0,358570
511_stage3.nii.gz,3,LV,1,1,1.0,670479
511_stage3.nii.gz,4,RA,1,1,1.0,456007
511_stage3.nii.gz,5,RV,1,1,1.0,952409
511_stage3.nii.gz,6,Aorta,2,2,0.5275362937411606,515447
511_stage3.nii.gz,7,PA,1,1,1.0,181269
511_stage3.nii.gz,8,LAA,1,1,1.0,31288
511_stage3.nii.gz,9,Coronary,2,2,0.6630962155706501,26794
511_stage3.nii.gz,10,PV,3,3,0.5579799276253632,112194
525_stage3.nii.gz,1,Myocardium,1,1,1.0,543128
525_stage3.nii.gz,2,LA,1,1,1.0,406625
525_stage3.nii.gz,3,LV,1,1,1.0,574089
525_stage3.nii.gz,4,RA,1,1,1.0,465894
525_stage3.nii.gz,5,RV,1,1,1.0,729824
525_stage3.nii.gz,6,Aorta,2,2,0.5535809046832543,469225
525_stage3.nii.gz,7,PA,1,1,1.0,208124
525_stage3.nii.gz,8,LAA,1,1,1.0,33372
525_stage3.nii.gz,9,Coronary,1,1,1.0,9478
525_stage3.nii.gz,10,PV,4,4,0.3456021308572534,134406
514_stage3.nii.gz,1,Myocardium,1,1,1.0,735801
514_stage3.nii.gz,2,LA,1,1,1.0,378521
514_stage3.nii.gz,3,LV,1,1,1.0,772584
514_stage3.nii.gz,4,RA,1,1,1.0,385917
514_stage3.nii.gz,5,RV,1,1,1.0,974387
514_stage3.nii.gz,6,Aorta,2,2,0.5463188982310219,464562
514_stage3.nii.gz,7,PA,1,1,1.0,243280
514_stage3.nii.gz,8,LAA,1,1,1.0,57704
514_stage3.nii.gz,9,Coronary,1,1,1.0,20620
514_stage3.nii.gz,10,PV,3,3,0.5747888846682055,136892
515_stage3.nii.gz,1,Myocardium,1,1,1.0,669273
515_stage3.nii.gz,2,LA,1,1,1.0,417717
515_stage3.nii.gz,3,LV,1,1,1.0,687924
515_stage3.nii.gz,4,RA,1,1,1.0,489704
515_stage3.nii.gz,5,RV,1,1,1.0,911853
515_stage3.nii.gz,6,Aorta,2,2,0.6138909116127467,576780
515_stage3.nii.gz,7,PA,1,1,1.0,228466
515_stage3.nii.gz,8,LAA,1,1,1.0,32214
515_stage3.nii.gz,9,Coronary,2,2,0.929733829816577,14502
515_stage3.nii.gz,10,PV,3,3,0.4539808316353483,132510
522_stage3.nii.gz,1,Myocardium,1,1,1.0,612392
522_stage3.nii.gz,2,LA,1,1,1.0,458292
522_stage3.nii.gz,3,LV,1,1,1.0,656640
522_stage3.nii.gz,4,RA,1,1,1.0,455755
522_stage3.nii.gz,5,RV,1,1,1.0,729344
522_stage3.nii.gz,6,Aorta,2,2,0.5498139351949899,528848
522_stage3.nii.gz,7,PA,6,1,0.9931758303459595,162071
522_stage3.nii.gz,8,LAA,1,1,1.0,55913
522_stage3.nii.gz,9,Coronary,1,1,1.0,14324
522_stage3.nii.gz,10,PV,2,2,0.5261140848193077,94719
520_stage3.nii.gz,1,Myocardium,1,1,1.0,671773
520_stage3.nii.gz,2,LA,1,1,1.0,396958
520_stage3.nii.gz,3,LV,1,1,1.0,634495
520_stage3.nii.gz,4,RA,1,1,1.0,542562
520_stage3.nii.gz,5,RV,1,1,1.0,897591
520_stage3.nii.gz,6,Aorta,2,2,0.5157921211257451,596405
520_stage3.nii.gz,7,PA,1,1,1.0,240103
520_stage3.nii.gz,8,LAA,1,1,1.0,51557
520_stage3.nii.gz,9,Coronary,1,1,1.0,16571
520_stage3.nii.gz,10,PV,3,3,0.6135222211693357,147742
534_stage3.nii.gz,1,Myocardium,2,1,0.999998634953916,732576
534_stage3.nii.gz,2,LA,1,1,1.0,357612
534_stage3.nii.gz,3,LV,1,1,1.0,830421
534_stage3.nii.gz,4,RA,1,1,1.0,386041
534_stage3.nii.gz,5,RV,1,1,1.0,1001060
534_stage3.nii.gz,6,Aorta,2,2,0.6129724263813232,350081
534_stage3.nii.gz,7,PA,2,1,0.9517824553870038,121097
534_stage3.nii.gz,8,LAA,1,1,1.0,52542
534_stage3.nii.gz,9,Coronary,1,1,1.0,14480
534_stage3.nii.gz,10,PV,3,3,0.47490405544735936,139664
52_stage3.nii.gz,1,Myocardium,1,1,1.0,636186
52_stage3.nii.gz,2,LA,1,1,1.0,445860
52_stage3.nii.gz,3,LV,1,1,1.0,696266
52_stage3.nii.gz,4,RA,1,1,1.0,554537
52_stage3.nii.gz,5,RV,1,1,1.0,798473
52_stage3.nii.gz,6,Aorta,2,2,0.513504098792086,522471
52_stage3.nii.gz,7,PA,1,1,1.0,330340
52_stage3.nii.gz,8,LAA,1,1,1.0,66177
52_stage3.nii.gz,9,Coronary,1,1,1.0,17447
52_stage3.nii.gz,10,PV,3,3,0.5877679038159959,153040
528_stage3.nii.gz,1,Myocardium,1,1,1.0,919445
528_stage3.nii.gz,2,LA,1,1,1.0,448110
528_stage3.nii.gz,3,LV,1,1,1.0,1067195
528_stage3.nii.gz,4,RA,1,1,1.0,543435
528_stage3.nii.gz,5,RV,1,1,1.0,1497018
528_stage3.nii.gz,6,Aorta,2,2,0.509260377040666,356195
528_stage3.nii.gz,7,PA,1,1,1.0,171509
528_stage3.nii.gz,8,LAA,1,1,1.0,58326
528_stage3.nii.gz,9,Coronary,1,1,1.0,19521
528_stage3.nii.gz,10,PV,3,3,0.3914141752542782,149246
527_stage3.nii.gz,1,Myocardium,1,1,1.0,707330
527_stage3.nii.gz,2,LA,1,1,1.0,400884
527_stage3.nii.gz,3,LV,1,1,1.0,535915
527_stage3.nii.gz,4,RA,1,1,1.0,394034
527_stage3.nii.gz,5,RV,1,1,1.0,744697
527_stage3.nii.gz,6,Aorta,2,2,0.541024710288052,774131
527_stage3.nii.gz,7,PA,1,1,1.0,179965
527_stage3.nii.gz,8,LAA,1,1,1.0,6215
527_stage3.nii.gz,9,Coronary,1,1,1.0,15898
527_stage3.nii.gz,10,PV,2,2,0.5166989546757073,99108
524_stage3.nii.gz,1,Myocardium,1,1,1.0,610224
524_stage3.nii.gz,2,LA,1,1,1.0,473936
524_stage3.nii.gz,3,LV,1,1,1.0,583422
524_stage3.nii.gz,4,RA,1,1,1.0,430427
524_stage3.nii.gz,5,RV,1,1,1.0,660923
524_stage3.nii.gz,6,Aorta,2,2,0.574723970702633,631183
524_stage3.nii.gz,7,PA,1,1,1.0,310180
524_stage3.nii.gz,8,LAA,1,1,1.0,117533
524_stage3.nii.gz,9,Coronary,1,1,1.0,6636
524_stage3.nii.gz,10,PV,2,2,0.5896801897468492,129014
517_stage3.nii.gz,1,Myocardium,1,1,1.0,552588
517_stage3.nii.gz,2,LA,1,1,1.0,328312
517_stage3.nii.gz,3,LV,1,1,1.0,595880
517_stage3.nii.gz,4,RA,1,1,1.0,464497
517_stage3.nii.gz,5,RV,1,1,1.0,812822
517_stage3.nii.gz,6,Aorta,2,2,0.5187175187015189,687511
517_stage3.nii.gz,7,PA,1,1,1.0,264729
517_stage3.nii.gz,8,LAA,1,1,1.0,54497
517_stage3.nii.gz,9,Coronary,2,1,0.9696164071401443,21064
517_stage3.nii.gz,10,PV,2,2,0.5070001230582823,105641
533_stage3.nii.gz,1,Myocardium,1,1,1.0,801876
533_stage3.nii.gz,2,LA,1,1,1.0,480063
533_stage3.nii.gz,3,LV,1,1,1.0,749917
533_stage3.nii.gz,4,RA,1,1,1.0,442893
533_stage3.nii.gz,5,RV,1,1,1.0,954752
533_stage3.nii.gz,6,Aorta,2,2,0.6279024581078437,766850
533_stage3.nii.gz,7,PA,2,2,0.9405526428718025,267985
533_stage3.nii.gz,8,LAA,1,1,1.0,45560
533_stage3.nii.gz,9,Coronary,2,2,0.7067553735926305,11724
533_stage3.nii.gz,10,PV,2,2,0.593176324557392,122456
537_stage3.nii.gz,1,Myocardium,1,1,1.0,702350
537_stage3.nii.gz,2,LA,1,1,1.0,349671
537_stage3.nii.gz,3,LV,1,1,1.0,707467
537_stage3.nii.gz,4,RA,1,1,1.0,496210
537_stage3.nii.gz,5,RV,1,1,1.0,973735
537_stage3.nii.gz,6,Aorta,2,2,0.5818433445354388,367788
537_stage3.nii.gz,7,PA,1,1,1.0,150217
537_stage3.nii.gz,8,LAA,1,1,1.0,47422
537_stage3.nii.gz,9,Coronary,1,1,1.0,10772
537_stage3.nii.gz,10,PV,3,3,0.531632696662821,117015
531_stage3.nii.gz,1,Myocardium,1,1,1.0,482625
531_stage3.nii.gz,2,LA,1,1,1.0,316222
531_stage3.nii.gz,3,LV,1,1,1.0,501390
531_stage3.nii.gz,4,RA,1,1,1.0,369131
531_stage3.nii.gz,5,RV,1,1,1.0,600070
531_stage3.nii.gz,6,Aorta,2,2,0.5500832981423818,430982
531_stage3.nii.gz,7,PA,1,1,1.0,225903
531_stage3.nii.gz,8,LAA,1,1,1.0,55546
531_stage3.nii.gz,9,Coronary,1,1,1.0,10328
531_stage3.nii.gz,10,PV,2,2,0.6325993424738628,94597
530_stage3.nii.gz,1,Myocardium,1,1,1.0,613799
530_stage3.nii.gz,2,LA,1,1,1.0,386098
530_stage3.nii.gz,3,LV,1,1,1.0,879899
530_stage3.nii.gz,4,RA,1,1,1.0,396397
530_stage3.nii.gz,5,RV,1,1,1.0,991362
530_stage3.nii.gz,6,Aorta,2,2,0.6254601646402654,387633
530_stage3.nii.gz,7,PA,2,2,0.5361334812171481,103685
530_stage3.nii.gz,8,LAA,1,1,1.0,45090
530_stage3.nii.gz,9,Coronary,1,1,1.0,17833
530_stage3.nii.gz,10,PV,2,2,0.5614748352726763,121261
519_stage3.nii.gz,1,Myocardium,1,1,1.0,815264
519_stage3.nii.gz,2,LA,1,1,1.0,582098
519_stage3.nii.gz,3,LV,1,1,1.0,956311
519_stage3.nii.gz,4,RA,1,1,1.0,548199
519_stage3.nii.gz,5,RV,1,1,1.0,1132360
519_stage3.nii.gz,6,Aorta,2,2,0.6078877902738942,485662
519_stage3.nii.gz,7,PA,2,2,0.6828684044337013,45921
519_stage3.nii.gz,8,LAA,1,1,1.0,73877
519_stage3.nii.gz,9,Coronary,2,2,0.9408014039192747,17095
519_stage3.nii.gz,10,PV,3,3,0.38462665384791467,109215
51_stage3.nii.gz,1,Myocardium,1,1,1.0,541145
51_stage3.nii.gz,2,LA,1,1,1.0,401473
51_stage3.nii.gz,3,LV,1,1,1.0,457375
51_stage3.nii.gz,4,RA,1,1,1.0,417383
51_stage3.nii.gz,5,RV,1,1,1.0,589556
51_stage3.nii.gz,6,Aorta,2,2,0.5501106928993199,575466
51_stage3.nii.gz,7,PA,1,1,1.0,278862
51_stage3.nii.gz,8,LAA,1,1,1.0,51011
51_stage3.nii.gz,9,Coronary,2,1,0.9765898483080513,13712
51_stage3.nii.gz,10,PV,3,3,0.4374869243293886,109937
535_stage3.nii.gz,1,Myocardium,1,1,1.0,721177
535_stage3.nii.gz,2,LA,1,1,1.0,567612
535_stage3.nii.gz,3,LV,1,1,1.0,512677
535_stage3.nii.gz,4,RA,1,1,1.0,661463
535_stage3.nii.gz,5,RV,1,1,1.0,677471
535_stage3.nii.gz,6,Aorta,2,2,0.5136396401526788,667283
535_stage3.nii.gz,7,PA,2,1,0.9703767578041751,304997
535_stage3.nii.gz,8,LAA,1,1,1.0,48185
535_stage3.nii.gz,9,Coronary,1,1,1.0,30944
535_stage3.nii.gz,10,PV,3,3,0.4647071166852291,123906
541_stage3.nii.gz,1,Myocardium,1,1,1.0,669805
541_stage3.nii.gz,2,LA,1,1,1.0,444954
541_stage3.nii.gz,3,LV,1,1,1.0,612898
541_stage3.nii.gz,4,RA,1,1,1.0,495332
541_stage3.nii.gz,5,RV,1,1,1.0,851425
541_stage3.nii.gz,6,Aorta,2,2,0.62586212815243,669999
541_stage3.nii.gz,7,PA,1,1,1.0,298787
541_stage3.nii.gz,8,LAA,1,1,1.0,35737
541_stage3.nii.gz,9,Coronary,2,1,0.9604726231804617,16419
541_stage3.nii.gz,10,PV,3,3,0.47947198835879845,115452
544_stage3.nii.gz,1,Myocardium,1,1,1.0,538279
544_stage3.nii.gz,2,LA,1,1,1.0,453193
544_stage3.nii.gz,3,LV,1,1,1.0,662494
544_stage3.nii.gz,4,RA,1,1,1.0,506800
544_stage3.nii.gz,5,RV,1,1,1.0,770658
544_stage3.nii.gz,6,Aorta,2,2,0.5456619793852545,660013
544_stage3.nii.gz,7,PA,2,1,0.9571088405922591,230980
544_stage3.nii.gz,8,LAA,1,1,1.0,72181
544_stage3.nii.gz,9,Coronary,1,1,1.0,16941
544_stage3.nii.gz,10,PV,3,3,0.42208271787296897,102904
529_stage3.nii.gz,1,Myocardium,1,1,1.0,535777
529_stage3.nii.gz,2,LA,1,1,1.0,373972
529_stage3.nii.gz,3,LV,1,1,1.0,657103
529_stage3.nii.gz,4,RA,1,1,1.0,545716
529_stage3.nii.gz,5,RV,1,1,1.0,813807
529_stage3.nii.gz,6,Aorta,2,2,0.521773508191808,507153
529_stage3.nii.gz,7,PA,1,1,1.0,230856
529_stage3.nii.gz,8,LAA,1,1,1.0,62444
529_stage3.nii.gz,9,Coronary,1,1,1.0,19028
529_stage3.nii.gz,10,PV,4,4,0.3829660359999659,117389
536_stage3.nii.gz,1,Myocardium,1,1,1.0,587639
536_stage3.nii.gz,2,LA,1,1,1.0,360864
536_stage3.nii.gz,3,LV,1,1,1.0,616332
536_stage3.nii.gz,4,RA,1,1,1.0,356661
536_stage3.nii.gz,5,RV,1,1,1.0,720017
536_stage3.nii.gz,6,Aorta,2,2,0.571115947777563,589938
536_stage3.nii.gz,7,PA,1,1,1.0,265462
536_stage3.nii.gz,8,LAA,1,1,1.0,63118
536_stage3.nii.gz,9,Coronary,1,1,1.0,12182
536_stage3.nii.gz,10,PV,2,2,0.5507577040719744,100369
523_stage3.nii.gz,1,Myocardium,1,1,1.0,624636
523_stage3.nii.gz,2,LA,1,1,1.0,506718
523_stage3.nii.gz,3,LV,1,1,1.0,611820
523_stage3.nii.gz,4,RA,1,1,1.0,467270
523_stage3.nii.gz,5,RV,1,1,1.0,741552
523_stage3.nii.gz,6,Aorta,2,2,0.5077166466632003,767367
523_stage3.nii.gz,7,PA,1,1,1.0,351928
523_stage3.nii.gz,8,LAA,1,1,1.0,106472
523_stage3.nii.gz,9,Coronary,1,1,1.0,28524
523_stage3.nii.gz,10,PV,3,3,0.4934022297652765,138759
547_stage3.nii.gz,1,Myocardium,1,1,1.0,697486
547_stage3.nii.gz,2,LA,1,1,1.0,375400
547_stage3.nii.gz,3,LV,1,1,1.0,800194
547_stage3.nii.gz,4,RA,1,1,1.0,586910
547_stage3.nii.gz,5,RV,1,1,1.0,945993
547_stage3.nii.gz,6,Aorta,2,2,0.5963949765084938,400996
547_stage3.nii.gz,7,PA,2,2,0.7392562191983584,59453
547_stage3.nii.gz,8,LAA,1,1,1.0,45353
547_stage3.nii.gz,9,Coronary,2,1,0.9668242010200739,21371
547_stage3.nii.gz,10,PV,3,3,0.5085423152192762,121103
539_stage3.nii.gz,1,Myocardium,1,1,1.0,619218
539_stage3.nii.gz,2,LA,1,1,1.0,1028006
539_stage3.nii.gz,3,LV,1,1,1.0,343015
539_stage3.nii.gz,4,RA,1,1,1.0,627251
539_stage3.nii.gz,5,RV,1,1,1.0,519379
539_stage3.nii.gz,6,Aorta,2,2,0.590805897124642,755419
539_stage3.nii.gz,7,PA,2,1,0.9868226422985494,325179
539_stage3.nii.gz,8,LAA,1,1,1.0,113317
539_stage3.nii.gz,9,Coronary,2,1,0.9572363172171693,12534
539_stage3.nii.gz,10,PV,2,2,0.5375422122349574,159314
532_stage3.nii.gz,1,Myocardium,1,1,1.0,717172
532_stage3.nii.gz,2,LA,1,1,1.0,285923
532_stage3.nii.gz,3,LV,1,1,1.0,676828
532_stage3.nii.gz,4,RA,1,1,1.0,432413
532_stage3.nii.gz,5,RV,1,1,1.0,773964
532_stage3.nii.gz,6,Aorta,2,2,0.5075697482852313,557218
532_stage3.nii.gz,7,PA,1,1,1.0,212255
532_stage3.nii.gz,8,LAA,1,1,1.0,40998
532_stage3.nii.gz,9,Coronary,1,1,1.0,14604
532_stage3.nii.gz,10,PV,2,2,0.5750892149088025,121056
526_stage3.nii.gz,1,Myocardium,1,1,1.0,641710
526_stage3.nii.gz,2,LA,1,1,1.0,367371
526_stage3.nii.gz,3,LV,1,1,1.0,692242
526_stage3.nii.gz,4,RA,1,1,1.0,414579
526_stage3.nii.gz,5,RV,1,1,1.0,895832
526_stage3.nii.gz,6,Aorta,2,2,0.5661033865876486,579108
526_stage3.nii.gz,7,PA,2,1,0.9884962493383084,309812
526_stage3.nii.gz,8,LAA,1,1,1.0,40499
526_stage3.nii.gz,9,Coronary,1,1,1.0,10514
526_stage3.nii.gz,10,PV,3,3,0.4350215002388915,104650
542_stage3.nii.gz,1,Myocardium,1,1,1.0,883166
542_stage3.nii.gz,2,LA,1,1,1.0,356640
542_stage3.nii.gz,3,LV,1,1,1.0,699066
542_stage3.nii.gz,4,RA,1,1,1.0,397856
542_stage3.nii.gz,5,RV,1,1,1.0,855782
542_stage3.nii.gz,6,Aorta,2,2,0.5977001356852103,442200
542_stage3.nii.gz,7,PA,2,2,0.942064883038844,111832
542_stage3.nii.gz,8,LAA,1,1,1.0,24921
542_stage3.nii.gz,9,Coronary,2,2,0.6695474452554745,17125
542_stage3.nii.gz,10,PV,2,2,0.557118655821833,100939
521_stage3.nii.gz,1,Myocardium,1,1,1.0,779154
521_stage3.nii.gz,2,LA,1,1,1.0,340377
521_stage3.nii.gz,3,LV,1,1,1.0,745628
521_stage3.nii.gz,4,RA,1,1,1.0,585624
521_stage3.nii.gz,5,RV,1,1,1.0,859527
521_stage3.nii.gz,6,Aorta,2,2,0.6147871226195117,523212
521_stage3.nii.gz,7,PA,2,2,0.9126196768184378,161581
521_stage3.nii.gz,8,LAA,1,1,1.0,48120
521_stage3.nii.gz,9,Coronary,1,1,1.0,11964
521_stage3.nii.gz,10,PV,2,2,0.5363227771116038,115919
538_stage3.nii.gz,1,Myocardium,1,1,1.0,655627
538_stage3.nii.gz,2,LA,1,1,1.0,407370
538_stage3.nii.gz,3,LV,1,1,1.0,755380
538_stage3.nii.gz,4,RA,1,1,1.0,508456
538_stage3.nii.gz,5,RV,1,1,1.0,874394
538_stage3.nii.gz,6,Aorta,2,2,0.5554575318210411,643835
538_stage3.nii.gz,7,PA,1,1,1.0,297110
538_stage3.nii.gz,8,LAA,1,1,1.0,79776
538_stage3.nii.gz,9,Coronary,1,1,1.0,15239
538_stage3.nii.gz,10,PV,2,2,0.5171484294480473,126134
53_stage3.nii.gz,1,Myocardium,1,1,1.0,521770
53_stage3.nii.gz,2,LA,3,1,0.9999955720178093,451673
53_stage3.nii.gz,3,LV,1,1,1.0,627509
53_stage3.nii.gz,4,RA,1,1,1.0,519388
53_stage3.nii.gz,5,RV,1,1,1.0,701551
53_stage3.nii.gz,6,Aorta,2,2,0.5412487991647572,575641
53_stage3.nii.gz,7,PA,1,1,1.0,270403
53_stage3.nii.gz,8,LAA,1,1,1.0,37186
53_stage3.nii.gz,9,Coronary,1,1,1.0,9419
53_stage3.nii.gz,10,PV,2,2,0.5413278222681478,96775
540_stage3.nii.gz,1,Myocardium,1,1,1.0,646717
540_stage3.nii.gz,2,LA,1,1,1.0,649667
540_stage3.nii.gz,3,LV,1,1,1.0,792519
540_stage3.nii.gz,4,RA,1,1,1.0,453287
540_stage3.nii.gz,5,RV,1,1,1.0,740720
540_stage3.nii.gz,6,Aorta,2,2,0.5261411885653842,673114
540_stage3.nii.gz,7,PA,1,1,1.0,297611
540_stage3.nii.gz,8,LAA,1,1,1.0,70586
540_stage3.nii.gz,9,Coronary,2,1,0.9791078115761119,15221
540_stage3.nii.gz,10,PV,3,3,0.4854887108966381,130967
550_stage3.nii.gz,1,Myocardium,3,1,0.999997147091674,701039
550_stage3.nii.gz,2,LA,3,1,0.9999927130521381,411695
550_stage3.nii.gz,3,LV,1,1,1.0,810854
550_stage3.nii.gz,4,RA,1,1,1.0,429420
550_stage3.nii.gz,5,RV,1,1,1.0,760841
550_stage3.nii.gz,6,Aorta,2,2,0.5818171189735046,478989
550_stage3.nii.gz,7,PA,1,1,1.0,271774
550_stage3.nii.gz,8,LAA,1,1,1.0,85837
550_stage3.nii.gz,9,Coronary,2,2,0.8786015460295151,5692
550_stage3.nii.gz,10,PV,2,2,0.5297309737514687,82557
549_stage3.nii.gz,1,Myocardium,1,1,1.0,713453
549_stage3.nii.gz,2,LA,1,1,1.0,449592
549_stage3.nii.gz,3,LV,1,1,1.0,846851
549_stage3.nii.gz,4,RA,1,1,1.0,657250
549_stage3.nii.gz,5,RV,1,1,1.0,1156974
549_stage3.nii.gz,6,Aorta,2,2,0.5714348566023322,500043
549_stage3.nii.gz,7,PA,2,2,0.9206859889470944,180586
549_stage3.nii.gz,8,LAA,1,1,1.0,53428
549_stage3.nii.gz,9,Coronary,1,1,1.0,25053
549_stage3.nii.gz,10,PV,2,2,0.5831367100471074,121637
548_stage3.nii.gz,1,Myocardium,1,1,1.0,675134
548_stage3.nii.gz,2,LA,1,1,1.0,374432
548_stage3.nii.gz,3,LV,1,1,1.0,832202
548_stage3.nii.gz,4,RA,1,1,1.0,385649
548_stage3.nii.gz,5,RV,1,1,1.0,915846
548_stage3.nii.gz,6,Aorta,2,2,0.5676903224953697,605249
548_stage3.nii.gz,7,PA,1,1,1.0,269658
548_stage3.nii.gz,8,LAA,1,1,1.0,42882
548_stage3.nii.gz,9,Coronary,2,2,0.9154433792690234,13352
548_stage3.nii.gz,10,PV,2,2,0.5262597957069249,143813
551_stage3.nii.gz,1,Myocardium,1,1,1.0,757151
551_stage3.nii.gz,2,LA,1,1,1.0,407837
551_stage3.nii.gz,3,LV,1,1,1.0,914310
551_stage3.nii.gz,4,RA,1,1,1.0,575504
551_stage3.nii.gz,5,RV,1,1,1.0,919318
551_stage3.nii.gz,6,Aorta,2,2,0.5104504147871893,863937
551_stage3.nii.gz,7,PA,1,1,1.0,317158
551_stage3.nii.gz,8,LAA,1,1,1.0,70200
551_stage3.nii.gz,9,Coronary,2,1,0.9857074655367906,33514
551_stage3.nii.gz,10,PV,2,2,0.508995809976785,141288
545_stage3.nii.gz,1,Myocardium,1,1,1.0,630529
545_stage3.nii.gz,2,LA,1,1,1.0,603063
545_stage3.nii.gz,3,LV,1,1,1.0,709451
545_stage3.nii.gz,4,RA,1,1,1.0,522053
545_stage3.nii.gz,5,RV,1,1,1.0,789388
545_stage3.nii.gz,6,Aorta,2,2,0.5874616168257386,692035
545_stage3.nii.gz,7,PA,2,1,0.9567301241049955,290641
545_stage3.nii.gz,8,LAA,1,1,1.0,77036
545_stage3.nii.gz,9,Coronary,1,1,1.0,20406
545_stage3.nii.gz,10,PV,2,2,0.5073626407338099,130388
552_stage3.nii.gz,1,Myocardium,1,1,1.0,597138
552_stage3.nii.gz,2,LA,1,1,1.0,378709
552_stage3.nii.gz,3,LV,1,1,1.0,670562
552_stage3.nii.gz,4,RA,1,1,1.0,448159
552_stage3.nii.gz,5,RV,1,1,1.0,828340
552_stage3.nii.gz,6,Aorta,2,2,0.5116372716498088,481771
552_stage3.nii.gz,7,PA,4,2,0.9359867784708418,131301
552_stage3.nii.gz,8,LAA,1,1,1.0,81213
552_stage3.nii.gz,9,Coronary,1,1,1.0,13104
552_stage3.nii.gz,10,PV,3,3,0.5385561157549902,121187
518_stage3.nii.gz,1,Myocardium,1,1,1.0,624189
518_stage3.nii.gz,2,LA,1,1,1.0,550383
518_stage3.nii.gz,3,LV,1,1,1.0,663291
518_stage3.nii.gz,4,RA,1,1,1.0,579512
518_stage3.nii.gz,5,RV,1,1,1.0,864286
518_stage3.nii.gz,6,Aorta,2,2,0.5401970370794653,488842
518_stage3.nii.gz,7,PA,1,1,1.0,279808
518_stage3.nii.gz,8,LAA,1,1,1.0,73594
518_stage3.nii.gz,9,Coronary,1,1,1.0,9389
518_stage3.nii.gz,10,PV,3,3,0.5136050508391699,139066
553_stage3.nii.gz,1,Myocardium,1,1,1.0,529561
553_stage3.nii.gz,2,LA,1,1,1.0,351942
553_stage3.nii.gz,3,LV,1,1,1.0,498293
553_stage3.nii.gz,4,RA,1,1,1.0,371275
553_stage3.nii.gz,5,RV,1,1,1.0,555122
553_stage3.nii.gz,6,Aorta,2,2,0.6211141016576799,659114
553_stage3.nii.gz,7,PA,1,1,1.0,297631
553_stage3.nii.gz,8,LAA,1,1,1.0,36278
553_stage3.nii.gz,9,Coronary,1,1,1.0,9764
553_stage3.nii.gz,10,PV,2,2,0.5052048065556461,87131
543_stage3.nii.gz,1,Myocardium,1,1,1.0,645404
543_stage3.nii.gz,2,LA,1,1,1.0,473896
543_stage3.nii.gz,3,LV,1,1,1.0,752913
543_stage3.nii.gz,4,RA,1,1,1.0,509662
543_stage3.nii.gz,5,RV,1,1,1.0,760095
543_stage3.nii.gz,6,Aorta,2,2,0.5180425054460512,609616
543_stage3.nii.gz,7,PA,2,2,0.9368224807683821,271948
543_stage3.nii.gz,8,LAA,1,1,1.0,45490
543_stage3.nii.gz,9,Coronary,1,1,1.0,16672
543_stage3.nii.gz,10,PV,3,3,0.48690201960679275,112002
546_stage3.nii.gz,1,Myocardium,1,1,1.0,648034
546_stage3.nii.gz,2,LA,1,1,1.0,468637
546_stage3.nii.gz,3,LV,1,1,1.0,759477
546_stage3.nii.gz,4,RA,1,1,1.0,607169
546_stage3.nii.gz,5,RV,1,1,1.0,1098495
546_stage3.nii.gz,6,Aorta,2,2,0.5875658854196572,609581
546_stage3.nii.gz,7,PA,2,1,0.9815362965838509,123648
546_stage3.nii.gz,8,LAA,1,1,1.0,63976
546_stage3.nii.gz,9,Coronary,1,1,1.0,16335
546_stage3.nii.gz,10,PV,2,2,0.5070115144369466,119589
558_stage3.nii.gz,1,Myocardium,1,1,1.0,739870
558_stage3.nii.gz,2,LA,1,1,1.0,573328
558_stage3.nii.gz,3,LV,1,1,1.0,771033
558_stage3.nii.gz,4,RA,1,1,1.0,538556
558_stage3.nii.gz,5,RV,1,1,1.0,764031
558_stage3.nii.gz,6,Aorta,2,2,0.5427345347977031,563701
558_stage3.nii.gz,7,PA,2,1,0.9734083023510557,185321
558_stage3.nii.gz,8,LAA,1,1,1.0,55273
558_stage3.nii.gz,9,Coronary,1,1,1.0,16391
558_stage3.nii.gz,10,PV,2,2,0.6160275364574275,109237
554_stage3.nii.gz,1,Myocardium,1,1,1.0,800605
554_stage3.nii.gz,2,LA,1,1,1.0,421751
554_stage3.nii.gz,3,LV,1,1,1.0,1038492
554_stage3.nii.gz,4,RA,1,1,1.0,584094
554_stage3.nii.gz,5,RV,1,1,1.0,1247070
554_stage3.nii.gz,6,Aorta,2,2,0.5914346469813222,412896
554_stage3.nii.gz,7,PA,2,2,0.9309749643136148,244491
554_stage3.nii.gz,8,LAA,1,1,1.0,57646
554_stage3.nii.gz,9,Coronary,2,2,0.8928423379853531,14474
554_stage3.nii.gz,10,PV,3,3,0.4614693564794631,151386
556_stage3.nii.gz,1,Myocardium,1,1,1.0,642421
556_stage3.nii.gz,2,LA,1,1,1.0,390796
556_stage3.nii.gz,3,LV,1,1,1.0,507766
556_stage3.nii.gz,4,RA,1,1,1.0,366467
556_stage3.nii.gz,5,RV,1,1,1.0,716033
556_stage3.nii.gz,6,Aorta,2,2,0.5297990264591065,622470
556_stage3.nii.gz,7,PA,1,1,1.0,176892
556_stage3.nii.gz,8,LAA,1,1,1.0,36102
556_stage3.nii.gz,9,Coronary,1,1,1.0,16526
556_stage3.nii.gz,10,PV,3,3,0.4962929298330036,112218
563_stage3.nii.gz,1,Myocardium,1,1,1.0,793789
563_stage3.nii.gz,2,LA,1,1,1.0,451243
563_stage3.nii.gz,3,LV,1,1,1.0,914627
563_stage3.nii.gz,4,RA,1,1,1.0,698432
563_stage3.nii.gz,5,RV,1,1,1.0,1067011
563_stage3.nii.gz,6,Aorta,2,2,0.7348663786886835,422949
563_stage3.nii.gz,7,PA,2,2,0.7120734845023685,41587
563_stage3.nii.gz,8,LAA,1,1,1.0,18134
563_stage3.nii.gz,9,Coronary,1,1,1.0,7082
563_stage3.nii.gz,10,PV,2,2,0.5941400207041746,85973
555_stage3.nii.gz,1,Myocardium,2,1,0.9999985801424401,704296
555_stage3.nii.gz,2,LA,1,1,1.0,358710
555_stage3.nii.gz,3,LV,1,1,1.0,604671
555_stage3.nii.gz,4,RA,1,1,1.0,489597
555_stage3.nii.gz,5,RV,1,1,1.0,794347
555_stage3.nii.gz,6,Aorta,2,2,0.5119050520312919,738594
555_stage3.nii.gz,7,PA,2,2,0.9331007608090555,134725
555_stage3.nii.gz,8,LAA,1,1,1.0,65138
555_stage3.nii.gz,9,Coronary,1,1,1.0,18540
555_stage3.nii.gz,10,PV,4,4,0.358262756788445,80173
561_stage3.nii.gz,1,Myocardium,1,1,1.0,705933
561_stage3.nii.gz,2,LA,1,1,1.0,360809
561_stage3.nii.gz,3,LV,1,1,1.0,678446
561_stage3.nii.gz,4,RA,1,1,1.0,386144
561_stage3.nii.gz,5,RV,1,1,1.0,672846
561_stage3.nii.gz,6,Aorta,2,2,0.542858097450407,568679
561_stage3.nii.gz,7,PA,1,1,1.0,252280
561_stage3.nii.gz,8,LAA,1,1,1.0,39982
561_stage3.nii.gz,9,Coronary,1,1,1.0,14195
561_stage3.nii.gz,10,PV,2,2,0.5425979659137048,100979
562_stage3.nii.gz,1,Myocardium,1,1,1.0,704702
562_stage3.nii.gz,2,LA,1,1,1.0,560766
562_stage3.nii.gz,3,LV,1,1,1.0,601314
562_stage3.nii.gz,4,RA,1,1,1.0,504037
562_stage3.nii.gz,5,RV,1,1,1.0,793784
562_stage3.nii.gz,6,Aorta,2,2,0.5351946927719735,501354
562_stage3.nii.gz,7,PA,1,1,1.0,258007
562_stage3.nii.gz,8,LAA,1,1,1.0,123675
562_stage3.nii.gz,9,Coronary,1,1,1.0,12891
562_stage3.nii.gz,10,PV,3,3,0.48976410880267635,157827
560_stage3.nii.gz,1,Myocardium,1,1,1.0,599260
560_stage3.nii.gz,2,LA,1,1,1.0,445256
560_stage3.nii.gz,3,LV,1,1,1.0,629979
560_stage3.nii.gz,4,RA,1,1,1.0,455053
560_stage3.nii.gz,5,RV,1,1,1.0,765682
560_stage3.nii.gz,6,Aorta,2,2,0.5440853099867657,589380
560_stage3.nii.gz,7,PA,2,1,0.9684477687548138,193457
560_stage3.nii.gz,8,LAA,1,1,1.0,65973
560_stage3.nii.gz,9,Coronary,1,1,1.0,11930
560_stage3.nii.gz,10,PV,3,3,0.4912658886493719,107624
566_stage3.nii.gz,1,Myocardium,1,1,1.0,781896
566_stage3.nii.gz,2,LA,2,1,0.9999977300276482,440534
566_stage3.nii.gz,3,LV,1,1,1.0,775562
566_stage3.nii.gz,4,RA,1,1,1.0,429794
566_stage3.nii.gz,5,RV,1,1,1.0,766598
566_stage3.nii.gz,6,Aorta,2,2,0.5855390242508525,524930
566_stage3.nii.gz,7,PA,1,1,1.0,291450
566_stage3.nii.gz,8,LAA,1,1,1.0,25215
566_stage3.nii.gz,9,Coronary,1,1,1.0,12183
566_stage3.nii.gz,10,PV,3,3,0.5419504274688152,129951
55_stage3.nii.gz,1,Myocardium,1,1,1.0,572828
55_stage3.nii.gz,2,LA,1,1,1.0,547237
55_stage3.nii.gz,3,LV,1,1,1.0,521227
55_stage3.nii.gz,4,RA,1,1,1.0,552835
55_stage3.nii.gz,5,RV,1,1,1.0,693490
55_stage3.nii.gz,6,Aorta,2,2,0.5206987351390457,494837
55_stage3.nii.gz,7,PA,1,1,1.0,326095
55_stage3.nii.gz,8,LAA,1,1,1.0,46164
55_stage3.nii.gz,9,Coronary,2,2,0.7746130030959752,9690
55_stage3.nii.gz,10,PV,2,2,0.5312321222892623,131099
54_stage3.nii.gz,1,Myocardium,1,1,1.0,601148
54_stage3.nii.gz,2,LA,1,1,1.0,395512
54_stage3.nii.gz,3,LV,1,1,1.0,682735
54_stage3.nii.gz,4,RA,1,1,1.0,469399
54_stage3.nii.gz,5,RV,1,1,1.0,777450
54_stage3.nii.gz,6,Aorta,2,2,0.5707241614116114,675540
54_stage3.nii.gz,7,PA,2,1,0.9670505542744785,306166
54_stage3.nii.gz,8,LAA,1,1,1.0,38309
54_stage3.nii.gz,9,Coronary,1,1,1.0,11979
54_stage3.nii.gz,10,PV,3,3,0.5289928148241523,126928
557_stage3.nii.gz,1,Myocardium,1,1,1.0,571823
557_stage3.nii.gz,2,LA,1,1,1.0,360522
557_stage3.nii.gz,3,LV,1,1,1.0,507180
557_stage3.nii.gz,4,RA,1,1,1.0,338059
557_stage3.nii.gz,5,RV,1,1,1.0,659249
557_stage3.nii.gz,6,Aorta,2,2,0.5344556282452846,669818
557_stage3.nii.gz,7,PA,1,1,1.0,225737
557_stage3.nii.gz,8,LAA,1,1,1.0,42079
557_stage3.nii.gz,9,Coronary,2,2,0.6532749838582395,13939
557_stage3.nii.gz,10,PV,2,2,0.6352886675545776,86345
568_stage3.nii.gz,1,Myocardium,1,1,1.0,972673
568_stage3.nii.gz,2,LA,1,1,1.0,563634
568_stage3.nii.gz,3,LV,1,1,1.0,958159
568_stage3.nii.gz,4,RA,1,1,1.0,516563
568_stage3.nii.gz,5,RV,1,1,1.0,1138313
568_stage3.nii.gz,6,Aorta,2,2,0.6660705662953528,600570
568_stage3.nii.gz,7,PA,2,1,0.9729282282120484,204161
568_stage3.nii.gz,8,LAA,1,1,1.0,32006
568_stage3.nii.gz,9,Coronary,2,2,0.6736146415861718,19670
568_stage3.nii.gz,10,PV,2,2,0.5492265062772496,152296
565_stage3.nii.gz,1,Myocardium,1,1,1.0,910250
565_stage3.nii.gz,2,LA,2,1,0.9999977256496682,439686
565_stage3.nii.gz,3,LV,1,1,1.0,904992
565_stage3.nii.gz,4,RA,1,1,1.0,459544
565_stage3.nii.gz,5,RV,1,1,1.0,1032880
565_stage3.nii.gz,6,Aorta,2,2,0.5710779719882032,624237
565_stage3.nii.gz,7,PA,1,1,1.0,43023
565_stage3.nii.gz,8,LAA,1,1,1.0,30559
565_stage3.nii.gz,9,Coronary,1,1,1.0,24596
565_stage3.nii.gz,10,PV,2,2,0.668178803954666,66352
564_stage3.nii.gz,1,Myocardium,1,1,1.0,540348
564_stage3.nii.gz,2,LA,1,1,1.0,284290
564_stage3.nii.gz,3,LV,1,1,1.0,646803
564_stage3.nii.gz,4,RA,1,1,1.0,421223
564_stage3.nii.gz,5,RV,1,1,1.0,725013
564_stage3.nii.gz,6,Aorta,2,2,0.5170516528578861,357502
564_stage3.nii.gz,7,PA,1,1,1.0,248426
564_stage3.nii.gz,8,LAA,1,1,1.0,42950
564_stage3.nii.gz,9,Coronary,1,1,1.0,6988
564_stage3.nii.gz,10,PV,3,3,0.5329122946607655,120654
569_stage3.nii.gz,1,Myocardium,1,1,1.0,896870
569_stage3.nii.gz,2,LA,1,1,1.0,417090
569_stage3.nii.gz,3,LV,1,1,1.0,992226
569_stage3.nii.gz,4,RA,1,1,1.0,404985
569_stage3.nii.gz,5,RV,1,1,1.0,639512
569_stage3.nii.gz,6,Aorta,2,2,0.5165069419986282,593417
569_stage3.nii.gz,7,PA,1,1,1.0,275440
569_stage3.nii.gz,8,LAA,1,1,1.0,57054
569_stage3.nii.gz,9,Coronary,2,2,0.8743634414366122,14924
569_stage3.nii.gz,10,PV,2,2,0.5533531091458512,108213
567_stage3.nii.gz,1,Myocardium,1,1,1.0,660884
567_stage3.nii.gz,2,LA,1,1,1.0,416318
567_stage3.nii.gz,3,LV,1,1,1.0,712967
567_stage3.nii.gz,4,RA,1,1,1.0,502229
567_stage3.nii.gz,5,RV,1,1,1.0,881976
567_stage3.nii.gz,6,Aorta,2,2,0.5236828706300647,579385
567_stage3.nii.gz,7,PA,2,1,0.9819622594967933,129728
567_stage3.nii.gz,8,LAA,1,1,1.0,37108
567_stage3.nii.gz,9,Coronary,2,2,0.8513071895424836,15300
567_stage3.nii.gz,10,PV,3,3,0.6027544858148325,115085
56_stage3.nii.gz,1,Myocardium,1,1,1.0,560326
56_stage3.nii.gz,2,LA,1,1,1.0,392446
56_stage3.nii.gz,3,LV,1,1,1.0,552307
56_stage3.nii.gz,4,RA,1,1,1.0,438033
56_stage3.nii.gz,5,RV,1,1,1.0,650801
56_stage3.nii.gz,6,Aorta,2,2,0.590495668221856,801403
56_stage3.nii.gz,7,PA,1,1,1.0,222867
56_stage3.nii.gz,8,LAA,1,1,1.0,79295
56_stage3.nii.gz,9,Coronary,2,2,0.8442472460220318,13072
56_stage3.nii.gz,10,PV,2,2,0.5374733540553485,106489
571_stage3.nii.gz,1,Myocardium,1,1,1.0,769756
571_stage3.nii.gz,2,LA,1,1,1.0,831277
571_stage3.nii.gz,3,LV,1,1,1.0,899646
571_stage3.nii.gz,4,RA,1,1,1.0,468599
571_stage3.nii.gz,5,RV,1,1,1.0,691377
571_stage3.nii.gz,6,Aorta,2,2,0.5055762855280133,576728
571_stage3.nii.gz,7,PA,1,1,1.0,324264
571_stage3.nii.gz,8,LAA,1,1,1.0,102358
571_stage3.nii.gz,9,Coronary,2,1,0.9609442805068564,28805
571_stage3.nii.gz,10,PV,2,2,0.5200006434954674,124321
572_stage3.nii.gz,1,Myocardium,1,1,1.0,807995
572_stage3.nii.gz,2,LA,1,1,1.0,362802
572_stage3.nii.gz,3,LV,1,1,1.0,705197
572_stage3.nii.gz,4,RA,1,1,1.0,492190
572_stage3.nii.gz,5,RV,1,1,1.0,897202
572_stage3.nii.gz,6,Aorta,2,2,0.5017872475998431,514758
572_stage3.nii.gz,7,PA,1,1,1.0,207168
572_stage3.nii.gz,8,LAA,1,1,1.0,43417
572_stage3.nii.gz,9,Coronary,2,1,0.9727855416622886,9517
572_stage3.nii.gz,10,PV,2,2,0.5050157131261837,96098
574_stage3.nii.gz,1,Myocardium,1,1,1.0,657457
574_stage3.nii.gz,2,LA,1,1,1.0,334033
574_stage3.nii.gz,3,LV,1,1,1.0,800662
574_stage3.nii.gz,4,RA,1,1,1.0,497938
574_stage3.nii.gz,5,RV,1,1,1.0,863764
574_stage3.nii.gz,6,Aorta,2,2,0.560653634763193,372624
574_stage3.nii.gz,7,PA,3,1,0.9979566037118974,183518
574_stage3.nii.gz,8,LAA,1,1,1.0,80838
574_stage3.nii.gz,9,Coronary,1,1,1.0,20646
574_stage3.nii.gz,10,PV,2,2,0.5232859192713207,128232
573_stage3.nii.gz,1,Myocardium,1,1,1.0,603707
573_stage3.nii.gz,2,LA,1,1,1.0,414259
573_stage3.nii.gz,3,LV,1,1,1.0,669571
573_stage3.nii.gz,4,RA,1,1,1.0,487838
573_stage3.nii.gz,5,RV,1,1,1.0,897568
573_stage3.nii.gz,6,Aorta,2,2,0.5402582016674602,541902
573_stage3.nii.gz,7,PA,1,1,1.0,244885
573_stage3.nii.gz,8,LAA,1,1,1.0,50081
573_stage3.nii.gz,9,Coronary,1,1,1.0,9802
573_stage3.nii.gz,10,PV,2,2,0.5156865024663267,120422
559_stage3.nii.gz,1,Myocardium,1,1,1.0,764645
559_stage3.nii.gz,2,LA,1,1,1.0,441624
559_stage3.nii.gz,3,LV,1,1,1.0,774445
559_stage3.nii.gz,4,RA,1,1,1.0,550502
559_stage3.nii.gz,5,RV,1,1,1.0,924042
559_stage3.nii.gz,6,Aorta,2,2,0.5546164910915307,575632
559_stage3.nii.gz,7,PA,2,2,0.9429104633656742,191296
559_stage3.nii.gz,8,LAA,1,1,1.0,46088
559_stage3.nii.gz,9,Coronary,1,1,1.0,19076
559_stage3.nii.gz,10,PV,3,3,0.4491086908499401,149387
577_stage3.nii.gz,1,Myocardium,1,1,1.0,787368
577_stage3.nii.gz,2,LA,1,1,1.0,320132
577_stage3.nii.gz,3,LV,1,1,1.0,896139
577_stage3.nii.gz,4,RA,1,1,1.0,483655
577_stage3.nii.gz,5,RV,1,1,1.0,1056174
577_stage3.nii.gz,6,Aorta,2,2,0.6010738276643444,496914
577_stage3.nii.gz,7,PA,1,1,1.0,280877
577_stage3.nii.gz,8,LAA,1,1,1.0,21350
577_stage3.nii.gz,9,Coronary,1,1,1.0,19807
577_stage3.nii.gz,10,PV,3,3,0.4918591802203115,115836
570_stage3.nii.gz,1,Myocardium,1,1,1.0,813889
570_stage3.nii.gz,2,LA,1,1,1.0,392012
570_stage3.nii.gz,3,LV,1,1,1.0,840636
570_stage3.nii.gz,4,RA,1,1,1.0,529684
570_stage3.nii.gz,5,RV,1,1,1.0,1024797
570_stage3.nii.gz,6,Aorta,2,2,0.5127703956437549,494738
570_stage3.nii.gz,7,PA,1,1,1.0,240149
570_stage3.nii.gz,8,LAA,1,1,1.0,27958
570_stage3.nii.gz,9,Coronary,1,1,1.0,12249
570_stage3.nii.gz,10,PV,3,3,0.5932574829336601,142825
582_stage3.nii.gz,1,Myocardium,1,1,1.0,790664
582_stage3.nii.gz,2,LA,1,1,1.0,419924
582_stage3.nii.gz,3,LV,1,1,1.0,887416
582_stage3.nii.gz,4,RA,1,1,1.0,866115
582_stage3.nii.gz,5,RV,1,1,1.0,1173050
582_stage3.nii.gz,6,Aorta,2,2,0.5700066591176209,651738
582_stage3.nii.gz,7,PA,1,1,1.0,59126
582_stage3.nii.gz,8,LAA,1,1,1.0,43705
582_stage3.nii.gz,9,Coronary,2,1,0.9664321761737269,13078
582_stage3.nii.gz,10,PV,3,3,0.41219355243745487,127428
575_stage3.nii.gz,1,Myocardium,1,1,1.0,556701
575_stage3.nii.gz,2,LA,1,1,1.0,409643
575_stage3.nii.gz,3,LV,1,1,1.0,606427
575_stage3.nii.gz,4,RA,1,1,1.0,416918
575_stage3.nii.gz,5,RV,1,1,1.0,630773
575_stage3.nii.gz,6,Aorta,2,2,0.5988503969745349,976511
575_stage3.nii.gz,7,PA,2,2,0.9416903897123785,264862
575_stage3.nii.gz,8,LAA,1,1,1.0,39819
575_stage3.nii.gz,9,Coronary,1,1,1.0,19294
575_stage3.nii.gz,10,PV,2,2,0.5416057242388013,164773
583_stage3.nii.gz,1,Myocardium,1,1,1.0,847172
583_stage3.nii.gz,2,LA,1,1,1.0,493880
583_stage3.nii.gz,3,LV,1,1,1.0,835389
583_stage3.nii.gz,4,RA,1,1,1.0,620058
583_stage3.nii.gz,5,RV,1,1,1.0,1015229
583_stage3.nii.gz,6,Aorta,2,2,0.5493709572753344,525481
583_stage3.nii.gz,7,PA,2,2,0.8696313528990695,212344
583_stage3.nii.gz,8,LAA,1,1,1.0,71317
583_stage3.nii.gz,9,Coronary,1,1,1.0,17903
583_stage3.nii.gz,10,PV,3,3,0.5227923483310705,148778
584_stage3.nii.gz,1,Myocardium,1,1,1.0,872296
584_stage3.nii.gz,2,LA,1,1,1.0,433396
584_stage3.nii.gz,3,LV,1,1,1.0,871463
584_stage3.nii.gz,4,RA,1,1,1.0,688261
584_stage3.nii.gz,5,RV,1,1,1.0,1115251
584_stage3.nii.gz,6,Aorta,2,2,0.5803783934074477,686957
584_stage3.nii.gz,7,PA,2,1,0.9741499011807632,197330
584_stage3.nii.gz,8,LAA,1,1,1.0,95777
584_stage3.nii.gz,9,Coronary,2,2,0.8293055800552713,17007
584_stage3.nii.gz,10,PV,2,2,0.5065823092833678,123285
578_stage3.nii.gz,1,Myocardium,1,1,1.0,677154
578_stage3.nii.gz,2,LA,1,1,1.0,392422
578_stage3.nii.gz,3,LV,1,1,1.0,897651
578_stage3.nii.gz,4,RA,1,1,1.0,554128
578_stage3.nii.gz,5,RV,1,1,1.0,1079016
578_stage3.nii.gz,6,Aorta,2,2,0.6100053094212731,593285
578_stage3.nii.gz,7,PA,2,2,0.9376474066287817,152215
578_stage3.nii.gz,8,LAA,1,1,1.0,74136
578_stage3.nii.gz,9,Coronary,1,1,1.0,13562
578_stage3.nii.gz,10,PV,2,2,0.5091861111270244,174557
581_stage3.nii.gz,1,Myocardium,1,1,1.0,640600
581_stage3.nii.gz,2,LA,1,1,1.0,473003
581_stage3.nii.gz,3,LV,1,1,1.0,485098
581_stage3.nii.gz,4,RA,1,1,1.0,572611
581_stage3.nii.gz,5,RV,1,1,1.0,656743
581_stage3.nii.gz,6,Aorta,2,2,0.5437109161048306,507562
581_stage3.nii.gz,7,PA,1,1,1.0,267526
581_stage3.nii.gz,8,LAA,1,1,1.0,86134
581_stage3.nii.gz,9,Coronary,2,1,0.9841830065359477,15300
581_stage3.nii.gz,10,PV,2,2,0.5726934738384555,128299
580_stage3.nii.gz,1,Myocardium,1,1,1.0,926496
580_stage3.nii.gz,2,LA,1,1,1.0,570327
580_stage3.nii.gz,3,LV,1,1,1.0,957462
580_stage3.nii.gz,4,RA,1,1,1.0,580126
580_stage3.nii.gz,5,RV,1,1,1.0,1082838
580_stage3.nii.gz,6,Aorta,2,2,0.629692350579628,527321
580_stage3.nii.gz,7,PA,2,2,0.554065721081843,56755
580_stage3.nii.gz,8,LAA,1,1,1.0,58529
580_stage3.nii.gz,9,Coronary,1,1,1.0,24835
580_stage3.nii.gz,10,PV,2,2,0.5384794576923972,128783
576_stage3.nii.gz,1,Myocardium,1,1,1.0,714054
576_stage3.nii.gz,2,LA,1,1,1.0,462704
576_stage3.nii.gz,3,LV,1,1,1.0,357195
576_stage3.nii.gz,4,RA,1,1,1.0,549908
576_stage3.nii.gz,5,RV,1,1,1.0,381122
576_stage3.nii.gz,6,Aorta,2,2,0.5764302314588128,708679
576_stage3.nii.gz,7,PA,1,1,1.0,221271
576_stage3.nii.gz,8,LAA,1,1,1.0,61373
576_stage3.nii.gz,9,Coronary,1,1,1.0,20392
576_stage3.nii.gz,10,PV,2,2,0.6639826571694023,71038
585_stage3.nii.gz,1,Myocardium,1,1,1.0,931794
585_stage3.nii.gz,2,LA,1,1,1.0,585729
585_stage3.nii.gz,3,LV,1,1,1.0,825337
585_stage3.nii.gz,4,RA,1,1,1.0,652080
585_stage3.nii.gz,5,RV,1,1,1.0,988670
585_stage3.nii.gz,6,Aorta,2,2,0.6351765598398038,453444
585_stage3.nii.gz,7,PA,1,1,1.0,178998
585_stage3.nii.gz,8,LAA,1,1,1.0,38838
585_stage3.nii.gz,9,Coronary,2,2,0.7193946880790612,16190
585_stage3.nii.gz,10,PV,3,3,0.4604025697152921,140249
579_stage3.nii.gz,1,Myocardium,1,1,1.0,594522
579_stage3.nii.gz,2,LA,1,1,1.0,499090
579_stage3.nii.gz,3,LV,1,1,1.0,603498
579_stage3.nii.gz,4,RA,1,1,1.0,427099
579_stage3.nii.gz,5,RV,1,1,1.0,697322
579_stage3.nii.gz,6,Aorta,2,2,0.5518069347965889,548913
579_stage3.nii.gz,7,PA,1,1,1.0,237796
579_stage3.nii.gz,8,LAA,1,1,1.0,54823
579_stage3.nii.gz,9,Coronary,2,2,0.7730659025787966,12215
579_stage3.nii.gz,10,PV,3,3,0.5373269910481286,121092
586_stage3.nii.gz,1,Myocardium,1,1,1.0,717195
586_stage3.nii.gz,2,LA,1,1,1.0,669043
586_stage3.nii.gz,3,LV,1,1,1.0,390696
586_stage3.nii.gz,4,RA,1,1,1.0,1027156
586_stage3.nii.gz,5,RV,1,1,1.0,675450
586_stage3.nii.gz,6,Aorta,2,2,0.5693611387442215,546848
586_stage3.nii.gz,7,PA,2,2,0.6212955697177263,136357
586_stage3.nii.gz,8,LAA,1,1,1.0,73475
586_stage3.nii.gz,9,Coronary,2,2,0.9002199380582612,22279
586_stage3.nii.gz,10,PV,2,2,0.5529359738716707,187689
57_stage3.nii.gz,1,Myocardium,1,1,1.0,535080
57_stage3.nii.gz,2,LA,1,1,1.0,498228
57_stage3.nii.gz,3,LV,1,1,1.0,508945
57_stage3.nii.gz,4,RA,1,1,1.0,490240
57_stage3.nii.gz,5,RV,1,1,1.0,577955
57_stage3.nii.gz,6,Aorta,2,2,0.5163621621440514,596926
57_stage3.nii.gz,7,PA,1,1,1.0,280180
57_stage3.nii.gz,8,LAA,1,1,1.0,61673
57_stage3.nii.gz,9,Coronary,1,1,1.0,12923
57_stage3.nii.gz,10,PV,3,3,0.5407923315801756,111418
587_stage3.nii.gz,1,Myocardium,1,1,1.0,668768
587_stage3.nii.gz,2,LA,1,1,1.0,387936
587_stage3.nii.gz,3,LV,1,1,1.0,681594
587_stage3.nii.gz,4,RA,1,1,1.0,460261
587_stage3.nii.gz,5,RV,1,1,1.0,845259
587_stage3.nii.gz,6,Aorta,2,2,0.6590359453312659,610733
587_stage3.nii.gz,7,PA,2,1,0.9708753794404791,146268
587_stage3.nii.gz,8,LAA,1,1,1.0,51523
587_stage3.nii.gz,9,Coronary,1,1,1.0,21020
587_stage3.nii.gz,10,PV,3,3,0.5066280691225531,113306
592_stage3.nii.gz,1,Myocardium,1,1,1.0,778415
592_stage3.nii.gz,2,LA,1,1,1.0,752833
592_stage3.nii.gz,3,LV,1,1,1.0,352588
592_stage3.nii.gz,4,RA,1,1,1.0,706408
592_stage3.nii.gz,5,RV,1,1,1.0,699650
592_stage3.nii.gz,6,Aorta,2,2,0.5942749613983228,408661
592_stage3.nii.gz,7,PA,2,2,0.9461194288561957,184612
592_stage3.nii.gz,8,LAA,1,1,1.0,57012
592_stage3.nii.gz,9,Coronary,1,1,1.0,17449
592_stage3.nii.gz,10,PV,2,2,0.5876544519901905,169632
58_stage3.nii.gz,1,Myocardium,1,1,1.0,676908
58_stage3.nii.gz,2,LA,2,1,0.9999978952154036,475108
58_stage3.nii.gz,3,LV,1,1,1.0,752167
58_stage3.nii.gz,4,RA,1,1,1.0,564597
58_stage3.nii.gz,5,RV,1,1,1.0,962181
58_stage3.nii.gz,6,Aorta,2,2,0.5247239493188438,663284
58_stage3.nii.gz,7,PA,2,2,0.5178158404700881,95982
58_stage3.nii.gz,8,LAA,1,1,1.0,53094
58_stage3.nii.gz,9,Coronary,1,1,1.0,17163
58_stage3.nii.gz,10,PV,2,2,0.6432479526049835,114780
594_stage3.nii.gz,1,Myocardium,1,1,1.0,572666
594_stage3.nii.gz,2,LA,1,1,1.0,424558
594_stage3.nii.gz,3,LV,1,1,1.0,666451
594_stage3.nii.gz,4,RA,1,1,1.0,514177
594_stage3.nii.gz,5,RV,1,1,1.0,858565
594_stage3.nii.gz,6,Aorta,2,2,0.5234632817100057,511203
594_stage3.nii.gz,7,PA,1,1,1.0,278007
594_stage3.nii.gz,8,LAA,1,1,1.0,54358
594_stage3.nii.gz,9,Coronary,1,1,1.0,11944
594_stage3.nii.gz,10,PV,1,1,1.0,117911
588_stage3.nii.gz,1,Myocardium,1,1,1.0,762354
588_stage3.nii.gz,2,LA,1,1,1.0,509373
588_stage3.nii.gz,3,LV,1,1,1.0,672514
588_stage3.nii.gz,4,RA,1,1,1.0,553866
588_stage3.nii.gz,5,RV,1,1,1.0,1010556
588_stage3.nii.gz,6,Aorta,2,2,0.5204102316458451,670938
588_stage3.nii.gz,7,PA,2,1,0.9641599931935892,282087
588_stage3.nii.gz,8,LAA,1,1,1.0,63569
588_stage3.nii.gz,9,Coronary,2,1,0.9755845942228336,29080
588_stage3.nii.gz,10,PV,3,3,0.4545164639572827,134840
591_stage3.nii.gz,1,Myocardium,1,1,1.0,655919
591_stage3.nii.gz,2,LA,1,1,1.0,386490
591_stage3.nii.gz,3,LV,1,1,1.0,630868
591_stage3.nii.gz,4,RA,1,1,1.0,371410
591_stage3.nii.gz,5,RV,1,1,1.0,703340
591_stage3.nii.gz,6,Aorta,2,2,0.5164284425867528,643092
591_stage3.nii.gz,7,PA,1,1,1.0,240153
591_stage3.nii.gz,8,LAA,1,1,1.0,45845
591_stage3.nii.gz,9,Coronary,1,1,1.0,15894
591_stage3.nii.gz,10,PV,3,3,0.46252074497510604,108460
593_stage3.nii.gz,1,Myocardium,1,1,1.0,568109
593_stage3.nii.gz,2,LA,1,1,1.0,356156
593_stage3.nii.gz,3,LV,1,1,1.0,698619
593_stage3.nii.gz,4,RA,1,1,1.0,399179
593_stage3.nii.gz,5,RV,1,1,1.0,758022
593_stage3.nii.gz,6,Aorta,2,2,0.5027178578512838,599921
593_stage3.nii.gz,7,PA,1,1,1.0,302161
593_stage3.nii.gz,8,LAA,1,1,1.0,54749
593_stage3.nii.gz,9,Coronary,1,1,1.0,14468
593_stage3.nii.gz,10,PV,2,2,0.5022088522383036,142608
597_stage3.nii.gz,1,Myocardium,1,1,1.0,892829
597_stage3.nii.gz,2,LA,1,1,1.0,351571
597_stage3.nii.gz,3,LV,1,1,1.0,993618
597_stage3.nii.gz,4,RA,1,1,1.0,572551
597_stage3.nii.gz,5,RV,1,1,1.0,1087202
597_stage3.nii.gz,6,Aorta,2,2,0.6963775556888541,393436
597_stage3.nii.gz,7,PA,4,1,0.9506641366223909,24769
597_stage3.nii.gz,8,LAA,1,1,1.0,28636
597_stage3.nii.gz,9,Coronary,2,2,0.7885866925692083,20590
597_stage3.nii.gz,10,PV,3,3,0.400536042397461,131706
59_stage3.nii.gz,1,Myocardium,1,1,1.0,690977
59_stage3.nii.gz,2,LA,1,1,1.0,365567
59_stage3.nii.gz,3,LV,1,1,1.0,494297
59_stage3.nii.gz,4,RA,1,1,1.0,382703
59_stage3.nii.gz,5,RV,1,1,1.0,576777
59_stage3.nii.gz,6,Aorta,2,2,0.5374293359739543,613997
59_stage3.nii.gz,7,PA,1,1,1.0,343084
59_stage3.nii.gz,8,LAA,1,1,1.0,90350
59_stage3.nii.gz,9,Coronary,2,2,0.8548100816471423,22536
59_stage3.nii.gz,10,PV,2,2,0.5537061363833017,127127
598_stage3.nii.gz,1,Myocardium,1,1,1.0,627656
598_stage3.nii.gz,2,LA,1,1,1.0,378519
598_stage3.nii.gz,3,LV,1,1,1.0,708025
598_stage3.nii.gz,4,RA,1,1,1.0,408586
598_stage3.nii.gz,5,RV,1,1,1.0,866655
598_stage3.nii.gz,6,Aorta,2,2,0.5167216211977264,554701
598_stage3.nii.gz,7,PA,1,1,1.0,253645
598_stage3.nii.gz,8,LAA,1,1,1.0,39671
598_stage3.nii.gz,9,Coronary,1,1,1.0,12489
598_stage3.nii.gz,10,PV,3,3,0.5585163078234918,121966
590_stage3.nii.gz,1,Myocardium,1,1,1.0,446310
590_stage3.nii.gz,2,LA,1,1,1.0,325081
590_stage3.nii.gz,3,LV,1,1,1.0,433495
590_stage3.nii.gz,4,RA,1,1,1.0,415438
590_stage3.nii.gz,5,RV,1,1,1.0,587595
590_stage3.nii.gz,6,Aorta,2,2,0.5576813426545689,484056
590_stage3.nii.gz,7,PA,1,1,1.0,285918
590_stage3.nii.gz,8,LAA,1,1,1.0,64796
590_stage3.nii.gz,9,Coronary,1,1,1.0,11544
590_stage3.nii.gz,10,PV,3,3,0.4111595080816531,104001
589_stage3.nii.gz,1,Myocardium,1,1,1.0,547999
589_stage3.nii.gz,2,LA,1,1,1.0,467962
589_stage3.nii.gz,3,LV,1,1,1.0,621260
589_stage3.nii.gz,4,RA,1,1,1.0,426228
589_stage3.nii.gz,5,RV,1,1,1.0,630165
589_stage3.nii.gz,6,Aorta,2,2,0.5592396411341337,571467
589_stage3.nii.gz,7,PA,1,1,1.0,272073
589_stage3.nii.gz,8,LAA,1,1,1.0,70572
589_stage3.nii.gz,9,Coronary,1,1,1.0,16379
589_stage3.nii.gz,10,PV,2,2,0.5717933973751861,118256
596_stage3.nii.gz,1,Myocardium,1,1,1.0,852015
596_stage3.nii.gz,2,LA,1,1,1.0,385446
596_stage3.nii.gz,3,LV,1,1,1.0,891581
596_stage3.nii.gz,4,RA,1,1,1.0,553910
596_stage3.nii.gz,5,RV,1,1,1.0,1270503
596_stage3.nii.gz,6,Aorta,2,2,0.5467648348349534,506342
596_stage3.nii.gz,7,PA,2,2,0.9073229795178441,147836
596_stage3.nii.gz,8,LAA,1,1,1.0,71626
596_stage3.nii.gz,9,Coronary,1,1,1.0,12885
596_stage3.nii.gz,10,PV,3,3,0.4830559920011427,112016
599_stage3.nii.gz,1,Myocardium,1,1,1.0,678134
599_stage3.nii.gz,2,LA,1,1,1.0,375067
599_stage3.nii.gz,3,LV,1,1,1.0,687229
599_stage3.nii.gz,4,RA,1,1,1.0,547745
599_stage3.nii.gz,5,RV,1,1,1.0,910585
599_stage3.nii.gz,6,Aorta,2,2,0.5556414527428212,501892
599_stage3.nii.gz,7,PA,2,2,0.9254540800546069,187522
599_stage3.nii.gz,8,LAA,1,1,1.0,42673
599_stage3.nii.gz,9,Coronary,1,1,1.0,12888
599_stage3.nii.gz,10,PV,3,3,0.5263794345031861,147198
602_stage3.nii.gz,1,Myocardium,1,1,1.0,650451
602_stage3.nii.gz,2,LA,1,1,1.0,320665
602_stage3.nii.gz,3,LV,1,1,1.0,690678
602_stage3.nii.gz,4,RA,1,1,1.0,403501
602_stage3.nii.gz,5,RV,1,1,1.0,821156
602_stage3.nii.gz,6,Aorta,2,2,0.5161310462157986,512552
602_stage3.nii.gz,7,PA,2,2,0.9430352662801332,238358
602_stage3.nii.gz,8,LAA,1,1,1.0,52869
602_stage3.nii.gz,9,Coronary,2,2,0.8654776299879081,13232
602_stage3.nii.gz,10,PV,3,3,0.5087587262865596,115599
600_stage3.nii.gz,1,Myocardium,1,1,1.0,828754
600_stage3.nii.gz,2,LA,1,1,1.0,643802
600_stage3.nii.gz,3,LV,1,1,1.0,805937
600_stage3.nii.gz,4,RA,1,1,1.0,554881
600_stage3.nii.gz,5,RV,1,1,1.0,1001960
600_stage3.nii.gz,6,Aorta,2,2,0.5053158329004065,654460
600_stage3.nii.gz,7,PA,2,2,0.6569491461315884,105754
600_stage3.nii.gz,8,LAA,1,1,1.0,32359
600_stage3.nii.gz,9,Coronary,1,1,1.0,28771
600_stage3.nii.gz,10,PV,3,3,0.5067966145165427,93576
595_stage3.nii.gz,1,Myocardium,1,1,1.0,678269
595_stage3.nii.gz,2,LA,1,1,1.0,282214
595_stage3.nii.gz,3,LV,1,1,1.0,834484
595_stage3.nii.gz,4,RA,1,1,1.0,359778
595_stage3.nii.gz,5,RV,1,1,1.0,945123
595_stage3.nii.gz,6,Aorta,2,2,0.6668612917069298,342539
595_stage3.nii.gz,7,PA,2,2,0.8768391216907571,85027
595_stage3.nii.gz,8,LAA,1,1,1.0,37320
595_stage3.nii.gz,9,Coronary,1,1,1.0,12354
595_stage3.nii.gz,10,PV,3,3,0.4867479519562114,109983
612_stage3.nii.gz,1,Myocardium,1,1,1.0,763399
612_stage3.nii.gz,2,LA,1,1,1.0,475520
612_stage3.nii.gz,3,LV,1,1,1.0,816986
612_stage3.nii.gz,4,RA,1,1,1.0,468252
612_stage3.nii.gz,5,RV,1,1,1.0,795924
612_stage3.nii.gz,6,Aorta,2,2,0.5411904794492425,657567
612_stage3.nii.gz,7,PA,2,1,0.9895675983678339,261493
612_stage3.nii.gz,8,LAA,1,1,1.0,78465
612_stage3.nii.gz,9,Coronary,1,1,1.0,26318
612_stage3.nii.gz,10,PV,3,3,0.5411892216585379,153159
5_stage3.nii.gz,1,Myocardium,1,1,1.0,928916
5_stage3.nii.gz,2,LA,1,1,1.0,608135
5_stage3.nii.gz,3,LV,1,1,1.0,915207
5_stage3.nii.gz,4,RA,1,1,1.0,775504
5_stage3.nii.gz,5,RV,1,1,1.0,1311411
5_stage3.nii.gz,6,Aorta,2,2,0.6006659600171185,553787
5_stage3.nii.gz,7,PA,2,2,0.5878672727081868,95263
5_stage3.nii.gz,8,LAA,1,1,1.0,42581
5_stage3.nii.gz,9,Coronary,1,1,1.0,15225
5_stage3.nii.gz,10,PV,2,2,0.6121986866753124,145737
607_stage3.nii.gz,1,Myocardium,1,1,1.0,782634
607_stage3.nii.gz,2,LA,1,1,1.0,543066
607_stage3.nii.gz,3,LV,1,1,1.0,793616
607_stage3.nii.gz,4,RA,1,1,1.0,412912
607_stage3.nii.gz,5,RV,1,1,1.0,748643
607_stage3.nii.gz,6,Aorta,2,2,0.5033450457510912,578019
607_stage3.nii.gz,7,PA,1,1,1.0,228209
607_stage3.nii.gz,8,LAA,1,1,1.0,78368
607_stage3.nii.gz,9,Coronary,1,1,1.0,9783
607_stage3.nii.gz,10,PV,3,3,0.454861187314825,182260
605_stage3.nii.gz,1,Myocardium,1,1,1.0,615786
605_stage3.nii.gz,2,LA,1,1,1.0,341364
605_stage3.nii.gz,3,LV,1,1,1.0,623175
605_stage3.nii.gz,4,RA,1,1,1.0,407272
605_stage3.nii.gz,5,RV,1,1,1.0,818618
605_stage3.nii.gz,6,Aorta,1,1,1.0,631668
605_stage3.nii.gz,7,PA,1,1,1.0,233281
605_stage3.nii.gz,8,LAA,1,1,1.0,45758
605_stage3.nii.gz,9,Coronary,1,1,1.0,11171
605_stage3.nii.gz,10,PV,3,3,0.5577817531305903,103415
613_stage3.nii.gz,1,Myocardium,1,1,1.0,616576
613_stage3.nii.gz,2,LA,1,1,1.0,407228
613_stage3.nii.gz,3,LV,1,1,1.0,625894
613_stage3.nii.gz,4,RA,1,1,1.0,328782
613_stage3.nii.gz,5,RV,1,1,1.0,681453
613_stage3.nii.gz,6,Aorta,2,2,0.5965681489988639,649562
613_stage3.nii.gz,7,PA,1,1,1.0,274141
613_stage3.nii.gz,8,LAA,1,1,1.0,43036
613_stage3.nii.gz,9,Coronary,2,2,0.8274652826483377,7129
613_stage3.nii.gz,10,PV,2,2,0.5162798092209857,125800
618_stage3.nii.gz,1,Myocardium,1,1,1.0,624279
618_stage3.nii.gz,2,LA,1,1,1.0,463378
618_stage3.nii.gz,3,LV,1,1,1.0,775933
618_stage3.nii.gz,4,RA,1,1,1.0,481285
618_stage3.nii.gz,5,RV,1,1,1.0,889575
618_stage3.nii.gz,6,Aorta,2,2,0.5415818565265136,435286
618_stage3.nii.gz,7,PA,2,1,0.9779714972665852,148898
618_stage3.nii.gz,8,LAA,1,1,1.0,68514
618_stage3.nii.gz,9,Coronary,1,1,1.0,17200
618_stage3.nii.gz,10,PV,2,2,0.5523043228965945,106387
603_stage3.nii.gz,1,Myocardium,1,1,1.0,824751
603_stage3.nii.gz,2,LA,1,1,1.0,493003
603_stage3.nii.gz,3,LV,1,1,1.0,836901
603_stage3.nii.gz,4,RA,1,1,1.0,761852
603_stage3.nii.gz,5,RV,1,1,1.0,1186064
603_stage3.nii.gz,6,Aorta,2,2,0.6187742061317557,538345
603_stage3.nii.gz,7,PA,2,2,0.6406916809843153,54129
603_stage3.nii.gz,8,LAA,1,1,1.0,26887
603_stage3.nii.gz,9,Coronary,1,1,1.0,21241
603_stage3.nii.gz,10,PV,2,2,0.503974149906384,165570
606_stage3.nii.gz,1,Myocardium,1,1,1.0,658523
606_stage3.nii.gz,2,LA,1,1,1.0,455285
606_stage3.nii.gz,3,LV,1,1,1.0,594598
606_stage3.nii.gz,4,RA,1,1,1.0,367341
606_stage3.nii.gz,5,RV,1,1,1.0,627630
606_stage3.nii.gz,6,Aorta,2,2,0.5004676436634681,629753
606_stage3.nii.gz,7,PA,2,1,0.9886476655182456,181989
606_stage3.nii.gz,8,LAA,1,1,1.0,68918
606_stage3.nii.gz,9,Coronary,1,1,1.0,40849
606_stage3.nii.gz,10,PV,2,2,0.5672629640036215,128124
617_stage3.nii.gz,1,Myocardium,1,1,1.0,560429
617_stage3.nii.gz,2,LA,1,1,1.0,370639
617_stage3.nii.gz,3,LV,1,1,1.0,599077
617_stage3.nii.gz,4,RA,1,1,1.0,423396
617_stage3.nii.gz,5,RV,1,1,1.0,760531
617_stage3.nii.gz,6,Aorta,2,2,0.5224735439612048,718645
617_stage3.nii.gz,7,PA,1,1,1.0,286300
617_stage3.nii.gz,8,LAA,1,1,1.0,55053
617_stage3.nii.gz,9,Coronary,1,1,1.0,20242
617_stage3.nii.gz,10,PV,3,3,0.45665446688051187,119401
611_stage3.nii.gz,1,Myocardium,1,1,1.0,989277
611_stage3.nii.gz,2,LA,1,1,1.0,589690
611_stage3.nii.gz,3,LV,1,1,1.0,903325
611_stage3.nii.gz,4,RA,1,1,1.0,553065
611_stage3.nii.gz,5,RV,1,1,1.0,1013769
611_stage3.nii.gz,6,Aorta,2,2,0.5219277540076019,535919
611_stage3.nii.gz,7,PA,2,1,0.9691249295434415,198704
611_stage3.nii.gz,8,LAA,1,1,1.0,96573
611_stage3.nii.gz,9,Coronary,1,1,1.0,14185
611_stage3.nii.gz,10,PV,3,3,0.52547311041145,148961
629_stage3.nii.gz,1,Myocardium,1,1,1.0,665301
629_stage3.nii.gz,2,LA,1,1,1.0,481962
629_stage3.nii.gz,3,LV,1,1,1.0,780427
629_stage3.nii.gz,4,RA,1,1,1.0,627290
629_stage3.nii.gz,5,RV,1,1,1.0,962822
629_stage3.nii.gz,6,Aorta,2,2,0.5071206641189976,517859
629_stage3.nii.gz,7,PA,1,1,1.0,296159
629_stage3.nii.gz,8,LAA,1,1,1.0,73031
629_stage3.nii.gz,9,Coronary,1,1,1.0,22540
629_stage3.nii.gz,10,PV,2,2,0.5384032339565437,118740
610_stage3.nii.gz,1,Myocardium,1,1,1.0,706603
610_stage3.nii.gz,2,LA,1,1,1.0,471365
610_stage3.nii.gz,3,LV,1,1,1.0,751286
610_stage3.nii.gz,4,RA,1,1,1.0,620333
610_stage3.nii.gz,5,RV,1,1,1.0,784297
610_stage3.nii.gz,6,Aorta,2,2,0.6151559529620942,503934
610_stage3.nii.gz,7,PA,2,2,0.5406564227571496,91892
610_stage3.nii.gz,8,LAA,1,1,1.0,74807
610_stage3.nii.gz,9,Coronary,1,1,1.0,24128
610_stage3.nii.gz,10,PV,3,3,0.4978343645882913,126060
60_stage3.nii.gz,1,Myocardium,1,1,1.0,686940
60_stage3.nii.gz,2,LA,1,1,1.0,293089
60_stage3.nii.gz,3,LV,1,1,1.0,683121
60_stage3.nii.gz,4,RA,1,1,1.0,457141
60_stage3.nii.gz,5,RV,1,1,1.0,872996
60_stage3.nii.gz,6,Aorta,2,2,0.6054607932079218,467368
60_stage3.nii.gz,7,PA,1,1,1.0,248221
60_stage3.nii.gz,8,LAA,1,1,1.0,46490
60_stage3.nii.gz,9,Coronary,1,1,1.0,21501
60_stage3.nii.gz,10,PV,3,3,0.435733647806468,122109
609_stage3.nii.gz,1,Myocardium,1,1,1.0,959469
609_stage3.nii.gz,2,LA,1,1,1.0,434378
609_stage3.nii.gz,3,LV,1,1,1.0,1092644
609_stage3.nii.gz,4,RA,1,1,1.0,548382
609_stage3.nii.gz,5,RV,1,1,1.0,1386162
609_stage3.nii.gz,6,Aorta,2,2,0.6995360172470356,362729
609_stage3.nii.gz,7,PA,2,2,0.5047570069426588,15556
609_stage3.nii.gz,8,LAA,1,1,1.0,32807
609_stage3.nii.gz,9,Coronary,2,1,0.9816312181402707,22756
609_stage3.nii.gz,10,PV,2,2,0.5630419929573763,95135
614_stage3.nii.gz,1,Myocardium,1,1,1.0,843289
614_stage3.nii.gz,2,LA,1,1,1.0,461118
614_stage3.nii.gz,3,LV,1,1,1.0,869968
614_stage3.nii.gz,4,RA,1,1,1.0,478491
614_stage3.nii.gz,5,RV,1,1,1.0,1041329
614_stage3.nii.gz,6,Aorta,2,2,0.5278331304507329,479752
614_stage3.nii.gz,7,PA,1,1,1.0,257702
614_stage3.nii.gz,8,LAA,1,1,1.0,41521
614_stage3.nii.gz,9,Coronary,1,1,1.0,15963
614_stage3.nii.gz,10,PV,3,3,0.48881838582372517,155076
623_stage3.nii.gz,1,Myocardium,1,1,1.0,567357
623_stage3.nii.gz,2,LA,1,1,1.0,487259
623_stage3.nii.gz,3,LV,1,1,1.0,607938
623_stage3.nii.gz,4,RA,1,1,1.0,384858
623_stage3.nii.gz,5,RV,1,1,1.0,575291
623_stage3.nii.gz,6,Aorta,2,2,0.5097159332634209,738066
623_stage3.nii.gz,7,PA,2,1,0.9625653373157983,262484
623_stage3.nii.gz,8,LAA,1,1,1.0,162601
623_stage3.nii.gz,9,Coronary,2,1,0.9890051895505322,11369
623_stage3.nii.gz,10,PV,2,2,0.5483102214068598,111198
620_stage3.nii.gz,1,Myocardium,1,1,1.0,622437
620_stage3.nii.gz,2,LA,2,1,0.999989342711747,375330
620_stage3.nii.gz,3,LV,1,1,1.0,697985
620_stage3.nii.gz,4,RA,1,1,1.0,367963
620_stage3.nii.gz,5,RV,1,1,1.0,789196
620_stage3.nii.gz,6,Aorta,2,2,0.5009703875289551,479190
620_stage3.nii.gz,7,PA,1,1,1.0,295660
620_stage3.nii.gz,8,LAA,1,1,1.0,50120
620_stage3.nii.gz,9,Coronary,1,1,1.0,11024
620_stage3.nii.gz,10,PV,2,2,0.5737329883494862,136818
622_stage3.nii.gz,1,Myocardium,1,1,1.0,801867
622_stage3.nii.gz,2,LA,1,1,1.0,384972
622_stage3.nii.gz,3,LV,1,1,1.0,756110
622_stage3.nii.gz,4,RA,1,1,1.0,476051
622_stage3.nii.gz,5,RV,1,1,1.0,991180
622_stage3.nii.gz,6,Aorta,2,2,0.5956654588411691,440185
622_stage3.nii.gz,7,PA,1,1,1.0,160403
622_stage3.nii.gz,8,LAA,1,1,1.0,81084
622_stage3.nii.gz,9,Coronary,1,1,1.0,24206
622_stage3.nii.gz,10,PV,2,2,0.5214581693296538,115597
631_stage3.nii.gz,1,Myocardium,1,1,1.0,601867
631_stage3.nii.gz,2,LA,1,1,1.0,461231
631_stage3.nii.gz,3,LV,1,1,1.0,672205
631_stage3.nii.gz,4,RA,1,1,1.0,515242
631_stage3.nii.gz,5,RV,1,1,1.0,874156
631_stage3.nii.gz,6,Aorta,2,2,0.6012500864237583,752108
631_stage3.nii.gz,7,PA,1,1,1.0,271680
631_stage3.nii.gz,8,LAA,1,1,1.0,36840
631_stage3.nii.gz,9,Coronary,1,1,1.0,9425
631_stage3.nii.gz,10,PV,2,2,0.6047686802052343,115965
628_stage3.nii.gz,1,Myocardium,1,1,1.0,627239
628_stage3.nii.gz,2,LA,1,1,1.0,383242
628_stage3.nii.gz,3,LV,1,1,1.0,588605
628_stage3.nii.gz,4,RA,1,1,1.0,469578
628_stage3.nii.gz,5,RV,1,1,1.0,789211
628_stage3.nii.gz,6,Aorta,2,2,0.593297578867878,648870
628_stage3.nii.gz,7,PA,1,1,1.0,257209
628_stage3.nii.gz,8,LAA,1,1,1.0,29938
628_stage3.nii.gz,9,Coronary,1,1,1.0,9251
628_stage3.nii.gz,10,PV,2,2,0.5356635632002524,139414
621_stage3.nii.gz,1,Myocardium,1,1,1.0,809602
621_stage3.nii.gz,2,LA,1,1,1.0,407465
621_stage3.nii.gz,3,LV,1,1,1.0,674856
621_stage3.nii.gz,4,RA,1,1,1.0,406596
621_stage3.nii.gz,5,RV,1,1,1.0,746036
621_stage3.nii.gz,6,Aorta,2,2,0.5146240246508623,482904
621_stage3.nii.gz,7,PA,1,1,1.0,264091
621_stage3.nii.gz,8,LAA,1,1,1.0,41207
621_stage3.nii.gz,9,Coronary,1,1,1.0,17252
621_stage3.nii.gz,10,PV,3,3,0.5453966889551942,120989
619_stage3.nii.gz,1,Myocardium,1,1,1.0,630308
619_stage3.nii.gz,2,LA,1,1,1.0,479176
619_stage3.nii.gz,3,LV,1,1,1.0,745443
619_stage3.nii.gz,4,RA,1,1,1.0,394353
619_stage3.nii.gz,5,RV,1,1,1.0,748231
619_stage3.nii.gz,6,Aorta,2,2,0.5299271308752055,567044
619_stage3.nii.gz,7,PA,1,1,1.0,281947
619_stage3.nii.gz,8,LAA,1,1,1.0,70484
619_stage3.nii.gz,9,Coronary,1,1,1.0,24077
619_stage3.nii.gz,10,PV,3,3,0.47817800792698667,131702
62_stage3.nii.gz,1,Myocardium,1,1,1.0,783464
62_stage3.nii.gz,2,LA,1,1,1.0,506670
62_stage3.nii.gz,3,LV,1,1,1.0,668319
62_stage3.nii.gz,4,RA,1,1,1.0,541785
62_stage3.nii.gz,5,RV,1,1,1.0,753179
62_stage3.nii.gz,6,Aorta,2,2,0.5938931221707443,602632
62_stage3.nii.gz,7,PA,1,1,1.0,131208
62_stage3.nii.gz,8,LAA,1,1,1.0,59334
62_stage3.nii.gz,9,Coronary,1,1,1.0,17465
62_stage3.nii.gz,10,PV,3,3,0.387374725006111,98184
61_stage3.nii.gz,1,Myocardium,1,1,1.0,548796
61_stage3.nii.gz,2,LA,1,1,1.0,376264
61_stage3.nii.gz,3,LV,1,1,1.0,626979
61_stage3.nii.gz,4,RA,1,1,1.0,357217
61_stage3.nii.gz,5,RV,1,1,1.0,785378
61_stage3.nii.gz,6,Aorta,2,2,0.5940192758781795,415234
61_stage3.nii.gz,7,PA,1,1,1.0,229248
61_stage3.nii.gz,8,LAA,1,1,1.0,37278
61_stage3.nii.gz,9,Coronary,1,1,1.0,14146
61_stage3.nii.gz,10,PV,2,2,0.5750391313390033,91359
616_stage3.nii.gz,1,Myocardium,1,1,1.0,673074
616_stage3.nii.gz,2,LA,1,1,1.0,321840
616_stage3.nii.gz,3,LV,1,1,1.0,580822
616_stage3.nii.gz,4,RA,1,1,1.0,467016
616_stage3.nii.gz,5,RV,1,1,1.0,823933
616_stage3.nii.gz,6,Aorta,2,2,0.5031266380211202,599046
616_stage3.nii.gz,7,PA,1,1,1.0,187751
616_stage3.nii.gz,8,LAA,1,1,1.0,44468
616_stage3.nii.gz,9,Coronary,2,2,0.6601283880171184,16824
616_stage3.nii.gz,10,PV,3,3,0.4864192827135366,99737
630_stage3.nii.gz,1,Myocardium,1,1,1.0,723599
630_stage3.nii.gz,2,LA,1,1,1.0,488761
630_stage3.nii.gz,3,LV,1,1,1.0,775672
630_stage3.nii.gz,4,RA,1,1,1.0,449629
630_stage3.nii.gz,5,RV,1,1,1.0,689892
630_stage3.nii.gz,6,Aorta,2,2,0.5166802408214759,500952
630_stage3.nii.gz,7,PA,1,1,1.0,284466
630_stage3.nii.gz,8,LAA,1,1,1.0,60546
630_stage3.nii.gz,9,Coronary,2,2,0.5100192964227401,6737
630_stage3.nii.gz,10,PV,2,2,0.5096406586511557,117938
632_stage3.nii.gz,1,Myocardium,1,1,1.0,740753
632_stage3.nii.gz,2,LA,2,1,0.9999973381778496,751365
632_stage3.nii.gz,3,LV,1,1,1.0,730528
632_stage3.nii.gz,4,RA,1,1,1.0,558138
632_stage3.nii.gz,5,RV,1,1,1.0,826811
632_stage3.nii.gz,6,Aorta,2,2,0.5313572077723305,630493
632_stage3.nii.gz,7,PA,2,2,0.7738656787875459,127411
632_stage3.nii.gz,8,LAA,1,1,1.0,105831
632_stage3.nii.gz,9,Coronary,1,1,1.0,20297
632_stage3.nii.gz,10,PV,2,2,0.6603465788420696,97467
633_stage3.nii.gz,1,Myocardium,1,1,1.0,664024
633_stage3.nii.gz,2,LA,1,1,1.0,337737
633_stage3.nii.gz,3,LV,1,1,1.0,726125
633_stage3.nii.gz,4,RA,1,1,1.0,404546
633_stage3.nii.gz,5,RV,1,1,1.0,845145
633_stage3.nii.gz,6,Aorta,2,2,0.5142193217925343,543521
633_stage3.nii.gz,7,PA,1,1,1.0,224638
633_stage3.nii.gz,8,LAA,1,1,1.0,48417
633_stage3.nii.gz,9,Coronary,1,1,1.0,15233
633_stage3.nii.gz,10,PV,3,3,0.4762524175466822,116854
608_stage3.nii.gz,1,Myocardium,1,1,1.0,848852
608_stage3.nii.gz,2,LA,1,1,1.0,483342
608_stage3.nii.gz,3,LV,1,1,1.0,873785
608_stage3.nii.gz,4,RA,1,1,1.0,543492
608_stage3.nii.gz,5,RV,1,1,1.0,1032869
608_stage3.nii.gz,6,Aorta,2,2,0.6625801370008108,519267
608_stage3.nii.gz,7,PA,1,1,1.0,169144
608_stage3.nii.gz,8,LAA,1,1,1.0,83557
608_stage3.nii.gz,9,Coronary,2,1,0.970639323135541,17847
608_stage3.nii.gz,10,PV,2,2,0.5173789989187814,125784
626_stage3.nii.gz,1,Myocardium,1,1,1.0,699628
626_stage3.nii.gz,2,LA,1,1,1.0,313568
626_stage3.nii.gz,3,LV,1,1,1.0,729625
626_stage3.nii.gz,4,RA,1,1,1.0,453324
626_stage3.nii.gz,5,RV,1,1,1.0,941369
626_stage3.nii.gz,6,Aorta,2,2,0.538324697817197,553142
626_stage3.nii.gz,7,PA,2,1,0.9887859789113708,210540
626_stage3.nii.gz,8,LAA,1,1,1.0,30877
626_stage3.nii.gz,9,Coronary,1,1,1.0,46103
626_stage3.nii.gz,10,PV,3,3,0.47032929339126456,69968
625_stage3.nii.gz,1,Myocardium,1,1,1.0,742402
625_stage3.nii.gz,2,LA,1,1,1.0,404610
625_stage3.nii.gz,3,LV,1,1,1.0,772035
625_stage3.nii.gz,4,RA,1,1,1.0,544588
625_stage3.nii.gz,5,RV,1,1,1.0,945392
625_stage3.nii.gz,6,Aorta,2,2,0.507279892080833,601932
625_stage3.nii.gz,7,PA,1,1,1.0,172258
625_stage3.nii.gz,8,LAA,1,1,1.0,71214
625_stage3.nii.gz,9,Coronary,1,1,1.0,14869
625_stage3.nii.gz,10,PV,3,3,0.44871858261227854,121350
604_stage3.nii.gz,1,Myocardium,1,1,1.0,609038
604_stage3.nii.gz,2,LA,1,1,1.0,504971
604_stage3.nii.gz,3,LV,1,1,1.0,650227
604_stage3.nii.gz,4,RA,1,1,1.0,463429
604_stage3.nii.gz,5,RV,1,1,1.0,696413
604_stage3.nii.gz,6,Aorta,2,2,0.5826500697506719,614331
604_stage3.nii.gz,7,PA,2,2,0.9453767873244879,194075
604_stage3.nii.gz,8,LAA,1,1,1.0,38694
604_stage3.nii.gz,9,Coronary,2,2,0.522431453236123,22357
604_stage3.nii.gz,10,PV,3,3,0.4882141349998995,149289
627_stage3.nii.gz,1,Myocardium,1,1,1.0,672084
627_stage3.nii.gz,2,LA,1,1,1.0,323167
627_stage3.nii.gz,3,LV,1,1,1.0,644034
627_stage3.nii.gz,4,RA,1,1,1.0,494527
627_stage3.nii.gz,5,RV,1,1,1.0,793951
627_stage3.nii.gz,6,Aorta,2,2,0.539112529538147,671166
627_stage3.nii.gz,7,PA,1,1,1.0,294029
627_stage3.nii.gz,8,LAA,1,1,1.0,66254
627_stage3.nii.gz,9,Coronary,1,1,1.0,13589
627_stage3.nii.gz,10,PV,2,2,0.5561201886743283,115119
639_stage3.nii.gz,1,Myocardium,1,1,1.0,1001789
639_stage3.nii.gz,2,LA,1,1,1.0,433931
639_stage3.nii.gz,3,LV,1,1,1.0,674611
639_stage3.nii.gz,4,RA,1,1,1.0,532039
639_stage3.nii.gz,5,RV,1,1,1.0,988289
639_stage3.nii.gz,6,Aorta,2,2,0.6291586893457104,703557
639_stage3.nii.gz,7,PA,2,2,0.5938948203907111,156228
639_stage3.nii.gz,8,LAA,1,1,1.0,68493
639_stage3.nii.gz,9,Coronary,2,1,0.9687826600627073,22007
639_stage3.nii.gz,10,PV,3,3,0.4875724817156677,102957
634_stage3.nii.gz,1,Myocardium,1,1,1.0,611644
634_stage3.nii.gz,2,LA,1,1,1.0,498910
634_stage3.nii.gz,3,LV,1,1,1.0,626357
634_stage3.nii.gz,4,RA,1,1,1.0,708435
634_stage3.nii.gz,5,RV,1,1,1.0,760450
634_stage3.nii.gz,6,Aorta,2,2,0.5277002447024164,581114
634_stage3.nii.gz,7,PA,1,1,1.0,362948
634_stage3.nii.gz,8,LAA,1,1,1.0,80637
634_stage3.nii.gz,9,Coronary,2,1,0.9699241786015165,11870
634_stage3.nii.gz,10,PV,3,3,0.4115897024942402,99830
635_stage3.nii.gz,1,Myocardium,1,1,1.0,728889
635_stage3.nii.gz,2,LA,1,1,1.0,324413
635_stage3.nii.gz,3,LV,1,1,1.0,818560
635_stage3.nii.gz,4,RA,1,1,1.0,517343
635_stage3.nii.gz,5,RV,1,1,1.0,957026
635_stage3.nii.gz,6,Aorta,2,2,0.5787237968149628,466117
635_stage3.nii.gz,7,PA,2,1,0.9664226667508046,158470
635_stage3.nii.gz,8,LAA,1,1,1.0,64420
635_stage3.nii.gz,9,Coronary,1,1,1.0,15497
635_stage3.nii.gz,10,PV,3,3,0.5198380333720339,104219
615_stage3.nii.gz,1,Myocardium,1,1,1.0,793226
615_stage3.nii.gz,2,LA,1,1,1.0,411282
615_stage3.nii.gz,3,LV,1,1,1.0,746223
615_stage3.nii.gz,4,RA,1,1,1.0,530629
615_stage3.nii.gz,5,RV,1,1,1.0,938522
615_stage3.nii.gz,6,Aorta,2,2,0.6419955507029814,536714
615_stage3.nii.gz,7,PA,2,2,0.9364531061037824,143878
615_stage3.nii.gz,8,LAA,1,1,1.0,50229
615_stage3.nii.gz,9,Coronary,1,1,1.0,24749
615_stage3.nii.gz,10,PV,3,3,0.5423290751788112,128068
642_stage3.nii.gz,1,Myocardium,1,1,1.0,668659
642_stage3.nii.gz,2,LA,1,1,1.0,453532
642_stage3.nii.gz,3,LV,1,1,1.0,657619
642_stage3.nii.gz,4,RA,1,1,1.0,438251
642_stage3.nii.gz,5,RV,1,1,1.0,819188
642_stage3.nii.gz,6,Aorta,2,2,0.5454517280157262,677598
642_stage3.nii.gz,7,PA,1,1,1.0,294649
642_stage3.nii.gz,8,LAA,1,1,1.0,61254
642_stage3.nii.gz,9,Coronary,1,1,1.0,21859
642_stage3.nii.gz,10,PV,3,3,0.5404485784120711,134603
63_stage3.nii.gz,1,Myocardium,1,1,1.0,762208
63_stage3.nii.gz,2,LA,1,1,1.0,538671
63_stage3.nii.gz,3,LV,1,1,1.0,785262
63_stage3.nii.gz,4,RA,1,1,1.0,763709
63_stage3.nii.gz,5,RV,1,1,1.0,1086247
63_stage3.nii.gz,6,Aorta,2,2,0.559855864020688,459011
63_stage3.nii.gz,7,PA,2,2,0.6429141305029896,111553
63_stage3.nii.gz,8,LAA,1,1,1.0,58043
63_stage3.nii.gz,9,Coronary,1,1,1.0,23058
63_stage3.nii.gz,10,PV,2,2,0.5129364366283429,174739
601_stage3.nii.gz,1,Myocardium,1,1,1.0,940963
601_stage3.nii.gz,2,LA,1,1,1.0,370953
601_stage3.nii.gz,3,LV,1,1,1.0,1123772
601_stage3.nii.gz,4,RA,1,1,1.0,548987
601_stage3.nii.gz,5,RV,1,1,1.0,1320488
601_stage3.nii.gz,6,Aorta,2,2,0.5965944565727548,464478
601_stage3.nii.gz,7,PA,2,2,0.9089647002202765,54023
601_stage3.nii.gz,8,LAA,1,1,1.0,44707
601_stage3.nii.gz,9,Coronary,1,1,1.0,29361
601_stage3.nii.gz,10,PV,3,3,0.42529139439929425,128091
641_stage3.nii.gz,1,Myocardium,1,1,1.0,700125
641_stage3.nii.gz,2,LA,1,1,1.0,456648
641_stage3.nii.gz,3,LV,1,1,1.0,681096
641_stage3.nii.gz,4,RA,1,1,1.0,498744
641_stage3.nii.gz,5,RV,1,1,1.0,823827
641_stage3.nii.gz,6,Aorta,2,2,0.5209341096170014,700603
641_stage3.nii.gz,7,PA,2,1,0.9749431676795964,237101
641_stage3.nii.gz,8,LAA,1,1,1.0,66558
641_stage3.nii.gz,9,Coronary,1,1,1.0,12506
641_stage3.nii.gz,10,PV,2,2,0.5234139810794618,135197
638_stage3.nii.gz,1,Myocardium,1,1,1.0,650519
638_stage3.nii.gz,2,LA,1,1,1.0,605265
638_stage3.nii.gz,3,LV,1,1,1.0,742081
638_stage3.nii.gz,4,RA,1,1,1.0,766346
638_stage3.nii.gz,5,RV,1,1,1.0,935818
638_stage3.nii.gz,6,Aorta,2,2,0.6248048655601763,560511
638_stage3.nii.gz,7,PA,2,2,0.7585649644473174,68068
638_stage3.nii.gz,8,LAA,1,1,1.0,61870
638_stage3.nii.gz,9,Coronary,1,1,1.0,37638
638_stage3.nii.gz,10,PV,3,3,0.4022882952106975,106717
637_stage3.nii.gz,1,Myocardium,1,1,1.0,734538
637_stage3.nii.gz,2,LA,1,1,1.0,602078
637_stage3.nii.gz,3,LV,1,1,1.0,710819
637_stage3.nii.gz,4,RA,1,1,1.0,559258
637_stage3.nii.gz,5,RV,1,1,1.0,938862
637_stage3.nii.gz,6,Aorta,2,2,0.5324993359011821,722784
637_stage3.nii.gz,7,PA,1,1,1.0,502383
637_stage3.nii.gz,8,LAA,1,1,1.0,71320
637_stage3.nii.gz,9,Coronary,1,1,1.0,32306
637_stage3.nii.gz,10,PV,2,2,0.5621567452875081,178621
640_stage3.nii.gz,1,Myocardium,1,1,1.0,961955
640_stage3.nii.gz,2,LA,1,1,1.0,394717
640_stage3.nii.gz,3,LV,1,1,1.0,807815
640_stage3.nii.gz,4,RA,1,1,1.0,343173
640_stage3.nii.gz,5,RV,1,1,1.0,615053
640_stage3.nii.gz,6,Aorta,2,2,0.5183175339805512,621017
640_stage3.nii.gz,7,PA,1,1,1.0,280347
640_stage3.nii.gz,8,LAA,1,1,1.0,46391
640_stage3.nii.gz,9,Coronary,2,2,0.5164790996784566,29856
640_stage3.nii.gz,10,PV,3,3,0.5576678541778324,95157
650_stage3.nii.gz,1,Myocardium,1,1,1.0,579612
650_stage3.nii.gz,2,LA,1,1,1.0,444844
650_stage3.nii.gz,3,LV,1,1,1.0,584315
650_stage3.nii.gz,4,RA,1,1,1.0,535840
650_stage3.nii.gz,5,RV,1,1,1.0,804748
650_stage3.nii.gz,6,Aorta,2,2,0.5327668314489091,695261
650_stage3.nii.gz,7,PA,1,1,1.0,256320
650_stage3.nii.gz,8,LAA,1,1,1.0,43740
650_stage3.nii.gz,9,Coronary,2,2,0.7772017707362535,17168
650_stage3.nii.gz,10,PV,3,3,0.5394828116082012,113885
643_stage3.nii.gz,1,Myocardium,1,1,1.0,501206
643_stage3.nii.gz,2,LA,1,1,1.0,566614
643_stage3.nii.gz,3,LV,1,1,1.0,595031
643_stage3.nii.gz,4,RA,1,1,1.0,547875
643_stage3.nii.gz,5,RV,1,1,1.0,680137
643_stage3.nii.gz,6,Aorta,2,2,0.5297134242867328,662024
643_stage3.nii.gz,7,PA,1,1,1.0,439070
643_stage3.nii.gz,8,LAA,1,1,1.0,63259
643_stage3.nii.gz,9,Coronary,1,1,1.0,18740
643_stage3.nii.gz,10,PV,3,3,0.5435841998695906,116556
636_stage3.nii.gz,1,Myocardium,1,1,1.0,511174
636_stage3.nii.gz,2,LA,1,1,1.0,393110
636_stage3.nii.gz,3,LV,1,1,1.0,455760
636_stage3.nii.gz,4,RA,1,1,1.0,526336
636_stage3.nii.gz,5,RV,1,1,1.0,628890
636_stage3.nii.gz,6,Aorta,2,2,0.5600726886472103,540387
636_stage3.nii.gz,7,PA,1,1,1.0,347718
636_stage3.nii.gz,8,LAA,1,1,1.0,48278
636_stage3.nii.gz,9,Coronary,1,1,1.0,7093
636_stage3.nii.gz,10,PV,2,2,0.5168873617163929,119320
647_stage3.nii.gz,1,Myocardium,1,1,1.0,640489
647_stage3.nii.gz,2,LA,1,1,1.0,531188
647_stage3.nii.gz,3,LV,1,1,1.0,822542
647_stage3.nii.gz,4,RA,1,1,1.0,410795
647_stage3.nii.gz,5,RV,1,1,1.0,859936
647_stage3.nii.gz,6,Aorta,2,2,0.6134810847648976,581066
647_stage3.nii.gz,7,PA,1,1,1.0,119161
647_stage3.nii.gz,8,LAA,1,1,1.0,60299
647_stage3.nii.gz,9,Coronary,1,1,1.0,19480
647_stage3.nii.gz,10,PV,2,2,0.7219645906353914,111270
649_stage3.nii.gz,1,Myocardium,1,1,1.0,595703
649_stage3.nii.gz,2,LA,1,1,1.0,414154
649_stage3.nii.gz,3,LV,1,1,1.0,625245
649_stage3.nii.gz,4,RA,1,1,1.0,394589
649_stage3.nii.gz,5,RV,1,1,1.0,782216
649_stage3.nii.gz,6,Aorta,2,2,0.5291090132692707,514497
649_stage3.nii.gz,7,PA,2,2,0.8939517572709637,240202
649_stage3.nii.gz,8,LAA,1,1,1.0,48825
649_stage3.nii.gz,9,Coronary,1,1,1.0,14621
649_stage3.nii.gz,10,PV,3,3,0.6257577535296648,127845
644_stage3.nii.gz,1,Myocardium,1,1,1.0,681048
644_stage3.nii.gz,2,LA,1,1,1.0,479119
644_stage3.nii.gz,3,LV,1,1,1.0,796364
644_stage3.nii.gz,4,RA,1,1,1.0,701329
644_stage3.nii.gz,5,RV,1,1,1.0,1142922
644_stage3.nii.gz,6,Aorta,2,2,0.6409250719951944,566010
644_stage3.nii.gz,7,PA,2,2,0.8431666626831426,167356
644_stage3.nii.gz,8,LAA,1,1,1.0,68547
644_stage3.nii.gz,9,Coronary,2,1,0.9539345063538612,16368
644_stage3.nii.gz,10,PV,3,3,0.4411466049639605,120146
645_stage3.nii.gz,1,Myocardium,1,1,1.0,820855
645_stage3.nii.gz,2,LA,1,1,1.0,442696
645_stage3.nii.gz,3,LV,1,1,1.0,935709
645_stage3.nii.gz,4,RA,1,1,1.0,665422
645_stage3.nii.gz,5,RV,1,1,1.0,1344596
645_stage3.nii.gz,6,Aorta,2,2,0.6068867084463961,475031
645_stage3.nii.gz,7,PA,2,2,0.6091678047491079,45398
645_stage3.nii.gz,8,LAA,1,1,1.0,35364
645_stage3.nii.gz,9,Coronary,1,1,1.0,18675
645_stage3.nii.gz,10,PV,3,3,0.4649339464747079,123082
646_stage3.nii.gz,1,Myocardium,1,1,1.0,764189
646_stage3.nii.gz,2,LA,1,1,1.0,385696
646_stage3.nii.gz,3,LV,1,1,1.0,611379
646_stage3.nii.gz,4,RA,1,1,1.0,394272
646_stage3.nii.gz,5,RV,1,1,1.0,696031
646_stage3.nii.gz,6,Aorta,2,2,0.5246677536874566,586312
646_stage3.nii.gz,7,PA,1,1,1.0,266625
646_stage3.nii.gz,8,LAA,1,1,1.0,44476
646_stage3.nii.gz,9,Coronary,1,1,1.0,13958
646_stage3.nii.gz,10,PV,3,3,0.4408812436391212,100222
648_stage3.nii.gz,1,Myocardium,1,1,1.0,823341
648_stage3.nii.gz,2,LA,1,1,1.0,334135
648_stage3.nii.gz,3,LV,1,1,1.0,755114
648_stage3.nii.gz,4,RA,1,1,1.0,469683
648_stage3.nii.gz,5,RV,1,1,1.0,948592
648_stage3.nii.gz,6,Aorta,2,2,0.5644633244958625,597456
648_stage3.nii.gz,7,PA,1,1,1.0,227159
648_stage3.nii.gz,8,LAA,1,1,1.0,36102
648_stage3.nii.gz,9,Coronary,1,1,1.0,18020
648_stage3.nii.gz,10,PV,3,3,0.43508908363991666,100299
652_stage3.nii.gz,1,Myocardium,1,1,1.0,663708
652_stage3.nii.gz,2,LA,1,1,1.0,388862
652_stage3.nii.gz,3,LV,1,1,1.0,713578
652_stage3.nii.gz,4,RA,1,1,1.0,467649
652_stage3.nii.gz,5,RV,1,1,1.0,1006229
652_stage3.nii.gz,6,Aorta,2,2,0.5140686012468448,564946
652_stage3.nii.gz,7,PA,1,1,1.0,247333
652_stage3.nii.gz,8,LAA,1,1,1.0,23572
652_stage3.nii.gz,9,Coronary,1,1,1.0,12047
652_stage3.nii.gz,10,PV,3,3,0.512234332618041,141201
656_stage3.nii.gz,1,Myocardium,1,1,1.0,640927
656_stage3.nii.gz,2,LA,1,1,1.0,416445
656_stage3.nii.gz,3,LV,1,1,1.0,668916
656_stage3.nii.gz,4,RA,1,1,1.0,493691
656_stage3.nii.gz,5,RV,1,1,1.0,809780
656_stage3.nii.gz,6,Aorta,2,2,0.5669379172545075,592564
656_stage3.nii.gz,7,PA,2,1,0.9884328341563731,224169
656_stage3.nii.gz,8,LAA,1,1,1.0,43942
656_stage3.nii.gz,9,Coronary,1,1,1.0,14510
656_stage3.nii.gz,10,PV,2,2,0.5639616416591685,123363
651_stage3.nii.gz,1,Myocardium,1,1,1.0,500082
651_stage3.nii.gz,2,LA,1,1,1.0,494648
651_stage3.nii.gz,3,LV,1,1,1.0,610505
651_stage3.nii.gz,4,RA,1,1,1.0,632268
651_stage3.nii.gz,5,RV,1,1,1.0,676072
651_stage3.nii.gz,6,Aorta,2,2,0.5168724725103805,517559
651_stage3.nii.gz,7,PA,1,1,1.0,330746
651_stage3.nii.gz,8,LAA,1,1,1.0,43854
651_stage3.nii.gz,9,Coronary,1,1,1.0,7590
651_stage3.nii.gz,10,PV,2,2,0.6533502211332821,96322
653_stage3.nii.gz,1,Myocardium,1,1,1.0,581958
653_stage3.nii.gz,2,LA,1,1,1.0,356828
653_stage3.nii.gz,3,LV,1,1,1.0,514042
653_stage3.nii.gz,4,RA,1,1,1.0,346430
653_stage3.nii.gz,5,RV,1,1,1.0,577648
653_stage3.nii.gz,6,Aorta,1,1,1.0,603071
653_stage3.nii.gz,7,PA,1,1,1.0,277359
653_stage3.nii.gz,8,LAA,1,1,1.0,58916
653_stage3.nii.gz,9,Coronary,1,1,1.0,12985
653_stage3.nii.gz,10,PV,3,3,0.49711304163576653,113268
655_stage3.nii.gz,1,Myocardium,1,1,1.0,482057
655_stage3.nii.gz,2,LA,1,1,1.0,245033
655_stage3.nii.gz,3,LV,1,1,1.0,515900
655_stage3.nii.gz,4,RA,1,1,1.0,366141
655_stage3.nii.gz,5,RV,1,1,1.0,920875
655_stage3.nii.gz,6,Aorta,2,2,0.515156357113772,388022
655_stage3.nii.gz,7,PA,1,1,1.0,221133
655_stage3.nii.gz,8,LAA,1,1,1.0,69727
655_stage3.nii.gz,9,Coronary,2,2,0.6171403962101637,9288
655_stage3.nii.gz,10,PV,3,3,0.37213606191306475,65382
657_stage3.nii.gz,1,Myocardium,1,1,1.0,823054
657_stage3.nii.gz,2,LA,1,1,1.0,463622
657_stage3.nii.gz,3,LV,1,1,1.0,781645
657_stage3.nii.gz,4,RA,1,1,1.0,499736
657_stage3.nii.gz,5,RV,1,1,1.0,824976
657_stage3.nii.gz,6,Aorta,2,2,0.5820121292830406,444544
657_stage3.nii.gz,7,PA,2,2,0.750801138930624,95177
657_stage3.nii.gz,8,LAA,1,1,1.0,70074
657_stage3.nii.gz,9,Coronary,1,1,1.0,17577
657_stage3.nii.gz,10,PV,3,3,0.4733643700749843,104822
64_stage3.nii.gz,1,Myocardium,1,1,1.0,500497
64_stage3.nii.gz,2,LA,1,1,1.0,456015
64_stage3.nii.gz,3,LV,1,1,1.0,503710
64_stage3.nii.gz,4,RA,1,1,1.0,378306
64_stage3.nii.gz,5,RV,1,1,1.0,527370
64_stage3.nii.gz,6,Aorta,2,2,0.5004575417050339,698297
64_stage3.nii.gz,7,PA,1,1,1.0,340021
64_stage3.nii.gz,8,LAA,1,1,1.0,55540
64_stage3.nii.gz,9,Coronary,1,1,1.0,26001
64_stage3.nii.gz,10,PV,2,2,0.5633873308753607,119882
662_stage3.nii.gz,1,Myocardium,1,1,1.0,603960
662_stage3.nii.gz,2,LA,1,1,1.0,326119
662_stage3.nii.gz,3,LV,1,1,1.0,668293
662_stage3.nii.gz,4,RA,1,1,1.0,473238
662_stage3.nii.gz,5,RV,1,1,1.0,839755
662_stage3.nii.gz,6,Aorta,2,2,0.5716988593155894,493125
662_stage3.nii.gz,7,PA,1,1,1.0,226899
662_stage3.nii.gz,8,LAA,1,1,1.0,55940
662_stage3.nii.gz,9,Coronary,1,1,1.0,9814
662_stage3.nii.gz,10,PV,3,3,0.5511840020554104,116765
658_stage3.nii.gz,1,Myocardium,1,1,1.0,604425
658_stage3.nii.gz,2,LA,1,1,1.0,515425
658_stage3.nii.gz,3,LV,1,1,1.0,737132
658_stage3.nii.gz,4,RA,1,1,1.0,512824
658_stage3.nii.gz,5,RV,1,1,1.0,743648
658_stage3.nii.gz,6,Aorta,2,2,0.5473650177820886,634065
658_stage3.nii.gz,7,PA,1,1,1.0,323161
658_stage3.nii.gz,8,LAA,1,1,1.0,50084
658_stage3.nii.gz,9,Coronary,1,1,1.0,12584
658_stage3.nii.gz,10,PV,2,2,0.5156392085541376,127564
663_stage3.nii.gz,1,Myocardium,1,1,1.0,838949
663_stage3.nii.gz,2,LA,3,1,0.9999944988447574,727120
663_stage3.nii.gz,3,LV,1,1,1.0,934488
663_stage3.nii.gz,4,RA,1,1,1.0,512892
663_stage3.nii.gz,5,RV,1,1,1.0,713170
663_stage3.nii.gz,6,Aorta,2,2,0.6078338513870154,682040
663_stage3.nii.gz,7,PA,2,1,0.9818345560074482,312021
663_stage3.nii.gz,8,LAA,1,1,1.0,147046
663_stage3.nii.gz,9,Coronary,1,1,1.0,24041
663_stage3.nii.gz,10,PV,2,2,0.5263031197843112,124624
664_stage3.nii.gz,1,Myocardium,1,1,1.0,749395
664_stage3.nii.gz,2,LA,1,1,1.0,490333
664_stage3.nii.gz,3,LV,1,1,1.0,855021
664_stage3.nii.gz,4,RA,1,1,1.0,626499
664_stage3.nii.gz,5,RV,1,1,1.0,1002518
664_stage3.nii.gz,6,Aorta,2,2,0.5394930565725182,635061
664_stage3.nii.gz,7,PA,2,2,0.5122092795742406,153326
664_stage3.nii.gz,8,LAA,1,1,1.0,52383
664_stage3.nii.gz,9,Coronary,2,2,0.6729032069459467,34207
664_stage3.nii.gz,10,PV,3,3,0.4016577607052731,151771
660_stage3.nii.gz,1,Myocardium,1,1,1.0,548889
660_stage3.nii.gz,2,LA,1,1,1.0,370726
660_stage3.nii.gz,3,LV,1,1,1.0,502347
660_stage3.nii.gz,4,RA,1,1,1.0,391115
660_stage3.nii.gz,5,RV,1,1,1.0,657221
660_stage3.nii.gz,6,Aorta,2,2,0.596910362133452,714129
660_stage3.nii.gz,7,PA,1,1,1.0,275915
660_stage3.nii.gz,8,LAA,1,1,1.0,53439
660_stage3.nii.gz,9,Coronary,1,1,1.0,12064
660_stage3.nii.gz,10,PV,3,3,0.565676528127121,100188
661_stage3.nii.gz,1,Myocardium,1,1,1.0,643094
661_stage3.nii.gz,2,LA,1,1,1.0,293256
661_stage3.nii.gz,3,LV,1,1,1.0,594740
661_stage3.nii.gz,4,RA,1,1,1.0,289988
661_stage3.nii.gz,5,RV,1,1,1.0,754053
661_stage3.nii.gz,6,Aorta,2,2,0.542022440726948,662991
661_stage3.nii.gz,7,PA,1,1,1.0,263889
661_stage3.nii.gz,8,LAA,1,1,1.0,31754
661_stage3.nii.gz,9,Coronary,1,1,1.0,14809
661_stage3.nii.gz,10,PV,3,3,0.48080866740467854,110206
624_stage3.nii.gz,1,Myocardium,1,1,1.0,675564
624_stage3.nii.gz,2,LA,1,1,1.0,375590
624_stage3.nii.gz,3,LV,1,1,1.0,697581
624_stage3.nii.gz,4,RA,1,1,1.0,529412
624_stage3.nii.gz,5,RV,1,1,1.0,839449
624_stage3.nii.gz,6,Aorta,2,2,0.5414501859384859,595896
624_stage3.nii.gz,7,PA,2,1,0.9555368549898634,261430
624_stage3.nii.gz,8,LAA,1,1,1.0,50926
624_stage3.nii.gz,9,Coronary,2,2,0.6978258529759983,18582
624_stage3.nii.gz,10,PV,2,2,0.5190127523773983,155422
654_stage3.nii.gz,1,Myocardium,1,1,1.0,532063
654_stage3.nii.gz,2,LA,1,1,1.0,385916
654_stage3.nii.gz,3,LV,1,1,1.0,604158
654_stage3.nii.gz,4,RA,1,1,1.0,389267
654_stage3.nii.gz,5,RV,1,1,1.0,721036
654_stage3.nii.gz,6,Aorta,2,2,0.6320120033694804,618493
654_stage3.nii.gz,7,PA,1,1,1.0,301679
654_stage3.nii.gz,8,LAA,1,1,1.0,57631
654_stage3.nii.gz,9,Coronary,1,1,1.0,8538
654_stage3.nii.gz,10,PV,2,2,0.5580604553339781,130278
659_stage3.nii.gz,1,Myocardium,1,1,1.0,693897
659_stage3.nii.gz,2,LA,1,1,1.0,495344
659_stage3.nii.gz,3,LV,1,1,1.0,724466
659_stage3.nii.gz,4,RA,1,1,1.0,649676
659_stage3.nii.gz,5,RV,1,1,1.0,908756
659_stage3.nii.gz,6,Aorta,2,2,0.5372914371593869,548276
659_stage3.nii.gz,7,PA,2,1,0.9618403127874303,316381
659_stage3.nii.gz,8,LAA,1,1,1.0,58933
659_stage3.nii.gz,9,Coronary,1,1,1.0,13383
659_stage3.nii.gz,10,PV,2,2,0.5289675638282053,154673
667_stage3.nii.gz,1,Myocardium,1,1,1.0,572080
667_stage3.nii.gz,2,LA,1,1,1.0,359239
667_stage3.nii.gz,3,LV,1,1,1.0,643546
667_stage3.nii.gz,4,RA,1,1,1.0,488765
667_stage3.nii.gz,5,RV,1,1,1.0,706668
667_stage3.nii.gz,6,Aorta,2,2,0.5213822072762718,583733
667_stage3.nii.gz,7,PA,1,1,1.0,250663
667_stage3.nii.gz,8,LAA,1,1,1.0,45905
667_stage3.nii.gz,9,Coronary,2,2,0.9296271288168655,13329
667_stage3.nii.gz,10,PV,3,3,0.567942833904607,103278
65_stage3.nii.gz,1,Myocardium,1,1,1.0,845024
65_stage3.nii.gz,2,LA,1,1,1.0,549563
65_stage3.nii.gz,3,LV,1,1,1.0,936548
65_stage3.nii.gz,4,RA,1,1,1.0,542930
65_stage3.nii.gz,5,RV,1,1,1.0,1103105
65_stage3.nii.gz,6,Aorta,2,2,0.5276620235861847,542097
65_stage3.nii.gz,7,PA,2,2,0.8916105601340969,178975
65_stage3.nii.gz,8,LAA,1,1,1.0,60813
65_stage3.nii.gz,9,Coronary,1,1,1.0,21280
65_stage3.nii.gz,10,PV,2,2,0.5847487461542779,195997
665_stage3.nii.gz,1,Myocardium,1,1,1.0,839486
665_stage3.nii.gz,2,LA,1,1,1.0,619832
665_stage3.nii.gz,3,LV,1,1,1.0,982799
665_stage3.nii.gz,4,RA,1,1,1.0,729147
665_stage3.nii.gz,5,RV,1,1,1.0,1205924
665_stage3.nii.gz,6,Aorta,2,2,0.551337113297997,525049
665_stage3.nii.gz,7,PA,2,2,0.5194331211925881,110147
665_stage3.nii.gz,8,LAA,1,1,1.0,30326
665_stage3.nii.gz,9,Coronary,1,1,1.0,18572
665_stage3.nii.gz,10,PV,2,2,0.5369982621076655,191036
669_stage3.nii.gz,1,Myocardium,1,1,1.0,795894
669_stage3.nii.gz,2,LA,1,1,1.0,299165
669_stage3.nii.gz,3,LV,1,1,1.0,863234
669_stage3.nii.gz,4,RA,1,1,1.0,435619
669_stage3.nii.gz,5,RV,1,1,1.0,1162473
669_stage3.nii.gz,6,Aorta,2,2,0.5598694731031796,492772
669_stage3.nii.gz,7,PA,1,1,1.0,231556
669_stage3.nii.gz,8,LAA,1,1,1.0,46326
669_stage3.nii.gz,9,Coronary,1,1,1.0,17388
669_stage3.nii.gz,10,PV,2,2,0.5893898332922723,133947
671_stage3.nii.gz,1,Myocardium,1,1,1.0,785103
671_stage3.nii.gz,2,LA,1,1,1.0,436657
671_stage3.nii.gz,3,LV,1,1,1.0,811023
671_stage3.nii.gz,4,RA,1,1,1.0,692921
671_stage3.nii.gz,5,RV,1,1,1.0,1043467
671_stage3.nii.gz,6,Aorta,2,2,0.5066404537752451,611404
671_stage3.nii.gz,7,PA,2,1,0.9624775818685315,221361
671_stage3.nii.gz,8,LAA,1,1,1.0,66703
671_stage3.nii.gz,9,Coronary,1,1,1.0,21781
671_stage3.nii.gz,10,PV,2,2,0.5748156500838292,134798
672_stage3.nii.gz,1,Myocardium,1,1,1.0,720771
672_stage3.nii.gz,2,LA,1,1,1.0,374537
672_stage3.nii.gz,3,LV,1,1,1.0,727748
672_stage3.nii.gz,4,RA,1,1,1.0,546204
672_stage3.nii.gz,5,RV,1,1,1.0,1025767
672_stage3.nii.gz,6,Aorta,2,2,0.5976237643675272,397772
672_stage3.nii.gz,7,PA,2,2,0.6958374686204682,34258
672_stage3.nii.gz,8,LAA,1,1,1.0,44998
672_stage3.nii.gz,9,Coronary,1,1,1.0,13834
672_stage3.nii.gz,10,PV,3,3,0.40447617600891184,98745
668_stage3.nii.gz,1,Myocardium,1,1,1.0,651046
668_stage3.nii.gz,2,LA,1,1,1.0,310634
668_stage3.nii.gz,3,LV,1,1,1.0,658049
668_stage3.nii.gz,4,RA,1,1,1.0,481689
668_stage3.nii.gz,5,RV,1,1,1.0,879074
668_stage3.nii.gz,6,Aorta,2,2,0.5378404448103619,453047
668_stage3.nii.gz,7,PA,1,1,1.0,222830
668_stage3.nii.gz,8,LAA,1,1,1.0,26722
668_stage3.nii.gz,9,Coronary,1,1,1.0,20259
668_stage3.nii.gz,10,PV,3,3,0.5410274074625754,107416
666_stage3.nii.gz,1,Myocardium,1,1,1.0,625795
666_stage3.nii.gz,2,LA,1,1,1.0,301161
666_stage3.nii.gz,3,LV,1,1,1.0,635575
666_stage3.nii.gz,4,RA,1,1,1.0,395906
666_stage3.nii.gz,5,RV,1,1,1.0,719522
666_stage3.nii.gz,6,Aorta,2,2,0.5009266381638969,559010
666_stage3.nii.gz,7,PA,1,1,1.0,212350
666_stage3.nii.gz,8,LAA,1,1,1.0,35053
666_stage3.nii.gz,9,Coronary,1,1,1.0,14452
666_stage3.nii.gz,10,PV,2,2,0.511264153145792,111371
670_stage3.nii.gz,1,Myocardium,1,1,1.0,550599
670_stage3.nii.gz,2,LA,1,1,1.0,337145
670_stage3.nii.gz,3,LV,1,1,1.0,566533
670_stage3.nii.gz,4,RA,1,1,1.0,363441
670_stage3.nii.gz,5,RV,1,1,1.0,679227
670_stage3.nii.gz,6,Aorta,2,2,0.5256576342854254,593605
670_stage3.nii.gz,7,PA,1,1,1.0,278841
670_stage3.nii.gz,8,LAA,1,1,1.0,60011
670_stage3.nii.gz,9,Coronary,2,2,0.7903502326720548,12249
670_stage3.nii.gz,10,PV,3,3,0.495710772985265,108178
690_stage3.nii.gz,1,Myocardium,1,1,1.0,832009
690_stage3.nii.gz,2,LA,1,1,1.0,681951
690_stage3.nii.gz,3,LV,1,1,1.0,925071
690_stage3.nii.gz,4,RA,1,1,1.0,735030
690_stage3.nii.gz,5,RV,1,1,1.0,1013232
690_stage3.nii.gz,6,Aorta,2,2,0.6095179987797438,604791
690_stage3.nii.gz,7,PA,2,2,0.807615530492065,60114
690_stage3.nii.gz,8,LAA,1,1,1.0,79846
690_stage3.nii.gz,9,Coronary,1,1,1.0,17609
690_stage3.nii.gz,10,PV,2,2,0.6392770797828069,126155
674_stage3.nii.gz,1,Myocardium,1,1,1.0,756856
674_stage3.nii.gz,2,LA,1,1,1.0,360730
674_stage3.nii.gz,3,LV,1,1,1.0,930065
674_stage3.nii.gz,4,RA,1,1,1.0,509256
674_stage3.nii.gz,5,RV,1,1,1.0,1021995
674_stage3.nii.gz,6,Aorta,2,2,0.5720138445789935,435694
674_stage3.nii.gz,7,PA,1,1,1.0,227380
674_stage3.nii.gz,8,LAA,1,1,1.0,52689
674_stage3.nii.gz,9,Coronary,2,2,0.8315254237288136,14750
674_stage3.nii.gz,10,PV,2,2,0.5703014212088083,160075
692_stage3.nii.gz,1,Myocardium,1,1,1.0,922691
692_stage3.nii.gz,2,LA,1,1,1.0,540456
692_stage3.nii.gz,3,LV,1,1,1.0,788685
692_stage3.nii.gz,4,RA,1,1,1.0,534637
692_stage3.nii.gz,5,RV,1,1,1.0,950060
692_stage3.nii.gz,6,Aorta,2,2,0.543183316952315,711189
692_stage3.nii.gz,7,PA,2,2,0.6978436607705715,107868
692_stage3.nii.gz,8,LAA,1,1,1.0,56935
692_stage3.nii.gz,9,Coronary,1,1,1.0,24181
692_stage3.nii.gz,10,PV,2,2,0.5764771228216344,115224
689_stage3.nii.gz,1,Myocardium,1,1,1.0,899952
689_stage3.nii.gz,2,LA,1,1,1.0,489892
689_stage3.nii.gz,3,LV,1,1,1.0,1032254
689_stage3.nii.gz,4,RA,1,1,1.0,537039
689_stage3.nii.gz,5,RV,1,1,1.0,1186731
689_stage3.nii.gz,6,Aorta,2,2,0.5463053446590994,452302
689_stage3.nii.gz,7,PA,2,1,0.9556860480041073,124656
689_stage3.nii.gz,8,LAA,1,1,1.0,84795
689_stage3.nii.gz,9,Coronary,1,1,1.0,19780
689_stage3.nii.gz,10,PV,2,2,0.5062515234503822,139486
673_stage3.nii.gz,1,Myocardium,1,1,1.0,584064
673_stage3.nii.gz,2,LA,2,1,0.9999950975525757,815919
673_stage3.nii.gz,3,LV,1,1,1.0,696242
673_stage3.nii.gz,4,RA,1,1,1.0,837928
673_stage3.nii.gz,5,RV,1,1,1.0,810079
673_stage3.nii.gz,6,Aorta,2,2,0.5273293794633196,591488
673_stage3.nii.gz,7,PA,1,1,1.0,196869
673_stage3.nii.gz,8,LAA,1,1,1.0,32060
673_stage3.nii.gz,9,Coronary,1,1,1.0,9343
673_stage3.nii.gz,10,PV,3,3,0.4198744635880356,124904
675_stage3.nii.gz,1,Myocardium,1,1,1.0,572199
675_stage3.nii.gz,2,LA,1,1,1.0,329743
675_stage3.nii.gz,3,LV,1,1,1.0,728469
675_stage3.nii.gz,4,RA,1,1,1.0,479760
675_stage3.nii.gz,5,RV,1,1,1.0,928302
675_stage3.nii.gz,6,Aorta,1,1,1.0,534659
675_stage3.nii.gz,7,PA,1,1,1.0,237086
675_stage3.nii.gz,8,LAA,1,1,1.0,62013
675_stage3.nii.gz,9,Coronary,1,1,1.0,10376
675_stage3.nii.gz,10,PV,3,3,0.5363547685150446,119943
66_stage3.nii.gz,1,Myocardium,1,1,1.0,511112
66_stage3.nii.gz,2,LA,1,1,1.0,477703
66_stage3.nii.gz,3,LV,1,1,1.0,570291
66_stage3.nii.gz,4,RA,1,1,1.0,424376
66_stage3.nii.gz,5,RV,1,1,1.0,589184
66_stage3.nii.gz,6,Aorta,2,2,0.5134012908622407,564274
66_stage3.nii.gz,7,PA,1,1,1.0,276182
66_stage3.nii.gz,8,LAA,1,1,1.0,51588
66_stage3.nii.gz,9,Coronary,2,2,0.9160612817377545,13903
66_stage3.nii.gz,10,PV,2,2,0.5510059117364007,130926
677_stage3.nii.gz,1,Myocardium,1,1,1.0,1086882
677_stage3.nii.gz,2,LA,1,1,1.0,396453
677_stage3.nii.gz,3,LV,1,1,1.0,996995
677_stage3.nii.gz,4,RA,1,1,1.0,379503
677_stage3.nii.gz,5,RV,2,1,0.9999987994333326,832940
677_stage3.nii.gz,6,Aorta,2,2,0.6229676233564259,848760
677_stage3.nii.gz,7,PA,1,1,1.0,104618
677_stage3.nii.gz,8,LAA,1,1,1.0,67610
677_stage3.nii.gz,9,Coronary,2,1,0.9782628662400882,32663
677_stage3.nii.gz,10,PV,2,2,0.6314234670192862,71087
676_stage3.nii.gz,1,Myocardium,1,1,1.0,674159
676_stage3.nii.gz,2,LA,1,1,1.0,399135
676_stage3.nii.gz,3,LV,1,1,1.0,649255
676_stage3.nii.gz,4,RA,1,1,1.0,426295
676_stage3.nii.gz,5,RV,1,1,1.0,859016
676_stage3.nii.gz,6,Aorta,2,2,0.5063600095871702,705109
676_stage3.nii.gz,7,PA,1,1,1.0,244678
676_stage3.nii.gz,8,LAA,1,1,1.0,55338
676_stage3.nii.gz,9,Coronary,1,1,1.0,11605
676_stage3.nii.gz,10,PV,2,2,0.5282182571201633,141008
680_stage3.nii.gz,1,Myocardium,1,1,1.0,824583
680_stage3.nii.gz,2,LA,1,1,1.0,687224
680_stage3.nii.gz,3,LV,1,1,1.0,922174
680_stage3.nii.gz,4,RA,1,1,1.0,677969
680_stage3.nii.gz,5,RV,1,1,1.0,958015
680_stage3.nii.gz,6,Aorta,2,2,0.627803925280285,464884
680_stage3.nii.gz,7,PA,2,2,0.8857579050872018,154584
680_stage3.nii.gz,8,LAA,1,1,1.0,98884
680_stage3.nii.gz,9,Coronary,1,1,1.0,14610
680_stage3.nii.gz,10,PV,3,3,0.5550808721162981,167363
696_stage3.nii.gz,1,Myocardium,1,1,1.0,770752
696_stage3.nii.gz,2,LA,1,1,1.0,542342
696_stage3.nii.gz,3,LV,1,1,1.0,970084
696_stage3.nii.gz,4,RA,1,1,1.0,609971
696_stage3.nii.gz,5,RV,1,1,1.0,1012468
696_stage3.nii.gz,6,Aorta,2,2,0.5422608249638885,530302
696_stage3.nii.gz,7,PA,1,1,1.0,119102
696_stage3.nii.gz,8,LAA,1,1,1.0,79345
696_stage3.nii.gz,9,Coronary,1,1,1.0,16931
696_stage3.nii.gz,10,PV,3,3,0.5181763523167333,154679
697_stage3.nii.gz,1,Myocardium,1,1,1.0,930401
697_stage3.nii.gz,2,LA,1,1,1.0,460124
697_stage3.nii.gz,3,LV,1,1,1.0,1009185
697_stage3.nii.gz,4,RA,1,1,1.0,846876
697_stage3.nii.gz,5,RV,1,1,1.0,1403965
697_stage3.nii.gz,6,Aorta,2,2,0.5949664650557477,440287
697_stage3.nii.gz,7,PA,2,2,0.7790377059350658,58028
697_stage3.nii.gz,8,LAA,1,1,1.0,61947
697_stage3.nii.gz,9,Coronary,2,2,0.7947171789998033,15257
697_stage3.nii.gz,10,PV,2,2,0.5591690948397405,159585
678_stage3.nii.gz,1,Myocardium,1,1,1.0,933820
678_stage3.nii.gz,2,LA,1,1,1.0,447570
678_stage3.nii.gz,3,LV,1,1,1.0,1113316
678_stage3.nii.gz,4,RA,1,1,1.0,659345
678_stage3.nii.gz,5,RV,1,1,1.0,1309300
678_stage3.nii.gz,6,Aorta,2,2,0.5829772618915811,442561
678_stage3.nii.gz,7,PA,2,2,0.6180452613894654,20238
678_stage3.nii.gz,8,LAA,1,1,1.0,30623
678_stage3.nii.gz,9,Coronary,2,2,0.8827175352027922,16618
678_stage3.nii.gz,10,PV,3,3,0.37180859195841615,117738
700_stage3.nii.gz,1,Myocardium,1,1,1.0,794126
700_stage3.nii.gz,2,LA,1,1,1.0,525419
700_stage3.nii.gz,3,LV,1,1,1.0,854166
700_stage3.nii.gz,4,RA,1,1,1.0,728596
700_stage3.nii.gz,5,RV,1,1,1.0,1155433
700_stage3.nii.gz,6,Aorta,2,2,0.6066512502720813,537523
700_stage3.nii.gz,7,PA,2,2,0.5165156500990316,128242
700_stage3.nii.gz,8,LAA,1,1,1.0,46042
700_stage3.nii.gz,9,Coronary,2,2,0.8286246952531192,20919
700_stage3.nii.gz,10,PV,3,3,0.6223678122085038,136151
681_stage3.nii.gz,1,Myocardium,1,1,1.0,880446
681_stage3.nii.gz,2,LA,1,1,1.0,675531
681_stage3.nii.gz,3,LV,1,1,1.0,964950
681_stage3.nii.gz,4,RA,1,1,1.0,737212
681_stage3.nii.gz,5,RV,1,1,1.0,1159616
681_stage3.nii.gz,6,Aorta,2,2,0.5171477459726608,732866
681_stage3.nii.gz,7,PA,2,2,0.7772632971526504,99777
681_stage3.nii.gz,8,LAA,1,1,1.0,83774
681_stage3.nii.gz,9,Coronary,2,1,0.9895644986309862,19357
681_stage3.nii.gz,10,PV,2,2,0.5300864760989671,166520
693_stage3.nii.gz,1,Myocardium,1,1,1.0,826088
693_stage3.nii.gz,2,LA,1,1,1.0,568953
693_stage3.nii.gz,3,LV,1,1,1.0,892964
693_stage3.nii.gz,4,RA,1,1,1.0,602820
693_stage3.nii.gz,5,RV,1,1,1.0,1049724
693_stage3.nii.gz,6,Aorta,2,2,0.5016161331917329,518831
693_stage3.nii.gz,7,PA,2,2,0.589689205622013,141444
693_stage3.nii.gz,8,LAA,1,1,1.0,44683
693_stage3.nii.gz,9,Coronary,1,1,1.0,17616
693_stage3.nii.gz,10,PV,3,3,0.4530004837436668,157108
704_stage3.nii.gz,1,Myocardium,1,1,1.0,710372
704_stage3.nii.gz,2,LA,1,1,1.0,388601
704_stage3.nii.gz,3,LV,1,1,1.0,463066
704_stage3.nii.gz,4,RA,1,1,1.0,417561
704_stage3.nii.gz,5,RV,1,1,1.0,573542
704_stage3.nii.gz,6,Aorta,2,2,0.5543035351270956,555369
704_stage3.nii.gz,7,PA,1,1,1.0,201575
704_stage3.nii.gz,8,LAA,1,1,1.0,48966
704_stage3.nii.gz,9,Coronary,1,1,1.0,17086
704_stage3.nii.gz,10,PV,4,4,0.33254221461364875,102808
701_stage3.nii.gz,1,Myocardium,1,1,1.0,993407
701_stage3.nii.gz,2,LA,1,1,1.0,457556
701_stage3.nii.gz,3,LV,1,1,1.0,805100
701_stage3.nii.gz,4,RA,1,1,1.0,715258
701_stage3.nii.gz,5,RV,1,1,1.0,1169671
701_stage3.nii.gz,6,Aorta,2,2,0.5342932356644157,436850
701_stage3.nii.gz,7,PA,2,2,0.734092213714001,92329
701_stage3.nii.gz,8,LAA,1,1,1.0,43496
701_stage3.nii.gz,9,Coronary,2,1,0.9506051538564602,22391
701_stage3.nii.gz,10,PV,2,2,0.5768400411045432,106071
695_stage3.nii.gz,1,Myocardium,1,1,1.0,769780
695_stage3.nii.gz,2,LA,1,1,1.0,556276
695_stage3.nii.gz,3,LV,1,1,1.0,1031675
695_stage3.nii.gz,4,RA,1,1,1.0,548191
695_stage3.nii.gz,5,RV,1,1,1.0,1139541
695_stage3.nii.gz,6,Aorta,2,2,0.6320888830566673,365784
695_stage3.nii.gz,7,PA,2,2,0.5411879876767153,69462
695_stage3.nii.gz,8,LAA,1,1,1.0,47376
695_stage3.nii.gz,9,Coronary,1,1,1.0,8884
695_stage3.nii.gz,10,PV,2,2,0.5074883969339321,132939
698_stage3.nii.gz,1,Myocardium,1,1,1.0,688165
698_stage3.nii.gz,2,LA,1,1,1.0,431946
698_stage3.nii.gz,3,LV,1,1,1.0,717707
698_stage3.nii.gz,4,RA,1,1,1.0,496337
698_stage3.nii.gz,5,RV,1,1,1.0,991386
698_stage3.nii.gz,6,Aorta,2,2,0.5218909733465861,479901
698_stage3.nii.gz,7,PA,1,1,1.0,277524
698_stage3.nii.gz,8,LAA,1,1,1.0,34026
698_stage3.nii.gz,9,Coronary,1,1,1.0,15957
698_stage3.nii.gz,10,PV,2,2,0.5878235246688706,136427
683_stage3.nii.gz,1,Myocardium,1,1,1.0,938409
683_stage3.nii.gz,2,LA,1,1,1.0,364727
683_stage3.nii.gz,3,LV,1,1,1.0,988632
683_stage3.nii.gz,4,RA,1,1,1.0,459444
683_stage3.nii.gz,5,RV,1,1,1.0,1246095
683_stage3.nii.gz,6,Aorta,2,2,0.5937454901143306,498904
683_stage3.nii.gz,7,PA,2,2,0.7332491582491583,11880
683_stage3.nii.gz,8,LAA,1,1,1.0,41463
683_stage3.nii.gz,9,Coronary,1,1,1.0,13318
683_stage3.nii.gz,10,PV,3,3,0.44081341896419307,89843
682_stage3.nii.gz,1,Myocardium,1,1,1.0,831577
682_stage3.nii.gz,2,LA,1,1,1.0,498645
682_stage3.nii.gz,3,LV,1,1,1.0,907137
682_stage3.nii.gz,4,RA,1,1,1.0,522797
682_stage3.nii.gz,5,RV,1,1,1.0,980426
682_stage3.nii.gz,6,Aorta,2,2,0.5020363427284597,667864
682_stage3.nii.gz,7,PA,2,1,0.9821591023956333,118716
682_stage3.nii.gz,8,LAA,1,1,1.0,63503
682_stage3.nii.gz,9,Coronary,2,2,0.7572502087392151,17965
682_stage3.nii.gz,10,PV,2,2,0.6489623702381948,107601
703_stage3.nii.gz,1,Myocardium,1,1,1.0,603512
703_stage3.nii.gz,2,LA,1,1,1.0,375834
703_stage3.nii.gz,3,LV,1,1,1.0,587838
703_stage3.nii.gz,4,RA,1,1,1.0,345277
703_stage3.nii.gz,5,RV,1,1,1.0,724798
703_stage3.nii.gz,6,Aorta,2,2,0.5849350548187962,667563
703_stage3.nii.gz,7,PA,1,1,1.0,262203
703_stage3.nii.gz,8,LAA,1,1,1.0,43628
703_stage3.nii.gz,9,Coronary,1,1,1.0,23458
703_stage3.nii.gz,10,PV,3,3,0.4200498609646179,104290
705_stage3.nii.gz,1,Myocardium,1,1,1.0,689385
705_stage3.nii.gz,2,LA,1,1,1.0,468276
705_stage3.nii.gz,3,LV,1,1,1.0,637924
705_stage3.nii.gz,4,RA,1,1,1.0,525582
705_stage3.nii.gz,5,RV,1,1,1.0,832223
705_stage3.nii.gz,6,Aorta,2,2,0.5979673298462166,637585
705_stage3.nii.gz,7,PA,2,1,0.9779779934474871,258832
705_stage3.nii.gz,8,LAA,1,1,1.0,95057
705_stage3.nii.gz,9,Coronary,2,1,0.9859924359153943,7139
705_stage3.nii.gz,10,PV,3,3,0.5235064180444773,151448
679_stage3.nii.gz,1,Myocardium,1,1,1.0,686601
679_stage3.nii.gz,2,LA,1,1,1.0,372696
679_stage3.nii.gz,3,LV,1,1,1.0,883411
679_stage3.nii.gz,4,RA,1,1,1.0,581479
679_stage3.nii.gz,5,RV,1,1,1.0,968157
679_stage3.nii.gz,6,Aorta,2,2,0.5983115813482007,505088
679_stage3.nii.gz,7,PA,2,1,0.9803772898216668,131888
679_stage3.nii.gz,8,LAA,1,1,1.0,71891
679_stage3.nii.gz,9,Coronary,1,1,1.0,21175
679_stage3.nii.gz,10,PV,3,3,0.5279629438357579,125863
702_stage3.nii.gz,1,Myocardium,1,1,1.0,676687
702_stage3.nii.gz,2,LA,1,1,1.0,442184
702_stage3.nii.gz,3,LV,1,1,1.0,678597
702_stage3.nii.gz,4,RA,1,1,1.0,409515
702_stage3.nii.gz,5,RV,1,1,1.0,842932
702_stage3.nii.gz,6,Aorta,2,2,0.524214519101403,707592
702_stage3.nii.gz,7,PA,1,1,1.0,228849
702_stage3.nii.gz,8,LAA,1,1,1.0,55218
702_stage3.nii.gz,9,Coronary,1,1,1.0,12859
702_stage3.nii.gz,10,PV,2,2,0.5126206313199277,104036
711_stage3.nii.gz,1,Myocardium,1,1,1.0,609784
711_stage3.nii.gz,2,LA,1,1,1.0,473124
711_stage3.nii.gz,3,LV,1,1,1.0,673396
711_stage3.nii.gz,4,RA,1,1,1.0,424202
711_stage3.nii.gz,5,RV,1,1,1.0,803984
711_stage3.nii.gz,6,Aorta,2,2,0.5481151348748845,768490
711_stage3.nii.gz,7,PA,1,1,1.0,297532
711_stage3.nii.gz,8,LAA,1,1,1.0,58021
711_stage3.nii.gz,9,Coronary,2,1,0.9854077998783983,11513
711_stage3.nii.gz,10,PV,3,3,0.5003154187183486,114134
714_stage3.nii.gz,1,Myocardium,1,1,1.0,688910
714_stage3.nii.gz,2,LA,1,1,1.0,645150
714_stage3.nii.gz,3,LV,1,1,1.0,850313
714_stage3.nii.gz,4,RA,1,1,1.0,678340
714_stage3.nii.gz,5,RV,1,1,1.0,928484
714_stage3.nii.gz,6,Aorta,2,2,0.5151403356781337,482486
714_stage3.nii.gz,7,PA,2,2,0.5594284888029353,110654
714_stage3.nii.gz,8,LAA,1,1,1.0,41054
714_stage3.nii.gz,9,Coronary,1,1,1.0,15342
714_stage3.nii.gz,10,PV,2,2,0.5917918196042876,136766
686_stage3.nii.gz,1,Myocardium,1,1,1.0,617784
686_stage3.nii.gz,2,LA,1,1,1.0,405985
686_stage3.nii.gz,3,LV,1,1,1.0,608478
686_stage3.nii.gz,4,RA,1,1,1.0,399317
686_stage3.nii.gz,5,RV,1,1,1.0,802364
686_stage3.nii.gz,6,Aorta,2,2,0.5426957309179912,509079
686_stage3.nii.gz,7,PA,1,1,1.0,233408
686_stage3.nii.gz,8,LAA,1,1,1.0,47012
686_stage3.nii.gz,9,Coronary,2,2,0.929556503621391,20158
686_stage3.nii.gz,10,PV,3,3,0.5823128854078382,102651
67_stage3.nii.gz,1,Myocardium,1,1,1.0,511846
67_stage3.nii.gz,2,LA,1,1,1.0,316320
67_stage3.nii.gz,3,LV,1,1,1.0,499625
67_stage3.nii.gz,4,RA,1,1,1.0,372712
67_stage3.nii.gz,5,RV,1,1,1.0,578359
67_stage3.nii.gz,6,Aorta,2,2,0.5340138285031647,564197
67_stage3.nii.gz,7,PA,1,1,1.0,305185
67_stage3.nii.gz,8,LAA,1,1,1.0,39494
67_stage3.nii.gz,9,Coronary,1,1,1.0,8737
67_stage3.nii.gz,10,PV,3,3,0.5455469865752642,87525
68_stage3.nii.gz,1,Myocardium,1,1,1.0,907272
68_stage3.nii.gz,2,LA,1,1,1.0,608161
68_stage3.nii.gz,3,LV,1,1,1.0,951647
68_stage3.nii.gz,4,RA,1,1,1.0,684759
68_stage3.nii.gz,5,RV,1,1,1.0,1263764
68_stage3.nii.gz,6,Aorta,2,2,0.5211248251049371,480288
68_stage3.nii.gz,7,PA,2,2,0.670216678534818,127793
68_stage3.nii.gz,8,LAA,1,1,1.0,63257
68_stage3.nii.gz,9,Coronary,1,1,1.0,17323
68_stage3.nii.gz,10,PV,2,2,0.5697918090292015,131706
688_stage3.nii.gz,1,Myocardium,1,1,1.0,804071
688_stage3.nii.gz,2,LA,1,1,1.0,582703
688_stage3.nii.gz,3,LV,1,1,1.0,683603
688_stage3.nii.gz,4,RA,1,1,1.0,412278
688_stage3.nii.gz,5,RV,1,1,1.0,685448
688_stage3.nii.gz,6,Aorta,2,2,0.5232399791607578,497139
688_stage3.nii.gz,7,PA,2,2,0.888126399929729,91076
688_stage3.nii.gz,8,LAA,1,1,1.0,71852
688_stage3.nii.gz,9,Coronary,1,1,1.0,27632
688_stage3.nii.gz,10,PV,2,2,0.5846984178557568,110799
707_stage3.nii.gz,1,Myocardium,1,1,1.0,743141
707_stage3.nii.gz,2,LA,1,1,1.0,601709
707_stage3.nii.gz,3,LV,1,1,1.0,861175
707_stage3.nii.gz,4,RA,1,1,1.0,619395
707_stage3.nii.gz,5,RV,1,1,1.0,963665
707_stage3.nii.gz,6,Aorta,2,2,0.6278598258494109,796552
707_stage3.nii.gz,7,PA,1,1,1.0,243365
707_stage3.nii.gz,8,LAA,1,1,1.0,90684
707_stage3.nii.gz,9,Coronary,2,2,0.9233320068974665,22617
707_stage3.nii.gz,10,PV,2,2,0.5302681554673444,175085
708_stage3.nii.gz,1,Myocardium,1,1,1.0,650057
708_stage3.nii.gz,2,LA,1,1,1.0,491198
708_stage3.nii.gz,3,LV,1,1,1.0,796424
708_stage3.nii.gz,4,RA,1,1,1.0,498936
708_stage3.nii.gz,5,RV,1,1,1.0,891055
708_stage3.nii.gz,6,Aorta,2,2,0.5074609868380185,579548
708_stage3.nii.gz,7,PA,1,1,1.0,204464
708_stage3.nii.gz,8,LAA,1,1,1.0,76167
708_stage3.nii.gz,9,Coronary,1,1,1.0,18632
708_stage3.nii.gz,10,PV,3,3,0.5272202297732661,164510
687_stage3.nii.gz,1,Myocardium,1,1,1.0,744277
687_stage3.nii.gz,2,LA,1,1,1.0,390591
687_stage3.nii.gz,3,LV,1,1,1.0,800012
687_stage3.nii.gz,4,RA,1,1,1.0,457820
687_stage3.nii.gz,5,RV,1,1,1.0,976856
687_stage3.nii.gz,6,Aorta,2,2,0.5059114025802447,502588
687_stage3.nii.gz,7,PA,1,1,1.0,207091
687_stage3.nii.gz,8,LAA,1,1,1.0,64894
687_stage3.nii.gz,9,Coronary,1,1,1.0,17794
687_stage3.nii.gz,10,PV,2,2,0.5508341700248944,145414
685_stage3.nii.gz,1,Myocardium,1,1,1.0,769650
685_stage3.nii.gz,2,LA,1,1,1.0,321261
685_stage3.nii.gz,3,LV,1,1,1.0,731071
685_stage3.nii.gz,4,RA,1,1,1.0,493034
685_stage3.nii.gz,5,RV,1,1,1.0,957746
685_stage3.nii.gz,6,Aorta,2,2,0.505724110659678,515888
685_stage3.nii.gz,7,PA,1,1,1.0,285610
685_stage3.nii.gz,8,LAA,1,1,1.0,36586
685_stage3.nii.gz,9,Coronary,1,1,1.0,21527
685_stage3.nii.gz,10,PV,3,3,0.4879034603082291,103170
684_stage3.nii.gz,1,Myocardium,1,1,1.0,587806
684_stage3.nii.gz,2,LA,1,1,1.0,354887
684_stage3.nii.gz,3,LV,1,1,1.0,560340
684_stage3.nii.gz,4,RA,1,1,1.0,384732
684_stage3.nii.gz,5,RV,1,1,1.0,668604
684_stage3.nii.gz,6,Aorta,2,2,0.5425665650203887,476489
684_stage3.nii.gz,7,PA,1,1,1.0,124265
684_stage3.nii.gz,8,LAA,1,1,1.0,25680
684_stage3.nii.gz,9,Coronary,1,1,1.0,14486
684_stage3.nii.gz,10,PV,2,2,0.6255679045811873,92225
691_stage3.nii.gz,1,Myocardium,1,1,1.0,919785
691_stage3.nii.gz,2,LA,1,1,1.0,616746
691_stage3.nii.gz,3,LV,1,1,1.0,1060716
691_stage3.nii.gz,4,RA,1,1,1.0,684795
691_stage3.nii.gz,5,RV,1,1,1.0,1205711
691_stage3.nii.gz,6,Aorta,2,2,0.5120925438685446,542359
691_stage3.nii.gz,7,PA,2,2,0.8270658090054428,88924
691_stage3.nii.gz,8,LAA,1,1,1.0,74875
691_stage3.nii.gz,9,Coronary,2,1,0.9589581279510195,19273
691_stage3.nii.gz,10,PV,2,2,0.7090857743539859,127474
718_stage3.nii.gz,1,Myocardium,1,1,1.0,835890
718_stage3.nii.gz,2,LA,1,1,1.0,370051
718_stage3.nii.gz,3,LV,1,1,1.0,711941
718_stage3.nii.gz,4,RA,1,1,1.0,424747
718_stage3.nii.gz,5,RV,1,1,1.0,1020479
718_stage3.nii.gz,6,Aorta,2,2,0.5183702110457711,655545
718_stage3.nii.gz,7,PA,2,1,0.968556511577499,212222
718_stage3.nii.gz,8,LAA,1,1,1.0,62169
718_stage3.nii.gz,9,Coronary,1,1,1.0,13776
718_stage3.nii.gz,10,PV,3,3,0.515224320852562,126114
722_stage3.nii.gz,1,Myocardium,1,1,1.0,543171
722_stage3.nii.gz,2,LA,1,1,1.0,440713
722_stage3.nii.gz,3,LV,1,1,1.0,629756
722_stage3.nii.gz,4,RA,1,1,1.0,587014
722_stage3.nii.gz,5,RV,1,1,1.0,788746
722_stage3.nii.gz,6,Aorta,2,2,0.5739464737958886,701264
722_stage3.nii.gz,7,PA,1,1,1.0,227478
722_stage3.nii.gz,8,LAA,1,1,1.0,33135
722_stage3.nii.gz,9,Coronary,1,1,1.0,13154
722_stage3.nii.gz,10,PV,3,3,0.5100591388934947,108558
69_stage3.nii.gz,1,Myocardium,1,1,1.0,669532
69_stage3.nii.gz,2,LA,1,1,1.0,326812
69_stage3.nii.gz,3,LV,1,1,1.0,758679
69_stage3.nii.gz,4,RA,1,1,1.0,410996
69_stage3.nii.gz,5,RV,1,1,1.0,996371
69_stage3.nii.gz,6,Aorta,2,2,0.5167337981238876,597832
69_stage3.nii.gz,7,PA,2,1,0.9538982273901174,244329
69_stage3.nii.gz,8,LAA,1,1,1.0,39757
69_stage3.nii.gz,9,Coronary,1,1,1.0,18843
69_stage3.nii.gz,10,PV,3,3,0.5015570086101541,144829
710_stage3.nii.gz,1,Myocardium,1,1,1.0,605418
710_stage3.nii.gz,2,LA,1,1,1.0,419853
710_stage3.nii.gz,3,LV,1,1,1.0,733225
710_stage3.nii.gz,4,RA,1,1,1.0,363144
710_stage3.nii.gz,5,RV,1,1,1.0,780219
710_stage3.nii.gz,6,Aorta,2,2,0.5515055467511886,533195
710_stage3.nii.gz,7,PA,2,1,0.9674740643617877,260838
710_stage3.nii.gz,8,LAA,1,1,1.0,57400
710_stage3.nii.gz,9,Coronary,1,1,1.0,13950
710_stage3.nii.gz,10,PV,3,3,0.4944890143116307,124025
6_stage3.nii.gz,1,Myocardium,1,1,1.0,677132
6_stage3.nii.gz,2,LA,1,1,1.0,437180
6_stage3.nii.gz,3,LV,1,1,1.0,654181
6_stage3.nii.gz,4,RA,1,1,1.0,510053
6_stage3.nii.gz,5,RV,1,1,1.0,820349
6_stage3.nii.gz,6,Aorta,2,2,0.5119307279543881,655618
6_stage3.nii.gz,7,PA,1,1,1.0,319250
6_stage3.nii.gz,8,LAA,1,1,1.0,53610
6_stage3.nii.gz,9,Coronary,2,2,0.807280915744042,10658
6_stage3.nii.gz,10,PV,2,2,0.5503622445796983,112217
712_stage3.nii.gz,1,Myocardium,1,1,1.0,843839
712_stage3.nii.gz,2,LA,1,1,1.0,422406
712_stage3.nii.gz,3,LV,1,1,1.0,780804
712_stage3.nii.gz,4,RA,1,1,1.0,507263
712_stage3.nii.gz,5,RV,1,1,1.0,973926
712_stage3.nii.gz,6,Aorta,2,2,0.6159342528855969,573105
712_stage3.nii.gz,7,PA,2,2,0.9179770762115423,49730
712_stage3.nii.gz,8,LAA,1,1,1.0,87590
712_stage3.nii.gz,9,Coronary,1,1,1.0,19088
712_stage3.nii.gz,10,PV,3,3,0.3849089106332689,99847
709_stage3.nii.gz,1,Myocardium,1,1,1.0,695733
709_stage3.nii.gz,2,LA,1,1,1.0,471512
709_stage3.nii.gz,3,LV,1,1,1.0,714422
709_stage3.nii.gz,4,RA,1,1,1.0,482234
709_stage3.nii.gz,5,RV,1,1,1.0,911022
709_stage3.nii.gz,6,Aorta,2,2,0.5624749812199455,587059
709_stage3.nii.gz,7,PA,2,2,0.9369423182644733,189176
709_stage3.nii.gz,8,LAA,1,1,1.0,67881
709_stage3.nii.gz,9,Coronary,1,1,1.0,14742
709_stage3.nii.gz,10,PV,2,2,0.5731436155543298,116032
721_stage3.nii.gz,1,Myocardium,1,1,1.0,562620
721_stage3.nii.gz,2,LA,1,1,1.0,422256
721_stage3.nii.gz,3,LV,1,1,1.0,613145
721_stage3.nii.gz,4,RA,1,1,1.0,431923
721_stage3.nii.gz,5,RV,1,1,1.0,674110
721_stage3.nii.gz,6,Aorta,2,2,0.567927439675584,526238
721_stage3.nii.gz,7,PA,2,1,0.9511006505677639,210739
721_stage3.nii.gz,8,LAA,1,1,1.0,43382
721_stage3.nii.gz,9,Coronary,1,1,1.0,18781
721_stage3.nii.gz,10,PV,2,2,0.508669161095095,97818
71_stage3.nii.gz,1,Myocardium,1,1,1.0,594456
71_stage3.nii.gz,2,LA,1,1,1.0,421898
71_stage3.nii.gz,3,LV,1,1,1.0,540456
71_stage3.nii.gz,4,RA,1,1,1.0,531977
71_stage3.nii.gz,5,RV,1,1,1.0,754304
71_stage3.nii.gz,6,Aorta,2,2,0.5094631195642361,664580
71_stage3.nii.gz,7,PA,1,1,1.0,198825
71_stage3.nii.gz,8,LAA,1,1,1.0,51994
71_stage3.nii.gz,9,Coronary,2,2,0.589304162868429,16455
71_stage3.nii.gz,10,PV,2,2,0.5091925748100729,101223
719_stage3.nii.gz,1,Myocardium,1,1,1.0,878593
719_stage3.nii.gz,2,LA,1,1,1.0,419027
719_stage3.nii.gz,3,LV,1,1,1.0,882119
719_stage3.nii.gz,4,RA,1,1,1.0,579661
719_stage3.nii.gz,5,RV,1,1,1.0,1172712
719_stage3.nii.gz,6,Aorta,2,2,0.6034208560276746,405571
719_stage3.nii.gz,7,PA,2,2,0.8620738748714704,126430
719_stage3.nii.gz,8,LAA,1,1,1.0,37214
719_stage3.nii.gz,9,Coronary,2,2,0.7982187956932075,15046
719_stage3.nii.gz,10,PV,3,3,0.5463398043480207,111729
706_stage3.nii.gz,1,Myocardium,1,1,1.0,824913
706_stage3.nii.gz,2,LA,2,1,0.99999483265555,387046
706_stage3.nii.gz,3,LV,1,1,1.0,863596
706_stage3.nii.gz,4,RA,1,1,1.0,564617
706_stage3.nii.gz,5,RV,1,1,1.0,1156188
706_stage3.nii.gz,6,Aorta,2,2,0.6088200690324821,564372
706_stage3.nii.gz,7,PA,2,1,0.972544341048278,188595
706_stage3.nii.gz,8,LAA,1,1,1.0,61503
706_stage3.nii.gz,9,Coronary,2,1,0.9758995016044241,29294
706_stage3.nii.gz,10,PV,3,3,0.49832101508095866,117035
723_stage3.nii.gz,1,Myocardium,1,1,1.0,699401
723_stage3.nii.gz,2,LA,1,1,1.0,398235
723_stage3.nii.gz,3,LV,1,1,1.0,718132
723_stage3.nii.gz,4,RA,1,1,1.0,514108
723_stage3.nii.gz,5,RV,1,1,1.0,862561
723_stage3.nii.gz,6,Aorta,2,2,0.5074420041237802,598965
723_stage3.nii.gz,7,PA,1,1,1.0,268981
723_stage3.nii.gz,8,LAA,1,1,1.0,42140
723_stage3.nii.gz,9,Coronary,1,1,1.0,9186
723_stage3.nii.gz,10,PV,2,2,0.5022807257320532,117068
699_stage3.nii.gz,1,Myocardium,1,1,1.0,727484
699_stage3.nii.gz,2,LA,1,1,1.0,488715
699_stage3.nii.gz,3,LV,1,1,1.0,657435
699_stage3.nii.gz,4,RA,1,1,1.0,504757
699_stage3.nii.gz,5,RV,1,1,1.0,863018
699_stage3.nii.gz,6,Aorta,2,2,0.5221684751359649,568713
699_stage3.nii.gz,7,PA,1,1,1.0,285514
699_stage3.nii.gz,8,LAA,1,1,1.0,60477
699_stage3.nii.gz,9,Coronary,2,2,0.795561035758323,36495
699_stage3.nii.gz,10,PV,2,2,0.6545802633869002,120659
694_stage3.nii.gz,1,Myocardium,1,1,1.0,671829
694_stage3.nii.gz,2,LA,1,1,1.0,522101
694_stage3.nii.gz,3,LV,1,1,1.0,431559
694_stage3.nii.gz,4,RA,1,1,1.0,668434
694_stage3.nii.gz,5,RV,1,1,1.0,509714
694_stage3.nii.gz,6,Aorta,2,2,0.5792674941724707,496351
694_stage3.nii.gz,7,PA,1,1,1.0,91130
694_stage3.nii.gz,8,LAA,1,1,1.0,75398
694_stage3.nii.gz,9,Coronary,2,1,0.9594148770619358,16065
694_stage3.nii.gz,10,PV,2,2,0.7192207545777506,94861
726_stage3.nii.gz,1,Myocardium,1,1,1.0,957305
726_stage3.nii.gz,2,LA,2,1,0.9999983971250835,623879
726_stage3.nii.gz,3,LV,1,1,1.0,955394
726_stage3.nii.gz,4,RA,1,1,1.0,625978
726_stage3.nii.gz,5,RV,1,1,1.0,1180699
726_stage3.nii.gz,6,Aorta,2,2,0.5545455825470228,497153
726_stage3.nii.gz,7,PA,2,1,0.9818413766896477,36842
726_stage3.nii.gz,8,LAA,1,1,1.0,31497
726_stage3.nii.gz,9,Coronary,1,1,1.0,19492
726_stage3.nii.gz,10,PV,2,2,0.5514118389828664,91866
730_stage3.nii.gz,1,Myocardium,1,1,1.0,789536
730_stage3.nii.gz,2,LA,1,1,1.0,378763
730_stage3.nii.gz,3,LV,1,1,1.0,907413
730_stage3.nii.gz,4,RA,1,1,1.0,701840
730_stage3.nii.gz,5,RV,1,1,1.0,1177667
730_stage3.nii.gz,6,Aorta,2,2,0.5688618753769776,538825
730_stage3.nii.gz,7,PA,2,2,0.8849630679378168,93144
730_stage3.nii.gz,8,LAA,1,1,1.0,46441
730_stage3.nii.gz,9,Coronary,1,1,1.0,17989
730_stage3.nii.gz,10,PV,3,3,0.49890803727809374,138741
713_stage3.nii.gz,1,Myocardium,1,1,1.0,861242
713_stage3.nii.gz,2,LA,1,1,1.0,423701
713_stage3.nii.gz,3,LV,1,1,1.0,1074522
713_stage3.nii.gz,4,RA,1,1,1.0,604635
713_stage3.nii.gz,5,RV,1,1,1.0,1247555
713_stage3.nii.gz,6,Aorta,2,2,0.5927987880088893,568321
713_stage3.nii.gz,7,PA,2,2,0.9342629611995591,153323
713_stage3.nii.gz,8,LAA,1,1,1.0,48213
713_stage3.nii.gz,9,Coronary,1,1,1.0,21262
713_stage3.nii.gz,10,PV,2,2,0.568646279608017,121842
716_stage3.nii.gz,1,Myocardium,1,1,1.0,798149
716_stage3.nii.gz,2,LA,1,1,1.0,579358
716_stage3.nii.gz,3,LV,1,1,1.0,618660
716_stage3.nii.gz,4,RA,1,1,1.0,405080
716_stage3.nii.gz,5,RV,1,1,1.0,792708
716_stage3.nii.gz,6,Aorta,2,2,0.5194109924799478,527124
716_stage3.nii.gz,7,PA,1,1,1.0,247959
716_stage3.nii.gz,8,LAA,1,1,1.0,35050
716_stage3.nii.gz,9,Coronary,2,1,0.9551509599603039,26199
716_stage3.nii.gz,10,PV,3,3,0.4785108545595218,131834
724_stage3.nii.gz,1,Myocardium,1,1,1.0,543496
724_stage3.nii.gz,2,LA,1,1,1.0,414339
724_stage3.nii.gz,3,LV,1,1,1.0,594184
724_stage3.nii.gz,4,RA,1,1,1.0,442592
724_stage3.nii.gz,5,RV,1,1,1.0,687907
724_stage3.nii.gz,6,Aorta,2,2,0.5140696171967789,612952
724_stage3.nii.gz,7,PA,1,1,1.0,327510
724_stage3.nii.gz,8,LAA,1,1,1.0,56664
724_stage3.nii.gz,9,Coronary,1,1,1.0,15137
724_stage3.nii.gz,10,PV,3,3,0.49891894910683654,125341
717_stage3.nii.gz,1,Myocardium,1,1,1.0,834509
717_stage3.nii.gz,2,LA,1,1,1.0,431528
717_stage3.nii.gz,3,LV,1,1,1.0,735724
717_stage3.nii.gz,4,RA,1,1,1.0,520801
717_stage3.nii.gz,5,RV,1,1,1.0,1010800
717_stage3.nii.gz,6,Aorta,2,2,0.5451207881167811,598693
717_stage3.nii.gz,7,PA,1,1,1.0,262161
717_stage3.nii.gz,8,LAA,1,1,1.0,38452
717_stage3.nii.gz,9,Coronary,1,1,1.0,23734
717_stage3.nii.gz,10,PV,2,2,0.5519428463642365,127236
728_stage3.nii.gz,1,Myocardium,1,1,1.0,836627
728_stage3.nii.gz,2,LA,1,1,1.0,332177
728_stage3.nii.gz,3,LV,1,1,1.0,969567
728_stage3.nii.gz,4,RA,1,1,1.0,411587
728_stage3.nii.gz,5,RV,1,1,1.0,1239246
728_stage3.nii.gz,6,Aorta,2,2,0.5966692499494575,593560
728_stage3.nii.gz,7,PA,2,2,0.665453795379538,121200
728_stage3.nii.gz,8,LAA,1,1,1.0,76659
728_stage3.nii.gz,9,Coronary,1,1,1.0,22135
728_stage3.nii.gz,10,PV,3,3,0.5039583552147884,152336
715_stage3.nii.gz,1,Myocardium,1,1,1.0,648897
715_stage3.nii.gz,2,LA,2,1,0.9999980516089813,513244
715_stage3.nii.gz,3,LV,1,1,1.0,590132
715_stage3.nii.gz,4,RA,1,1,1.0,608738
715_stage3.nii.gz,5,RV,1,1,1.0,814108
715_stage3.nii.gz,6,Aorta,2,2,0.5413662286762304,716454
715_stage3.nii.gz,7,PA,1,1,1.0,252903
715_stage3.nii.gz,8,LAA,1,1,1.0,146217
715_stage3.nii.gz,9,Coronary,1,1,1.0,20239
715_stage3.nii.gz,10,PV,3,3,0.41542543410302885,152268
731_stage3.nii.gz,1,Myocardium,1,1,1.0,504522
731_stage3.nii.gz,2,LA,3,1,0.9999946500747652,373837
731_stage3.nii.gz,3,LV,1,1,1.0,509884
731_stage3.nii.gz,4,RA,1,1,1.0,508715
731_stage3.nii.gz,5,RV,1,1,1.0,645544
731_stage3.nii.gz,6,Aorta,2,2,0.5408408855582528,577534
731_stage3.nii.gz,7,PA,1,1,1.0,255709
731_stage3.nii.gz,8,LAA,1,1,1.0,47827
731_stage3.nii.gz,9,Coronary,1,1,1.0,24960
731_stage3.nii.gz,10,PV,3,3,0.40782965954588674,114641
727_stage3.nii.gz,1,Myocardium,1,1,1.0,799272
727_stage3.nii.gz,2,LA,1,1,1.0,484372
727_stage3.nii.gz,3,LV,1,1,1.0,796609
727_stage3.nii.gz,4,RA,1,1,1.0,574927
727_stage3.nii.gz,5,RV,1,1,1.0,972303
727_stage3.nii.gz,6,Aorta,2,2,0.5371959649266781,633644
727_stage3.nii.gz,7,PA,2,1,0.9504976704786108,151104
727_stage3.nii.gz,8,LAA,1,1,1.0,52863
727_stage3.nii.gz,9,Coronary,1,1,1.0,19103
727_stage3.nii.gz,10,PV,3,3,0.5431048471220937,129417
729_stage3.nii.gz,1,Myocardium,1,1,1.0,698019
729_stage3.nii.gz,2,LA,2,1,0.9999977211301372,438814
729_stage3.nii.gz,3,LV,1,1,1.0,727224
729_stage3.nii.gz,4,RA,1,1,1.0,470152
729_stage3.nii.gz,5,RV,1,1,1.0,827349
729_stage3.nii.gz,6,Aorta,2,2,0.5095090879697912,501047
729_stage3.nii.gz,7,PA,2,1,0.9728531519494716,181126
729_stage3.nii.gz,8,LAA,1,1,1.0,53188
729_stage3.nii.gz,9,Coronary,2,1,0.9830024961369309,8413
729_stage3.nii.gz,10,PV,2,2,0.6212170821834511,85516
733_stage3.nii.gz,1,Myocardium,1,1,1.0,652928
733_stage3.nii.gz,2,LA,2,1,0.9999978336456494,461605
733_stage3.nii.gz,3,LV,1,1,1.0,684992
733_stage3.nii.gz,4,RA,1,1,1.0,334923
733_stage3.nii.gz,5,RV,1,1,1.0,645376
733_stage3.nii.gz,6,Aorta,2,2,0.5523055172035731,784401
733_stage3.nii.gz,7,PA,1,1,1.0,252977
733_stage3.nii.gz,8,LAA,1,1,1.0,42601
733_stage3.nii.gz,9,Coronary,2,2,0.7012850337875263,18054
733_stage3.nii.gz,10,PV,2,2,0.5329586990576125,120651
735_stage3.nii.gz,1,Myocardium,1,1,1.0,676711
735_stage3.nii.gz,2,LA,4,1,0.9999926111104269,406015
735_stage3.nii.gz,3,LV,1,1,1.0,691354
735_stage3.nii.gz,4,RA,1,1,1.0,585524
735_stage3.nii.gz,5,RV,1,1,1.0,856722
735_stage3.nii.gz,6,Aorta,2,2,0.5288240805167624,730084
735_stage3.nii.gz,7,PA,2,1,0.9834918917772334,188574
735_stage3.nii.gz,8,LAA,1,1,1.0,71847
735_stage3.nii.gz,9,Coronary,1,1,1.0,16962
735_stage3.nii.gz,10,PV,2,2,0.5073415838752121,104882
732_stage3.nii.gz,1,Myocardium,1,1,1.0,426369
732_stage3.nii.gz,2,LA,3,1,0.9999840082730534,375194
732_stage3.nii.gz,3,LV,1,1,1.0,446615
732_stage3.nii.gz,4,RA,1,1,1.0,359346
732_stage3.nii.gz,5,RV,1,1,1.0,549577
732_stage3.nii.gz,6,Aorta,2,2,0.6124210520315564,701728
732_stage3.nii.gz,7,PA,1,1,1.0,443423
732_stage3.nii.gz,8,LAA,1,1,1.0,49938
732_stage3.nii.gz,9,Coronary,2,2,0.6011650889420577,9613
732_stage3.nii.gz,10,PV,2,2,0.5815684395463984,93915
738_stage3.nii.gz,1,Myocardium,1,1,1.0,743596
738_stage3.nii.gz,2,LA,1,1,1.0,492200
738_stage3.nii.gz,3,LV,1,1,1.0,664919
738_stage3.nii.gz,4,RA,1,1,1.0,491753
738_stage3.nii.gz,5,RV,1,1,1.0,839294
738_stage3.nii.gz,6,Aorta,2,2,0.5293696171800439,693642
738_stage3.nii.gz,7,PA,1,1,1.0,260173
738_stage3.nii.gz,8,LAA,1,1,1.0,75273
738_stage3.nii.gz,9,Coronary,1,1,1.0,21183
738_stage3.nii.gz,10,PV,2,2,0.5235942717891633,132956
737_stage3.nii.gz,1,Myocardium,1,1,1.0,773452
737_stage3.nii.gz,2,LA,1,1,1.0,362253
737_stage3.nii.gz,3,LV,1,1,1.0,782691
737_stage3.nii.gz,4,RA,1,1,1.0,608543
737_stage3.nii.gz,5,RV,1,1,1.0,1051499
737_stage3.nii.gz,6,Aorta,2,2,0.5892198378506996,516931
737_stage3.nii.gz,7,PA,2,2,0.6249559216160395,119106
737_stage3.nii.gz,8,LAA,1,1,1.0,50537
737_stage3.nii.gz,9,Coronary,2,2,0.8180756843800322,24840
737_stage3.nii.gz,10,PV,3,3,0.45658228287668856,143985
725_stage3.nii.gz,1,Myocardium,1,1,1.0,787367
725_stage3.nii.gz,2,LA,1,1,1.0,422438
725_stage3.nii.gz,3,LV,1,1,1.0,795173
725_stage3.nii.gz,4,RA,1,1,1.0,544454
725_stage3.nii.gz,5,RV,1,1,1.0,946539
725_stage3.nii.gz,6,Aorta,2,2,0.5710329857014771,529775
725_stage3.nii.gz,7,PA,2,2,0.5904507985791787,118523
725_stage3.nii.gz,8,LAA,1,1,1.0,77673
725_stage3.nii.gz,9,Coronary,2,2,0.8117148646159513,27145
725_stage3.nii.gz,10,PV,2,2,0.5357217013528407,125218
734_stage3.nii.gz,1,Myocardium,1,1,1.0,600834
734_stage3.nii.gz,2,LA,1,1,1.0,284888
734_stage3.nii.gz,3,LV,1,1,1.0,459441
734_stage3.nii.gz,4,RA,1,1,1.0,354405
734_stage3.nii.gz,5,RV,1,1,1.0,636575
734_stage3.nii.gz,6,Aorta,2,2,0.650122628840695,621795
734_stage3.nii.gz,7,PA,1,1,1.0,251875
734_stage3.nii.gz,8,LAA,1,1,1.0,25747
734_stage3.nii.gz,9,Coronary,1,1,1.0,22267
734_stage3.nii.gz,10,PV,4,4,0.2755727586567633,95590
73_stage3.nii.gz,1,Myocardium,1,1,1.0,826461
73_stage3.nii.gz,2,LA,1,1,1.0,568330
73_stage3.nii.gz,3,LV,1,1,1.0,921895
73_stage3.nii.gz,4,RA,1,1,1.0,628744
73_stage3.nii.gz,5,RV,1,1,1.0,1116405
73_stage3.nii.gz,6,Aorta,2,2,0.6525611417689422,570273
73_stage3.nii.gz,7,PA,2,2,0.6683805962397424,57762
73_stage3.nii.gz,8,LAA,1,1,1.0,60098
73_stage3.nii.gz,9,Coronary,2,2,0.9486190458862487,27481
73_stage3.nii.gz,10,PV,3,3,0.40310262855893764,146392
72_stage3.nii.gz,1,Myocardium,1,1,1.0,703740
72_stage3.nii.gz,2,LA,2,1,0.99999754047759,406583
72_stage3.nii.gz,3,LV,1,1,1.0,691916
72_stage3.nii.gz,4,RA,1,1,1.0,480402
72_stage3.nii.gz,5,RV,1,1,1.0,869309
72_stage3.nii.gz,6,Aorta,2,2,0.6070531734799058,691717
72_stage3.nii.gz,7,PA,2,1,0.9605268614749135,241126
72_stage3.nii.gz,8,LAA,1,1,1.0,53801
72_stage3.nii.gz,9,Coronary,1,1,1.0,22920
72_stage3.nii.gz,10,PV,2,2,0.5446561304755719,138570
720_stage3.nii.gz,1,Myocardium,1,1,1.0,834043
720_stage3.nii.gz,2,LA,2,1,0.999997512202646,401962
720_stage3.nii.gz,3,LV,1,1,1.0,831309
720_stage3.nii.gz,4,RA,1,1,1.0,578555
720_stage3.nii.gz,5,RV,1,1,1.0,1141642
720_stage3.nii.gz,6,Aorta,2,2,0.5528352778540776,444154
720_stage3.nii.gz,7,PA,1,1,1.0,312648
720_stage3.nii.gz,8,LAA,1,1,1.0,49762
720_stage3.nii.gz,9,Coronary,2,2,0.5907460996477101,31792
720_stage3.nii.gz,10,PV,2,2,0.5758484459041363,126054
736_stage3.nii.gz,1,Myocardium,1,1,1.0,569636
736_stage3.nii.gz,2,LA,1,1,1.0,419814
736_stage3.nii.gz,3,LV,1,1,1.0,625878
736_stage3.nii.gz,4,RA,1,1,1.0,496447
736_stage3.nii.gz,5,RV,1,1,1.0,730659
736_stage3.nii.gz,6,Aorta,2,2,0.5305529708892729,752300
736_stage3.nii.gz,7,PA,1,1,1.0,373326
736_stage3.nii.gz,8,LAA,1,1,1.0,59480
736_stage3.nii.gz,9,Coronary,1,1,1.0,17948
736_stage3.nii.gz,10,PV,2,2,0.5397193329543861,135463
739_stage3.nii.gz,1,Myocardium,1,1,1.0,811174
739_stage3.nii.gz,2,LA,1,1,1.0,728988
739_stage3.nii.gz,3,LV,1,1,1.0,1007209
739_stage3.nii.gz,4,RA,1,1,1.0,601052
739_stage3.nii.gz,5,RV,1,1,1.0,912726
739_stage3.nii.gz,6,Aorta,2,2,0.5837296854216057,407466
739_stage3.nii.gz,7,PA,2,2,0.6483689044981764,59224
739_stage3.nii.gz,8,LAA,1,1,1.0,31471
739_stage3.nii.gz,9,Coronary,1,1,1.0,3449
739_stage3.nii.gz,10,PV,3,3,0.4461265117825527,96244
742_stage3.nii.gz,1,Myocardium,1,1,1.0,715949
742_stage3.nii.gz,2,LA,1,1,1.0,415990
742_stage3.nii.gz,3,LV,1,1,1.0,704458
742_stage3.nii.gz,4,RA,1,1,1.0,449815
742_stage3.nii.gz,5,RV,1,1,1.0,901438
742_stage3.nii.gz,6,Aorta,2,2,0.6343707110797878,727893
742_stage3.nii.gz,7,PA,1,1,1.0,142648
742_stage3.nii.gz,8,LAA,1,1,1.0,69832
742_stage3.nii.gz,9,Coronary,2,2,0.7789678675754625,13351
742_stage3.nii.gz,10,PV,2,2,0.6004479044470513,93770
744_stage3.nii.gz,1,Myocardium,1,1,1.0,702359
744_stage3.nii.gz,2,LA,1,1,1.0,462750
744_stage3.nii.gz,3,LV,1,1,1.0,879024
744_stage3.nii.gz,4,RA,1,1,1.0,646890
744_stage3.nii.gz,5,RV,1,1,1.0,956221
744_stage3.nii.gz,6,Aorta,2,2,0.5174915742880065,539717
744_stage3.nii.gz,7,PA,2,1,0.9677847766819583,213843
744_stage3.nii.gz,8,LAA,1,1,1.0,52061
744_stage3.nii.gz,9,Coronary,1,1,1.0,13049
744_stage3.nii.gz,10,PV,2,2,0.5092037163071177,126362
743_stage3.nii.gz,1,Myocardium,1,1,1.0,748242
743_stage3.nii.gz,2,LA,1,1,1.0,285558
743_stage3.nii.gz,3,LV,1,1,1.0,895541
743_stage3.nii.gz,4,RA,1,1,1.0,520929
743_stage3.nii.gz,5,RV,1,1,1.0,1093201
743_stage3.nii.gz,6,Aorta,2,2,0.5509019084312141,512358
743_stage3.nii.gz,7,PA,1,1,1.0,238984
743_stage3.nii.gz,8,LAA,1,1,1.0,74378
743_stage3.nii.gz,9,Coronary,2,1,0.9625348542458808,19725
743_stage3.nii.gz,10,PV,2,2,0.5872120660344675,124117
740_stage3.nii.gz,1,Myocardium,1,1,1.0,626223
740_stage3.nii.gz,2,LA,1,1,1.0,455440
740_stage3.nii.gz,3,LV,1,1,1.0,635125
740_stage3.nii.gz,4,RA,1,1,1.0,466268
740_stage3.nii.gz,5,RV,1,1,1.0,742949
740_stage3.nii.gz,6,Aorta,2,2,0.5081306218021885,579107
740_stage3.nii.gz,7,PA,1,1,1.0,244177
740_stage3.nii.gz,8,LAA,1,1,1.0,53217
740_stage3.nii.gz,9,Coronary,1,1,1.0,8846
740_stage3.nii.gz,10,PV,2,2,0.5254447093343114,109060
70_stage3.nii.gz,1,Myocardium,1,1,1.0,544986
70_stage3.nii.gz,2,LA,1,1,1.0,743879
70_stage3.nii.gz,3,LV,1,1,1.0,609675
70_stage3.nii.gz,4,RA,1,1,1.0,619012
70_stage3.nii.gz,5,RV,1,1,1.0,775200
70_stage3.nii.gz,6,Aorta,2,2,0.6369659364315563,592275
70_stage3.nii.gz,7,PA,1,1,1.0,392671
70_stage3.nii.gz,8,LAA,1,1,1.0,77081
70_stage3.nii.gz,9,Coronary,2,2,0.6704756842944459,15052
70_stage3.nii.gz,10,PV,3,3,0.5230599842535184,162576
749_stage3.nii.gz,1,Myocardium,1,1,1.0,805277
749_stage3.nii.gz,2,LA,1,1,1.0,448945
749_stage3.nii.gz,3,LV,1,1,1.0,940290
749_stage3.nii.gz,4,RA,1,1,1.0,491684
749_stage3.nii.gz,5,RV,1,1,1.0,1028015
749_stage3.nii.gz,6,Aorta,2,2,0.5264574543746533,600379
749_stage3.nii.gz,7,PA,2,2,0.9241806736870528,237024
749_stage3.nii.gz,8,LAA,1,1,1.0,63301
749_stage3.nii.gz,9,Coronary,1,1,1.0,15699
749_stage3.nii.gz,10,PV,3,3,0.4539771464141212,112455
741_stage3.nii.gz,1,Myocardium,1,1,1.0,604465
741_stage3.nii.gz,2,LA,1,1,1.0,352644
741_stage3.nii.gz,3,LV,1,1,1.0,808902
741_stage3.nii.gz,4,RA,1,1,1.0,386813
741_stage3.nii.gz,5,RV,1,1,1.0,839697
741_stage3.nii.gz,6,Aorta,2,2,0.5206180374393409,575758
741_stage3.nii.gz,7,PA,1,1,1.0,277391
741_stage3.nii.gz,8,LAA,1,1,1.0,33786
741_stage3.nii.gz,9,Coronary,1,1,1.0,6697
741_stage3.nii.gz,10,PV,2,2,0.5335605705700854,123806
745_stage3.nii.gz,1,Myocardium,1,1,1.0,731551
745_stage3.nii.gz,2,LA,1,1,1.0,415650
745_stage3.nii.gz,3,LV,1,1,1.0,620553
745_stage3.nii.gz,4,RA,1,1,1.0,415241
745_stage3.nii.gz,5,RV,1,1,1.0,841930
745_stage3.nii.gz,6,Aorta,2,2,0.5201609050251906,533731
745_stage3.nii.gz,7,PA,1,1,1.0,227295
745_stage3.nii.gz,8,LAA,1,1,1.0,43737
745_stage3.nii.gz,9,Coronary,1,1,1.0,15401
745_stage3.nii.gz,10,PV,2,2,0.5337272966978425,128946
746_stage3.nii.gz,1,Myocardium,1,1,1.0,825540
746_stage3.nii.gz,2,LA,1,1,1.0,358208
746_stage3.nii.gz,3,LV,1,1,1.0,903057
746_stage3.nii.gz,4,RA,1,1,1.0,377147
746_stage3.nii.gz,5,RV,1,1,1.0,759645
746_stage3.nii.gz,6,Aorta,2,2,0.6479309170099539,860067
746_stage3.nii.gz,7,PA,1,1,1.0,259724
746_stage3.nii.gz,8,LAA,1,1,1.0,45288
746_stage3.nii.gz,9,Coronary,1,1,1.0,26697
746_stage3.nii.gz,10,PV,3,3,0.5586063245597425,116182
761_stage3.nii.gz,1,Myocardium,1,1,1.0,584329
761_stage3.nii.gz,2,LA,1,1,1.0,534759
761_stage3.nii.gz,3,LV,1,1,1.0,635718
761_stage3.nii.gz,4,RA,1,1,1.0,536546
761_stage3.nii.gz,5,RV,1,1,1.0,757302
761_stage3.nii.gz,6,Aorta,2,2,0.5357241479543637,550440
761_stage3.nii.gz,7,PA,1,1,1.0,302606
761_stage3.nii.gz,8,LAA,1,1,1.0,80986
761_stage3.nii.gz,9,Coronary,1,1,1.0,10361
761_stage3.nii.gz,10,PV,2,2,0.5671567773324934,149218
760_stage3.nii.gz,1,Myocardium,1,1,1.0,591072
760_stage3.nii.gz,2,LA,1,1,1.0,396451
760_stage3.nii.gz,3,LV,1,1,1.0,748123
760_stage3.nii.gz,4,RA,1,1,1.0,433570
760_stage3.nii.gz,5,RV,1,1,1.0,804343
760_stage3.nii.gz,6,Aorta,2,2,0.5301856798435525,491922
760_stage3.nii.gz,7,PA,2,2,0.9388271835902062,195103
760_stage3.nii.gz,8,LAA,1,1,1.0,69583
760_stage3.nii.gz,9,Coronary,1,1,1.0,18992
760_stage3.nii.gz,10,PV,3,3,0.5559794433847248,171429
74_stage3.nii.gz,1,Myocardium,1,1,1.0,737838
74_stage3.nii.gz,2,LA,1,1,1.0,619193
74_stage3.nii.gz,3,LV,1,1,1.0,807232
74_stage3.nii.gz,4,RA,1,1,1.0,390072
74_stage3.nii.gz,5,RV,1,1,1.0,861230
74_stage3.nii.gz,6,Aorta,2,2,0.5257912209912453,559357
74_stage3.nii.gz,7,PA,2,1,0.9555569459217085,191796
74_stage3.nii.gz,8,LAA,1,1,1.0,82263
74_stage3.nii.gz,9,Coronary,2,2,0.7791323054858372,27890
74_stage3.nii.gz,10,PV,2,2,0.5259466589454043,124332
750_stage3.nii.gz,1,Myocardium,1,1,1.0,735895
750_stage3.nii.gz,2,LA,1,1,1.0,487859
750_stage3.nii.gz,3,LV,1,1,1.0,663414
750_stage3.nii.gz,4,RA,1,1,1.0,375848
750_stage3.nii.gz,5,RV,1,1,1.0,685329
750_stage3.nii.gz,6,Aorta,2,2,0.5204325257460515,505126
750_stage3.nii.gz,7,PA,2,1,0.9803678901415614,235940
750_stage3.nii.gz,8,LAA,1,1,1.0,68840
750_stage3.nii.gz,9,Coronary,1,1,1.0,9685
750_stage3.nii.gz,10,PV,2,2,0.6312203791469194,108032
759_stage3.nii.gz,1,Myocardium,1,1,1.0,580160
759_stage3.nii.gz,2,LA,1,1,1.0,355188
759_stage3.nii.gz,3,LV,1,1,1.0,643415
759_stage3.nii.gz,4,RA,1,1,1.0,584739
759_stage3.nii.gz,5,RV,1,1,1.0,824729
759_stage3.nii.gz,6,Aorta,2,2,0.5658066956686212,528700
759_stage3.nii.gz,7,PA,1,1,1.0,258032
759_stage3.nii.gz,8,LAA,1,1,1.0,50368
759_stage3.nii.gz,9,Coronary,1,1,1.0,13421
759_stage3.nii.gz,10,PV,3,3,0.4668445655317839,107177
747_stage3.nii.gz,1,Myocardium,2,1,0.9999986703082492,752054
747_stage3.nii.gz,2,LA,1,1,1.0,397575
747_stage3.nii.gz,3,LV,1,1,1.0,671457
747_stage3.nii.gz,4,RA,1,1,1.0,592071
747_stage3.nii.gz,5,RV,1,1,1.0,844629
747_stage3.nii.gz,6,Aorta,2,2,0.5438552768022866,573785
747_stage3.nii.gz,7,PA,1,1,1.0,209274
747_stage3.nii.gz,8,LAA,1,1,1.0,37011
747_stage3.nii.gz,9,Coronary,2,2,0.812532728224821,17187
747_stage3.nii.gz,10,PV,3,3,0.5292556040088746,130710
769_stage3.nii.gz,1,Myocardium,2,1,0.9999989315577247,935942
769_stage3.nii.gz,2,LA,1,1,1.0,599884
769_stage3.nii.gz,3,LV,1,1,1.0,980684
769_stage3.nii.gz,4,RA,1,1,1.0,541451
769_stage3.nii.gz,5,RV,1,1,1.0,1193097
769_stage3.nii.gz,6,Aorta,2,2,0.5356394145061244,695003
769_stage3.nii.gz,7,PA,1,1,1.0,363484
769_stage3.nii.gz,8,LAA,1,1,1.0,142246
769_stage3.nii.gz,9,Coronary,2,2,0.9056569889254714,16705
769_stage3.nii.gz,10,PV,2,2,0.5283284532552521,187497
748_stage3.nii.gz,1,Myocardium,1,1,1.0,551728
748_stage3.nii.gz,2,LA,1,1,1.0,361240
748_stage3.nii.gz,3,LV,1,1,1.0,536764
748_stage3.nii.gz,4,RA,1,1,1.0,405910
748_stage3.nii.gz,5,RV,1,1,1.0,691711
748_stage3.nii.gz,6,Aorta,2,2,0.5123404424400759,503345
748_stage3.nii.gz,7,PA,2,1,0.9590770169668847,206461
748_stage3.nii.gz,8,LAA,1,1,1.0,65094
748_stage3.nii.gz,9,Coronary,2,2,0.9470599239259213,16037
748_stage3.nii.gz,10,PV,3,3,0.49541552014156953,102847
752_stage3.nii.gz,1,Myocardium,1,1,1.0,745715
752_stage3.nii.gz,2,LA,1,1,1.0,365977
752_stage3.nii.gz,3,LV,1,1,1.0,785225
752_stage3.nii.gz,4,RA,1,1,1.0,530204
752_stage3.nii.gz,5,RV,1,1,1.0,921936
752_stage3.nii.gz,6,Aorta,2,2,0.6746959339580569,724267
752_stage3.nii.gz,7,PA,2,2,0.8377473081514621,86279
752_stage3.nii.gz,8,LAA,1,1,1.0,50287
752_stage3.nii.gz,9,Coronary,1,1,1.0,28411
752_stage3.nii.gz,10,PV,3,3,0.46293008557326987,112652
770_stage3.nii.gz,1,Myocardium,2,1,0.9999988284677647,853583
770_stage3.nii.gz,2,LA,1,1,1.0,512972
770_stage3.nii.gz,3,LV,1,1,1.0,821333
770_stage3.nii.gz,4,RA,1,1,1.0,525481
770_stage3.nii.gz,5,RV,1,1,1.0,961457
770_stage3.nii.gz,6,Aorta,2,2,0.6664873645361732,468483
770_stage3.nii.gz,7,PA,1,1,1.0,92758
770_stage3.nii.gz,8,LAA,1,1,1.0,44340
770_stage3.nii.gz,9,Coronary,2,1,0.970785166533135,34948
770_stage3.nii.gz,10,PV,2,2,0.508696572319896,127579
75_stage3.nii.gz,1,Myocardium,4,1,0.999994630007518,558660
75_stage3.nii.gz,2,LA,1,1,1.0,314316
75_stage3.nii.gz,3,LV,1,1,1.0,557699
75_stage3.nii.gz,4,RA,1,1,1.0,306170
75_stage3.nii.gz,5,RV,1,1,1.0,686301
75_stage3.nii.gz,6,Aorta,2,2,0.5832867356611238,668846
75_stage3.nii.gz,7,PA,1,1,1.0,222431
75_stage3.nii.gz,8,LAA,1,1,1.0,11270
75_stage3.nii.gz,9,Coronary,0,0,0,0
75_stage3.nii.gz,10,PV,2,2,0.5207405498914204,108676
779_stage3.nii.gz,1,Myocardium,1,1,1.0,750939
779_stage3.nii.gz,2,LA,1,1,1.0,408966
779_stage3.nii.gz,3,LV,1,1,1.0,737214
779_stage3.nii.gz,4,RA,1,1,1.0,619291
779_stage3.nii.gz,5,RV,1,1,1.0,1025262
779_stage3.nii.gz,6,Aorta,2,2,0.5743101235050639,388729
779_stage3.nii.gz,7,PA,2,2,0.8664411093081866,202757
779_stage3.nii.gz,8,LAA,1,1,1.0,43040
779_stage3.nii.gz,9,Coronary,1,1,1.0,10129
779_stage3.nii.gz,10,PV,2,2,0.6062717522551317,140790
774_stage3.nii.gz,1,Myocardium,1,1,1.0,853496
774_stage3.nii.gz,2,LA,1,1,1.0,430426
774_stage3.nii.gz,3,LV,1,1,1.0,994176
774_stage3.nii.gz,4,RA,1,1,1.0,744406
774_stage3.nii.gz,5,RV,1,1,1.0,1110284
774_stage3.nii.gz,6,Aorta,2,2,0.512893022171042,617427
774_stage3.nii.gz,7,PA,2,2,0.8303127243416164,79399
774_stage3.nii.gz,8,LAA,1,1,1.0,60958
774_stage3.nii.gz,9,Coronary,1,1,1.0,18068
774_stage3.nii.gz,10,PV,3,3,0.41979608318191,99060
756_stage3.nii.gz,1,Myocardium,1,1,1.0,725641
756_stage3.nii.gz,2,LA,1,1,1.0,372504
756_stage3.nii.gz,3,LV,1,1,1.0,912624
756_stage3.nii.gz,4,RA,1,1,1.0,526886
756_stage3.nii.gz,5,RV,1,1,1.0,1137500
756_stage3.nii.gz,6,Aorta,2,2,0.5196852874042268,412694
756_stage3.nii.gz,7,PA,2,2,0.6449657483613425,101455
756_stage3.nii.gz,8,LAA,1,1,1.0,61008
756_stage3.nii.gz,9,Coronary,1,1,1.0,17242
756_stage3.nii.gz,10,PV,3,3,0.5349010854272936,127231
763_stage3.nii.gz,1,Myocardium,1,1,1.0,569139
763_stage3.nii.gz,2,LA,1,1,1.0,687131
763_stage3.nii.gz,3,LV,1,1,1.0,570131
763_stage3.nii.gz,4,RA,1,1,1.0,577359
763_stage3.nii.gz,5,RV,1,1,1.0,764022
763_stage3.nii.gz,6,Aorta,2,2,0.6055299457466047,564020
763_stage3.nii.gz,7,PA,1,1,1.0,339085
763_stage3.nii.gz,8,LAA,1,1,1.0,47475
763_stage3.nii.gz,9,Coronary,1,1,1.0,12587
763_stage3.nii.gz,10,PV,2,2,0.5083423560943574,112678
768_stage3.nii.gz,1,Myocardium,1,1,1.0,470253
768_stage3.nii.gz,2,LA,1,1,1.0,312312
768_stage3.nii.gz,3,LV,1,1,1.0,451294
768_stage3.nii.gz,4,RA,1,1,1.0,271563
768_stage3.nii.gz,5,RV,1,1,1.0,552020
768_stage3.nii.gz,6,Aorta,2,2,0.5384966319229462,644433
768_stage3.nii.gz,7,PA,1,1,1.0,262218
768_stage3.nii.gz,8,LAA,1,1,1.0,32190
768_stage3.nii.gz,9,Coronary,1,1,1.0,8808
768_stage3.nii.gz,10,PV,2,2,0.5318340051300843,109160
754_stage3.nii.gz,1,Myocardium,1,1,1.0,814182
754_stage3.nii.gz,2,LA,1,1,1.0,284592
754_stage3.nii.gz,3,LV,1,1,1.0,922642
754_stage3.nii.gz,4,RA,1,1,1.0,410172
754_stage3.nii.gz,5,RV,1,1,1.0,1150439
754_stage3.nii.gz,6,Aorta,2,2,0.5967773406649359,538127
754_stage3.nii.gz,7,PA,1,1,1.0,258873
754_stage3.nii.gz,8,LAA,1,1,1.0,70400
754_stage3.nii.gz,9,Coronary,2,2,0.9494396084211697,35957
754_stage3.nii.gz,10,PV,3,3,0.5800397011119539,123926
772_stage3.nii.gz,1,Myocardium,1,1,1.0,927347
772_stage3.nii.gz,2,LA,1,1,1.0,635937
772_stage3.nii.gz,3,LV,1,1,1.0,936514
772_stage3.nii.gz,4,RA,1,1,1.0,681748
772_stage3.nii.gz,5,RV,1,1,1.0,1131693
772_stage3.nii.gz,6,Aorta,2,2,0.5609844141779949,770123
772_stage3.nii.gz,7,PA,2,1,0.9840923662276784,190286
772_stage3.nii.gz,8,LAA,1,1,1.0,78792
772_stage3.nii.gz,9,Coronary,2,1,0.9515936114824457,14213
772_stage3.nii.gz,10,PV,2,2,0.5892475023511292,146738
753_stage3.nii.gz,1,Myocardium,1,1,1.0,774620
753_stage3.nii.gz,2,LA,1,1,1.0,354280
753_stage3.nii.gz,3,LV,1,1,1.0,896109
753_stage3.nii.gz,4,RA,1,1,1.0,412307
753_stage3.nii.gz,5,RV,1,1,1.0,996931
753_stage3.nii.gz,6,Aorta,2,2,0.503397031654014,471441
753_stage3.nii.gz,7,PA,2,1,0.9724056871133068,167607
753_stage3.nii.gz,8,LAA,1,1,1.0,31188
753_stage3.nii.gz,9,Coronary,1,1,1.0,11902
753_stage3.nii.gz,10,PV,3,3,0.4633819308052576,105904
776_stage3.nii.gz,1,Myocardium,1,1,1.0,867573
776_stage3.nii.gz,2,LA,1,1,1.0,589785
776_stage3.nii.gz,3,LV,1,1,1.0,825119
776_stage3.nii.gz,4,RA,1,1,1.0,551960
776_stage3.nii.gz,5,RV,1,1,1.0,965584
776_stage3.nii.gz,6,Aorta,2,2,0.5934419886137674,558218
776_stage3.nii.gz,7,PA,1,1,1.0,112126
776_stage3.nii.gz,8,LAA,1,1,1.0,45381
776_stage3.nii.gz,9,Coronary,1,1,1.0,25164
776_stage3.nii.gz,10,PV,3,3,0.5006981166644554,158283
782_stage3.nii.gz,1,Myocardium,1,1,1.0,597956
782_stage3.nii.gz,2,LA,1,1,1.0,404155
782_stage3.nii.gz,3,LV,1,1,1.0,602733
782_stage3.nii.gz,4,RA,1,1,1.0,438241
782_stage3.nii.gz,5,RV,1,1,1.0,767995
782_stage3.nii.gz,6,Aorta,2,2,0.5077466198162435,484663
782_stage3.nii.gz,7,PA,1,1,1.0,257663
782_stage3.nii.gz,8,LAA,1,1,1.0,53731
782_stage3.nii.gz,9,Coronary,1,1,1.0,6303
782_stage3.nii.gz,10,PV,3,3,0.5192462751971955,114100
755_stage3.nii.gz,1,Myocardium,1,1,1.0,546260
755_stage3.nii.gz,2,LA,1,1,1.0,404191
755_stage3.nii.gz,3,LV,1,1,1.0,549912
755_stage3.nii.gz,4,RA,1,1,1.0,384154
755_stage3.nii.gz,5,RV,1,1,1.0,618221
755_stage3.nii.gz,6,Aorta,2,2,0.5904140852485352,736998
755_stage3.nii.gz,7,PA,1,1,1.0,281754
755_stage3.nii.gz,8,LAA,1,1,1.0,32911
755_stage3.nii.gz,9,Coronary,2,2,0.8828316242143566,15115
755_stage3.nii.gz,10,PV,2,2,0.5494955429683556,108929
781_stage3.nii.gz,1,Myocardium,1,1,1.0,660327
781_stage3.nii.gz,2,LA,1,1,1.0,332734
781_stage3.nii.gz,3,LV,1,1,1.0,567806
781_stage3.nii.gz,4,RA,1,1,1.0,456327
781_stage3.nii.gz,5,RV,1,1,1.0,806508
781_stage3.nii.gz,6,Aorta,2,2,0.5469389976986638,532734
781_stage3.nii.gz,7,PA,1,1,1.0,243504
781_stage3.nii.gz,8,LAA,1,1,1.0,65738
781_stage3.nii.gz,9,Coronary,2,2,0.9359396167989162,10334
781_stage3.nii.gz,10,PV,2,2,0.5110756397713815,97105
765_stage3.nii.gz,1,Myocardium,1,1,1.0,636670
765_stage3.nii.gz,2,LA,1,1,1.0,418763
765_stage3.nii.gz,3,LV,1,1,1.0,653014
765_stage3.nii.gz,4,RA,1,1,1.0,501513
765_stage3.nii.gz,5,RV,1,1,1.0,770251
765_stage3.nii.gz,6,Aorta,2,2,0.5325108546893422,601353
765_stage3.nii.gz,7,PA,2,1,0.9651044930541244,237767
765_stage3.nii.gz,8,LAA,1,1,1.0,70376
765_stage3.nii.gz,9,Coronary,1,1,1.0,15762
765_stage3.nii.gz,10,PV,3,3,0.4886967998222849,153054
775_stage3.nii.gz,1,Myocardium,1,1,1.0,786371
775_stage3.nii.gz,2,LA,1,1,1.0,446325
775_stage3.nii.gz,3,LV,1,1,1.0,830710
775_stage3.nii.gz,4,RA,1,1,1.0,484370
775_stage3.nii.gz,5,RV,1,1,1.0,1088589
775_stage3.nii.gz,6,Aorta,2,2,0.5195376915832891,486342
775_stage3.nii.gz,7,PA,2,2,0.9346428179523757,182260
775_stage3.nii.gz,8,LAA,1,1,1.0,45768
775_stage3.nii.gz,9,Coronary,1,1,1.0,9374
775_stage3.nii.gz,10,PV,3,3,0.4642169634090716,129349
751_stage3.nii.gz,1,Myocardium,1,1,1.0,691590
751_stage3.nii.gz,2,LA,1,1,1.0,424863
751_stage3.nii.gz,3,LV,1,1,1.0,800441
751_stage3.nii.gz,4,RA,1,1,1.0,570065
751_stage3.nii.gz,5,RV,1,1,1.0,941744
751_stage3.nii.gz,6,Aorta,2,2,0.5083471337519617,530781
751_stage3.nii.gz,7,PA,2,2,0.5590914385556203,128775
751_stage3.nii.gz,8,LAA,1,1,1.0,67339
751_stage3.nii.gz,9,Coronary,1,1,1.0,20555
751_stage3.nii.gz,10,PV,3,3,0.5005168081926025,125772
773_stage3.nii.gz,1,Myocardium,2,1,0.9999985486443612,689011
773_stage3.nii.gz,2,LA,1,1,1.0,455474
773_stage3.nii.gz,3,LV,1,1,1.0,794515
773_stage3.nii.gz,4,RA,1,1,1.0,587613
773_stage3.nii.gz,5,RV,1,1,1.0,889330
773_stage3.nii.gz,6,Aorta,2,2,0.5567317947670593,440670
773_stage3.nii.gz,7,PA,1,1,1.0,62164
773_stage3.nii.gz,8,LAA,1,1,1.0,70688
773_stage3.nii.gz,9,Coronary,2,2,0.8669183294385523,16689
773_stage3.nii.gz,10,PV,3,3,0.35617088934316216,96858
762_stage3.nii.gz,1,Myocardium,1,1,1.0,632418
762_stage3.nii.gz,2,LA,1,1,1.0,378432
762_stage3.nii.gz,3,LV,1,1,1.0,644794
762_stage3.nii.gz,4,RA,1,1,1.0,525719
762_stage3.nii.gz,5,RV,1,1,1.0,875202
762_stage3.nii.gz,6,Aorta,2,2,0.6060789912878382,522488
762_stage3.nii.gz,7,PA,1,1,1.0,271634
762_stage3.nii.gz,8,LAA,1,1,1.0,53945
762_stage3.nii.gz,9,Coronary,2,2,0.7526035455918595,12579
762_stage3.nii.gz,10,PV,2,2,0.527130137934216,108385
757_stage3.nii.gz,1,Myocardium,1,1,1.0,702874
757_stage3.nii.gz,2,LA,1,1,1.0,399437
757_stage3.nii.gz,3,LV,1,1,1.0,815083
757_stage3.nii.gz,4,RA,1,1,1.0,491978
757_stage3.nii.gz,5,RV,1,1,1.0,872457
757_stage3.nii.gz,6,Aorta,2,2,0.6232322843733169,519880
757_stage3.nii.gz,7,PA,2,1,0.9602954675349418,115478
757_stage3.nii.gz,8,LAA,1,1,1.0,34700
757_stage3.nii.gz,9,Coronary,1,1,1.0,15863
757_stage3.nii.gz,10,PV,3,3,0.5254083895198878,110495
77_stage3.nii.gz,1,Myocardium,1,1,1.0,601403
77_stage3.nii.gz,2,LA,1,1,1.0,415237
77_stage3.nii.gz,3,LV,1,1,1.0,593932
77_stage3.nii.gz,4,RA,1,1,1.0,663168
77_stage3.nii.gz,5,RV,1,1,1.0,938998
77_stage3.nii.gz,6,Aorta,2,2,0.5620349736137223,551044
77_stage3.nii.gz,7,PA,2,1,0.9583902754801122,194642
77_stage3.nii.gz,8,LAA,1,1,1.0,69619
77_stage3.nii.gz,9,Coronary,1,1,1.0,13088
77_stage3.nii.gz,10,PV,2,2,0.5163642567838227,134806
76_stage3.nii.gz,1,Myocardium,1,1,1.0,664153
76_stage3.nii.gz,2,LA,1,1,1.0,455216
76_stage3.nii.gz,3,LV,1,1,1.0,697087
76_stage3.nii.gz,4,RA,1,1,1.0,439243
76_stage3.nii.gz,5,RV,1,1,1.0,943021
76_stage3.nii.gz,6,Aorta,2,2,0.5035613432902354,515957
76_stage3.nii.gz,7,PA,1,1,1.0,199218
76_stage3.nii.gz,8,LAA,1,1,1.0,42043
76_stage3.nii.gz,9,Coronary,1,1,1.0,12341
76_stage3.nii.gz,10,PV,3,3,0.49552877396723316,150518
767_stage3.nii.gz,1,Myocardium,1,1,1.0,858759
767_stage3.nii.gz,2,LA,1,1,1.0,470660
767_stage3.nii.gz,3,LV,1,1,1.0,905349
767_stage3.nii.gz,4,RA,1,1,1.0,503913
767_stage3.nii.gz,5,RV,1,1,1.0,935243
767_stage3.nii.gz,6,Aorta,2,2,0.5082055955033878,554195
767_stage3.nii.gz,7,PA,2,1,0.9600747314339094,214100
767_stage3.nii.gz,8,LAA,1,1,1.0,86237
767_stage3.nii.gz,9,Coronary,1,1,1.0,27070
767_stage3.nii.gz,10,PV,3,3,0.49453819496760587,159288
789_stage3.nii.gz,1,Myocardium,1,1,1.0,655021
789_stage3.nii.gz,2,LA,1,1,1.0,481280
789_stage3.nii.gz,3,LV,1,1,1.0,749887
789_stage3.nii.gz,4,RA,1,1,1.0,562890
789_stage3.nii.gz,5,RV,1,1,1.0,851092
789_stage3.nii.gz,6,Aorta,2,2,0.5856270181002539,486844
789_stage3.nii.gz,7,PA,1,1,1.0,218863
789_stage3.nii.gz,8,LAA,1,1,1.0,43360
789_stage3.nii.gz,9,Coronary,1,1,1.0,21017
789_stage3.nii.gz,10,PV,2,2,0.5547431677194458,123641
764_stage3.nii.gz,1,Myocardium,1,1,1.0,823976
764_stage3.nii.gz,2,LA,1,1,1.0,472002
764_stage3.nii.gz,3,LV,1,1,1.0,820836
764_stage3.nii.gz,4,RA,1,1,1.0,621159
764_stage3.nii.gz,5,RV,1,1,1.0,1091433
764_stage3.nii.gz,6,Aorta,2,2,0.504297143177392,713730
764_stage3.nii.gz,7,PA,1,1,1.0,295379
764_stage3.nii.gz,8,LAA,1,1,1.0,61445
764_stage3.nii.gz,9,Coronary,1,1,1.0,31638
764_stage3.nii.gz,10,PV,2,2,0.5029894299980546,154210
798_stage3.nii.gz,1,Myocardium,1,1,1.0,629556
798_stage3.nii.gz,2,LA,1,1,1.0,614851
798_stage3.nii.gz,3,LV,1,1,1.0,696411
798_stage3.nii.gz,4,RA,1,1,1.0,496608
798_stage3.nii.gz,5,RV,1,1,1.0,545078
798_stage3.nii.gz,6,Aorta,2,2,0.5793761921276227,461360
798_stage3.nii.gz,7,PA,2,1,0.9896214054203158,232016
798_stage3.nii.gz,8,LAA,1,1,1.0,51665
798_stage3.nii.gz,9,Coronary,2,1,0.9669909105405836,18813
798_stage3.nii.gz,10,PV,3,3,0.5566371681415929,96050
796_stage3.nii.gz,1,Myocardium,2,1,0.9999982590832333,574410
796_stage3.nii.gz,2,LA,1,1,1.0,1050170
796_stage3.nii.gz,3,LV,1,1,1.0,695093
796_stage3.nii.gz,4,RA,1,1,1.0,617245
796_stage3.nii.gz,5,RV,1,1,1.0,726561
796_stage3.nii.gz,6,Aorta,2,2,0.5009723836215736,585160
796_stage3.nii.gz,7,PA,1,1,1.0,339024
796_stage3.nii.gz,8,LAA,1,1,1.0,72099
796_stage3.nii.gz,9,Coronary,1,1,1.0,12786
796_stage3.nii.gz,10,PV,2,2,0.511980117924725,239814
783_stage3.nii.gz,1,Myocardium,1,1,1.0,698485
783_stage3.nii.gz,2,LA,1,1,1.0,517950
783_stage3.nii.gz,3,LV,1,1,1.0,817707
783_stage3.nii.gz,4,RA,1,1,1.0,732441
783_stage3.nii.gz,5,RV,1,1,1.0,1085202
783_stage3.nii.gz,6,Aorta,2,2,0.5159337714799833,714677
783_stage3.nii.gz,7,PA,2,2,0.678471672155751,47974
783_stage3.nii.gz,8,LAA,1,1,1.0,60652
783_stage3.nii.gz,9,Coronary,1,1,1.0,20322
783_stage3.nii.gz,10,PV,2,2,0.7156046220079885,102899
788_stage3.nii.gz,1,Myocardium,1,1,1.0,948259
788_stage3.nii.gz,2,LA,1,1,1.0,443322
788_stage3.nii.gz,3,LV,1,1,1.0,1079209
788_stage3.nii.gz,4,RA,1,1,1.0,496252
788_stage3.nii.gz,5,RV,1,1,1.0,1303033
788_stage3.nii.gz,6,Aorta,2,2,0.6356747799513633,464670
788_stage3.nii.gz,7,PA,2,2,0.622779178691621,104297
788_stage3.nii.gz,8,LAA,1,1,1.0,67732
788_stage3.nii.gz,9,Coronary,1,1,1.0,30422
788_stage3.nii.gz,10,PV,3,3,0.44417124422355914,114690
785_stage3.nii.gz,1,Myocardium,1,1,1.0,740381
785_stage3.nii.gz,2,LA,1,1,1.0,446819
785_stage3.nii.gz,3,LV,1,1,1.0,895205
785_stage3.nii.gz,4,RA,1,1,1.0,545282
785_stage3.nii.gz,5,RV,1,1,1.0,1066601
785_stage3.nii.gz,6,Aorta,2,2,0.5032872155337533,444297
785_stage3.nii.gz,7,PA,2,2,0.8308505981045233,84517
785_stage3.nii.gz,8,LAA,1,1,1.0,55966
785_stage3.nii.gz,9,Coronary,1,1,1.0,15898
785_stage3.nii.gz,10,PV,3,3,0.45913917171276647,119234
784_stage3.nii.gz,1,Myocardium,1,1,1.0,739620
784_stage3.nii.gz,2,LA,1,1,1.0,483217
784_stage3.nii.gz,3,LV,1,1,1.0,820727
784_stage3.nii.gz,4,RA,1,1,1.0,645230
784_stage3.nii.gz,5,RV,1,1,1.0,1107467
784_stage3.nii.gz,6,Aorta,2,2,0.5052100504150631,539918
784_stage3.nii.gz,7,PA,2,2,0.6106112317716413,96690
784_stage3.nii.gz,8,LAA,1,1,1.0,57139
784_stage3.nii.gz,9,Coronary,2,2,0.6367342597844583,28208
784_stage3.nii.gz,10,PV,3,3,0.3801185750891825,119418
778_stage3.nii.gz,1,Myocardium,1,1,1.0,628051
778_stage3.nii.gz,2,LA,1,1,1.0,464323
778_stage3.nii.gz,3,LV,1,1,1.0,693611
778_stage3.nii.gz,4,RA,1,1,1.0,435944
778_stage3.nii.gz,5,RV,1,1,1.0,804393
778_stage3.nii.gz,6,Aorta,2,2,0.5806767656748398,534838
778_stage3.nii.gz,7,PA,2,2,0.9477129524096256,232505
778_stage3.nii.gz,8,LAA,1,1,1.0,63635
778_stage3.nii.gz,9,Coronary,1,1,1.0,14200
778_stage3.nii.gz,10,PV,2,2,0.5692949407965554,133776
794_stage3.nii.gz,1,Myocardium,1,1,1.0,859143
794_stage3.nii.gz,2,LA,1,1,1.0,611196
794_stage3.nii.gz,3,LV,1,1,1.0,722238
794_stage3.nii.gz,4,RA,1,1,1.0,656798
794_stage3.nii.gz,5,RV,1,1,1.0,1086289
794_stage3.nii.gz,6,Aorta,2,2,0.6197022979689563,621897
794_stage3.nii.gz,7,PA,2,2,0.6948653794709594,63549
794_stage3.nii.gz,8,LAA,1,1,1.0,73470
794_stage3.nii.gz,9,Coronary,2,2,0.5881420139194785,34053
794_stage3.nii.gz,10,PV,2,2,0.7846240918917414,107779
793_stage3.nii.gz,1,Myocardium,1,1,1.0,773093
793_stage3.nii.gz,2,LA,2,1,0.9999981644101148,544784
793_stage3.nii.gz,3,LV,1,1,1.0,887636
793_stage3.nii.gz,4,RA,1,1,1.0,538934
793_stage3.nii.gz,5,RV,1,1,1.0,895893
793_stage3.nii.gz,6,Aorta,2,2,0.5230553699825511,555337
793_stage3.nii.gz,7,PA,2,2,0.6475304526012783,61489
793_stage3.nii.gz,8,LAA,1,1,1.0,30519
793_stage3.nii.gz,9,Coronary,1,1,1.0,9675
793_stage3.nii.gz,10,PV,2,2,0.7114532475385129,110807
771_stage3.nii.gz,1,Myocardium,1,1,1.0,578237
771_stage3.nii.gz,2,LA,1,1,1.0,426029
771_stage3.nii.gz,3,LV,1,1,1.0,709534
771_stage3.nii.gz,4,RA,1,1,1.0,426254
771_stage3.nii.gz,5,RV,1,1,1.0,632934
771_stage3.nii.gz,6,Aorta,2,2,0.5230076737902908,584066
771_stage3.nii.gz,7,PA,1,1,1.0,361692
771_stage3.nii.gz,8,LAA,1,1,1.0,46661
771_stage3.nii.gz,9,Coronary,1,1,1.0,9761
771_stage3.nii.gz,10,PV,2,2,0.521049873692937,127863
780_stage3.nii.gz,1,Myocardium,1,1,1.0,576888
780_stage3.nii.gz,2,LA,1,1,1.0,283928
780_stage3.nii.gz,3,LV,1,1,1.0,571768
780_stage3.nii.gz,4,RA,1,1,1.0,359336
780_stage3.nii.gz,5,RV,1,1,1.0,634842
780_stage3.nii.gz,6,Aorta,2,2,0.5711559075346339,663297
780_stage3.nii.gz,7,PA,1,1,1.0,271107
780_stage3.nii.gz,8,LAA,1,1,1.0,32875
780_stage3.nii.gz,9,Coronary,1,1,1.0,16171
780_stage3.nii.gz,10,PV,3,3,0.582834633066273,112459
7_stage3.nii.gz,1,Myocardium,1,1,1.0,653722
7_stage3.nii.gz,2,LA,1,1,1.0,454543
7_stage3.nii.gz,3,LV,1,1,1.0,736165
7_stage3.nii.gz,4,RA,1,1,1.0,502753
7_stage3.nii.gz,5,RV,1,1,1.0,1007554
7_stage3.nii.gz,6,Aorta,2,2,0.6060733208783804,653020
7_stage3.nii.gz,7,PA,2,2,0.6404660908672766,97835
7_stage3.nii.gz,8,LAA,1,1,1.0,57842
7_stage3.nii.gz,9,Coronary,1,1,1.0,11155
7_stage3.nii.gz,10,PV,3,3,0.45995966127557997,132379
800_stage3.nii.gz,1,Myocardium,1,1,1.0,798559
800_stage3.nii.gz,2,LA,1,1,1.0,420181
800_stage3.nii.gz,3,LV,1,1,1.0,768971
800_stage3.nii.gz,4,RA,1,1,1.0,612488
800_stage3.nii.gz,5,RV,1,1,1.0,921691
800_stage3.nii.gz,6,Aorta,2,2,0.5868112339901876,494072
800_stage3.nii.gz,7,PA,2,1,0.9562919399393787,171227
800_stage3.nii.gz,8,LAA,1,1,1.0,106606
800_stage3.nii.gz,9,Coronary,1,1,1.0,26446
800_stage3.nii.gz,10,PV,3,3,0.6011133925857839,134903
766_stage3.nii.gz,1,Myocardium,1,1,1.0,670965
766_stage3.nii.gz,2,LA,1,1,1.0,433657
766_stage3.nii.gz,3,LV,1,1,1.0,771606
766_stage3.nii.gz,4,RA,1,1,1.0,509709
766_stage3.nii.gz,5,RV,1,1,1.0,748040
766_stage3.nii.gz,6,Aorta,2,2,0.5615110307113301,577116
766_stage3.nii.gz,7,PA,2,1,0.9646715697313567,182063
766_stage3.nii.gz,8,LAA,1,1,1.0,81060
766_stage3.nii.gz,9,Coronary,1,1,1.0,19444
766_stage3.nii.gz,10,PV,3,3,0.48919927888833936,125362
79_stage3.nii.gz,1,Myocardium,1,1,1.0,587462
79_stage3.nii.gz,2,LA,2,1,0.9999975182840423,402947
79_stage3.nii.gz,3,LV,1,1,1.0,634126
79_stage3.nii.gz,4,RA,1,1,1.0,420003
79_stage3.nii.gz,5,RV,1,1,1.0,824093
79_stage3.nii.gz,6,Aorta,2,2,0.5503205894225502,874483
79_stage3.nii.gz,7,PA,1,1,1.0,322754
79_stage3.nii.gz,8,LAA,1,1,1.0,65067
79_stage3.nii.gz,9,Coronary,1,1,1.0,21974
79_stage3.nii.gz,10,PV,2,2,0.5158145542774355,114578
802_stage3.nii.gz,1,Myocardium,1,1,1.0,754214
802_stage3.nii.gz,2,LA,1,1,1.0,517017
802_stage3.nii.gz,3,LV,1,1,1.0,836306
802_stage3.nii.gz,4,RA,1,1,1.0,549502
802_stage3.nii.gz,5,RV,1,1,1.0,1030900
802_stage3.nii.gz,6,Aorta,2,2,0.547767266391051,608335
802_stage3.nii.gz,7,PA,1,1,1.0,269282
802_stage3.nii.gz,8,LAA,1,1,1.0,94703
802_stage3.nii.gz,9,Coronary,1,1,1.0,16871
802_stage3.nii.gz,10,PV,2,2,0.5274112887467161,138173
809_stage3.nii.gz,1,Myocardium,1,1,1.0,864653
809_stage3.nii.gz,2,LA,1,1,1.0,336608
809_stage3.nii.gz,3,LV,1,1,1.0,1017990
809_stage3.nii.gz,4,RA,1,1,1.0,426543
809_stage3.nii.gz,5,RV,1,1,1.0,1240064
809_stage3.nii.gz,6,Aorta,2,2,0.6182923461922291,459941
809_stage3.nii.gz,7,PA,1,1,1.0,175658
809_stage3.nii.gz,8,LAA,1,1,1.0,45426
809_stage3.nii.gz,9,Coronary,1,1,1.0,11149
809_stage3.nii.gz,10,PV,2,2,0.5561599440990795,166008
786_stage3.nii.gz,1,Myocardium,1,1,1.0,643441
786_stage3.nii.gz,2,LA,1,1,1.0,365746
786_stage3.nii.gz,3,LV,1,1,1.0,726486
786_stage3.nii.gz,4,RA,1,1,1.0,451777
786_stage3.nii.gz,5,RV,1,1,1.0,959067
786_stage3.nii.gz,6,Aorta,2,2,0.5767371332088933,493946
786_stage3.nii.gz,7,PA,2,2,0.683310071586151,66633
786_stage3.nii.gz,8,LAA,1,1,1.0,44307
786_stage3.nii.gz,9,Coronary,2,1,0.9566913772922356,15378
786_stage3.nii.gz,10,PV,3,3,0.45040710275055856,119503
813_stage3.nii.gz,1,Myocardium,1,1,1.0,752694
813_stage3.nii.gz,2,LA,1,1,1.0,434550
813_stage3.nii.gz,3,LV,1,1,1.0,798963
813_stage3.nii.gz,4,RA,1,1,1.0,595059
813_stage3.nii.gz,5,RV,1,1,1.0,939478
813_stage3.nii.gz,6,Aorta,2,2,0.5473648026440276,634184
813_stage3.nii.gz,7,PA,1,1,1.0,285309
813_stage3.nii.gz,8,LAA,1,1,1.0,47480
813_stage3.nii.gz,9,Coronary,1,1,1.0,11239
813_stage3.nii.gz,10,PV,3,3,0.5241824497018153,122072
805_stage3.nii.gz,1,Myocardium,1,1,1.0,654528
805_stage3.nii.gz,2,LA,1,1,1.0,424847
805_stage3.nii.gz,3,LV,1,1,1.0,744434
805_stage3.nii.gz,4,RA,1,1,1.0,482118
805_stage3.nii.gz,5,RV,1,1,1.0,843348
805_stage3.nii.gz,6,Aorta,2,2,0.5945574881173565,402057
805_stage3.nii.gz,7,PA,1,1,1.0,245701
805_stage3.nii.gz,8,LAA,1,1,1.0,49301
805_stage3.nii.gz,9,Coronary,1,1,1.0,12561
805_stage3.nii.gz,10,PV,2,2,0.5104098590234338,128532
810_stage3.nii.gz,1,Myocardium,1,1,1.0,567377
810_stage3.nii.gz,2,LA,1,1,1.0,496446
810_stage3.nii.gz,3,LV,1,1,1.0,698358
810_stage3.nii.gz,4,RA,1,1,1.0,513750
810_stage3.nii.gz,5,RV,1,1,1.0,784919
810_stage3.nii.gz,6,Aorta,2,2,0.5806215536921016,572533
810_stage3.nii.gz,7,PA,1,1,1.0,287088
810_stage3.nii.gz,8,LAA,1,1,1.0,72250
810_stage3.nii.gz,9,Coronary,1,1,1.0,11648
810_stage3.nii.gz,10,PV,3,3,0.4582120794404452,117522
797_stage3.nii.gz,1,Myocardium,1,1,1.0,554087
797_stage3.nii.gz,2,LA,1,1,1.0,481567
797_stage3.nii.gz,3,LV,1,1,1.0,651707
797_stage3.nii.gz,4,RA,1,1,1.0,529266
797_stage3.nii.gz,5,RV,1,1,1.0,778166
797_stage3.nii.gz,6,Aorta,2,2,0.5099238202178666,557497
797_stage3.nii.gz,7,PA,2,1,0.976011420939925,217145
797_stage3.nii.gz,8,LAA,1,1,1.0,84598
797_stage3.nii.gz,9,Coronary,1,1,1.0,13722
797_stage3.nii.gz,10,PV,2,2,0.5192694575162256,114326
787_stage3.nii.gz,1,Myocardium,1,1,1.0,599774
787_stage3.nii.gz,2,LA,1,1,1.0,391787
787_stage3.nii.gz,3,LV,1,1,1.0,641611
787_stage3.nii.gz,4,RA,1,1,1.0,472449
787_stage3.nii.gz,5,RV,1,1,1.0,764833
787_stage3.nii.gz,6,Aorta,2,2,0.548351509486568,498547
787_stage3.nii.gz,7,PA,1,1,1.0,259283
787_stage3.nii.gz,8,LAA,1,1,1.0,72900
787_stage3.nii.gz,9,Coronary,2,2,0.6680115273775216,22555
787_stage3.nii.gz,10,PV,3,3,0.5693504097931121,143121
795_stage3.nii.gz,1,Myocardium,1,1,1.0,751587
795_stage3.nii.gz,2,LA,1,1,1.0,435051
795_stage3.nii.gz,3,LV,1,1,1.0,790661
795_stage3.nii.gz,4,RA,1,1,1.0,540083
795_stage3.nii.gz,5,RV,1,1,1.0,912595
795_stage3.nii.gz,6,Aorta,2,2,0.5559133137871348,566180
795_stage3.nii.gz,7,PA,2,1,0.9606110399496263,231867
795_stage3.nii.gz,8,LAA,1,1,1.0,78604
795_stage3.nii.gz,9,Coronary,2,1,0.960167316284818,10519
795_stage3.nii.gz,10,PV,3,3,0.549066777270842,144660
814_stage3.nii.gz,1,Myocardium,1,1,1.0,620015
814_stage3.nii.gz,2,LA,1,1,1.0,360729
814_stage3.nii.gz,3,LV,1,1,1.0,582277
814_stage3.nii.gz,4,RA,1,1,1.0,396712
814_stage3.nii.gz,5,RV,1,1,1.0,682534
814_stage3.nii.gz,6,Aorta,2,2,0.5131871189964873,571353
814_stage3.nii.gz,7,PA,2,1,0.969487451616931,128144
814_stage3.nii.gz,8,LAA,1,1,1.0,44401
814_stage3.nii.gz,9,Coronary,2,2,0.7100464783696818,19579
814_stage3.nii.gz,10,PV,3,3,0.4856503984158116,105543
806_stage3.nii.gz,1,Myocardium,1,1,1.0,632221
806_stage3.nii.gz,2,LA,1,1,1.0,403063
806_stage3.nii.gz,3,LV,1,1,1.0,672018
806_stage3.nii.gz,4,RA,1,1,1.0,511226
806_stage3.nii.gz,5,RV,1,1,1.0,811484
806_stage3.nii.gz,6,Aorta,2,2,0.5365457794520273,548969
806_stage3.nii.gz,7,PA,1,1,1.0,339695
806_stage3.nii.gz,8,LAA,1,1,1.0,84032
806_stage3.nii.gz,9,Coronary,2,1,0.972197442759441,13452
806_stage3.nii.gz,10,PV,2,2,0.5708444225108835,113474
758_stage3.nii.gz,1,Myocardium,1,1,1.0,984317
758_stage3.nii.gz,2,LA,1,1,1.0,398490
758_stage3.nii.gz,3,LV,1,1,1.0,1140998
758_stage3.nii.gz,4,RA,1,1,1.0,459840
758_stage3.nii.gz,5,RV,1,1,1.0,1313385
758_stage3.nii.gz,6,Aorta,2,2,0.5385902848122419,388958
758_stage3.nii.gz,7,PA,2,2,0.8778387019244205,178911
758_stage3.nii.gz,8,LAA,1,1,1.0,68296
758_stage3.nii.gz,9,Coronary,1,1,1.0,20338
758_stage3.nii.gz,10,PV,3,3,0.5040068180285352,163097
804_stage3.nii.gz,1,Myocardium,1,1,1.0,701553
804_stage3.nii.gz,2,LA,1,1,1.0,737229
804_stage3.nii.gz,3,LV,1,1,1.0,637888
804_stage3.nii.gz,4,RA,1,1,1.0,728192
804_stage3.nii.gz,5,RV,1,1,1.0,746734
804_stage3.nii.gz,6,Aorta,2,2,0.5391914711293697,476124
804_stage3.nii.gz,7,PA,2,1,0.9796053403411624,213095
804_stage3.nii.gz,8,LAA,1,1,1.0,63868
804_stage3.nii.gz,9,Coronary,1,1,1.0,19662
804_stage3.nii.gz,10,PV,2,2,0.5709649855506591,104157
812_stage3.nii.gz,1,Myocardium,1,1,1.0,613931
812_stage3.nii.gz,2,LA,1,1,1.0,302007
812_stage3.nii.gz,3,LV,1,1,1.0,510307
812_stage3.nii.gz,4,RA,1,1,1.0,522568
812_stage3.nii.gz,5,RV,1,1,1.0,860571
812_stage3.nii.gz,6,Aorta,2,2,0.5239206884292317,466918
812_stage3.nii.gz,7,PA,1,1,1.0,203978
812_stage3.nii.gz,8,LAA,1,1,1.0,32901
812_stage3.nii.gz,9,Coronary,2,2,0.6223526044647968,20964
812_stage3.nii.gz,10,PV,2,2,0.6762973168011547,76215
815_stage3.nii.gz,1,Myocardium,1,1,1.0,816700
815_stage3.nii.gz,2,LA,1,1,1.0,359537
815_stage3.nii.gz,3,LV,1,1,1.0,785131
815_stage3.nii.gz,4,RA,1,1,1.0,602978
815_stage3.nii.gz,5,RV,1,1,1.0,1082278
815_stage3.nii.gz,6,Aorta,2,2,0.5409970245804131,1061699
815_stage3.nii.gz,7,PA,3,2,0.8875078031345123,181017
815_stage3.nii.gz,8,LAA,1,1,1.0,82126
815_stage3.nii.gz,9,Coronary,2,1,0.9516776490191623,26406
815_stage3.nii.gz,10,PV,2,2,0.6481794838419577,84509
78_stage3.nii.gz,1,Myocardium,1,1,1.0,545659
78_stage3.nii.gz,2,LA,1,1,1.0,334843
78_stage3.nii.gz,3,LV,1,1,1.0,563243
78_stage3.nii.gz,4,RA,1,1,1.0,365588
78_stage3.nii.gz,5,RV,1,1,1.0,805946
78_stage3.nii.gz,6,Aorta,2,2,0.5423697443997401,475469
78_stage3.nii.gz,7,PA,2,2,0.9389615923687872,194779
78_stage3.nii.gz,8,LAA,1,1,1.0,48938
78_stage3.nii.gz,9,Coronary,1,1,1.0,11421
78_stage3.nii.gz,10,PV,2,2,0.5138565971933904,96344
791_stage3.nii.gz,1,Myocardium,1,1,1.0,613332
791_stage3.nii.gz,2,LA,1,1,1.0,310332
791_stage3.nii.gz,3,LV,1,1,1.0,478038
791_stage3.nii.gz,4,RA,1,1,1.0,307073
791_stage3.nii.gz,5,RV,1,1,1.0,712092
791_stage3.nii.gz,6,Aorta,2,2,0.5631010825512701,705186
791_stage3.nii.gz,7,PA,1,1,1.0,285149
791_stage3.nii.gz,8,LAA,1,1,1.0,58646
791_stage3.nii.gz,9,Coronary,1,1,1.0,13897
791_stage3.nii.gz,10,PV,3,3,0.4625432932825929,93548
792_stage3.nii.gz,1,Myocardium,1,1,1.0,865493
792_stage3.nii.gz,2,LA,1,1,1.0,705410
792_stage3.nii.gz,3,LV,1,1,1.0,787275
792_stage3.nii.gz,4,RA,1,1,1.0,624906
792_stage3.nii.gz,5,RV,1,1,1.0,1047337
792_stage3.nii.gz,6,Aorta,2,2,0.6291011376304197,848606
792_stage3.nii.gz,7,PA,2,1,0.9568692867677795,253578
792_stage3.nii.gz,8,LAA,1,1,1.0,59835
792_stage3.nii.gz,9,Coronary,2,2,0.8333726600597766,25428
792_stage3.nii.gz,10,PV,2,2,0.5188843056949645,136489
777_stage3.nii.gz,1,Myocardium,1,1,1.0,790046
777_stage3.nii.gz,2,LA,1,1,1.0,419085
777_stage3.nii.gz,3,LV,1,1,1.0,804656
777_stage3.nii.gz,4,RA,1,1,1.0,600804
777_stage3.nii.gz,5,RV,1,1,1.0,919936
777_stage3.nii.gz,6,Aorta,2,2,0.5779976675721417,562504
777_stage3.nii.gz,7,PA,1,1,1.0,289336
777_stage3.nii.gz,8,LAA,1,1,1.0,60200
777_stage3.nii.gz,9,Coronary,1,1,1.0,13796
777_stage3.nii.gz,10,PV,3,3,0.5373615247611094,135313
807_stage3.nii.gz,1,Myocardium,1,1,1.0,660050
807_stage3.nii.gz,2,LA,1,1,1.0,417866
807_stage3.nii.gz,3,LV,1,1,1.0,724952
807_stage3.nii.gz,4,RA,1,1,1.0,501279
807_stage3.nii.gz,5,RV,1,1,1.0,904451
807_stage3.nii.gz,6,Aorta,2,2,0.6501138517661926,419405
807_stage3.nii.gz,7,PA,2,2,0.8112116048411762,114435
807_stage3.nii.gz,8,LAA,1,1,1.0,58762
807_stage3.nii.gz,9,Coronary,1,1,1.0,12948
807_stage3.nii.gz,10,PV,3,3,0.5299740615412974,151898
803_stage3.nii.gz,1,Myocardium,1,1,1.0,681866
803_stage3.nii.gz,2,LA,1,1,1.0,543817
803_stage3.nii.gz,3,LV,1,1,1.0,738879
803_stage3.nii.gz,4,RA,1,1,1.0,541608
803_stage3.nii.gz,5,RV,1,1,1.0,844592
803_stage3.nii.gz,6,Aorta,2,2,0.5905958833876092,654373
803_stage3.nii.gz,7,PA,2,2,0.9257144059150811,190158
803_stage3.nii.gz,8,LAA,1,1,1.0,38584
803_stage3.nii.gz,9,Coronary,1,1,1.0,16352
803_stage3.nii.gz,10,PV,3,3,0.4591003418879981,133962
790_stage3.nii.gz,1,Myocardium,1,1,1.0,827937
790_stage3.nii.gz,2,LA,1,1,1.0,354644
790_stage3.nii.gz,3,LV,1,1,1.0,981002
790_stage3.nii.gz,4,RA,1,1,1.0,461974
790_stage3.nii.gz,5,RV,1,1,1.0,1237535
790_stage3.nii.gz,6,Aorta,2,2,0.6623578837558196,387271
790_stage3.nii.gz,7,PA,2,2,0.8059600976513175,47516
790_stage3.nii.gz,8,LAA,1,1,1.0,47801
790_stage3.nii.gz,9,Coronary,1,1,1.0,25152
790_stage3.nii.gz,10,PV,3,3,0.469293699749439,99377
808_stage3.nii.gz,1,Myocardium,1,1,1.0,517851
808_stage3.nii.gz,2,LA,1,1,1.0,467683
808_stage3.nii.gz,3,LV,1,1,1.0,307868
808_stage3.nii.gz,4,RA,1,1,1.0,409919
808_stage3.nii.gz,5,RV,1,1,1.0,400498
808_stage3.nii.gz,6,Aorta,2,2,0.5924458629191602,702476
808_stage3.nii.gz,7,PA,1,1,1.0,317918
808_stage3.nii.gz,8,LAA,1,1,1.0,48402
808_stage3.nii.gz,9,Coronary,2,2,0.7948773605383113,4607
808_stage3.nii.gz,10,PV,2,2,0.5391954983791718,147147
819_stage3.nii.gz,1,Myocardium,3,1,0.9999971998678338,714252
819_stage3.nii.gz,2,LA,1,1,1.0,435383
819_stage3.nii.gz,3,LV,1,1,1.0,924852
819_stage3.nii.gz,4,RA,1,1,1.0,500377
819_stage3.nii.gz,5,RV,1,1,1.0,990200
819_stage3.nii.gz,6,Aorta,2,2,0.5154142032908327,421170
819_stage3.nii.gz,7,PA,1,1,1.0,176169
819_stage3.nii.gz,8,LAA,1,1,1.0,40527
819_stage3.nii.gz,9,Coronary,2,2,0.5229063233938818,33637
819_stage3.nii.gz,10,PV,2,2,0.5686458612775344,134196
799_stage3.nii.gz,1,Myocardium,1,1,1.0,791298
799_stage3.nii.gz,2,LA,1,1,1.0,406319
799_stage3.nii.gz,3,LV,1,1,1.0,750903
799_stage3.nii.gz,4,RA,1,1,1.0,509027
799_stage3.nii.gz,5,RV,1,1,1.0,886956
799_stage3.nii.gz,6,Aorta,2,2,0.6071157499234707,476942
799_stage3.nii.gz,7,PA,2,2,0.8916142543304338,146117
799_stage3.nii.gz,8,LAA,1,1,1.0,70970
799_stage3.nii.gz,9,Coronary,2,2,0.8910182545939718,16489
799_stage3.nii.gz,10,PV,3,3,0.5260679955937165,132538
820_stage3.nii.gz,1,Myocardium,1,1,1.0,728944
820_stage3.nii.gz,2,LA,1,1,1.0,279802
820_stage3.nii.gz,3,LV,1,1,1.0,663927
820_stage3.nii.gz,4,RA,1,1,1.0,361350
820_stage3.nii.gz,5,RV,1,1,1.0,818325
820_stage3.nii.gz,6,Aorta,2,2,0.5487230364346013,504987
820_stage3.nii.gz,7,PA,2,2,0.9352740470013929,156506
820_stage3.nii.gz,8,LAA,1,1,1.0,42118
820_stage3.nii.gz,9,Coronary,2,2,0.9249896963868663,14558
820_stage3.nii.gz,10,PV,3,3,0.5376117039327325,106084
80_stage3.nii.gz,1,Myocardium,1,1,1.0,590362
80_stage3.nii.gz,2,LA,1,1,1.0,387559
80_stage3.nii.gz,3,LV,1,1,1.0,765377
80_stage3.nii.gz,4,RA,1,1,1.0,380769
80_stage3.nii.gz,5,RV,1,1,1.0,852002
80_stage3.nii.gz,6,Aorta,2,2,0.5074719188502594,559361
80_stage3.nii.gz,7,PA,1,1,1.0,277106
80_stage3.nii.gz,8,LAA,1,1,1.0,38038
80_stage3.nii.gz,9,Coronary,2,2,0.6952043228638973,11844
80_stage3.nii.gz,10,PV,2,2,0.5381543845061151,115452
801_stage3.nii.gz,1,Myocardium,1,1,1.0,464420
801_stage3.nii.gz,2,LA,1,1,1.0,397299
801_stage3.nii.gz,3,LV,1,1,1.0,440960
801_stage3.nii.gz,4,RA,1,1,1.0,454570
801_stage3.nii.gz,5,RV,1,1,1.0,575780
801_stage3.nii.gz,6,Aorta,2,2,0.567170393548643,554798
801_stage3.nii.gz,7,PA,1,1,1.0,243913
801_stage3.nii.gz,8,LAA,1,1,1.0,39057
801_stage3.nii.gz,9,Coronary,1,1,1.0,11021
801_stage3.nii.gz,10,PV,3,3,0.5430044277127762,93502
818_stage3.nii.gz,1,Myocardium,1,1,1.0,785325
818_stage3.nii.gz,2,LA,1,1,1.0,397474
818_stage3.nii.gz,3,LV,1,1,1.0,1066129
818_stage3.nii.gz,4,RA,1,1,1.0,415884
818_stage3.nii.gz,5,RV,1,1,1.0,958599
818_stage3.nii.gz,6,Aorta,2,2,0.530135277565584,413668
818_stage3.nii.gz,7,PA,2,1,0.9864136387447021,209990
818_stage3.nii.gz,8,LAA,1,1,1.0,43055
818_stage3.nii.gz,9,Coronary,2,2,0.7042439225381129,12135
818_stage3.nii.gz,10,PV,2,2,0.5445900273160794,107995
817_stage3.nii.gz,1,Myocardium,1,1,1.0,594556
817_stage3.nii.gz,2,LA,1,1,1.0,348933
817_stage3.nii.gz,3,LV,1,1,1.0,689422
817_stage3.nii.gz,4,RA,1,1,1.0,580011
817_stage3.nii.gz,5,RV,1,1,1.0,794103
817_stage3.nii.gz,6,Aorta,2,2,0.5505667460639277,744778
817_stage3.nii.gz,7,PA,1,1,1.0,161162
817_stage3.nii.gz,8,LAA,1,1,1.0,100781
817_stage3.nii.gz,9,Coronary,1,1,1.0,25209
817_stage3.nii.gz,10,PV,2,2,0.562880629215938,109851
811_stage3.nii.gz,1,Myocardium,1,1,1.0,715010
811_stage3.nii.gz,2,LA,1,1,1.0,465397
811_stage3.nii.gz,3,LV,1,1,1.0,769947
811_stage3.nii.gz,4,RA,1,1,1.0,530478
811_stage3.nii.gz,5,RV,1,1,1.0,917229
811_stage3.nii.gz,6,Aorta,2,2,0.5357286275044417,674851
811_stage3.nii.gz,7,PA,1,1,1.0,267368
811_stage3.nii.gz,8,LAA,1,1,1.0,71114
811_stage3.nii.gz,9,Coronary,2,1,0.9790794979079498,29636
811_stage3.nii.gz,10,PV,3,3,0.4697185226678066,135677
825_stage3.nii.gz,1,Myocardium,1,1,1.0,651356
825_stage3.nii.gz,2,LA,1,1,1.0,548351
825_stage3.nii.gz,3,LV,1,1,1.0,396002
825_stage3.nii.gz,4,RA,1,1,1.0,718921
825_stage3.nii.gz,5,RV,1,1,1.0,587883
825_stage3.nii.gz,6,Aorta,2,2,0.5936842773037507,725111
825_stage3.nii.gz,7,PA,1,1,1.0,296972
825_stage3.nii.gz,8,LAA,1,1,1.0,71431
825_stage3.nii.gz,9,Coronary,1,1,1.0,15409
825_stage3.nii.gz,10,PV,3,3,0.450020226255074,143378
81_stage3.nii.gz,1,Myocardium,1,1,1.0,643184
81_stage3.nii.gz,2,LA,1,1,1.0,475981
81_stage3.nii.gz,3,LV,1,1,1.0,742503
81_stage3.nii.gz,4,RA,1,1,1.0,479047
81_stage3.nii.gz,5,RV,1,1,1.0,819386
81_stage3.nii.gz,6,Aorta,2,2,0.6100593466970197,429173
81_stage3.nii.gz,7,PA,2,2,0.6594948274337588,67858
81_stage3.nii.gz,8,LAA,1,1,1.0,72535
81_stage3.nii.gz,9,Coronary,2,2,0.8631643249847282,19644
81_stage3.nii.gz,10,PV,3,3,0.378573024265183,94003
821_stage3.nii.gz,1,Myocardium,1,1,1.0,564809
821_stage3.nii.gz,2,LA,1,1,1.0,1106365
821_stage3.nii.gz,3,LV,1,1,1.0,723890
821_stage3.nii.gz,4,RA,1,1,1.0,1246818
821_stage3.nii.gz,5,RV,1,1,1.0,751533
821_stage3.nii.gz,6,Aorta,2,2,0.558808383541892,504894
821_stage3.nii.gz,7,PA,1,1,1.0,155023
821_stage3.nii.gz,8,LAA,1,1,1.0,130856
821_stage3.nii.gz,9,Coronary,1,1,1.0,7238
821_stage3.nii.gz,10,PV,2,2,0.6144133215703573,235768
827_stage3.nii.gz,1,Myocardium,1,1,1.0,660330
827_stage3.nii.gz,2,LA,1,1,1.0,537593
827_stage3.nii.gz,3,LV,1,1,1.0,663044
827_stage3.nii.gz,4,RA,1,1,1.0,486591
827_stage3.nii.gz,5,RV,1,1,1.0,839068
827_stage3.nii.gz,6,Aorta,2,2,0.5396207277535274,441688
827_stage3.nii.gz,7,PA,2,2,0.7734369926430341,107789
827_stage3.nii.gz,8,LAA,2,1,0.9977799396343137,80178
827_stage3.nii.gz,9,Coronary,2,1,0.9814175467099919,19696
827_stage3.nii.gz,10,PV,3,3,0.48668740543029804,106403
824_stage3.nii.gz,1,Myocardium,1,1,1.0,722832
824_stage3.nii.gz,2,LA,1,1,1.0,492192
824_stage3.nii.gz,3,LV,1,1,1.0,866953
824_stage3.nii.gz,4,RA,1,1,1.0,627834
824_stage3.nii.gz,5,RV,1,1,1.0,1110311
824_stage3.nii.gz,6,Aorta,2,2,0.5470152244950645,588788
824_stage3.nii.gz,7,PA,1,1,1.0,307043
824_stage3.nii.gz,8,LAA,1,1,1.0,73564
824_stage3.nii.gz,9,Coronary,1,1,1.0,14900
824_stage3.nii.gz,10,PV,2,2,0.5768667735137113,158482
822_stage3.nii.gz,1,Myocardium,1,1,1.0,615872
822_stage3.nii.gz,2,LA,1,1,1.0,336191
822_stage3.nii.gz,3,LV,1,1,1.0,544175
822_stage3.nii.gz,4,RA,1,1,1.0,395228
822_stage3.nii.gz,5,RV,1,1,1.0,803746
822_stage3.nii.gz,6,Aorta,2,2,0.5253852691541615,613013
822_stage3.nii.gz,7,PA,1,1,1.0,373269
822_stage3.nii.gz,8,LAA,1,1,1.0,38077
822_stage3.nii.gz,9,Coronary,2,1,0.9600418695671961,21973
822_stage3.nii.gz,10,PV,3,3,0.5517289295848814,136732
829_stage3.nii.gz,1,Myocardium,1,1,1.0,500056
829_stage3.nii.gz,2,LA,1,1,1.0,388599
829_stage3.nii.gz,3,LV,1,1,1.0,495109
829_stage3.nii.gz,4,RA,1,1,1.0,422158
829_stage3.nii.gz,5,RV,1,1,1.0,680961
829_stage3.nii.gz,6,Aorta,2,2,0.5579694167796454,639501
829_stage3.nii.gz,7,PA,1,1,1.0,251382
829_stage3.nii.gz,8,LAA,1,1,1.0,30519
829_stage3.nii.gz,9,Coronary,2,2,0.9029815105410384,14657
829_stage3.nii.gz,10,PV,2,2,0.5327519772865544,108482
826_stage3.nii.gz,1,Myocardium,1,1,1.0,536076
826_stage3.nii.gz,2,LA,1,1,1.0,381926
826_stage3.nii.gz,3,LV,1,1,1.0,475203
826_stage3.nii.gz,4,RA,1,1,1.0,404511
826_stage3.nii.gz,5,RV,1,1,1.0,712670
826_stage3.nii.gz,6,Aorta,2,2,0.5414669006194807,485568
826_stage3.nii.gz,7,PA,2,1,0.9703048899818698,270819
826_stage3.nii.gz,8,LAA,1,1,1.0,46676
826_stage3.nii.gz,9,Coronary,1,1,1.0,14228
826_stage3.nii.gz,10,PV,2,2,0.5518865175480517,85793
828_stage3.nii.gz,1,Myocardium,1,1,1.0,1054312
828_stage3.nii.gz,2,LA,1,1,1.0,447731
828_stage3.nii.gz,3,LV,1,1,1.0,753962
828_stage3.nii.gz,4,RA,1,1,1.0,586575
828_stage3.nii.gz,5,RV,1,1,1.0,1079264
828_stage3.nii.gz,6,Aorta,2,2,0.5689101410431768,722332
828_stage3.nii.gz,7,PA,2,2,0.9057369240941846,89229
828_stage3.nii.gz,8,LAA,1,1,1.0,58417
828_stage3.nii.gz,9,Coronary,2,2,0.6291759985069055,42864
828_stage3.nii.gz,10,PV,3,3,0.46413899998916097,92259
816_stage3.nii.gz,1,Myocardium,1,1,1.0,803704
816_stage3.nii.gz,2,LA,1,1,1.0,446217
816_stage3.nii.gz,3,LV,1,1,1.0,1083528
816_stage3.nii.gz,4,RA,1,1,1.0,592582
816_stage3.nii.gz,5,RV,1,1,1.0,1212313
816_stage3.nii.gz,6,Aorta,2,2,0.6213567911821098,415156
816_stage3.nii.gz,7,PA,2,2,0.7572996129420164,53222
816_stage3.nii.gz,8,LAA,1,1,1.0,42859
816_stage3.nii.gz,9,Coronary,1,1,1.0,23991
816_stage3.nii.gz,10,PV,3,3,0.40129499005245073,138225
823_stage3.nii.gz,1,Myocardium,1,1,1.0,599282
823_stage3.nii.gz,2,LA,1,1,1.0,367930
823_stage3.nii.gz,3,LV,1,1,1.0,608574
823_stage3.nii.gz,4,RA,1,1,1.0,378908
823_stage3.nii.gz,5,RV,1,1,1.0,806473
823_stage3.nii.gz,6,Aorta,2,2,0.5065325424815647,573896
823_stage3.nii.gz,7,PA,1,1,1.0,317210
823_stage3.nii.gz,8,LAA,1,1,1.0,55143
823_stage3.nii.gz,9,Coronary,2,1,0.97637582441345,18498
823_stage3.nii.gz,10,PV,2,2,0.5746663793501516,129938
830_stage3.nii.gz,1,Myocardium,1,1,1.0,710953
830_stage3.nii.gz,2,LA,1,1,1.0,473008
830_stage3.nii.gz,3,LV,1,1,1.0,622020
830_stage3.nii.gz,4,RA,1,1,1.0,433390
830_stage3.nii.gz,5,RV,1,1,1.0,894995
830_stage3.nii.gz,6,Aorta,2,2,0.5232237646944873,474923
830_stage3.nii.gz,7,PA,1,1,1.0,104949
830_stage3.nii.gz,8,LAA,1,1,1.0,60142
830_stage3.nii.gz,9,Coronary,1,1,1.0,12641
830_stage3.nii.gz,10,PV,3,3,0.5419718456184094,115506
832_stage3.nii.gz,1,Myocardium,1,1,1.0,614193
832_stage3.nii.gz,2,LA,1,1,1.0,369220
832_stage3.nii.gz,3,LV,1,1,1.0,620044
832_stage3.nii.gz,4,RA,1,1,1.0,491786
832_stage3.nii.gz,5,RV,1,1,1.0,774785
832_stage3.nii.gz,6,Aorta,2,2,0.553158561261019,565384
832_stage3.nii.gz,7,PA,1,1,1.0,156452
832_stage3.nii.gz,8,LAA,1,1,1.0,30026
832_stage3.nii.gz,9,Coronary,2,2,0.7662564570039502,13164
832_stage3.nii.gz,10,PV,2,2,0.5806946296053697,129767
834_stage3.nii.gz,1,Myocardium,1,1,1.0,525267
834_stage3.nii.gz,2,LA,1,1,1.0,510010
834_stage3.nii.gz,3,LV,1,1,1.0,587822
834_stage3.nii.gz,4,RA,1,1,1.0,631914
834_stage3.nii.gz,5,RV,1,1,1.0,718601
834_stage3.nii.gz,6,Aorta,2,2,0.5949023313201005,564101
834_stage3.nii.gz,7,PA,2,2,0.9409906356984628,238352
834_stage3.nii.gz,8,LAA,1,1,1.0,45091
834_stage3.nii.gz,9,Coronary,2,2,0.8656283955088736,13805
834_stage3.nii.gz,10,PV,3,3,0.4796873400505989,136762
831_stage3.nii.gz,1,Myocardium,1,1,1.0,756545
831_stage3.nii.gz,2,LA,1,1,1.0,446890
831_stage3.nii.gz,3,LV,1,1,1.0,725430
831_stage3.nii.gz,4,RA,1,1,1.0,489763
831_stage3.nii.gz,5,RV,1,1,1.0,847737
831_stage3.nii.gz,6,Aorta,2,2,0.5008221934901512,540627
831_stage3.nii.gz,7,PA,1,1,1.0,255074
831_stage3.nii.gz,8,LAA,1,1,1.0,32864
831_stage3.nii.gz,9,Coronary,1,1,1.0,13143
831_stage3.nii.gz,10,PV,3,3,0.5391498520745834,124049
82_stage3.nii.gz,1,Myocardium,1,1,1.0,550990
82_stage3.nii.gz,2,LA,1,1,1.0,515164
82_stage3.nii.gz,3,LV,1,1,1.0,580617
82_stage3.nii.gz,4,RA,1,1,1.0,443077
82_stage3.nii.gz,5,RV,1,1,1.0,638690
82_stage3.nii.gz,6,Aorta,2,2,0.565857703010621,507769
82_stage3.nii.gz,7,PA,2,1,0.9792422092595512,190290
82_stage3.nii.gz,8,LAA,1,1,1.0,60996
82_stage3.nii.gz,9,Coronary,1,1,1.0,8479
82_stage3.nii.gz,10,PV,3,3,0.4970347712091891,112133
833_stage3.nii.gz,1,Myocardium,1,1,1.0,1005779
833_stage3.nii.gz,2,LA,1,1,1.0,521199
833_stage3.nii.gz,3,LV,1,1,1.0,938142
833_stage3.nii.gz,4,RA,1,1,1.0,670448
833_stage3.nii.gz,5,RV,1,1,1.0,1191088
833_stage3.nii.gz,6,Aorta,2,2,0.5001904013355511,656508
833_stage3.nii.gz,7,PA,1,1,1.0,278816
833_stage3.nii.gz,8,LAA,1,1,1.0,93753
833_stage3.nii.gz,9,Coronary,2,2,0.9264082779537041,22421
833_stage3.nii.gz,10,PV,2,2,0.5265979756179399,143056
835_stage3.nii.gz,1,Myocardium,1,1,1.0,645629
835_stage3.nii.gz,2,LA,1,1,1.0,399637
835_stage3.nii.gz,3,LV,1,1,1.0,622969
835_stage3.nii.gz,4,RA,1,1,1.0,438906
835_stage3.nii.gz,5,RV,1,1,1.0,621229
835_stage3.nii.gz,6,Aorta,2,2,0.5219854800646582,532647
835_stage3.nii.gz,7,PA,1,1,1.0,241475
835_stage3.nii.gz,8,LAA,1,1,1.0,46880
835_stage3.nii.gz,9,Coronary,2,1,0.9706635452483723,13669
835_stage3.nii.gz,10,PV,3,3,0.480004857119728,98824
842_stage3.nii.gz,1,Myocardium,1,1,1.0,732172
842_stage3.nii.gz,2,LA,1,1,1.0,362396
842_stage3.nii.gz,3,LV,1,1,1.0,903638
842_stage3.nii.gz,4,RA,1,1,1.0,503342
842_stage3.nii.gz,5,RV,1,1,1.0,1025790
842_stage3.nii.gz,6,Aorta,2,2,0.5957523745238898,414820
842_stage3.nii.gz,7,PA,2,2,0.9439634200572347,191143
842_stage3.nii.gz,8,LAA,1,1,1.0,56794
842_stage3.nii.gz,9,Coronary,1,1,1.0,21471
842_stage3.nii.gz,10,PV,2,2,0.5115602319686079,143985
83_stage3.nii.gz,1,Myocardium,1,1,1.0,550430
83_stage3.nii.gz,2,LA,1,1,1.0,400455
83_stage3.nii.gz,3,LV,1,1,1.0,547814
83_stage3.nii.gz,4,RA,1,1,1.0,397549
83_stage3.nii.gz,5,RV,1,1,1.0,677036
83_stage3.nii.gz,6,Aorta,2,2,0.5434207005337802,568024
83_stage3.nii.gz,7,PA,1,1,1.0,265728
83_stage3.nii.gz,8,LAA,1,1,1.0,49399
83_stage3.nii.gz,9,Coronary,1,1,1.0,14631
83_stage3.nii.gz,10,PV,3,3,0.48930487369962594,131789
844_stage3.nii.gz,1,Myocardium,1,1,1.0,499152
844_stage3.nii.gz,2,LA,1,1,1.0,460554
844_stage3.nii.gz,3,LV,1,1,1.0,613800
844_stage3.nii.gz,4,RA,1,1,1.0,443835
844_stage3.nii.gz,5,RV,1,1,1.0,822793
844_stage3.nii.gz,6,Aorta,2,2,0.5924174202580499,634296
844_stage3.nii.gz,7,PA,1,1,1.0,318662
844_stage3.nii.gz,8,LAA,1,1,1.0,45607
844_stage3.nii.gz,9,Coronary,1,1,1.0,8302
844_stage3.nii.gz,10,PV,3,3,0.5002849205783888,112312
836_stage3.nii.gz,1,Myocardium,1,1,1.0,716643
836_stage3.nii.gz,2,LA,1,1,1.0,388736
836_stage3.nii.gz,3,LV,1,1,1.0,883578
836_stage3.nii.gz,4,RA,1,1,1.0,457377
836_stage3.nii.gz,5,RV,1,1,1.0,1003598
836_stage3.nii.gz,6,Aorta,2,2,0.5259382420161152,539493
836_stage3.nii.gz,7,PA,1,1,1.0,283307
836_stage3.nii.gz,8,LAA,1,1,1.0,67316
836_stage3.nii.gz,9,Coronary,2,2,0.8088492990654206,13696
836_stage3.nii.gz,10,PV,3,3,0.5484420533512665,133830
845_stage3.nii.gz,1,Myocardium,1,1,1.0,773969
845_stage3.nii.gz,2,LA,1,1,1.0,429743
845_stage3.nii.gz,3,LV,1,1,1.0,933948
845_stage3.nii.gz,4,RA,1,1,1.0,615248
845_stage3.nii.gz,5,RV,1,1,1.0,1245577
845_stage3.nii.gz,6,Aorta,2,2,0.6147521883308935,502095
845_stage3.nii.gz,7,PA,2,2,0.8317248393309242,92426
845_stage3.nii.gz,8,LAA,1,1,1.0,58636
845_stage3.nii.gz,9,Coronary,1,1,1.0,18466
845_stage3.nii.gz,10,PV,3,3,0.451983349260597,123478
848_stage3.nii.gz,1,Myocardium,1,1,1.0,808564
848_stage3.nii.gz,2,LA,1,1,1.0,481565
848_stage3.nii.gz,3,LV,1,1,1.0,958683
848_stage3.nii.gz,4,RA,1,1,1.0,561522
848_stage3.nii.gz,5,RV,1,1,1.0,1218392
848_stage3.nii.gz,6,Aorta,2,2,0.6150314467177049,355681
848_stage3.nii.gz,7,PA,2,2,0.795181118567253,91349
848_stage3.nii.gz,8,LAA,1,1,1.0,65509
848_stage3.nii.gz,9,Coronary,2,1,0.9558750311177495,16068
848_stage3.nii.gz,10,PV,3,3,0.4862092624356775,174900
839_stage3.nii.gz,1,Myocardium,1,1,1.0,702552
839_stage3.nii.gz,2,LA,1,1,1.0,424426
839_stage3.nii.gz,3,LV,1,1,1.0,831020
839_stage3.nii.gz,4,RA,1,1,1.0,647938
839_stage3.nii.gz,5,RV,1,1,1.0,956621
839_stage3.nii.gz,6,Aorta,2,2,0.6116359706764763,492301
839_stage3.nii.gz,7,PA,2,2,0.9282455173138011,190455
839_stage3.nii.gz,8,LAA,1,1,1.0,47784
839_stage3.nii.gz,9,Coronary,1,1,1.0,12219
839_stage3.nii.gz,10,PV,2,2,0.5172464648217229,115270
852_stage3.nii.gz,1,Myocardium,1,1,1.0,643900
852_stage3.nii.gz,2,LA,1,1,1.0,352579
852_stage3.nii.gz,3,LV,1,1,1.0,512950
852_stage3.nii.gz,4,RA,1,1,1.0,335170
852_stage3.nii.gz,5,RV,1,1,1.0,583422
852_stage3.nii.gz,6,Aorta,2,2,0.5100242534259825,672070
852_stage3.nii.gz,7,PA,1,1,1.0,237422
852_stage3.nii.gz,8,LAA,1,1,1.0,56112
852_stage3.nii.gz,9,Coronary,2,2,0.9434180775381901,18133
852_stage3.nii.gz,10,PV,2,2,0.5523300292024843,121565
856_stage3.nii.gz,1,Myocardium,1,1,1.0,478004
856_stage3.nii.gz,2,LA,1,1,1.0,480516
856_stage3.nii.gz,3,LV,1,1,1.0,509515
856_stage3.nii.gz,4,RA,1,1,1.0,493824
856_stage3.nii.gz,5,RV,1,1,1.0,649591
856_stage3.nii.gz,6,Aorta,2,2,0.569205058599923,692919
856_stage3.nii.gz,7,PA,1,1,1.0,325004
856_stage3.nii.gz,8,LAA,1,1,1.0,60033
856_stage3.nii.gz,9,Coronary,1,1,1.0,13557
856_stage3.nii.gz,10,PV,2,2,0.5920704500978473,127750
840_stage3.nii.gz,1,Myocardium,1,1,1.0,585872
840_stage3.nii.gz,2,LA,1,1,1.0,327437
840_stage3.nii.gz,3,LV,1,1,1.0,729530
840_stage3.nii.gz,4,RA,1,1,1.0,449808
840_stage3.nii.gz,5,RV,1,1,1.0,838045
840_stage3.nii.gz,6,Aorta,1,1,1.0,512851
840_stage3.nii.gz,7,PA,1,1,1.0,245525
840_stage3.nii.gz,8,LAA,1,1,1.0,50238
840_stage3.nii.gz,9,Coronary,2,1,0.9738984250575119,11302
840_stage3.nii.gz,10,PV,3,3,0.4517649426781506,119239
858_stage3.nii.gz,1,Myocardium,1,1,1.0,482129
858_stage3.nii.gz,2,LA,1,1,1.0,290462
858_stage3.nii.gz,3,LV,1,1,1.0,528841
858_stage3.nii.gz,4,RA,1,1,1.0,341868
858_stage3.nii.gz,5,RV,1,1,1.0,605399
858_stage3.nii.gz,6,Aorta,2,2,0.5434877685447688,450437
858_stage3.nii.gz,7,PA,1,1,1.0,207603
858_stage3.nii.gz,8,LAA,1,1,1.0,33209
858_stage3.nii.gz,9,Coronary,1,1,1.0,5114
858_stage3.nii.gz,10,PV,3,3,0.5517287809569608,103975
843_stage3.nii.gz,1,Myocardium,1,1,1.0,737069
843_stage3.nii.gz,2,LA,1,1,1.0,483272
843_stage3.nii.gz,3,LV,1,1,1.0,510491
843_stage3.nii.gz,4,RA,1,1,1.0,448623
843_stage3.nii.gz,5,RV,1,1,1.0,716144
843_stage3.nii.gz,6,Aorta,2,2,0.5185903177388154,489018
843_stage3.nii.gz,7,PA,2,1,0.964557186160144,237199
843_stage3.nii.gz,8,LAA,1,1,1.0,45141
843_stage3.nii.gz,9,Coronary,2,2,0.911297852474323,16065
843_stage3.nii.gz,10,PV,2,2,0.5060686848844144,114028
849_stage3.nii.gz,1,Myocardium,1,1,1.0,570315
849_stage3.nii.gz,2,LA,1,1,1.0,513290
849_stage3.nii.gz,3,LV,1,1,1.0,591536
849_stage3.nii.gz,4,RA,1,1,1.0,554318
849_stage3.nii.gz,5,RV,1,1,1.0,730754
849_stage3.nii.gz,6,Aorta,2,2,0.5004982795949421,540861
849_stage3.nii.gz,7,PA,1,1,1.0,375306
849_stage3.nii.gz,8,LAA,1,1,1.0,53822
849_stage3.nii.gz,9,Coronary,2,1,0.9636370111831327,28078
849_stage3.nii.gz,10,PV,2,2,0.5076056989724113,155607
851_stage3.nii.gz,1,Myocardium,1,1,1.0,742653
851_stage3.nii.gz,2,LA,1,1,1.0,472685
851_stage3.nii.gz,3,LV,1,1,1.0,846330
851_stage3.nii.gz,4,RA,1,1,1.0,549459
851_stage3.nii.gz,5,RV,1,1,1.0,1064499
851_stage3.nii.gz,6,Aorta,2,2,0.5616919983318676,484374
851_stage3.nii.gz,7,PA,2,2,0.737665583604099,40010
851_stage3.nii.gz,8,LAA,1,1,1.0,37130
851_stage3.nii.gz,9,Coronary,2,2,0.9442693229100996,23793
851_stage3.nii.gz,10,PV,2,2,0.6538578474427403,118408
84_stage3.nii.gz,1,Myocardium,1,1,1.0,853251
84_stage3.nii.gz,2,LA,1,1,1.0,635961
84_stage3.nii.gz,3,LV,1,1,1.0,846326
84_stage3.nii.gz,4,RA,1,1,1.0,521861
84_stage3.nii.gz,5,RV,1,1,1.0,1049499
84_stage3.nii.gz,6,Aorta,2,2,0.5393514296757483,597653
84_stage3.nii.gz,7,PA,2,1,0.9845247234780631,140676
84_stage3.nii.gz,8,LAA,1,1,1.0,82852
84_stage3.nii.gz,9,Coronary,2,2,0.8721132356592998,16108
84_stage3.nii.gz,10,PV,3,3,0.43165874281820577,129146
855_stage3.nii.gz,1,Myocardium,1,1,1.0,480701
855_stage3.nii.gz,2,LA,1,1,1.0,400009
855_stage3.nii.gz,3,LV,1,1,1.0,525192
855_stage3.nii.gz,4,RA,1,1,1.0,310606
855_stage3.nii.gz,5,RV,1,1,1.0,627232
855_stage3.nii.gz,6,Aorta,2,2,0.5360658785446354,457205
855_stage3.nii.gz,7,PA,1,1,1.0,229517
855_stage3.nii.gz,8,LAA,1,1,1.0,25538
855_stage3.nii.gz,9,Coronary,2,1,0.9605110336817654,11193
855_stage3.nii.gz,10,PV,2,2,0.5884921523522586,98246
854_stage3.nii.gz,1,Myocardium,1,1,1.0,590778
854_stage3.nii.gz,2,LA,1,1,1.0,480608
854_stage3.nii.gz,3,LV,1,1,1.0,654619
854_stage3.nii.gz,4,RA,1,1,1.0,596640
854_stage3.nii.gz,5,RV,1,1,1.0,819397
854_stage3.nii.gz,6,Aorta,2,2,0.5274527607926073,696032
854_stage3.nii.gz,7,PA,1,1,1.0,337635
854_stage3.nii.gz,8,LAA,1,1,1.0,56359
854_stage3.nii.gz,9,Coronary,1,1,1.0,11192
854_stage3.nii.gz,10,PV,2,2,0.5086620898071806,152215
837_stage3.nii.gz,1,Myocardium,2,1,0.9999983900155203,621124
837_stage3.nii.gz,2,LA,1,1,1.0,357022
837_stage3.nii.gz,3,LV,1,1,1.0,568949
837_stage3.nii.gz,4,RA,1,1,1.0,401130
837_stage3.nii.gz,5,RV,1,1,1.0,754243
837_stage3.nii.gz,6,Aorta,2,2,0.569673550748317,612040
837_stage3.nii.gz,7,PA,1,1,1.0,210283
837_stage3.nii.gz,8,LAA,1,1,1.0,46065
837_stage3.nii.gz,9,Coronary,2,2,0.6836703092509844,22603
837_stage3.nii.gz,10,PV,3,3,0.62528719687183,115339
841_stage3.nii.gz,1,Myocardium,1,1,1.0,764546
841_stage3.nii.gz,2,LA,1,1,1.0,347923
841_stage3.nii.gz,3,LV,1,1,1.0,733017
841_stage3.nii.gz,4,RA,1,1,1.0,579527
841_stage3.nii.gz,5,RV,1,1,1.0,966035
841_stage3.nii.gz,6,Aorta,2,2,0.5309058743220374,455593
841_stage3.nii.gz,7,PA,2,2,0.931515030858053,226035
841_stage3.nii.gz,8,LAA,1,1,1.0,53873
841_stage3.nii.gz,9,Coronary,2,2,0.6919038243541554,16761
841_stage3.nii.gz,10,PV,3,3,0.5161847327457347,155208
860_stage3.nii.gz,1,Myocardium,1,1,1.0,595920
860_stage3.nii.gz,2,LA,1,1,1.0,391424
860_stage3.nii.gz,3,LV,1,1,1.0,639499
860_stage3.nii.gz,4,RA,1,1,1.0,429704
860_stage3.nii.gz,5,RV,1,1,1.0,780111
860_stage3.nii.gz,6,Aorta,2,2,0.5702926508758597,582913
860_stage3.nii.gz,7,PA,1,1,1.0,234243
860_stage3.nii.gz,8,LAA,1,1,1.0,36452
860_stage3.nii.gz,9,Coronary,1,1,1.0,11796
860_stage3.nii.gz,10,PV,3,3,0.5186067050552867,141535
846_stage3.nii.gz,1,Myocardium,1,1,1.0,823567
846_stage3.nii.gz,2,LA,1,1,1.0,374755
846_stage3.nii.gz,3,LV,1,1,1.0,829824
846_stage3.nii.gz,4,RA,1,1,1.0,681421
846_stage3.nii.gz,5,RV,1,1,1.0,1045521
846_stage3.nii.gz,6,Aorta,2,2,0.6322388087306119,432547
846_stage3.nii.gz,7,PA,2,2,0.6792113159022718,93320
846_stage3.nii.gz,8,LAA,1,1,1.0,79029
846_stage3.nii.gz,9,Coronary,1,1,1.0,17657
846_stage3.nii.gz,10,PV,4,4,0.3306339840810993,101012
853_stage3.nii.gz,1,Myocardium,1,1,1.0,547109
853_stage3.nii.gz,2,LA,1,1,1.0,294900
853_stage3.nii.gz,3,LV,1,1,1.0,560365
853_stage3.nii.gz,4,RA,1,1,1.0,387556
853_stage3.nii.gz,5,RV,1,1,1.0,717099
853_stage3.nii.gz,6,Aorta,2,2,0.574876665774189,377227
853_stage3.nii.gz,7,PA,1,1,1.0,223603
853_stage3.nii.gz,8,LAA,1,1,1.0,54995
853_stage3.nii.gz,9,Coronary,1,1,1.0,12333
853_stage3.nii.gz,10,PV,3,3,0.5070570294502547,92461
867_stage3.nii.gz,1,Myocardium,1,1,1.0,615755
867_stage3.nii.gz,2,LA,1,1,1.0,567586
867_stage3.nii.gz,3,LV,1,1,1.0,579389
867_stage3.nii.gz,4,RA,1,1,1.0,508801
867_stage3.nii.gz,5,RV,1,1,1.0,838861
867_stage3.nii.gz,6,Aorta,2,2,0.5243763095614947,663390
867_stage3.nii.gz,7,PA,1,1,1.0,285258
867_stage3.nii.gz,8,LAA,1,1,1.0,41135
867_stage3.nii.gz,9,Coronary,1,1,1.0,14440
867_stage3.nii.gz,10,PV,2,2,0.59257866241723,101033
861_stage3.nii.gz,1,Myocardium,1,1,1.0,682815
861_stage3.nii.gz,2,LA,1,1,1.0,313656
861_stage3.nii.gz,3,LV,1,1,1.0,754263
861_stage3.nii.gz,4,RA,1,1,1.0,326753
861_stage3.nii.gz,5,RV,1,1,1.0,902575
861_stage3.nii.gz,6,Aorta,2,2,0.5459672336891987,369709
861_stage3.nii.gz,7,PA,1,1,1.0,236714
861_stage3.nii.gz,8,LAA,1,1,1.0,20791
861_stage3.nii.gz,9,Coronary,2,2,0.6042982164617259,18054
861_stage3.nii.gz,10,PV,3,3,0.5508900781902376,105384
847_stage3.nii.gz,1,Myocardium,1,1,1.0,698574
847_stage3.nii.gz,2,LA,1,1,1.0,510722
847_stage3.nii.gz,3,LV,1,1,1.0,771901
847_stage3.nii.gz,4,RA,1,1,1.0,653740
847_stage3.nii.gz,5,RV,1,1,1.0,1092462
847_stage3.nii.gz,6,Aorta,2,2,0.565493220818425,463109
847_stage3.nii.gz,7,PA,2,1,0.9802810360528693,275623
847_stage3.nii.gz,8,LAA,1,1,1.0,69674
847_stage3.nii.gz,9,Coronary,1,1,1.0,22885
847_stage3.nii.gz,10,PV,3,3,0.5337399472866121,177564
865_stage3.nii.gz,1,Myocardium,1,1,1.0,839009
865_stage3.nii.gz,2,LA,1,1,1.0,505085
865_stage3.nii.gz,3,LV,1,1,1.0,915760
865_stage3.nii.gz,4,RA,1,1,1.0,484785
865_stage3.nii.gz,5,RV,1,1,1.0,817596
865_stage3.nii.gz,6,Aorta,2,2,0.5364779928290758,581515
865_stage3.nii.gz,7,PA,1,1,1.0,154623
865_stage3.nii.gz,8,LAA,1,1,1.0,37519
865_stage3.nii.gz,9,Coronary,1,1,1.0,12819
865_stage3.nii.gz,10,PV,2,2,0.5167547387595361,110894
866_stage3.nii.gz,1,Myocardium,1,1,1.0,664453
866_stage3.nii.gz,2,LA,1,1,1.0,397840
866_stage3.nii.gz,3,LV,1,1,1.0,608639
866_stage3.nii.gz,4,RA,1,1,1.0,490250
866_stage3.nii.gz,5,RV,1,1,1.0,820445
866_stage3.nii.gz,6,Aorta,2,2,0.5171168659809141,538095
866_stage3.nii.gz,7,PA,2,1,0.9827123183683407,139637
866_stage3.nii.gz,8,LAA,1,1,1.0,24291
866_stage3.nii.gz,9,Coronary,2,2,0.6111067256078307,25336
866_stage3.nii.gz,10,PV,3,3,0.4794007490636704,120951
876_stage3.nii.gz,1,Myocardium,1,1,1.0,652063
876_stage3.nii.gz,2,LA,1,1,1.0,367423
876_stage3.nii.gz,3,LV,1,1,1.0,709356
876_stage3.nii.gz,4,RA,1,1,1.0,497506
876_stage3.nii.gz,5,RV,1,1,1.0,860656
876_stage3.nii.gz,6,Aorta,2,2,0.5689836387651073,392941
876_stage3.nii.gz,7,PA,1,1,1.0,176522
876_stage3.nii.gz,8,LAA,1,1,1.0,71007
876_stage3.nii.gz,9,Coronary,1,1,1.0,17125
876_stage3.nii.gz,10,PV,2,2,0.5404228047036095,107662
859_stage3.nii.gz,1,Myocardium,1,1,1.0,771893
859_stage3.nii.gz,2,LA,1,1,1.0,502170
859_stage3.nii.gz,3,LV,1,1,1.0,801440
859_stage3.nii.gz,4,RA,1,1,1.0,616977
859_stage3.nii.gz,5,RV,1,1,1.0,1020816
859_stage3.nii.gz,6,Aorta,2,2,0.5625222520182471,570173
859_stage3.nii.gz,7,PA,2,2,0.9221280724450194,154600
859_stage3.nii.gz,8,LAA,1,1,1.0,75423
859_stage3.nii.gz,9,Coronary,2,2,0.9053979293448194,25306
859_stage3.nii.gz,10,PV,2,2,0.5067809024926198,135159
868_stage3.nii.gz,1,Myocardium,1,1,1.0,567410
868_stage3.nii.gz,2,LA,1,1,1.0,298647
868_stage3.nii.gz,3,LV,1,1,1.0,743911
868_stage3.nii.gz,4,RA,1,1,1.0,404435
868_stage3.nii.gz,5,RV,1,1,1.0,785371
868_stage3.nii.gz,6,Aorta,2,2,0.5530652187638109,427653
868_stage3.nii.gz,7,PA,1,1,1.0,221690
868_stage3.nii.gz,8,LAA,1,1,1.0,36789
868_stage3.nii.gz,9,Coronary,1,1,1.0,14562
868_stage3.nii.gz,10,PV,2,2,0.5342145670605515,104853
857_stage3.nii.gz,1,Myocardium,1,1,1.0,691594
857_stage3.nii.gz,2,LA,1,1,1.0,379345
857_stage3.nii.gz,3,LV,1,1,1.0,593952
857_stage3.nii.gz,4,RA,1,1,1.0,384602
857_stage3.nii.gz,5,RV,1,1,1.0,821159
857_stage3.nii.gz,6,Aorta,2,2,0.5764859162309397,639353
857_stage3.nii.gz,7,PA,1,1,1.0,312747
857_stage3.nii.gz,8,LAA,1,1,1.0,51370
857_stage3.nii.gz,9,Coronary,1,1,1.0,16276
857_stage3.nii.gz,10,PV,2,2,0.5699872584965026,115371
883_stage3.nii.gz,1,Myocardium,1,1,1.0,617165
883_stage3.nii.gz,2,LA,1,1,1.0,430469
883_stage3.nii.gz,3,LV,1,1,1.0,753052
883_stage3.nii.gz,4,RA,1,1,1.0,536298
883_stage3.nii.gz,5,RV,1,1,1.0,890822
883_stage3.nii.gz,6,Aorta,2,2,0.5577823433388034,464346
883_stage3.nii.gz,7,PA,2,2,0.9485027909961616,165174
883_stage3.nii.gz,8,LAA,1,1,1.0,26518
883_stage3.nii.gz,9,Coronary,1,1,1.0,9589
883_stage3.nii.gz,10,PV,3,3,0.5146712476794769,108273
850_stage3.nii.gz,1,Myocardium,1,1,1.0,530945
850_stage3.nii.gz,2,LA,1,1,1.0,383386
850_stage3.nii.gz,3,LV,1,1,1.0,499383
850_stage3.nii.gz,4,RA,1,1,1.0,417759
850_stage3.nii.gz,5,RV,1,1,1.0,654842
850_stage3.nii.gz,6,Aorta,2,2,0.5849337042247246,628396
850_stage3.nii.gz,7,PA,1,1,1.0,307607
850_stage3.nii.gz,8,LAA,1,1,1.0,77776
850_stage3.nii.gz,9,Coronary,2,2,0.8935386675594241,5974
850_stage3.nii.gz,10,PV,3,3,0.5117109896574951,117283
85_stage3.nii.gz,1,Myocardium,1,1,1.0,543254
85_stage3.nii.gz,2,LA,1,1,1.0,426868
85_stage3.nii.gz,3,LV,1,1,1.0,609291
85_stage3.nii.gz,4,RA,1,1,1.0,476944
85_stage3.nii.gz,5,RV,1,1,1.0,634084
85_stage3.nii.gz,6,Aorta,2,2,0.5985509656270043,420970
85_stage3.nii.gz,7,PA,3,1,0.9913903483597509,158543
85_stage3.nii.gz,8,LAA,1,1,1.0,69884
85_stage3.nii.gz,9,Coronary,1,1,1.0,13367
85_stage3.nii.gz,10,PV,3,3,0.5686976530883169,124291
869_stage3.nii.gz,1,Myocardium,1,1,1.0,588775
869_stage3.nii.gz,2,LA,1,1,1.0,480375
869_stage3.nii.gz,3,LV,1,1,1.0,597704
869_stage3.nii.gz,4,RA,1,1,1.0,404686
869_stage3.nii.gz,5,RV,1,1,1.0,663761
869_stage3.nii.gz,6,Aorta,2,2,0.5184844483696365,571805
869_stage3.nii.gz,7,PA,1,1,1.0,274785
869_stage3.nii.gz,8,LAA,1,1,1.0,44803
869_stage3.nii.gz,9,Coronary,2,1,0.979826175220453,15763
869_stage3.nii.gz,10,PV,3,3,0.5203791630503225,117522
863_stage3.nii.gz,1,Myocardium,1,1,1.0,554433
863_stage3.nii.gz,2,LA,1,1,1.0,346783
863_stage3.nii.gz,3,LV,1,1,1.0,654635
863_stage3.nii.gz,4,RA,1,1,1.0,461805
863_stage3.nii.gz,5,RV,1,1,1.0,806683
863_stage3.nii.gz,6,Aorta,2,2,0.5455959226112181,558789
863_stage3.nii.gz,7,PA,1,1,1.0,146556
863_stage3.nii.gz,8,LAA,1,1,1.0,39621
863_stage3.nii.gz,9,Coronary,1,1,1.0,12038
863_stage3.nii.gz,10,PV,2,2,0.5331167046575165,123714
864_stage3.nii.gz,1,Myocardium,1,1,1.0,685552
864_stage3.nii.gz,2,LA,1,1,1.0,396211
864_stage3.nii.gz,3,LV,1,1,1.0,812157
864_stage3.nii.gz,4,RA,1,1,1.0,460922
864_stage3.nii.gz,5,RV,1,1,1.0,822486
864_stage3.nii.gz,6,Aorta,2,2,0.6015739739822767,1109167
864_stage3.nii.gz,7,PA,1,1,1.0,237006
864_stage3.nii.gz,8,LAA,1,1,1.0,79380
864_stage3.nii.gz,9,Coronary,2,2,0.633772309824987,11542
864_stage3.nii.gz,10,PV,2,2,0.6318375558579065,155081
871_stage3.nii.gz,1,Myocardium,1,1,1.0,600839
871_stage3.nii.gz,2,LA,1,1,1.0,525114
871_stage3.nii.gz,3,LV,1,1,1.0,688010
871_stage3.nii.gz,4,RA,1,1,1.0,505808
871_stage3.nii.gz,5,RV,1,1,1.0,688644
871_stage3.nii.gz,6,Aorta,2,2,0.5590147268674396,750533
871_stage3.nii.gz,7,PA,2,1,0.9586340732670571,264348
871_stage3.nii.gz,8,LAA,1,1,1.0,53696
871_stage3.nii.gz,9,Coronary,2,1,0.9841213623753026,16941
871_stage3.nii.gz,10,PV,3,3,0.5015451953047284,150790
870_stage3.nii.gz,1,Myocardium,1,1,1.0,635227
870_stage3.nii.gz,2,LA,1,1,1.0,347724
870_stage3.nii.gz,3,LV,1,1,1.0,670748
870_stage3.nii.gz,4,RA,1,1,1.0,358793
870_stage3.nii.gz,5,RV,1,1,1.0,676999
870_stage3.nii.gz,6,Aorta,2,2,0.5177135908076035,721988
870_stage3.nii.gz,7,PA,1,1,1.0,302249
870_stage3.nii.gz,8,LAA,1,1,1.0,48401
870_stage3.nii.gz,9,Coronary,2,2,0.8645604657821896,10477
870_stage3.nii.gz,10,PV,3,3,0.4728524212968831,102569
875_stage3.nii.gz,1,Myocardium,1,1,1.0,709938
875_stage3.nii.gz,2,LA,1,1,1.0,436063
875_stage3.nii.gz,3,LV,1,1,1.0,674024
875_stage3.nii.gz,4,RA,1,1,1.0,469344
875_stage3.nii.gz,5,RV,1,1,1.0,899323
875_stage3.nii.gz,6,Aorta,2,2,0.5469165598324718,657561
875_stage3.nii.gz,7,PA,2,2,0.899216093146579,173490
875_stage3.nii.gz,8,LAA,1,1,1.0,79576
875_stage3.nii.gz,9,Coronary,1,1,1.0,28006
875_stage3.nii.gz,10,PV,2,2,0.5046218981535928,127545
874_stage3.nii.gz,1,Myocardium,1,1,1.0,530639
874_stage3.nii.gz,2,LA,1,1,1.0,429145
874_stage3.nii.gz,3,LV,1,1,1.0,553006
874_stage3.nii.gz,4,RA,1,1,1.0,485322
874_stage3.nii.gz,5,RV,1,1,1.0,712028
874_stage3.nii.gz,6,Aorta,2,2,0.616937768125307,690209
874_stage3.nii.gz,7,PA,1,1,1.0,290974
874_stage3.nii.gz,8,LAA,1,1,1.0,60887
874_stage3.nii.gz,9,Coronary,1,1,1.0,7565
874_stage3.nii.gz,10,PV,2,2,0.5288793199782464,134231
882_stage3.nii.gz,1,Myocardium,1,1,1.0,617286
882_stage3.nii.gz,2,LA,1,1,1.0,358218
882_stage3.nii.gz,3,LV,1,1,1.0,616003
882_stage3.nii.gz,4,RA,1,1,1.0,411755
882_stage3.nii.gz,5,RV,1,1,1.0,858094
882_stage3.nii.gz,6,Aorta,2,2,0.5516202302620875,614604
882_stage3.nii.gz,7,PA,2,2,0.9209141227206357,235592
882_stage3.nii.gz,8,LAA,1,1,1.0,45608
882_stage3.nii.gz,9,Coronary,1,1,1.0,21942
882_stage3.nii.gz,10,PV,3,3,0.4111005142091117,149939
887_stage3.nii.gz,1,Myocardium,1,1,1.0,658657
887_stage3.nii.gz,2,LA,1,1,1.0,386292
887_stage3.nii.gz,3,LV,1,1,1.0,685706
887_stage3.nii.gz,4,RA,1,1,1.0,562669
887_stage3.nii.gz,5,RV,1,1,1.0,882725
887_stage3.nii.gz,6,Aorta,2,2,0.507526962743582,610472
887_stage3.nii.gz,7,PA,3,2,0.9206295114470708,290511
887_stage3.nii.gz,8,LAA,1,1,1.0,39171
887_stage3.nii.gz,9,Coronary,1,1,1.0,17138
887_stage3.nii.gz,10,PV,2,2,0.5112117635801091,156755
881_stage3.nii.gz,1,Myocardium,1,1,1.0,683881
881_stage3.nii.gz,2,LA,1,1,1.0,509018
881_stage3.nii.gz,3,LV,1,1,1.0,708989
881_stage3.nii.gz,4,RA,1,1,1.0,403384
881_stage3.nii.gz,5,RV,1,1,1.0,823509
881_stage3.nii.gz,6,Aorta,2,2,0.5318460304731355,623500
881_stage3.nii.gz,7,PA,2,1,0.9709175314036046,197748
881_stage3.nii.gz,8,LAA,1,1,1.0,106602
881_stage3.nii.gz,9,Coronary,2,2,0.9443184849293145,14996
881_stage3.nii.gz,10,PV,2,2,0.5204799941642047,137085
862_stage3.nii.gz,1,Myocardium,1,1,1.0,1126163
862_stage3.nii.gz,2,LA,1,1,1.0,354385
862_stage3.nii.gz,3,LV,1,1,1.0,1089590
862_stage3.nii.gz,4,RA,1,1,1.0,473446
862_stage3.nii.gz,5,RV,1,1,1.0,1071075
862_stage3.nii.gz,6,Aorta,2,2,0.5194275763529201,447920
862_stage3.nii.gz,7,PA,1,1,1.0,182194
862_stage3.nii.gz,8,LAA,1,1,1.0,38637
862_stage3.nii.gz,9,Coronary,1,1,1.0,11731
862_stage3.nii.gz,10,PV,2,2,0.5929411066255046,101064
873_stage3.nii.gz,1,Myocardium,1,1,1.0,889152
873_stage3.nii.gz,2,LA,1,1,1.0,434822
873_stage3.nii.gz,3,LV,1,1,1.0,893500
873_stage3.nii.gz,4,RA,1,1,1.0,482355
873_stage3.nii.gz,5,RV,1,1,1.0,1262893
873_stage3.nii.gz,6,Aorta,2,2,0.586379037723063,442700
873_stage3.nii.gz,7,PA,2,2,0.8462957694264112,115989
873_stage3.nii.gz,8,LAA,1,1,1.0,46352
873_stage3.nii.gz,9,Coronary,1,1,1.0,15660
873_stage3.nii.gz,10,PV,3,3,0.42123071542082013,131517
879_stage3.nii.gz,1,Myocardium,1,1,1.0,695577
879_stage3.nii.gz,2,LA,1,1,1.0,416974
879_stage3.nii.gz,3,LV,1,1,1.0,766674
879_stage3.nii.gz,4,RA,1,1,1.0,485901
879_stage3.nii.gz,5,RV,1,1,1.0,1041309
879_stage3.nii.gz,6,Aorta,2,2,0.5611402749580068,370893
879_stage3.nii.gz,7,PA,1,1,1.0,210112
879_stage3.nii.gz,8,LAA,1,1,1.0,44599
879_stage3.nii.gz,9,Coronary,1,1,1.0,10597
879_stage3.nii.gz,10,PV,3,3,0.48667249211037533,138473
87_stage3.nii.gz,1,Myocardium,1,1,1.0,546675
87_stage3.nii.gz,2,LA,1,1,1.0,336332
87_stage3.nii.gz,3,LV,1,1,1.0,611351
87_stage3.nii.gz,4,RA,1,1,1.0,427598
87_stage3.nii.gz,5,RV,1,1,1.0,727834
87_stage3.nii.gz,6,Aorta,2,2,0.5204688510298981,484077
87_stage3.nii.gz,7,PA,2,1,0.9724893257767825,196033
87_stage3.nii.gz,8,LAA,1,1,1.0,49673
87_stage3.nii.gz,9,Coronary,1,1,1.0,13611
87_stage3.nii.gz,10,PV,4,4,0.3427815805849409,96420
872_stage3.nii.gz,1,Myocardium,1,1,1.0,548886
872_stage3.nii.gz,2,LA,1,1,1.0,404637
872_stage3.nii.gz,3,LV,1,1,1.0,594978
872_stage3.nii.gz,4,RA,1,1,1.0,554181
872_stage3.nii.gz,5,RV,1,1,1.0,764139
872_stage3.nii.gz,6,Aorta,2,2,0.5832164434188983,835544
872_stage3.nii.gz,7,PA,1,1,1.0,337247
872_stage3.nii.gz,8,LAA,1,1,1.0,50715
872_stage3.nii.gz,9,Coronary,1,1,1.0,10036
872_stage3.nii.gz,10,PV,2,2,0.6058803520186999,114653
86_stage3.nii.gz,1,Myocardium,1,1,1.0,705598
86_stage3.nii.gz,2,LA,1,1,1.0,483166
86_stage3.nii.gz,3,LV,1,1,1.0,731916
86_stage3.nii.gz,4,RA,1,1,1.0,600209
86_stage3.nii.gz,5,RV,1,1,1.0,797685
86_stage3.nii.gz,6,Aorta,2,2,0.5999152631680822,464969
86_stage3.nii.gz,7,PA,1,1,1.0,222900
86_stage3.nii.gz,8,LAA,1,1,1.0,80877
86_stage3.nii.gz,9,Coronary,1,1,1.0,18464
86_stage3.nii.gz,10,PV,3,3,0.5223619926909021,129975
88_stage3.nii.gz,1,Myocardium,1,1,1.0,820173
88_stage3.nii.gz,2,LA,1,1,1.0,589716
88_stage3.nii.gz,3,LV,1,1,1.0,697565
88_stage3.nii.gz,4,RA,1,1,1.0,828136
88_stage3.nii.gz,5,RV,1,1,1.0,996168
88_stage3.nii.gz,6,Aorta,2,2,0.5732600942253068,611513
88_stage3.nii.gz,7,PA,1,1,1.0,234075
88_stage3.nii.gz,8,LAA,1,1,1.0,37412
88_stage3.nii.gz,9,Coronary,1,1,1.0,16433
88_stage3.nii.gz,10,PV,3,3,0.5203442879499217,145692
880_stage3.nii.gz,1,Myocardium,1,1,1.0,793590
880_stage3.nii.gz,2,LA,1,1,1.0,506014
880_stage3.nii.gz,3,LV,1,1,1.0,734316
880_stage3.nii.gz,4,RA,1,1,1.0,563866
880_stage3.nii.gz,5,RV,1,1,1.0,1019013
880_stage3.nii.gz,6,Aorta,2,2,0.5315617473380305,511933
880_stage3.nii.gz,7,PA,2,2,0.8019524178197419,171787
880_stage3.nii.gz,8,LAA,1,1,1.0,49118
880_stage3.nii.gz,9,Coronary,1,1,1.0,20703
880_stage3.nii.gz,10,PV,2,2,0.5323213208271625,145848
888_stage3.nii.gz,1,Myocardium,1,1,1.0,643915
888_stage3.nii.gz,2,LA,1,1,1.0,345894
888_stage3.nii.gz,3,LV,1,1,1.0,653699
888_stage3.nii.gz,4,RA,1,1,1.0,389315
888_stage3.nii.gz,5,RV,1,1,1.0,824379
888_stage3.nii.gz,6,Aorta,2,2,0.574111570103843,430169
888_stage3.nii.gz,7,PA,1,1,1.0,185264
888_stage3.nii.gz,8,LAA,1,1,1.0,35793
888_stage3.nii.gz,9,Coronary,2,2,0.7483490234649431,14234
888_stage3.nii.gz,10,PV,2,2,0.552654537523401,110038
890_stage3.nii.gz,1,Myocardium,1,1,1.0,677681
890_stage3.nii.gz,2,LA,1,1,1.0,398433
890_stage3.nii.gz,3,LV,1,1,1.0,806989
890_stage3.nii.gz,4,RA,1,1,1.0,566688
890_stage3.nii.gz,5,RV,1,1,1.0,1049301
890_stage3.nii.gz,6,Aorta,2,2,0.561626772348904,366886
890_stage3.nii.gz,7,PA,2,2,0.502298843825417,170303
890_stage3.nii.gz,8,LAA,1,1,1.0,34497
890_stage3.nii.gz,9,Coronary,1,1,1.0,10092
890_stage3.nii.gz,10,PV,3,3,0.41136800778869215,126337
838_stage3.nii.gz,1,Myocardium,1,1,1.0,563765
838_stage3.nii.gz,2,LA,1,1,1.0,440403
838_stage3.nii.gz,3,LV,1,1,1.0,692494
838_stage3.nii.gz,4,RA,1,1,1.0,581775
838_stage3.nii.gz,5,RV,1,1,1.0,732659
838_stage3.nii.gz,6,Aorta,2,2,0.5940331487996341,594652
838_stage3.nii.gz,7,PA,2,1,0.9636056618602589,257018
838_stage3.nii.gz,8,LAA,1,1,1.0,71583
838_stage3.nii.gz,9,Coronary,1,1,1.0,19579
838_stage3.nii.gz,10,PV,3,3,0.5339493829981719,140032
886_stage3.nii.gz,1,Myocardium,1,1,1.0,625375
886_stage3.nii.gz,2,LA,1,1,1.0,393864
886_stage3.nii.gz,3,LV,1,1,1.0,720605
886_stage3.nii.gz,4,RA,1,1,1.0,490748
886_stage3.nii.gz,5,RV,1,1,1.0,873970
886_stage3.nii.gz,6,Aorta,2,2,0.5333502067221912,719081
886_stage3.nii.gz,7,PA,1,1,1.0,291676
886_stage3.nii.gz,8,LAA,1,1,1.0,34760
886_stage3.nii.gz,9,Coronary,1,1,1.0,9968
886_stage3.nii.gz,10,PV,3,3,0.5483813444091926,134587
889_stage3.nii.gz,1,Myocardium,1,1,1.0,705179
889_stage3.nii.gz,2,LA,1,1,1.0,427247
889_stage3.nii.gz,3,LV,1,1,1.0,794288
889_stage3.nii.gz,4,RA,1,1,1.0,535437
889_stage3.nii.gz,5,RV,1,1,1.0,1002961
889_stage3.nii.gz,6,Aorta,2,2,0.5731522814270582,427649
889_stage3.nii.gz,7,PA,2,2,0.906715712968005,179966
889_stage3.nii.gz,8,LAA,1,1,1.0,84581
889_stage3.nii.gz,9,Coronary,1,1,1.0,16897
889_stage3.nii.gz,10,PV,3,3,0.5399361250124756,140274
895_stage3.nii.gz,1,Myocardium,1,1,1.0,777275
895_stage3.nii.gz,2,LA,3,1,0.9999957213760055,467440
895_stage3.nii.gz,3,LV,1,1,1.0,701285
895_stage3.nii.gz,4,RA,1,1,1.0,428220
895_stage3.nii.gz,5,RV,1,1,1.0,795604
895_stage3.nii.gz,6,Aorta,2,2,0.5134346593848998,599122
895_stage3.nii.gz,7,PA,2,2,0.923274026837233,311433
895_stage3.nii.gz,8,LAA,1,1,1.0,67202
895_stage3.nii.gz,9,Coronary,1,1,1.0,15223
895_stage3.nii.gz,10,PV,2,2,0.5578490516904648,115205
884_stage3.nii.gz,1,Myocardium,1,1,1.0,753357
884_stage3.nii.gz,2,LA,1,1,1.0,459734
884_stage3.nii.gz,3,LV,1,1,1.0,939809
884_stage3.nii.gz,4,RA,1,1,1.0,579093
884_stage3.nii.gz,5,RV,1,1,1.0,1122418
884_stage3.nii.gz,6,Aorta,2,2,0.5674935664350236,479905
884_stage3.nii.gz,7,PA,2,2,0.9311012235817575,89900
884_stage3.nii.gz,8,LAA,1,1,1.0,81740
884_stage3.nii.gz,9,Coronary,1,1,1.0,10483
884_stage3.nii.gz,10,PV,3,3,0.5344729301990669,133322
885_stage3.nii.gz,1,Myocardium,1,1,1.0,689625
885_stage3.nii.gz,2,LA,1,1,1.0,550364
885_stage3.nii.gz,3,LV,1,1,1.0,763022
885_stage3.nii.gz,4,RA,1,1,1.0,414635
885_stage3.nii.gz,5,RV,1,1,1.0,665115
885_stage3.nii.gz,6,Aorta,2,2,0.5417141065061325,586708
885_stage3.nii.gz,7,PA,2,1,0.9547785853030403,183276
885_stage3.nii.gz,8,LAA,1,1,1.0,90710
885_stage3.nii.gz,9,Coronary,2,2,0.9213383339913146,10132
885_stage3.nii.gz,10,PV,2,2,0.5643701888758127,103666
891_stage3.nii.gz,1,Myocardium,1,1,1.0,607165
891_stage3.nii.gz,2,LA,1,1,1.0,430845
891_stage3.nii.gz,3,LV,1,1,1.0,782433
891_stage3.nii.gz,4,RA,1,1,1.0,601394
891_stage3.nii.gz,5,RV,1,1,1.0,872016
891_stage3.nii.gz,6,Aorta,2,2,0.5219124214871621,562010
891_stage3.nii.gz,7,PA,1,1,1.0,308831
891_stage3.nii.gz,8,LAA,1,1,1.0,52386
891_stage3.nii.gz,9,Coronary,1,1,1.0,14809
891_stage3.nii.gz,10,PV,3,3,0.5101550305094367,112752
902_stage3.nii.gz,1,Myocardium,1,1,1.0,572620
902_stage3.nii.gz,2,LA,1,1,1.0,513137
902_stage3.nii.gz,3,LV,1,1,1.0,668322
902_stage3.nii.gz,4,RA,1,1,1.0,570685
902_stage3.nii.gz,5,RV,1,1,1.0,761468
902_stage3.nii.gz,6,Aorta,2,2,0.5817190258075928,531394
902_stage3.nii.gz,7,PA,1,1,1.0,160730
902_stage3.nii.gz,8,LAA,1,1,1.0,98322
902_stage3.nii.gz,9,Coronary,1,1,1.0,22602
902_stage3.nii.gz,10,PV,3,3,0.44635313451592634,103445
893_stage3.nii.gz,1,Myocardium,1,1,1.0,776008
893_stage3.nii.gz,2,LA,1,1,1.0,493001
893_stage3.nii.gz,3,LV,1,1,1.0,723747
893_stage3.nii.gz,4,RA,1,1,1.0,655669
893_stage3.nii.gz,5,RV,1,1,1.0,993923
893_stage3.nii.gz,6,Aorta,2,2,0.5196116474349407,636535
893_stage3.nii.gz,7,PA,1,1,1.0,123637
893_stage3.nii.gz,8,LAA,1,1,1.0,75065
893_stage3.nii.gz,9,Coronary,1,1,1.0,21632
893_stage3.nii.gz,10,PV,2,2,0.6740111859425055,94583
877_stage3.nii.gz,1,Myocardium,1,1,1.0,675890
877_stage3.nii.gz,2,LA,1,1,1.0,442974
877_stage3.nii.gz,3,LV,1,1,1.0,777939
877_stage3.nii.gz,4,RA,1,1,1.0,603192
877_stage3.nii.gz,5,RV,1,1,1.0,886718
877_stage3.nii.gz,6,Aorta,2,2,0.5919006804533724,405318
877_stage3.nii.gz,7,PA,2,2,0.8806441108974756,128984
877_stage3.nii.gz,8,LAA,1,1,1.0,88218
877_stage3.nii.gz,9,Coronary,1,1,1.0,19369
877_stage3.nii.gz,10,PV,3,3,0.5110000799424415,125090
910_stage3.nii.gz,1,Myocardium,1,1,1.0,499398
910_stage3.nii.gz,2,LA,1,1,1.0,346441
910_stage3.nii.gz,3,LV,1,1,1.0,567117
910_stage3.nii.gz,4,RA,1,1,1.0,475801
910_stage3.nii.gz,5,RV,1,1,1.0,680781
910_stage3.nii.gz,6,Aorta,2,2,0.5632044228406602,524188
910_stage3.nii.gz,7,PA,1,1,1.0,277557
910_stage3.nii.gz,8,LAA,1,1,1.0,33813
910_stage3.nii.gz,9,Coronary,1,1,1.0,9723
910_stage3.nii.gz,10,PV,3,3,0.5250185554688027,103743
904_stage3.nii.gz,1,Myocardium,1,1,1.0,755279
904_stage3.nii.gz,2,LA,2,1,0.9999977527079869,444980
904_stage3.nii.gz,3,LV,1,1,1.0,672172
904_stage3.nii.gz,4,RA,1,1,1.0,411395
904_stage3.nii.gz,5,RV,1,1,1.0,836939
904_stage3.nii.gz,6,Aorta,2,2,0.544372135314094,510309
904_stage3.nii.gz,7,PA,1,1,1.0,97901
904_stage3.nii.gz,8,LAA,1,1,1.0,27465
904_stage3.nii.gz,9,Coronary,1,1,1.0,27680
904_stage3.nii.gz,10,PV,3,3,0.46112115732368897,111706
896_stage3.nii.gz,1,Myocardium,1,1,1.0,728713
896_stage3.nii.gz,2,LA,1,1,1.0,351574
896_stage3.nii.gz,3,LV,1,1,1.0,905683
896_stage3.nii.gz,4,RA,1,1,1.0,575782
896_stage3.nii.gz,5,RV,1,1,1.0,826013
896_stage3.nii.gz,6,Aorta,2,2,0.5014032474631487,545164
896_stage3.nii.gz,7,PA,1,1,1.0,232624
896_stage3.nii.gz,8,LAA,1,1,1.0,50768
896_stage3.nii.gz,9,Coronary,1,1,1.0,9328
896_stage3.nii.gz,10,PV,3,3,0.5091710396450803,102333
903_stage3.nii.gz,1,Myocardium,1,1,1.0,719345
903_stage3.nii.gz,2,LA,1,1,1.0,386386
903_stage3.nii.gz,3,LV,1,1,1.0,765284
903_stage3.nii.gz,4,RA,1,1,1.0,678183
903_stage3.nii.gz,5,RV,1,1,1.0,1009618
903_stage3.nii.gz,6,Aorta,2,2,0.5065900845363415,565319
903_stage3.nii.gz,7,PA,1,1,1.0,270663
903_stage3.nii.gz,8,LAA,1,1,1.0,50805
903_stage3.nii.gz,9,Coronary,1,1,1.0,22178
903_stage3.nii.gz,10,PV,3,3,0.5369153212941101,141039
894_stage3.nii.gz,1,Myocardium,1,1,1.0,654588
894_stage3.nii.gz,2,LA,1,1,1.0,441832
894_stage3.nii.gz,3,LV,1,1,1.0,660782
894_stage3.nii.gz,4,RA,1,1,1.0,363291
894_stage3.nii.gz,5,RV,1,1,1.0,740198
894_stage3.nii.gz,6,Aorta,2,2,0.5102013292905637,630261
894_stage3.nii.gz,7,PA,1,1,1.0,249746
894_stage3.nii.gz,8,LAA,1,1,1.0,52508
894_stage3.nii.gz,9,Coronary,1,1,1.0,9841
894_stage3.nii.gz,10,PV,2,2,0.5290159404224758,128102
8_stage3.nii.gz,1,Myocardium,1,1,1.0,708159
8_stage3.nii.gz,2,LA,1,1,1.0,473692
8_stage3.nii.gz,3,LV,1,1,1.0,883503
8_stage3.nii.gz,4,RA,1,1,1.0,558043
8_stage3.nii.gz,5,RV,1,1,1.0,919674
8_stage3.nii.gz,6,Aorta,2,2,0.5672140116138209,639755
8_stage3.nii.gz,7,PA,1,1,1.0,319773
8_stage3.nii.gz,8,LAA,1,1,1.0,65273
8_stage3.nii.gz,9,Coronary,2,2,0.6676364643945691,14436
8_stage3.nii.gz,10,PV,3,3,0.550548296544621,198068
892_stage3.nii.gz,1,Myocardium,1,1,1.0,549495
892_stage3.nii.gz,2,LA,1,1,1.0,337242
892_stage3.nii.gz,3,LV,1,1,1.0,568299
892_stage3.nii.gz,4,RA,1,1,1.0,405794
892_stage3.nii.gz,5,RV,1,1,1.0,737595
892_stage3.nii.gz,6,Aorta,2,2,0.5165661061496992,625494
892_stage3.nii.gz,7,PA,1,1,1.0,330764
892_stage3.nii.gz,8,LAA,1,1,1.0,27856
892_stage3.nii.gz,9,Coronary,1,1,1.0,20664
892_stage3.nii.gz,10,PV,2,2,0.5619252238865909,99604
89_stage3.nii.gz,1,Myocardium,1,1,1.0,603140
89_stage3.nii.gz,2,LA,1,1,1.0,413735
89_stage3.nii.gz,3,LV,1,1,1.0,663242
89_stage3.nii.gz,4,RA,1,1,1.0,396833
89_stage3.nii.gz,5,RV,1,1,1.0,771079
89_stage3.nii.gz,6,Aorta,2,2,0.563419417380311,671553
89_stage3.nii.gz,7,PA,1,1,1.0,334181
89_stage3.nii.gz,8,LAA,1,1,1.0,56598
89_stage3.nii.gz,9,Coronary,2,2,0.9469159252224333,10003
89_stage3.nii.gz,10,PV,2,2,0.5266674387321497,112253
909_stage3.nii.gz,1,Myocardium,1,1,1.0,798588
909_stage3.nii.gz,2,LA,1,1,1.0,403783
909_stage3.nii.gz,3,LV,1,1,1.0,750305
909_stage3.nii.gz,4,RA,1,1,1.0,487996
909_stage3.nii.gz,5,RV,1,1,1.0,789068
909_stage3.nii.gz,6,Aorta,2,2,0.5443251253873321,586383
909_stage3.nii.gz,7,PA,1,1,1.0,255973
909_stage3.nii.gz,8,LAA,1,1,1.0,60262
909_stage3.nii.gz,9,Coronary,2,1,0.964347773982863,16689
909_stage3.nii.gz,10,PV,3,3,0.6357451262593222,99359
897_stage3.nii.gz,1,Myocardium,3,1,0.9999957289597882,702405
897_stage3.nii.gz,2,LA,1,1,1.0,352666
897_stage3.nii.gz,3,LV,1,1,1.0,633156
897_stage3.nii.gz,4,RA,1,1,1.0,437995
897_stage3.nii.gz,5,RV,1,1,1.0,725365
897_stage3.nii.gz,6,Aorta,2,2,0.5219010381095479,585680
897_stage3.nii.gz,7,PA,1,1,1.0,287168
897_stage3.nii.gz,8,LAA,1,1,1.0,40649
897_stage3.nii.gz,9,Coronary,2,2,0.8130580357142857,17920
897_stage3.nii.gz,10,PV,2,2,0.5201373712144864,124917
905_stage3.nii.gz,1,Myocardium,1,1,1.0,591619
905_stage3.nii.gz,2,LA,1,1,1.0,337663
905_stage3.nii.gz,3,LV,1,1,1.0,580396
905_stage3.nii.gz,4,RA,1,1,1.0,414141
905_stage3.nii.gz,5,RV,1,1,1.0,647461
905_stage3.nii.gz,6,Aorta,2,2,0.5807674842862491,627635
905_stage3.nii.gz,7,PA,2,1,0.9861115817773108,177054
905_stage3.nii.gz,8,LAA,1,1,1.0,83082
905_stage3.nii.gz,9,Coronary,1,1,1.0,19675
905_stage3.nii.gz,10,PV,2,2,0.5114339597608014,105519
899_stage3.nii.gz,1,Myocardium,1,1,1.0,861620
899_stage3.nii.gz,2,LA,1,1,1.0,417728
899_stage3.nii.gz,3,LV,1,1,1.0,1045475
899_stage3.nii.gz,4,RA,1,1,1.0,636382
899_stage3.nii.gz,5,RV,1,1,1.0,1449434
899_stage3.nii.gz,6,Aorta,2,2,0.5495083645938914,382804
899_stage3.nii.gz,7,PA,2,2,0.6817258459483526,71872
899_stage3.nii.gz,8,LAA,1,1,1.0,56712
899_stage3.nii.gz,9,Coronary,1,1,1.0,12997
899_stage3.nii.gz,10,PV,3,3,0.45337495322887356,195099
907_stage3.nii.gz,1,Myocardium,1,1,1.0,641690
907_stage3.nii.gz,2,LA,1,1,1.0,509655
907_stage3.nii.gz,3,LV,1,1,1.0,729804
907_stage3.nii.gz,4,RA,1,1,1.0,520718
907_stage3.nii.gz,5,RV,1,1,1.0,811155
907_stage3.nii.gz,6,Aorta,2,2,0.6668272355644712,606178
907_stage3.nii.gz,7,PA,2,1,0.9507929644671619,259028
907_stage3.nii.gz,8,LAA,1,1,1.0,49456
907_stage3.nii.gz,9,Coronary,1,1,1.0,17935
907_stage3.nii.gz,10,PV,2,2,0.5221292322199957,144221
901_stage3.nii.gz,1,Myocardium,1,1,1.0,564167
901_stage3.nii.gz,2,LA,1,1,1.0,736985
901_stage3.nii.gz,3,LV,1,1,1.0,705127
901_stage3.nii.gz,4,RA,1,1,1.0,570444
901_stage3.nii.gz,5,RV,1,1,1.0,626881
901_stage3.nii.gz,6,Aorta,2,2,0.5183133593638266,650263
901_stage3.nii.gz,7,PA,1,1,1.0,109145
901_stage3.nii.gz,8,LAA,1,1,1.0,105849
901_stage3.nii.gz,9,Coronary,1,1,1.0,14603
901_stage3.nii.gz,10,PV,2,2,0.7480012945138981,83429
908_stage3.nii.gz,1,Myocardium,1,1,1.0,674667
908_stage3.nii.gz,2,LA,1,1,1.0,380917
908_stage3.nii.gz,3,LV,1,1,1.0,590324
908_stage3.nii.gz,4,RA,1,1,1.0,372582
908_stage3.nii.gz,5,RV,1,1,1.0,825387
908_stage3.nii.gz,6,Aorta,2,2,0.5613350707845367,722898
908_stage3.nii.gz,7,PA,1,1,1.0,325169
908_stage3.nii.gz,8,LAA,1,1,1.0,56552
908_stage3.nii.gz,9,Coronary,1,1,1.0,13036
908_stage3.nii.gz,10,PV,2,2,0.5125439797165088,108857
912_stage3.nii.gz,1,Myocardium,1,1,1.0,683740
912_stage3.nii.gz,2,LA,1,1,1.0,392013
912_stage3.nii.gz,3,LV,1,1,1.0,663669
912_stage3.nii.gz,4,RA,1,1,1.0,456526
912_stage3.nii.gz,5,RV,1,1,1.0,883380
912_stage3.nii.gz,6,Aorta,2,2,0.5522317978785705,577158
912_stage3.nii.gz,7,PA,1,1,1.0,231395
912_stage3.nii.gz,8,LAA,1,1,1.0,51082
912_stage3.nii.gz,9,Coronary,1,1,1.0,16958
912_stage3.nii.gz,10,PV,3,3,0.5526112931200616,134914
906_stage3.nii.gz,1,Myocardium,1,1,1.0,472480
906_stage3.nii.gz,2,LA,1,1,1.0,410706
906_stage3.nii.gz,3,LV,1,1,1.0,435762
906_stage3.nii.gz,4,RA,1,1,1.0,472366
906_stage3.nii.gz,5,RV,1,1,1.0,602050
906_stage3.nii.gz,6,Aorta,2,2,0.5563697797418848,838153
906_stage3.nii.gz,7,PA,1,1,1.0,349662
906_stage3.nii.gz,8,LAA,1,1,1.0,49757
906_stage3.nii.gz,9,Coronary,1,1,1.0,20472
906_stage3.nii.gz,10,PV,2,2,0.6135076124159093,135568
898_stage3.nii.gz,1,Myocardium,1,1,1.0,545639
898_stage3.nii.gz,2,LA,1,1,1.0,373191
898_stage3.nii.gz,3,LV,1,1,1.0,437382
898_stage3.nii.gz,4,RA,1,1,1.0,434254
898_stage3.nii.gz,5,RV,1,1,1.0,638640
898_stage3.nii.gz,6,Aorta,2,2,0.5196065969684451,566442
898_stage3.nii.gz,7,PA,1,1,1.0,209105
898_stage3.nii.gz,8,LAA,1,1,1.0,22400
898_stage3.nii.gz,9,Coronary,1,1,1.0,14681
898_stage3.nii.gz,10,PV,4,4,0.2765855169687971,93613
914_stage3.nii.gz,1,Myocardium,1,1,1.0,737242
914_stage3.nii.gz,2,LA,1,1,1.0,334180
914_stage3.nii.gz,3,LV,1,1,1.0,843677
914_stage3.nii.gz,4,RA,1,1,1.0,453621
914_stage3.nii.gz,5,RV,1,1,1.0,931406
914_stage3.nii.gz,6,Aorta,2,2,0.5722474537618615,517430
914_stage3.nii.gz,7,PA,2,1,0.9763113602537175,143782
914_stage3.nii.gz,8,LAA,1,1,1.0,43955
914_stage3.nii.gz,9,Coronary,2,1,0.984606179286336,18384
914_stage3.nii.gz,10,PV,2,2,0.5124041335109639,111092
900_stage3.nii.gz,1,Myocardium,1,1,1.0,962423
900_stage3.nii.gz,2,LA,1,1,1.0,477325
900_stage3.nii.gz,3,LV,1,1,1.0,1106743
900_stage3.nii.gz,4,RA,1,1,1.0,607208
900_stage3.nii.gz,5,RV,1,1,1.0,1362216
900_stage3.nii.gz,6,Aorta,2,2,0.5507557091506405,562518
900_stage3.nii.gz,7,PA,1,1,1.0,31819
900_stage3.nii.gz,8,LAA,1,1,1.0,32464
900_stage3.nii.gz,9,Coronary,2,2,0.8593389383448731,24264
900_stage3.nii.gz,10,PV,2,2,0.5242263639103788,79624
911_stage3.nii.gz,1,Myocardium,1,1,1.0,650716
911_stage3.nii.gz,2,LA,1,1,1.0,387524
911_stage3.nii.gz,3,LV,1,1,1.0,794673
911_stage3.nii.gz,4,RA,1,1,1.0,491834
911_stage3.nii.gz,5,RV,1,1,1.0,1024976
911_stage3.nii.gz,6,Aorta,2,2,0.5626890883140925,450517
911_stage3.nii.gz,7,PA,1,1,1.0,108175
911_stage3.nii.gz,8,LAA,1,1,1.0,26074
911_stage3.nii.gz,9,Coronary,1,1,1.0,10193
911_stage3.nii.gz,10,PV,3,3,0.48745455434729446,122674
913_stage3.nii.gz,1,Myocardium,1,1,1.0,581505
913_stage3.nii.gz,2,LA,1,1,1.0,405672
913_stage3.nii.gz,3,LV,1,1,1.0,604103
913_stage3.nii.gz,4,RA,1,1,1.0,390403
913_stage3.nii.gz,5,RV,1,1,1.0,856463
913_stage3.nii.gz,6,Aorta,2,2,0.535021248102256,603348
913_stage3.nii.gz,7,PA,2,1,0.9569696919482327,241388
913_stage3.nii.gz,8,LAA,1,1,1.0,67441
913_stage3.nii.gz,9,Coronary,1,1,1.0,10853
913_stage3.nii.gz,10,PV,3,3,0.5384807173450398,112303
878_stage3.nii.gz,1,Myocardium,1,1,1.0,703513
878_stage3.nii.gz,2,LA,1,1,1.0,410267
878_stage3.nii.gz,3,LV,1,1,1.0,753567
878_stage3.nii.gz,4,RA,1,1,1.0,582988
878_stage3.nii.gz,5,RV,1,1,1.0,865472
878_stage3.nii.gz,6,Aorta,2,2,0.530258363577563,695725
878_stage3.nii.gz,7,PA,1,1,1.0,268403
878_stage3.nii.gz,8,LAA,1,1,1.0,89566
878_stage3.nii.gz,9,Coronary,2,2,0.9219862435139375,16574
878_stage3.nii.gz,10,PV,3,3,0.5077295987072448,129955
915_stage3.nii.gz,1,Myocardium,2,1,0.9999987734982406,815327
915_stage3.nii.gz,2,LA,1,1,1.0,312595
915_stage3.nii.gz,3,LV,1,1,1.0,680481
915_stage3.nii.gz,4,RA,1,1,1.0,455964
915_stage3.nii.gz,5,RV,1,1,1.0,929694
915_stage3.nii.gz,6,Aorta,2,2,0.5998823716161489,491378
915_stage3.nii.gz,7,PA,1,1,1.0,209378
915_stage3.nii.gz,8,LAA,1,1,1.0,68366
915_stage3.nii.gz,9,Coronary,2,2,0.8677219696554747,18257
915_stage3.nii.gz,10,PV,4,4,0.2719180979778323,118190
916_stage3.nii.gz,1,Myocardium,1,1,1.0,681378
916_stage3.nii.gz,2,LA,1,1,1.0,279560
916_stage3.nii.gz,3,LV,1,1,1.0,724956
916_stage3.nii.gz,4,RA,1,1,1.0,463720
916_stage3.nii.gz,5,RV,1,1,1.0,891229
916_stage3.nii.gz,6,Aorta,2,2,0.5876132783396719,410714
916_stage3.nii.gz,7,PA,1,1,1.0,227165
916_stage3.nii.gz,8,LAA,1,1,1.0,34424
916_stage3.nii.gz,9,Coronary,1,1,1.0,17925
916_stage3.nii.gz,10,PV,3,3,0.5021700678681907,128337
91_stage3.nii.gz,1,Myocardium,1,1,1.0,501487
91_stage3.nii.gz,2,LA,1,1,1.0,396152
91_stage3.nii.gz,3,LV,1,1,1.0,532995
91_stage3.nii.gz,4,RA,1,1,1.0,447792
91_stage3.nii.gz,5,RV,1,1,1.0,597101
91_stage3.nii.gz,6,Aorta,2,2,0.5004382958469401,544153
91_stage3.nii.gz,7,PA,1,1,1.0,297119
91_stage3.nii.gz,8,LAA,1,1,1.0,44147
91_stage3.nii.gz,9,Coronary,1,1,1.0,16180
91_stage3.nii.gz,10,PV,3,3,0.4645243517295023,106707
919_stage3.nii.gz,1,Myocardium,1,1,1.0,852203
919_stage3.nii.gz,2,LA,1,1,1.0,420033
919_stage3.nii.gz,3,LV,1,1,1.0,1048473
919_stage3.nii.gz,4,RA,1,1,1.0,627701
919_stage3.nii.gz,5,RV,1,1,1.0,1302003
919_stage3.nii.gz,6,Aorta,2,2,0.5217801983117697,651096
919_stage3.nii.gz,7,PA,2,2,0.9374518736223365,170125
919_stage3.nii.gz,8,LAA,1,1,1.0,73066
919_stage3.nii.gz,9,Coronary,2,1,0.957555356861095,19013
919_stage3.nii.gz,10,PV,2,2,0.5116465863453815,159360
924_stage3.nii.gz,1,Myocardium,1,1,1.0,1005372
924_stage3.nii.gz,2,LA,1,1,1.0,343634
924_stage3.nii.gz,3,LV,1,1,1.0,1164152
924_stage3.nii.gz,4,RA,1,1,1.0,625117
924_stage3.nii.gz,5,RV,1,1,1.0,1227044
924_stage3.nii.gz,6,Aorta,2,2,0.6746372917786136,342424
924_stage3.nii.gz,7,PA,2,2,0.5802079495025553,62419
924_stage3.nii.gz,8,LAA,1,1,1.0,78359
924_stage3.nii.gz,9,Coronary,1,1,1.0,31412
924_stage3.nii.gz,10,PV,2,2,0.5317225436930371,135834
925_stage3.nii.gz,1,Myocardium,1,1,1.0,485291
925_stage3.nii.gz,2,LA,1,1,1.0,393552
925_stage3.nii.gz,3,LV,1,1,1.0,510306
925_stage3.nii.gz,4,RA,1,1,1.0,389806
925_stage3.nii.gz,5,RV,1,1,1.0,633523
925_stage3.nii.gz,6,Aorta,2,2,0.511234810461847,564451
925_stage3.nii.gz,7,PA,1,1,1.0,292538
925_stage3.nii.gz,8,LAA,1,1,1.0,46660
925_stage3.nii.gz,9,Coronary,1,1,1.0,12126
925_stage3.nii.gz,10,PV,3,3,0.47440025914140355,104962
917_stage3.nii.gz,1,Myocardium,1,1,1.0,1203529
917_stage3.nii.gz,2,LA,1,1,1.0,558517
917_stage3.nii.gz,3,LV,1,1,1.0,935691
917_stage3.nii.gz,4,RA,1,1,1.0,406398
917_stage3.nii.gz,5,RV,1,1,1.0,830120
917_stage3.nii.gz,6,Aorta,2,2,0.5413308166594736,558409
917_stage3.nii.gz,7,PA,1,1,1.0,293653
917_stage3.nii.gz,8,LAA,1,1,1.0,85235
917_stage3.nii.gz,9,Coronary,2,2,0.9123959482499248,19942
917_stage3.nii.gz,10,PV,3,3,0.5664535018106172,129790
920_stage3.nii.gz,1,Myocardium,1,1,1.0,715914
920_stage3.nii.gz,2,LA,1,1,1.0,350521
920_stage3.nii.gz,3,LV,1,1,1.0,714000
920_stage3.nii.gz,4,RA,1,1,1.0,473482
920_stage3.nii.gz,5,RV,1,1,1.0,857878
920_stage3.nii.gz,6,Aorta,2,2,0.5564702030124427,458100
920_stage3.nii.gz,7,PA,1,1,1.0,226816
920_stage3.nii.gz,8,LAA,1,1,1.0,46125
920_stage3.nii.gz,9,Coronary,1,1,1.0,14262
920_stage3.nii.gz,10,PV,2,2,0.5881173138162178,113678
918_stage3.nii.gz,1,Myocardium,1,1,1.0,756450
918_stage3.nii.gz,2,LA,1,1,1.0,477053
918_stage3.nii.gz,3,LV,1,1,1.0,865294
918_stage3.nii.gz,4,RA,1,1,1.0,524255
918_stage3.nii.gz,5,RV,1,1,1.0,891865
918_stage3.nii.gz,6,Aorta,2,2,0.5594495460368629,501913
918_stage3.nii.gz,7,PA,2,1,0.9726937269372694,146340
918_stage3.nii.gz,8,LAA,1,1,1.0,73928
918_stage3.nii.gz,9,Coronary,1,1,1.0,15214
918_stage3.nii.gz,10,PV,3,3,0.482325965477708,124731
922_stage3.nii.gz,1,Myocardium,1,1,1.0,642129
922_stage3.nii.gz,2,LA,1,1,1.0,437133
922_stage3.nii.gz,3,LV,1,1,1.0,582593
922_stage3.nii.gz,4,RA,1,1,1.0,527190
922_stage3.nii.gz,5,RV,1,1,1.0,785481
922_stage3.nii.gz,6,Aorta,2,2,0.5047383422563733,576784
922_stage3.nii.gz,7,PA,1,1,1.0,264790
922_stage3.nii.gz,8,LAA,1,1,1.0,88291
922_stage3.nii.gz,9,Coronary,1,1,1.0,15940
922_stage3.nii.gz,10,PV,3,3,0.468043893129771,104800
92_stage3.nii.gz,1,Myocardium,1,1,1.0,544520
92_stage3.nii.gz,2,LA,1,1,1.0,328159
92_stage3.nii.gz,3,LV,1,1,1.0,658552
92_stage3.nii.gz,4,RA,1,1,1.0,409093
92_stage3.nii.gz,5,RV,1,1,1.0,712052
92_stage3.nii.gz,6,Aorta,2,2,0.5904348040678331,445741
92_stage3.nii.gz,7,PA,2,1,0.9570720153948634,175643
92_stage3.nii.gz,8,LAA,1,1,1.0,34027
92_stage3.nii.gz,9,Coronary,1,1,1.0,17420
92_stage3.nii.gz,10,PV,2,2,0.5031490616524382,109874
923_stage3.nii.gz,1,Myocardium,1,1,1.0,835883
923_stage3.nii.gz,2,LA,1,1,1.0,352167
923_stage3.nii.gz,3,LV,1,1,1.0,965762
923_stage3.nii.gz,4,RA,1,1,1.0,470706
923_stage3.nii.gz,5,RV,1,1,1.0,1044133
923_stage3.nii.gz,6,Aorta,2,2,0.5242242822196472,466020
923_stage3.nii.gz,7,PA,1,1,1.0,234514
923_stage3.nii.gz,8,LAA,1,1,1.0,30216
923_stage3.nii.gz,9,Coronary,1,1,1.0,15278
923_stage3.nii.gz,10,PV,3,3,0.6114082477939853,111060
936_stage3.nii.gz,1,Myocardium,1,1,1.0,713748
936_stage3.nii.gz,2,LA,1,1,1.0,570578
936_stage3.nii.gz,3,LV,1,1,1.0,758804
936_stage3.nii.gz,4,RA,1,1,1.0,436622
936_stage3.nii.gz,5,RV,1,1,1.0,798802
936_stage3.nii.gz,6,Aorta,2,2,0.5176816009422637,706384
936_stage3.nii.gz,7,PA,1,1,1.0,298952
936_stage3.nii.gz,8,LAA,1,1,1.0,98030
936_stage3.nii.gz,9,Coronary,2,2,0.5115501283347593,25714
936_stage3.nii.gz,10,PV,3,3,0.5930376619377385,139637
921_stage3.nii.gz,1,Myocardium,1,1,1.0,927423
921_stage3.nii.gz,2,LA,1,1,1.0,441330
921_stage3.nii.gz,3,LV,1,1,1.0,636116
921_stage3.nii.gz,4,RA,1,1,1.0,594319
921_stage3.nii.gz,5,RV,1,1,1.0,905771
921_stage3.nii.gz,6,Aorta,2,2,0.556265768742794,621879
921_stage3.nii.gz,7,PA,2,1,0.951798052607475,200884
921_stage3.nii.gz,8,LAA,1,1,1.0,51058
921_stage3.nii.gz,9,Coronary,1,1,1.0,21505
921_stage3.nii.gz,10,PV,3,3,0.414483449274844,111838
928_stage3.nii.gz,1,Myocardium,1,1,1.0,866806
928_stage3.nii.gz,2,LA,1,1,1.0,735637
928_stage3.nii.gz,3,LV,1,1,1.0,939441
928_stage3.nii.gz,4,RA,1,1,1.0,458983
928_stage3.nii.gz,5,RV,1,1,1.0,846768
928_stage3.nii.gz,6,Aorta,2,2,0.5220531993089836,536022
928_stage3.nii.gz,7,PA,1,1,1.0,335746
928_stage3.nii.gz,8,LAA,1,1,1.0,106727
928_stage3.nii.gz,9,Coronary,1,1,1.0,15741
928_stage3.nii.gz,10,PV,2,2,0.5277120471157386,152136
930_stage3.nii.gz,1,Myocardium,1,1,1.0,611564
930_stage3.nii.gz,2,LA,1,1,1.0,544333
930_stage3.nii.gz,3,LV,1,1,1.0,707089
930_stage3.nii.gz,4,RA,1,1,1.0,492122
930_stage3.nii.gz,5,RV,1,1,1.0,866010
930_stage3.nii.gz,6,Aorta,2,2,0.5268970845112309,585082
930_stage3.nii.gz,7,PA,2,1,0.968093028000204,196070
930_stage3.nii.gz,8,LAA,1,1,1.0,84345
930_stage3.nii.gz,9,Coronary,1,1,1.0,25325
930_stage3.nii.gz,10,PV,2,2,0.537318785714855,125473
926_stage3.nii.gz,1,Myocardium,1,1,1.0,964421
926_stage3.nii.gz,2,LA,1,1,1.0,361282
926_stage3.nii.gz,3,LV,1,1,1.0,1195071
926_stage3.nii.gz,4,RA,1,1,1.0,474405
926_stage3.nii.gz,5,RV,1,1,1.0,1230396
926_stage3.nii.gz,6,Aorta,2,2,0.6061386650612824,518256
926_stage3.nii.gz,7,PA,2,1,0.9655328007547711,195026
926_stage3.nii.gz,8,LAA,1,1,1.0,75863
926_stage3.nii.gz,9,Coronary,2,1,0.9776172494937887,18273
926_stage3.nii.gz,10,PV,3,3,0.5070425985351396,163292
933_stage3.nii.gz,1,Myocardium,1,1,1.0,698262
933_stage3.nii.gz,2,LA,1,1,1.0,441149
933_stage3.nii.gz,3,LV,1,1,1.0,864280
933_stage3.nii.gz,4,RA,1,1,1.0,653782
933_stage3.nii.gz,5,RV,1,1,1.0,1013640
933_stage3.nii.gz,6,Aorta,2,2,0.5599932720683802,457793
933_stage3.nii.gz,7,PA,2,1,0.9745902656831288,265843
933_stage3.nii.gz,8,LAA,1,1,1.0,58820
933_stage3.nii.gz,9,Coronary,1,1,1.0,17880
933_stage3.nii.gz,10,PV,2,2,0.5537280773376009,153095
934_stage3.nii.gz,1,Myocardium,1,1,1.0,842795
934_stage3.nii.gz,2,LA,1,1,1.0,417629
934_stage3.nii.gz,3,LV,1,1,1.0,959138
934_stage3.nii.gz,4,RA,1,1,1.0,530150
934_stage3.nii.gz,5,RV,1,1,1.0,1135510
934_stage3.nii.gz,6,Aorta,2,2,0.6623479283552163,414936
934_stage3.nii.gz,7,PA,2,2,0.8892732428387639,152348
934_stage3.nii.gz,8,LAA,1,1,1.0,50502
934_stage3.nii.gz,9,Coronary,1,1,1.0,22855
934_stage3.nii.gz,10,PV,3,3,0.52211176393584,129863
938_stage3.nii.gz,1,Myocardium,1,1,1.0,736231
938_stage3.nii.gz,2,LA,1,1,1.0,328788
938_stage3.nii.gz,3,LV,1,1,1.0,809089
938_stage3.nii.gz,4,RA,1,1,1.0,477994
938_stage3.nii.gz,5,RV,1,1,1.0,1006944
938_stage3.nii.gz,6,Aorta,2,2,0.6101692725492172,387009
938_stage3.nii.gz,7,PA,2,1,0.9886538873967259,97919
938_stage3.nii.gz,8,LAA,1,1,1.0,45581
938_stage3.nii.gz,9,Coronary,1,1,1.0,13273
938_stage3.nii.gz,10,PV,3,3,0.45893046240734203,113320
929_stage3.nii.gz,1,Myocardium,1,1,1.0,525971
929_stage3.nii.gz,2,LA,1,1,1.0,765820
929_stage3.nii.gz,3,LV,1,1,1.0,672772
929_stage3.nii.gz,4,RA,1,1,1.0,806166
929_stage3.nii.gz,5,RV,1,1,1.0,870892
929_stage3.nii.gz,6,Aorta,2,2,0.531709341622693,590315
929_stage3.nii.gz,7,PA,2,2,0.9402603310573321,233011
929_stage3.nii.gz,8,LAA,1,1,1.0,31640
929_stage3.nii.gz,9,Coronary,1,1,1.0,10518
929_stage3.nii.gz,10,PV,2,2,0.5306701275679783,157955
935_stage3.nii.gz,1,Myocardium,1,1,1.0,681298
935_stage3.nii.gz,2,LA,1,1,1.0,461396
935_stage3.nii.gz,3,LV,1,1,1.0,767372
935_stage3.nii.gz,4,RA,1,1,1.0,520931
935_stage3.nii.gz,5,RV,1,1,1.0,894468
935_stage3.nii.gz,6,Aorta,2,2,0.5476393756215547,525899
935_stage3.nii.gz,7,PA,1,1,1.0,262822
935_stage3.nii.gz,8,LAA,1,1,1.0,36299
935_stage3.nii.gz,9,Coronary,1,1,1.0,9322
935_stage3.nii.gz,10,PV,2,2,0.539258638993974,133754
943_stage3.nii.gz,1,Myocardium,1,1,1.0,901980
943_stage3.nii.gz,2,LA,1,1,1.0,394926
943_stage3.nii.gz,3,LV,1,1,1.0,966488
943_stage3.nii.gz,4,RA,1,1,1.0,479173
943_stage3.nii.gz,5,RV,1,1,1.0,1145739
943_stage3.nii.gz,6,Aorta,2,2,0.572453932497653,363217
943_stage3.nii.gz,7,PA,2,1,0.9753619172958371,144370
943_stage3.nii.gz,8,LAA,1,1,1.0,24521
943_stage3.nii.gz,9,Coronary,2,2,0.9206659589921224,17899
943_stage3.nii.gz,10,PV,2,2,0.500956388676358,130700
941_stage3.nii.gz,1,Myocardium,1,1,1.0,665004
941_stage3.nii.gz,2,LA,1,1,1.0,430547
941_stage3.nii.gz,3,LV,1,1,1.0,863232
941_stage3.nii.gz,4,RA,1,1,1.0,463968
941_stage3.nii.gz,5,RV,1,1,1.0,957739
941_stage3.nii.gz,6,Aorta,2,2,0.6000583755671717,376870
941_stage3.nii.gz,7,PA,1,1,1.0,203528
941_stage3.nii.gz,8,LAA,1,1,1.0,36917
941_stage3.nii.gz,9,Coronary,2,1,0.986224795368337,10018
941_stage3.nii.gz,10,PV,3,3,0.5336492644638123,115426
940_stage3.nii.gz,1,Myocardium,1,1,1.0,684691
940_stage3.nii.gz,2,LA,1,1,1.0,571322
940_stage3.nii.gz,3,LV,1,1,1.0,865115
940_stage3.nii.gz,4,RA,1,1,1.0,695875
940_stage3.nii.gz,5,RV,1,1,1.0,978713
940_stage3.nii.gz,6,Aorta,2,2,0.5617603148410999,598143
940_stage3.nii.gz,7,PA,1,1,1.0,309171
940_stage3.nii.gz,8,LAA,1,1,1.0,78448
940_stage3.nii.gz,9,Coronary,1,1,1.0,12806
940_stage3.nii.gz,10,PV,3,3,0.42377775081887664,123645
948_stage3.nii.gz,1,Myocardium,1,1,1.0,691974
948_stage3.nii.gz,2,LA,1,1,1.0,338058
948_stage3.nii.gz,3,LV,1,1,1.0,694875
948_stage3.nii.gz,4,RA,1,1,1.0,410094
948_stage3.nii.gz,5,RV,1,1,1.0,887629
948_stage3.nii.gz,6,Aorta,2,2,0.5404376978193031,539002
948_stage3.nii.gz,7,PA,1,1,1.0,287098
948_stage3.nii.gz,8,LAA,1,1,1.0,23533
948_stage3.nii.gz,9,Coronary,2,2,0.8761878402066612,10839
948_stage3.nii.gz,10,PV,3,3,0.5222742637139436,131946
939_stage3.nii.gz,1,Myocardium,1,1,1.0,691101
939_stage3.nii.gz,2,LA,1,1,1.0,435816
939_stage3.nii.gz,3,LV,1,1,1.0,636703
939_stage3.nii.gz,4,RA,1,1,1.0,525197
939_stage3.nii.gz,5,RV,1,1,1.0,812550
939_stage3.nii.gz,6,Aorta,2,2,0.6023021698399055,646868
939_stage3.nii.gz,7,PA,2,1,0.9520748213697887,258215
939_stage3.nii.gz,8,LAA,1,1,1.0,81382
939_stage3.nii.gz,9,Coronary,2,2,0.7387983706720977,13748
939_stage3.nii.gz,10,PV,2,2,0.5366908933904221,111172
947_stage3.nii.gz,1,Myocardium,1,1,1.0,926246
947_stage3.nii.gz,2,LA,1,1,1.0,489461
947_stage3.nii.gz,3,LV,1,1,1.0,943603
947_stage3.nii.gz,4,RA,1,1,1.0,449772
947_stage3.nii.gz,5,RV,1,1,1.0,1053147
947_stage3.nii.gz,6,Aorta,2,2,0.5808639495991399,570149
947_stage3.nii.gz,7,PA,2,2,0.9458690225110834,185864
947_stage3.nii.gz,8,LAA,1,1,1.0,43066
947_stage3.nii.gz,9,Coronary,1,1,1.0,11702
947_stage3.nii.gz,10,PV,2,2,0.5264827954677248,153477
937_stage3.nii.gz,1,Myocardium,1,1,1.0,575016
937_stage3.nii.gz,2,LA,1,1,1.0,475577
937_stage3.nii.gz,3,LV,1,1,1.0,766739
937_stage3.nii.gz,4,RA,1,1,1.0,585322
937_stage3.nii.gz,5,RV,1,1,1.0,771015
937_stage3.nii.gz,6,Aorta,2,2,0.5661691949840368,463879
937_stage3.nii.gz,7,PA,2,1,0.9843456854388305,184422
937_stage3.nii.gz,8,LAA,1,1,1.0,38587
937_stage3.nii.gz,9,Coronary,1,1,1.0,19333
937_stage3.nii.gz,10,PV,3,3,0.5301503855805689,109186
946_stage3.nii.gz,1,Myocardium,1,1,1.0,627843
946_stage3.nii.gz,2,LA,1,1,1.0,319302
946_stage3.nii.gz,3,LV,1,1,1.0,709576
946_stage3.nii.gz,4,RA,1,1,1.0,329986
946_stage3.nii.gz,5,RV,1,1,1.0,777361
946_stage3.nii.gz,6,Aorta,2,2,0.5377519526124122,461049
946_stage3.nii.gz,7,PA,1,1,1.0,278386
946_stage3.nii.gz,8,LAA,1,1,1.0,51594
946_stage3.nii.gz,9,Coronary,1,1,1.0,14514
946_stage3.nii.gz,10,PV,2,2,0.5531486653080736,119241
93_stage3.nii.gz,1,Myocardium,1,1,1.0,740695
93_stage3.nii.gz,2,LA,1,1,1.0,668206
93_stage3.nii.gz,3,LV,1,1,1.0,809475
93_stage3.nii.gz,4,RA,1,1,1.0,567248
93_stage3.nii.gz,5,RV,1,1,1.0,1052987
93_stage3.nii.gz,6,Aorta,2,2,0.5352261587371392,545745
93_stage3.nii.gz,7,PA,2,1,0.9860786558557993,191289
93_stage3.nii.gz,8,LAA,1,1,1.0,33685
93_stage3.nii.gz,9,Coronary,1,1,1.0,18464
93_stage3.nii.gz,10,PV,2,2,0.5313834361844983,132554
932_stage3.nii.gz,1,Myocardium,1,1,1.0,730169
932_stage3.nii.gz,2,LA,1,1,1.0,427662
932_stage3.nii.gz,3,LV,1,1,1.0,823507
932_stage3.nii.gz,4,RA,1,1,1.0,472894
932_stage3.nii.gz,5,RV,1,1,1.0,978130
932_stage3.nii.gz,6,Aorta,2,2,0.5118240548348592,520253
932_stage3.nii.gz,7,PA,2,1,0.9834145318072682,171596
932_stage3.nii.gz,8,LAA,1,1,1.0,74369
932_stage3.nii.gz,9,Coronary,1,1,1.0,24255
932_stage3.nii.gz,10,PV,2,2,0.5220770369982045,152602
949_stage3.nii.gz,1,Myocardium,1,1,1.0,627456
949_stage3.nii.gz,2,LA,1,1,1.0,363390
949_stage3.nii.gz,3,LV,1,1,1.0,580452
949_stage3.nii.gz,4,RA,1,1,1.0,519998
949_stage3.nii.gz,5,RV,1,1,1.0,752970
949_stage3.nii.gz,6,Aorta,2,2,0.5631122381401206,520937
949_stage3.nii.gz,7,PA,2,1,0.9609409145070689,217363
949_stage3.nii.gz,8,LAA,1,1,1.0,58679
949_stage3.nii.gz,9,Coronary,1,1,1.0,11645
949_stage3.nii.gz,10,PV,3,3,0.5180668136340512,147425
944_stage3.nii.gz,1,Myocardium,1,1,1.0,627467
944_stage3.nii.gz,2,LA,1,1,1.0,316472
944_stage3.nii.gz,3,LV,1,1,1.0,593058
944_stage3.nii.gz,4,RA,1,1,1.0,398620
944_stage3.nii.gz,5,RV,1,1,1.0,739530
944_stage3.nii.gz,6,Aorta,2,2,0.5157597979672431,531003
944_stage3.nii.gz,7,PA,1,1,1.0,274314
944_stage3.nii.gz,8,LAA,1,1,1.0,39806
944_stage3.nii.gz,9,Coronary,1,1,1.0,18579
944_stage3.nii.gz,10,PV,3,3,0.49943821313031517,103242
94_stage3.nii.gz,1,Myocardium,1,1,1.0,766601
94_stage3.nii.gz,2,LA,1,1,1.0,524432
94_stage3.nii.gz,3,LV,1,1,1.0,743350
94_stage3.nii.gz,4,RA,1,1,1.0,653423
94_stage3.nii.gz,5,RV,1,1,1.0,1049290
94_stage3.nii.gz,6,Aorta,2,2,0.5710329021342022,556742
94_stage3.nii.gz,7,PA,1,1,1.0,133131
94_stage3.nii.gz,8,LAA,1,1,1.0,59745
94_stage3.nii.gz,9,Coronary,1,1,1.0,11095
94_stage3.nii.gz,10,PV,2,2,0.5475421472937001,112700
951_stage3.nii.gz,1,Myocardium,2,1,0.9999985526753795,690930
951_stage3.nii.gz,2,LA,1,1,1.0,367123
951_stage3.nii.gz,3,LV,1,1,1.0,598092
951_stage3.nii.gz,4,RA,1,1,1.0,423647
951_stage3.nii.gz,5,RV,1,1,1.0,709133
951_stage3.nii.gz,6,Aorta,2,2,0.5132069084677391,708985
951_stage3.nii.gz,7,PA,1,1,1.0,262826
951_stage3.nii.gz,8,LAA,1,1,1.0,42721
951_stage3.nii.gz,9,Coronary,1,1,1.0,13727
951_stage3.nii.gz,10,PV,2,2,0.5782823882053606,114764
955_stage3.nii.gz,1,Myocardium,1,1,1.0,750660
955_stage3.nii.gz,2,LA,1,1,1.0,323061
955_stage3.nii.gz,3,LV,1,1,1.0,974974
955_stage3.nii.gz,4,RA,1,1,1.0,458424
955_stage3.nii.gz,5,RV,1,1,1.0,1064087
955_stage3.nii.gz,6,Aorta,2,2,0.5716168833960017,488551
955_stage3.nii.gz,7,PA,1,1,1.0,256680
955_stage3.nii.gz,8,LAA,1,1,1.0,52291
955_stage3.nii.gz,9,Coronary,1,1,1.0,20004
955_stage3.nii.gz,10,PV,3,3,0.4882982129224505,121819
950_stage3.nii.gz,1,Myocardium,1,1,1.0,825490
950_stage3.nii.gz,2,LA,1,1,1.0,417864
950_stage3.nii.gz,3,LV,1,1,1.0,744118
950_stage3.nii.gz,4,RA,1,1,1.0,435894
950_stage3.nii.gz,5,RV,1,1,1.0,862953
950_stage3.nii.gz,6,Aorta,2,2,0.5410854818156686,611323
950_stage3.nii.gz,7,PA,1,1,1.0,249818
950_stage3.nii.gz,8,LAA,1,1,1.0,42817
950_stage3.nii.gz,9,Coronary,1,1,1.0,7514
950_stage3.nii.gz,10,PV,3,3,0.5842162605990747,126662
962_stage3.nii.gz,1,Myocardium,1,1,1.0,548514
962_stage3.nii.gz,2,LA,1,1,1.0,422137
962_stage3.nii.gz,3,LV,1,1,1.0,498753
962_stage3.nii.gz,4,RA,1,1,1.0,475712
962_stage3.nii.gz,5,RV,1,1,1.0,760364
962_stage3.nii.gz,6,Aorta,2,2,0.518367684973138,555432
962_stage3.nii.gz,7,PA,1,1,1.0,257542
962_stage3.nii.gz,8,LAA,1,1,1.0,44553
962_stage3.nii.gz,9,Coronary,2,2,0.9007051957526141,12337
962_stage3.nii.gz,10,PV,2,2,0.5958242918303912,85255
945_stage3.nii.gz,1,Myocardium,1,1,1.0,600456
945_stage3.nii.gz,2,LA,1,1,1.0,309146
945_stage3.nii.gz,3,LV,1,1,1.0,648179
945_stage3.nii.gz,4,RA,1,1,1.0,458350
945_stage3.nii.gz,5,RV,1,1,1.0,760165
945_stage3.nii.gz,6,Aorta,2,2,0.5903828730579511,417214
945_stage3.nii.gz,7,PA,1,1,1.0,254074
945_stage3.nii.gz,8,LAA,1,1,1.0,56168
945_stage3.nii.gz,9,Coronary,1,1,1.0,10661
945_stage3.nii.gz,10,PV,2,2,0.518052942321417,123304
931_stage3.nii.gz,1,Myocardium,1,1,1.0,640581
931_stage3.nii.gz,2,LA,1,1,1.0,313418
931_stage3.nii.gz,3,LV,1,1,1.0,726234
931_stage3.nii.gz,4,RA,1,1,1.0,352609
931_stage3.nii.gz,5,RV,1,1,1.0,897295
931_stage3.nii.gz,6,Aorta,2,2,0.5798623679704563,491746
931_stage3.nii.gz,7,PA,2,1,0.9595781265034786,239029
931_stage3.nii.gz,8,LAA,1,1,1.0,28858
931_stage3.nii.gz,9,Coronary,1,1,1.0,8382
931_stage3.nii.gz,10,PV,2,2,0.5353060973682825,113918
942_stage3.nii.gz,1,Myocardium,1,1,1.0,425361
942_stage3.nii.gz,2,LA,1,1,1.0,344640
942_stage3.nii.gz,3,LV,1,1,1.0,535064
942_stage3.nii.gz,4,RA,1,1,1.0,413285
942_stage3.nii.gz,5,RV,1,1,1.0,601270
942_stage3.nii.gz,6,Aorta,2,2,0.5098823248852853,486424
942_stage3.nii.gz,7,PA,1,1,1.0,166004
942_stage3.nii.gz,8,LAA,1,1,1.0,61898
942_stage3.nii.gz,9,Coronary,1,1,1.0,7316
942_stage3.nii.gz,10,PV,3,3,0.5068683407508034,98641
927_stage3.nii.gz,1,Myocardium,1,1,1.0,573392
927_stage3.nii.gz,2,LA,1,1,1.0,389386
927_stage3.nii.gz,3,LV,1,1,1.0,602490
927_stage3.nii.gz,4,RA,1,1,1.0,476907
927_stage3.nii.gz,5,RV,1,1,1.0,737571
927_stage3.nii.gz,6,Aorta,2,2,0.5164883118278126,595816
927_stage3.nii.gz,7,PA,1,1,1.0,276847
927_stage3.nii.gz,8,LAA,1,1,1.0,61669
927_stage3.nii.gz,9,Coronary,1,1,1.0,14073
927_stage3.nii.gz,10,PV,3,3,0.4717708489679198,126589
961_stage3.nii.gz,1,Myocardium,1,1,1.0,642315
961_stage3.nii.gz,2,LA,1,1,1.0,554920
961_stage3.nii.gz,3,LV,1,1,1.0,656511
961_stage3.nii.gz,4,RA,1,1,1.0,630226
961_stage3.nii.gz,5,RV,1,1,1.0,888984
961_stage3.nii.gz,6,Aorta,2,2,0.5679846111235474,527134
961_stage3.nii.gz,7,PA,2,2,0.6069721762531513,129314
961_stage3.nii.gz,8,LAA,1,1,1.0,53499
961_stage3.nii.gz,9,Coronary,1,1,1.0,13873
961_stage3.nii.gz,10,PV,2,2,0.5307593283406782,106423
954_stage3.nii.gz,1,Myocardium,1,1,1.0,816748
954_stage3.nii.gz,2,LA,1,1,1.0,579032
954_stage3.nii.gz,3,LV,1,1,1.0,784403
954_stage3.nii.gz,4,RA,1,1,1.0,637990
954_stage3.nii.gz,5,RV,1,1,1.0,1268687
954_stage3.nii.gz,6,Aorta,2,2,0.5587057954848946,636530
954_stage3.nii.gz,7,PA,2,2,0.5174391142517052,105854
954_stage3.nii.gz,8,LAA,1,1,1.0,55694
954_stage3.nii.gz,9,Coronary,1,1,1.0,23826
954_stage3.nii.gz,10,PV,2,2,0.7104399503281887,112740
960_stage3.nii.gz,1,Myocardium,1,1,1.0,630463
960_stage3.nii.gz,2,LA,1,1,1.0,326002
960_stage3.nii.gz,3,LV,1,1,1.0,612389
960_stage3.nii.gz,4,RA,1,1,1.0,495500
960_stage3.nii.gz,5,RV,1,1,1.0,777717
960_stage3.nii.gz,6,Aorta,2,2,0.5022181269335646,479684
960_stage3.nii.gz,7,PA,1,1,1.0,213404
960_stage3.nii.gz,8,LAA,1,1,1.0,39197
960_stage3.nii.gz,9,Coronary,1,1,1.0,8934
960_stage3.nii.gz,10,PV,3,3,0.43780713098097174,108260
958_stage3.nii.gz,1,Myocardium,1,1,1.0,860718
958_stage3.nii.gz,2,LA,2,1,0.9999980330293708,508396
958_stage3.nii.gz,3,LV,1,1,1.0,977229
958_stage3.nii.gz,4,RA,1,1,1.0,515313
958_stage3.nii.gz,5,RV,1,1,1.0,1103764
958_stage3.nii.gz,6,Aorta,2,2,0.6235994405079752,478291
958_stage3.nii.gz,7,PA,2,2,0.6450950340412666,95913
958_stage3.nii.gz,8,LAA,1,1,1.0,30411
958_stage3.nii.gz,9,Coronary,1,1,1.0,21934
958_stage3.nii.gz,10,PV,3,3,0.5139038282892485,163624
967_stage3.nii.gz,1,Myocardium,1,1,1.0,674158
967_stage3.nii.gz,2,LA,1,1,1.0,345121
967_stage3.nii.gz,3,LV,1,1,1.0,764277
967_stage3.nii.gz,4,RA,1,1,1.0,462241
967_stage3.nii.gz,5,RV,1,1,1.0,949486
967_stage3.nii.gz,6,Aorta,2,2,0.5603498602844172,481335
967_stage3.nii.gz,7,PA,2,2,0.9164727385316062,200246
967_stage3.nii.gz,8,LAA,1,1,1.0,56356
967_stage3.nii.gz,9,Coronary,1,1,1.0,17945
967_stage3.nii.gz,10,PV,3,3,0.5703679106320297,117447
957_stage3.nii.gz,1,Myocardium,1,1,1.0,743700
957_stage3.nii.gz,2,LA,1,1,1.0,479803
957_stage3.nii.gz,3,LV,1,1,1.0,703555
957_stage3.nii.gz,4,RA,1,1,1.0,608472
957_stage3.nii.gz,5,RV,1,1,1.0,905267
957_stage3.nii.gz,6,Aorta,2,2,0.5831820303208226,664230
957_stage3.nii.gz,7,PA,2,1,0.9716230594918507,224619
957_stage3.nii.gz,8,LAA,1,1,1.0,70985
957_stage3.nii.gz,9,Coronary,1,1,1.0,16330
957_stage3.nii.gz,10,PV,2,2,0.5283707233573413,137871
956_stage3.nii.gz,1,Myocardium,1,1,1.0,974534
956_stage3.nii.gz,2,LA,1,1,1.0,512264
956_stage3.nii.gz,3,LV,1,1,1.0,886720
956_stage3.nii.gz,4,RA,1,1,1.0,502665
956_stage3.nii.gz,5,RV,1,1,1.0,1234864
956_stage3.nii.gz,6,Aorta,2,2,0.5900452509245545,440212
956_stage3.nii.gz,7,PA,2,2,0.6266948406409579,56790
956_stage3.nii.gz,8,LAA,1,1,1.0,32916
956_stage3.nii.gz,9,Coronary,2,2,0.7736030828516378,10380
956_stage3.nii.gz,10,PV,3,3,0.40661640062155674,113264
965_stage3.nii.gz,1,Myocardium,1,1,1.0,543932
965_stage3.nii.gz,2,LA,1,1,1.0,397355
965_stage3.nii.gz,3,LV,1,1,1.0,543053
965_stage3.nii.gz,4,RA,1,1,1.0,511301
965_stage3.nii.gz,5,RV,1,1,1.0,678636
965_stage3.nii.gz,6,Aorta,2,2,0.5301119495546824,499868
965_stage3.nii.gz,7,PA,1,1,1.0,239538
965_stage3.nii.gz,8,LAA,1,1,1.0,31490
965_stage3.nii.gz,9,Coronary,1,1,1.0,6817
965_stage3.nii.gz,10,PV,3,3,0.48275170477336543,109692
959_stage3.nii.gz,1,Myocardium,1,1,1.0,546799
959_stage3.nii.gz,2,LA,1,1,1.0,530194
959_stage3.nii.gz,3,LV,1,1,1.0,657052
959_stage3.nii.gz,4,RA,1,1,1.0,543409
959_stage3.nii.gz,5,RV,1,1,1.0,669474
959_stage3.nii.gz,6,Aorta,2,2,0.5094006435275974,630276
959_stage3.nii.gz,7,PA,2,1,0.9702460881733501,212241
959_stage3.nii.gz,8,LAA,1,1,1.0,14969
959_stage3.nii.gz,9,Coronary,1,1,1.0,6349
959_stage3.nii.gz,10,PV,2,2,0.6220221749962193,125637
964_stage3.nii.gz,1,Myocardium,1,1,1.0,889633
964_stage3.nii.gz,2,LA,1,1,1.0,340412
964_stage3.nii.gz,3,LV,1,1,1.0,643831
964_stage3.nii.gz,4,RA,1,1,1.0,479344
964_stage3.nii.gz,5,RV,1,1,1.0,931710
964_stage3.nii.gz,6,Aorta,2,2,0.6295234184131581,431007
964_stage3.nii.gz,7,PA,2,2,0.9086669677394019,101858
964_stage3.nii.gz,8,LAA,1,1,1.0,61841
964_stage3.nii.gz,9,Coronary,2,2,0.5634566204816978,26199
964_stage3.nii.gz,10,PV,2,2,0.5641739130434783,97750
96_stage3.nii.gz,1,Myocardium,1,1,1.0,549119
96_stage3.nii.gz,2,LA,1,1,1.0,446223
96_stage3.nii.gz,3,LV,1,1,1.0,751001
96_stage3.nii.gz,4,RA,1,1,1.0,636836
96_stage3.nii.gz,5,RV,1,1,1.0,834283
96_stage3.nii.gz,6,Aorta,2,2,0.6965786884396955,463448
96_stage3.nii.gz,7,PA,2,2,0.9053034282853629,161801
96_stage3.nii.gz,8,LAA,1,1,1.0,62106
96_stage3.nii.gz,9,Coronary,1,1,1.0,16665
96_stage3.nii.gz,10,PV,2,2,0.5121604177668251,136344
968_stage3.nii.gz,1,Myocardium,1,1,1.0,628486
968_stage3.nii.gz,2,LA,1,1,1.0,342675
968_stage3.nii.gz,3,LV,1,1,1.0,613773
968_stage3.nii.gz,4,RA,1,1,1.0,426477
968_stage3.nii.gz,5,RV,1,1,1.0,745444
968_stage3.nii.gz,6,Aorta,2,2,0.5740951003289075,494972
968_stage3.nii.gz,7,PA,2,1,0.9603550295857988,170690
968_stage3.nii.gz,8,LAA,1,1,1.0,47193
968_stage3.nii.gz,9,Coronary,1,1,1.0,15048
968_stage3.nii.gz,10,PV,3,3,0.45091059675586137,113497
963_stage3.nii.gz,1,Myocardium,1,1,1.0,724687
963_stage3.nii.gz,2,LA,1,1,1.0,523053
963_stage3.nii.gz,3,LV,1,1,1.0,692300
963_stage3.nii.gz,4,RA,1,1,1.0,562054
963_stage3.nii.gz,5,RV,1,1,1.0,844833
963_stage3.nii.gz,6,Aorta,2,2,0.5469888584085212,693707
963_stage3.nii.gz,7,PA,2,2,0.8862380380297444,241390
963_stage3.nii.gz,8,LAA,1,1,1.0,48093
963_stage3.nii.gz,9,Coronary,2,2,0.9080332163950442,22519
963_stage3.nii.gz,10,PV,3,3,0.48515697795301055,129859
972_stage3.nii.gz,1,Myocardium,1,1,1.0,640153
972_stage3.nii.gz,2,LA,1,1,1.0,274571
972_stage3.nii.gz,3,LV,1,1,1.0,653766
972_stage3.nii.gz,4,RA,1,1,1.0,422782
972_stage3.nii.gz,5,RV,1,1,1.0,789709
972_stage3.nii.gz,6,Aorta,2,2,0.5236974138723617,609096
972_stage3.nii.gz,7,PA,1,1,1.0,253251
972_stage3.nii.gz,8,LAA,1,1,1.0,58836
972_stage3.nii.gz,9,Coronary,2,1,0.954485049833887,15050
972_stage3.nii.gz,10,PV,2,2,0.50036721089204,106206
981_stage3.nii.gz,1,Myocardium,1,1,1.0,903801
981_stage3.nii.gz,2,LA,1,1,1.0,478960
981_stage3.nii.gz,3,LV,1,1,1.0,1130536
981_stage3.nii.gz,4,RA,1,1,1.0,461115
981_stage3.nii.gz,5,RV,1,1,1.0,1190824
981_stage3.nii.gz,6,Aorta,2,2,0.5401100806487467,562315
981_stage3.nii.gz,7,PA,2,2,0.9375487280182495,138524
981_stage3.nii.gz,8,LAA,1,1,1.0,57929
981_stage3.nii.gz,9,Coronary,1,1,1.0,9291
981_stage3.nii.gz,10,PV,3,3,0.41250493935985894,197394
95_stage3.nii.gz,1,Myocardium,2,1,0.9999984891338507,661872
95_stage3.nii.gz,2,LA,1,1,1.0,378630
95_stage3.nii.gz,3,LV,1,1,1.0,808629
95_stage3.nii.gz,4,RA,1,1,1.0,412049
95_stage3.nii.gz,5,RV,1,1,1.0,999577
95_stage3.nii.gz,6,Aorta,2,2,0.5333107143417481,509896
95_stage3.nii.gz,7,PA,1,1,1.0,261980
95_stage3.nii.gz,8,LAA,1,1,1.0,28751
95_stage3.nii.gz,9,Coronary,1,1,1.0,14414
95_stage3.nii.gz,10,PV,2,2,0.5285893134358255,99845
952_stage3.nii.gz,1,Myocardium,1,1,1.0,719326
952_stage3.nii.gz,2,LA,1,1,1.0,493948
952_stage3.nii.gz,3,LV,1,1,1.0,718015
952_stage3.nii.gz,4,RA,1,1,1.0,664292
952_stage3.nii.gz,5,RV,1,1,1.0,1007107
952_stage3.nii.gz,6,Aorta,2,2,0.5205546100112939,569337
952_stage3.nii.gz,7,PA,1,1,1.0,113581
952_stage3.nii.gz,8,LAA,1,1,1.0,54185
952_stage3.nii.gz,9,Coronary,1,1,1.0,6985
952_stage3.nii.gz,10,PV,3,3,0.4340408425791928,124380
970_stage3.nii.gz,1,Myocardium,1,1,1.0,818672
970_stage3.nii.gz,2,LA,2,1,0.9999975811698913,413423
970_stage3.nii.gz,3,LV,1,1,1.0,915162
970_stage3.nii.gz,4,RA,1,1,1.0,782168
970_stage3.nii.gz,5,RV,1,1,1.0,1245901
970_stage3.nii.gz,6,Aorta,2,2,0.5752558402462168,445786
970_stage3.nii.gz,7,PA,2,1,0.9804106369525537,251463
970_stage3.nii.gz,8,LAA,1,1,1.0,102910
970_stage3.nii.gz,9,Coronary,2,1,0.9790359107085086,15455
970_stage3.nii.gz,10,PV,3,3,0.5080709872415545,149548
953_stage3.nii.gz,1,Myocardium,1,1,1.0,702064
953_stage3.nii.gz,2,LA,1,1,1.0,463870
953_stage3.nii.gz,3,LV,1,1,1.0,800053
953_stage3.nii.gz,4,RA,1,1,1.0,445088
953_stage3.nii.gz,5,RV,1,1,1.0,736983
953_stage3.nii.gz,6,Aorta,2,2,0.5390630949851892,498962
953_stage3.nii.gz,7,PA,1,1,1.0,204520
953_stage3.nii.gz,8,LAA,1,1,1.0,73039
953_stage3.nii.gz,9,Coronary,2,1,0.9658017355619203,23393
953_stage3.nii.gz,10,PV,2,2,0.5973749526734256,118855
974_stage3.nii.gz,1,Myocardium,2,1,0.999996163636259,521327
974_stage3.nii.gz,2,LA,1,1,1.0,435875
974_stage3.nii.gz,3,LV,1,1,1.0,503413
974_stage3.nii.gz,4,RA,1,1,1.0,383746
974_stage3.nii.gz,5,RV,1,1,1.0,626215
974_stage3.nii.gz,6,Aorta,2,2,0.5053228217765333,631432
974_stage3.nii.gz,7,PA,2,1,0.9769303247876716,304599
974_stage3.nii.gz,8,LAA,1,1,1.0,54342
974_stage3.nii.gz,9,Coronary,2,2,0.7476186727544675,25406
974_stage3.nii.gz,10,PV,2,2,0.5499346954006904,128628
978_stage3.nii.gz,1,Myocardium,1,1,1.0,500127
978_stage3.nii.gz,2,LA,1,1,1.0,345775
978_stage3.nii.gz,3,LV,1,1,1.0,511792
978_stage3.nii.gz,4,RA,1,1,1.0,448184
978_stage3.nii.gz,5,RV,1,1,1.0,625476
978_stage3.nii.gz,6,Aorta,2,2,0.5422967846212557,534556
978_stage3.nii.gz,7,PA,1,1,1.0,286828
978_stage3.nii.gz,8,LAA,1,1,1.0,72190
978_stage3.nii.gz,9,Coronary,2,2,0.7047963800904977,11050
978_stage3.nii.gz,10,PV,2,2,0.514535653262099,83106
971_stage3.nii.gz,1,Myocardium,1,1,1.0,808550
971_stage3.nii.gz,2,LA,1,1,1.0,364157
971_stage3.nii.gz,3,LV,1,1,1.0,807809
971_stage3.nii.gz,4,RA,1,1,1.0,659067
971_stage3.nii.gz,5,RV,1,1,1.0,1021370
971_stage3.nii.gz,6,Aorta,2,2,0.5310878933942604,642517
971_stage3.nii.gz,7,PA,2,1,0.9858542403203135,234770
971_stage3.nii.gz,8,LAA,1,1,1.0,79237
971_stage3.nii.gz,9,Coronary,1,1,1.0,18818
971_stage3.nii.gz,10,PV,2,2,0.5419973678473674,123853
975_stage3.nii.gz,1,Myocardium,1,1,1.0,815205
975_stage3.nii.gz,2,LA,1,1,1.0,486942
975_stage3.nii.gz,3,LV,1,1,1.0,611651
975_stage3.nii.gz,4,RA,1,1,1.0,454150
975_stage3.nii.gz,5,RV,1,1,1.0,788797
975_stage3.nii.gz,6,Aorta,2,2,0.557334818878248,563654
975_stage3.nii.gz,7,PA,1,1,1.0,216511
975_stage3.nii.gz,8,LAA,1,1,1.0,55962
975_stage3.nii.gz,9,Coronary,1,1,1.0,12025
975_stage3.nii.gz,10,PV,3,3,0.4746129716412034,157482
969_stage3.nii.gz,1,Myocardium,1,1,1.0,801693
969_stage3.nii.gz,2,LA,1,1,1.0,594015
969_stage3.nii.gz,3,LV,1,1,1.0,917845
969_stage3.nii.gz,4,RA,1,1,1.0,732984
969_stage3.nii.gz,5,RV,1,1,1.0,1105493
969_stage3.nii.gz,6,Aorta,2,2,0.5364623484441737,623945
969_stage3.nii.gz,7,PA,1,1,1.0,195286
969_stage3.nii.gz,8,LAA,1,1,1.0,156139
969_stage3.nii.gz,9,Coronary,2,2,0.7478092426897888,32523
969_stage3.nii.gz,10,PV,2,2,0.5029022774863753,146609
980_stage3.nii.gz,1,Myocardium,1,1,1.0,912982
980_stage3.nii.gz,2,LA,1,1,1.0,612088
980_stage3.nii.gz,3,LV,1,1,1.0,800669
980_stage3.nii.gz,4,RA,1,1,1.0,574931
980_stage3.nii.gz,5,RV,1,1,1.0,983121
980_stage3.nii.gz,6,Aorta,2,2,0.5387989974435436,639166
980_stage3.nii.gz,7,PA,1,1,1.0,246630
980_stage3.nii.gz,8,LAA,1,1,1.0,51153
980_stage3.nii.gz,9,Coronary,2,2,0.862290800038696,20674
980_stage3.nii.gz,10,PV,3,3,0.5244301386060566,152230
984_stage3.nii.gz,1,Myocardium,1,1,1.0,756226
984_stage3.nii.gz,2,LA,1,1,1.0,504700
984_stage3.nii.gz,3,LV,1,1,1.0,756456
984_stage3.nii.gz,4,RA,1,1,1.0,391915
984_stage3.nii.gz,5,RV,1,1,1.0,815515
984_stage3.nii.gz,6,Aorta,2,2,0.5010711573923419,590016
984_stage3.nii.gz,7,PA,2,2,0.9395590680237186,212323
984_stage3.nii.gz,8,LAA,1,1,1.0,48032
984_stage3.nii.gz,9,Coronary,1,1,1.0,12560
984_stage3.nii.gz,10,PV,2,2,0.5542007826518301,163291
989_stage3.nii.gz,1,Myocardium,1,1,1.0,720090
989_stage3.nii.gz,2,LA,2,1,0.9999960552190438,506999
989_stage3.nii.gz,3,LV,1,1,1.0,673336
989_stage3.nii.gz,4,RA,1,1,1.0,545166
989_stage3.nii.gz,5,RV,1,1,1.0,801287
989_stage3.nii.gz,6,Aorta,2,2,0.6323397120223171,539139
989_stage3.nii.gz,7,PA,1,1,1.0,121204
989_stage3.nii.gz,8,LAA,1,1,1.0,73645
989_stage3.nii.gz,9,Coronary,2,2,0.9261471230881282,13730
989_stage3.nii.gz,10,PV,3,3,0.45500973941020845,103189
986_stage3.nii.gz,1,Myocardium,1,1,1.0,919819
986_stage3.nii.gz,2,LA,1,1,1.0,456788
986_stage3.nii.gz,3,LV,1,1,1.0,1000079
986_stage3.nii.gz,4,RA,1,1,1.0,631452
986_stage3.nii.gz,5,RV,1,1,1.0,797324
986_stage3.nii.gz,6,Aorta,2,2,0.5386592041366135,699316
986_stage3.nii.gz,7,PA,1,1,1.0,145825
986_stage3.nii.gz,8,LAA,1,1,1.0,59485
986_stage3.nii.gz,9,Coronary,1,1,1.0,28680
986_stage3.nii.gz,10,PV,2,2,0.5088511581772566,85695
976_stage3.nii.gz,1,Myocardium,1,1,1.0,753161
976_stage3.nii.gz,2,LA,2,1,0.9999977666806621,447764
976_stage3.nii.gz,3,LV,1,1,1.0,863478
976_stage3.nii.gz,4,RA,1,1,1.0,570724
976_stage3.nii.gz,5,RV,1,1,1.0,959422
976_stage3.nii.gz,6,Aorta,2,2,0.553605787425257,502054
976_stage3.nii.gz,7,PA,2,1,0.9691107012101394,143124
976_stage3.nii.gz,8,LAA,1,1,1.0,88536
976_stage3.nii.gz,9,Coronary,2,1,0.9865556216537775,16810
976_stage3.nii.gz,10,PV,2,2,0.5509453023524318,110864
988_stage3.nii.gz,1,Myocardium,1,1,1.0,584208
988_stage3.nii.gz,2,LA,1,1,1.0,353692
988_stage3.nii.gz,3,LV,1,1,1.0,567064
988_stage3.nii.gz,4,RA,1,1,1.0,370363
988_stage3.nii.gz,5,RV,1,1,1.0,606991
988_stage3.nii.gz,6,Aorta,2,2,0.5848813517142695,385762
988_stage3.nii.gz,7,PA,1,1,1.0,184436
988_stage3.nii.gz,8,LAA,1,1,1.0,54347
988_stage3.nii.gz,9,Coronary,1,1,1.0,12160
988_stage3.nii.gz,10,PV,2,2,0.6781882839585163,67207
977_stage3.nii.gz,1,Myocardium,1,1,1.0,633702
977_stage3.nii.gz,2,LA,1,1,1.0,369140
977_stage3.nii.gz,3,LV,1,1,1.0,774489
977_stage3.nii.gz,4,RA,1,1,1.0,494684
977_stage3.nii.gz,5,RV,1,1,1.0,922322
977_stage3.nii.gz,6,Aorta,2,2,0.6687028992151625,403523
977_stage3.nii.gz,7,PA,2,2,0.9036674580887759,165946
977_stage3.nii.gz,8,LAA,1,1,1.0,58780
977_stage3.nii.gz,9,Coronary,1,1,1.0,15400
977_stage3.nii.gz,10,PV,3,3,0.5080609479564183,144648
983_stage3.nii.gz,1,Myocardium,3,1,0.9999921996879875,512800
983_stage3.nii.gz,2,LA,1,1,1.0,343249
983_stage3.nii.gz,3,LV,1,1,1.0,577477
983_stage3.nii.gz,4,RA,1,1,1.0,428530
983_stage3.nii.gz,5,RV,1,1,1.0,698522
983_stage3.nii.gz,6,Aorta,2,2,0.5205831461179382,600467
983_stage3.nii.gz,7,PA,2,1,0.9703131792526379,278339
983_stage3.nii.gz,8,LAA,1,1,1.0,62850
983_stage3.nii.gz,9,Coronary,1,1,1.0,19779
983_stage3.nii.gz,10,PV,2,2,0.6074871264900308,112246
994_stage3.nii.gz,1,Myocardium,1,1,1.0,780452
994_stage3.nii.gz,2,LA,1,1,1.0,381099
994_stage3.nii.gz,3,LV,1,1,1.0,774834
994_stage3.nii.gz,4,RA,1,1,1.0,399421
994_stage3.nii.gz,5,RV,1,1,1.0,945313
994_stage3.nii.gz,6,Aorta,2,2,0.51949383796729,506083
994_stage3.nii.gz,7,PA,2,1,0.9719979208471339,165452
994_stage3.nii.gz,8,LAA,1,1,1.0,43887
994_stage3.nii.gz,9,Coronary,1,1,1.0,16109
994_stage3.nii.gz,10,PV,2,2,0.5556840047762829,131483
990_stage3.nii.gz,1,Myocardium,1,1,1.0,610843
990_stage3.nii.gz,2,LA,1,1,1.0,408927
990_stage3.nii.gz,3,LV,1,1,1.0,598413
990_stage3.nii.gz,4,RA,1,1,1.0,472463
990_stage3.nii.gz,5,RV,1,1,1.0,756838
990_stage3.nii.gz,6,Aorta,2,2,0.5530725010265474,448104
990_stage3.nii.gz,7,PA,2,1,0.984493575158155,152066
990_stage3.nii.gz,8,LAA,1,1,1.0,60839
990_stage3.nii.gz,9,Coronary,2,1,0.981569640914037,14704
990_stage3.nii.gz,10,PV,3,3,0.44366596009773307,123602
973_stage3.nii.gz,1,Myocardium,1,1,1.0,647348
973_stage3.nii.gz,2,LA,1,1,1.0,521436
973_stage3.nii.gz,3,LV,1,1,1.0,593146
973_stage3.nii.gz,4,RA,1,1,1.0,525720
973_stage3.nii.gz,5,RV,1,1,1.0,628318
973_stage3.nii.gz,6,Aorta,2,2,0.5608959610275667,651948
973_stage3.nii.gz,7,PA,1,1,1.0,266331
973_stage3.nii.gz,8,LAA,1,1,1.0,39739
973_stage3.nii.gz,9,Coronary,1,1,1.0,15834
973_stage3.nii.gz,10,PV,3,3,0.4362683866669695,132093
97_stage3.nii.gz,1,Myocardium,1,1,1.0,819802
97_stage3.nii.gz,2,LA,1,1,1.0,475701
97_stage3.nii.gz,3,LV,1,1,1.0,1005231
97_stage3.nii.gz,4,RA,1,1,1.0,650196
97_stage3.nii.gz,5,RV,1,1,1.0,1214784
97_stage3.nii.gz,6,Aorta,2,2,0.7064327245925804,341908
97_stage3.nii.gz,7,PA,5,1,0.9995886804870023,24312
97_stage3.nii.gz,8,LAA,1,1,1.0,34369
97_stage3.nii.gz,9,Coronary,1,1,1.0,18644
97_stage3.nii.gz,10,PV,2,2,0.5284569305338875,83969
991_stage3.nii.gz,1,Myocardium,1,1,1.0,700348
991_stage3.nii.gz,2,LA,1,1,1.0,524972
991_stage3.nii.gz,3,LV,1,1,1.0,633433
991_stage3.nii.gz,4,RA,1,1,1.0,496138
991_stage3.nii.gz,5,RV,1,1,1.0,799123
991_stage3.nii.gz,6,Aorta,2,2,0.5006616101013882,454195
991_stage3.nii.gz,7,PA,2,1,0.9606025034707721,177194
991_stage3.nii.gz,8,LAA,1,1,1.0,49383
991_stage3.nii.gz,9,Coronary,1,1,1.0,12712
991_stage3.nii.gz,10,PV,2,2,0.5225277461339591,146597
979_stage3.nii.gz,1,Myocardium,1,1,1.0,811707
979_stage3.nii.gz,2,LA,1,1,1.0,464213
979_stage3.nii.gz,3,LV,1,1,1.0,806936
979_stage3.nii.gz,4,RA,1,1,1.0,678983
979_stage3.nii.gz,5,RV,1,1,1.0,1025538
979_stage3.nii.gz,6,Aorta,2,2,0.5563751210645186,494571
979_stage3.nii.gz,7,PA,2,2,0.5435391577082386,83534
979_stage3.nii.gz,8,LAA,1,1,1.0,59166
979_stage3.nii.gz,9,Coronary,1,1,1.0,22552
979_stage3.nii.gz,10,PV,3,3,0.441887312404573,107412
966_stage3.nii.gz,1,Myocardium,1,1,1.0,637872
966_stage3.nii.gz,2,LA,1,1,1.0,353046
966_stage3.nii.gz,3,LV,1,1,1.0,697490
966_stage3.nii.gz,4,RA,1,1,1.0,361652
966_stage3.nii.gz,5,RV,1,1,1.0,854305
966_stage3.nii.gz,6,Aorta,2,2,0.5123512564822876,547839
966_stage3.nii.gz,7,PA,1,1,1.0,271970
966_stage3.nii.gz,8,LAA,1,1,1.0,51706
966_stage3.nii.gz,9,Coronary,1,1,1.0,10271
966_stage3.nii.gz,10,PV,3,3,0.4653197147046398,120717
985_stage3.nii.gz,1,Myocardium,1,1,1.0,802062
985_stage3.nii.gz,2,LA,1,1,1.0,465593
985_stage3.nii.gz,3,LV,1,1,1.0,858013
985_stage3.nii.gz,4,RA,1,1,1.0,535069
985_stage3.nii.gz,5,RV,1,1,1.0,908091
985_stage3.nii.gz,6,Aorta,2,2,0.5988102348893439,453703
985_stage3.nii.gz,7,PA,1,1,1.0,91697
985_stage3.nii.gz,8,LAA,1,1,1.0,67737
985_stage3.nii.gz,9,Coronary,1,1,1.0,13523
985_stage3.nii.gz,10,PV,2,2,0.6056025811948281,126763
996_stage3.nii.gz,1,Myocardium,1,1,1.0,600766
996_stage3.nii.gz,2,LA,1,1,1.0,535626
996_stage3.nii.gz,3,LV,1,1,1.0,768755
996_stage3.nii.gz,4,RA,1,1,1.0,487953
996_stage3.nii.gz,5,RV,1,1,1.0,864287
996_stage3.nii.gz,6,Aorta,2,2,0.5162151978081574,567924
996_stage3.nii.gz,7,PA,2,1,0.978961420162688,256196
996_stage3.nii.gz,8,LAA,1,1,1.0,71602
996_stage3.nii.gz,9,Coronary,2,2,0.9058963252759537,14314
996_stage3.nii.gz,10,PV,3,3,0.5654070289652001,139167
982_stage3.nii.gz,1,Myocardium,1,1,1.0,832935
982_stage3.nii.gz,2,LA,1,1,1.0,588773
982_stage3.nii.gz,3,LV,1,1,1.0,916600
982_stage3.nii.gz,4,RA,1,1,1.0,545037
982_stage3.nii.gz,5,RV,1,1,1.0,1067820
982_stage3.nii.gz,6,Aorta,2,2,0.5971481913729323,605791
982_stage3.nii.gz,7,PA,1,1,1.0,359294
982_stage3.nii.gz,8,LAA,1,1,1.0,84036
982_stage3.nii.gz,9,Coronary,2,2,0.8021647624774504,8315
982_stage3.nii.gz,10,PV,2,2,0.5154240695302569,135308
987_stage3.nii.gz,1,Myocardium,1,1,1.0,606620
987_stage3.nii.gz,2,LA,1,1,1.0,417025
987_stage3.nii.gz,3,LV,1,1,1.0,694857
987_stage3.nii.gz,4,RA,1,1,1.0,504144
987_stage3.nii.gz,5,RV,1,1,1.0,844111
987_stage3.nii.gz,6,Aorta,2,2,0.5655598978367233,584946
987_stage3.nii.gz,7,PA,2,1,0.969555377757458,218725
987_stage3.nii.gz,8,LAA,1,1,1.0,65360
987_stage3.nii.gz,9,Coronary,1,1,1.0,24374
987_stage3.nii.gz,10,PV,2,2,0.5274259951587752,153267
98_stage3.nii.gz,1,Myocardium,1,1,1.0,529681
98_stage3.nii.gz,2,LA,2,1,0.9999959733921755,496696
98_stage3.nii.gz,3,LV,1,1,1.0,551939
98_stage3.nii.gz,4,RA,1,1,1.0,586160
98_stage3.nii.gz,5,RV,1,1,1.0,691737
98_stage3.nii.gz,6,Aorta,2,2,0.5253059198907913,671009
98_stage3.nii.gz,7,PA,1,1,1.0,410383
98_stage3.nii.gz,8,LAA,1,1,1.0,32182
98_stage3.nii.gz,9,Coronary,1,1,1.0,28116
98_stage3.nii.gz,10,PV,2,2,0.5615750663400694,156768
998_stage3.nii.gz,1,Myocardium,1,1,1.0,697327
998_stage3.nii.gz,2,LA,1,1,1.0,519870
998_stage3.nii.gz,3,LV,1,1,1.0,653984
998_stage3.nii.gz,4,RA,1,1,1.0,427207
998_stage3.nii.gz,5,RV,1,1,1.0,825216
998_stage3.nii.gz,6,Aorta,2,2,0.502909773955255,672389
998_stage3.nii.gz,7,PA,2,1,0.9696681467140843,237605
998_stage3.nii.gz,8,LAA,1,1,1.0,84768
998_stage3.nii.gz,9,Coronary,2,1,0.9792954368899247,29607
998_stage3.nii.gz,10,PV,3,3,0.5615259672066875,142834
995_stage3.nii.gz,1,Myocardium,1,1,1.0,592713
995_stage3.nii.gz,2,LA,1,1,1.0,359076
995_stage3.nii.gz,3,LV,1,1,1.0,490389
995_stage3.nii.gz,4,RA,1,1,1.0,338881
995_stage3.nii.gz,5,RV,1,1,1.0,555791
995_stage3.nii.gz,6,Aorta,2,2,0.5015469233413544,433441
995_stage3.nii.gz,7,PA,1,1,1.0,225610
995_stage3.nii.gz,8,LAA,1,1,1.0,60226
995_stage3.nii.gz,9,Coronary,2,2,0.5372274419429179,11282
995_stage3.nii.gz,10,PV,3,3,0.5496312924171064,95333
999_stage3.nii.gz,1,Myocardium,1,1,1.0,734062
999_stage3.nii.gz,2,LA,1,1,1.0,522760
999_stage3.nii.gz,3,LV,1,1,1.0,699359
999_stage3.nii.gz,4,RA,1,1,1.0,437324
999_stage3.nii.gz,5,RV,1,1,1.0,872461
999_stage3.nii.gz,6,Aorta,2,2,0.551473515779352,532468
999_stage3.nii.gz,7,PA,2,2,0.9127293203801745,190018
999_stage3.nii.gz,8,LAA,1,1,1.0,56621
999_stage3.nii.gz,9,Coronary,2,2,0.9288241586439562,12153
999_stage3.nii.gz,10,PV,2,2,0.6503462303682379,89969
992_stage3.nii.gz,1,Myocardium,1,1,1.0,657168
992_stage3.nii.gz,2,LA,1,1,1.0,401041
992_stage3.nii.gz,3,LV,1,1,1.0,810793
992_stage3.nii.gz,4,RA,1,1,1.0,456530
992_stage3.nii.gz,5,RV,1,1,1.0,996266
992_stage3.nii.gz,6,Aorta,2,2,0.5376952559671933,514773
992_stage3.nii.gz,7,PA,2,1,0.9637202979410349,176545
992_stage3.nii.gz,8,LAA,1,1,1.0,53728
992_stage3.nii.gz,9,Coronary,1,1,1.0,12583
992_stage3.nii.gz,10,PV,2,2,0.5556016310733292,101283
993_stage3.nii.gz,1,Myocardium,1,1,1.0,875198
993_stage3.nii.gz,2,LA,1,1,1.0,392044
993_stage3.nii.gz,3,LV,1,1,1.0,718773
993_stage3.nii.gz,4,RA,1,1,1.0,475530
993_stage3.nii.gz,5,RV,1,1,1.0,830747
993_stage3.nii.gz,6,Aorta,2,2,0.5698691551163579,616073
993_stage3.nii.gz,7,PA,1,1,1.0,296748
993_stage3.nii.gz,8,LAA,1,1,1.0,43052
993_stage3.nii.gz,9,Coronary,1,1,1.0,11161
993_stage3.nii.gz,10,PV,2,2,0.5551970708239949,121809
9_stage3.nii.gz,1,Myocardium,1,1,1.0,703117
9_stage3.nii.gz,2,LA,1,1,1.0,575121
9_stage3.nii.gz,3,LV,1,1,1.0,655503
9_stage3.nii.gz,4,RA,1,1,1.0,564636
9_stage3.nii.gz,5,RV,1,1,1.0,718391
9_stage3.nii.gz,6,Aorta,2,2,0.5282700543109544,557162
9_stage3.nii.gz,7,PA,2,2,0.8361046429855131,127978
9_stage3.nii.gz,8,LAA,1,1,1.0,86699
9_stage3.nii.gz,9,Coronary,1,1,1.0,21255
9_stage3.nii.gz,10,PV,3,3,0.44460057545429343,104613
99_stage3.nii.gz,1,Myocardium,1,1,1.0,611039
99_stage3.nii.gz,2,LA,1,1,1.0,294984
99_stage3.nii.gz,3,LV,1,1,1.0,632501
99_stage3.nii.gz,4,RA,1,1,1.0,402924
99_stage3.nii.gz,5,RV,1,1,1.0,801994
99_stage3.nii.gz,6,Aorta,2,2,0.6095472471695438,416099
99_stage3.nii.gz,7,PA,1,1,1.0,179991
99_stage3.nii.gz,8,LAA,1,1,1.0,30392
99_stage3.nii.gz,9,Coronary,1,1,1.0,9386
99_stage3.nii.gz,10,PV,3,3,0.5900829344776366,96944
997_stage3.nii.gz,1,Myocardium,1,1,1.0,901301
997_stage3.nii.gz,2,LA,1,1,1.0,479119
997_stage3.nii.gz,3,LV,1,1,1.0,831850
997_stage3.nii.gz,4,RA,1,1,1.0,408941
997_stage3.nii.gz,5,RV,1,1,1.0,931578
997_stage3.nii.gz,6,Aorta,2,2,0.5630157960971314,542729
997_stage3.nii.gz,7,PA,2,2,0.8770530611700531,149959
997_stage3.nii.gz,8,LAA,1,1,1.0,55092
997_stage3.nii.gz,9,Coronary,1,1,1.0,26366
997_stage3.nii.gz,10,PV,3,3,0.5633517914485827,158196
