{
    "total": [
        0.6515581998414172,
        0.6522807799025863,
        0.648244063696546,
        0.6463953871765213,
        0.6536666030635336,
        0.6510608401709425,
        0.6433893118449346,
        0.6464955527223423,
        0.6470425578061947,
        0.6506221729194472,
        0.6478286242198371,
        0.6414910928758686,
        0.6413215563626948,
        0.6399460485081874,
        0.6374727831574862,
        0.637690826205309,
        0.6388555633758973,
        0.6378502996268874,
        0.6354772946041428,
        0.6375432637984862,
        0.6353027127787679,
        0.6103391805607713,
        0.6081873360043298,
        0.6033167133111514,
        0.6026368845321373,
        0.5991527741562149,
        0.5985643516680998,
        0.5954675162603,
        0.5936491157941685,
        0.5894084219822664,
        0.5903606946339349
    ],
    "shape": [
        0.6509326645033154,
        0.6516513945105559,
        0.6476104371772261,
        0.6457577144693516,
        0.6530248876325114,
        0.6504151698104843,
        0.6427397971640608,
        0.6458420806036206,
        0.6463852485339484,
        0.6499611083156838,
        0.6471638313992946,
        0.6408255754826303,
        0.6406551938735412,
        0.6392788525095923,
        0.6368047341793954,
        0.6370219397162626,
        0.6381858458260974,
        0.6371797673210113,
        0.6348059090798747,
        0.6368710472731887,
        0.634629671702643,
        0.609666032638244,
        0.607514065050171,
        0.6026433034387524,
        0.6019633369359798,
        0.5984790907474701,
        0.5978905296994593,
        0.5947935414577056,
        0.5929750140778766,
        0.5887341692237433,
        0.5896863023599307
    ],
    "dice": [
        0.07565769901372002,
        0.07444910576497019,
        0.08046009410860344,
        0.08356158023710006,
        0.07258091736886971,
        0.07651160134528968,
        0.08841471026491533,
        0.08347780169018709,
        0.0830918085562419,
        0.07743487886389516,
        0.08145112602288142,
        0.09010616308790197,
        0.09052787876674656,
        0.09265952370082073,
        0.09643558465074012,
        0.0961001320856722,
        0.09446786291631944,
        0.0960585919705052,
        0.0993866050257559,
        0.09648892811183941,
        0.09979104708680585,
        0.13501893689987512,
        0.13813717551573734,
        0.1453488163448467,
        0.14631688210367597,
        0.15151542227389572,
        0.15232017473970916,
        0.15678768248352332,
        0.1597104871067926,
        0.16591440195839233,
        0.16452664323874333
    ],
    "l2": [
        6.2553664137700755,
        6.293849203534021,
        6.336253525498874,
        6.376730744489926,
        6.417145706130889,
        6.456713411277664,
        6.495149524512893,
        6.534723079276228,
        6.573084148471962,
        6.610644135064257,
        6.647915563029135,
        6.65517608149496,
        6.663633129639711,
        6.671953798534875,
        6.68049071069232,
        6.688874217933548,
        6.697178811969643,
        6.7053206650193085,
        6.713857271389397,
        6.722159802316424,
        6.730401068746685,
        6.7314788736179025,
        6.732705337967806,
        6.734097415794112,
        6.735487635962232,
        6.736836019642128,
        6.738224142300103,
        6.739747284409518,
        6.7410218863783475,
        6.7425282025385,
        6.743921145169673
    ]
}