filename,class_id,class_name,cc_count,significant_cc,main_ratio,voxel_count
130_refined.npy,1,Myocardium,1,1,1.0,635585
31_refined.npy,1,Myocardium,1,1,1.0,782568
462_refined.npy,1,Myocardium,1,1,1.0,989007
45_refined.npy,1,Myocardium,1,1,1.0,612637
281_refined.npy,1,Myocardium,1,1,1.0,610502
26_refined.npy,1,Myocardium,1,1,1.0,605144
602_refined.npy,1,Myocardium,1,1,1.0,679757
96_refined.npy,1,Myocardium,1,1,1.0,573385
816_refined.npy,1,Myocardium,1,1,1.0,849234
552_refined.npy,1,Myocardium,1,1,1.0,616268
639_refined.npy,1,Myocardium,1,1,1.0,1037969
910_refined.npy,1,Myocardium,1,1,1.0,520126
706_refined.npy,1,Myocardium,1,1,1.0,859324
808_refined.npy,1,Myocardium,1,1,1.0,539337
555_refined.npy,1,Myocardium,1,1,1.0,740517
610_refined.npy,1,Myocardium,1,1,1.0,744348
758_refined.npy,1,Myocardium,1,1,1.0,1007757
321_refined.npy,1,Myocardium,1,1,1.0,836824
3_refined.npy,1,Myocardium,1,1,1.0,581752
605_refined.npy,1,Myocardium,1,1,1.0,646721
208_refined.npy,1,Myocardium,1,1,1.0,655830
17_refined.npy,1,Myocardium,1,1,1.0,443600
972_refined.npy,1,Myocardium,1,1,1.0,669929
481_refined.npy,1,Myocardium,1,1,1.0,618005
128_refined.npy,1,Myocardium,1,1,1.0,661218
299_refined.npy,1,Myocardium,1,1,1.0,545087
322_refined.npy,1,Myocardium,1,1,1.0,688677
594_refined.npy,1,Myocardium,1,1,1.0,605923
10_refined.npy,1,Myocardium,1,1,1.0,748181
819_refined.npy,1,Myocardium,1,1,1.0,746955
476_refined.npy,1,Myocardium,1,1,1.0,882653
482_refined.npy,1,Myocardium,1,1,1.0,679168
637_refined.npy,1,Myocardium,1,1,1.0,767221
59_refined.npy,1,Myocardium,1,1,1.0,724109
456_refined.npy,1,Myocardium,1,1,1.0,754630
811_refined.npy,1,Myocardium,1,1,1.0,746137
982_refined.npy,1,Myocardium,1,1,1.0,878711
334_refined.npy,1,Myocardium,1,1,1.0,955683
822_refined.npy,1,Myocardium,1,1,1.0,643757
419_refined.npy,1,Myocardium,1,1,1.0,721231
489_refined.npy,1,Myocardium,1,1,1.0,644544
617_refined.npy,1,Myocardium,1,1,1.0,586972
868_refined.npy,1,Myocardium,1,1,1.0,597324
266_refined.npy,1,Myocardium,1,1,1.0,920337
393_refined.npy,1,Myocardium,1,1,1.0,681156
669_refined.npy,1,Myocardium,1,1,1.0,820667
267_refined.npy,1,Myocardium,1,1,1.0,609828
662_refined.npy,1,Myocardium,1,1,1.0,631246
678_refined.npy,1,Myocardium,1,1,1.0,967420
596_refined.npy,1,Myocardium,1,1,1.0,888223
437_refined.npy,1,Myocardium,1,1,1.0,729316
125_refined.npy,1,Myocardium,1,1,1.0,591344
249_refined.npy,1,Myocardium,1,1,1.0,760784
244_refined.npy,1,Myocardium,1,1,1.0,625957
123_refined.npy,1,Myocardium,1,1,1.0,584709
922_refined.npy,1,Myocardium,1,1,1.0,675764
404_refined.npy,1,Myocardium,1,1,1.0,617147
407_refined.npy,1,Myocardium,1,1,1.0,643974
735_refined.npy,1,Myocardium,1,1,1.0,703021
319_refined.npy,1,Myocardium,1,1,1.0,612298
44_refined.npy,1,Myocardium,1,1,1.0,995390
415_refined.npy,1,Myocardium,1,1,1.0,892336
930_refined.npy,1,Myocardium,1,1,1.0,638947
657_refined.npy,1,Myocardium,1,1,1.0,865303
525_refined.npy,1,Myocardium,1,1,1.0,574547
135_refined.npy,1,Myocardium,1,1,1.0,615365
844_refined.npy,1,Myocardium,1,1,1.0,528815
530_refined.npy,1,Myocardium,1,1,1.0,646558
667_refined.npy,1,Myocardium,1,1,1.0,596367
689_refined.npy,1,Myocardium,1,1,1.0,933249
694_refined.npy,1,Myocardium,1,1,1.0,693445
99_refined.npy,1,Myocardium,1,1,1.0,638520
985_refined.npy,1,Myocardium,1,1,1.0,842575
212_refined.npy,1,Myocardium,1,1,1.0,670527
148_refined.npy,1,Myocardium,1,1,1.0,850078
339_refined.npy,1,Myocardium,1,1,1.0,571374
335_refined.npy,1,Myocardium,1,1,1.0,612275
38_refined.npy,1,Myocardium,1,1,1.0,581334
515_refined.npy,1,Myocardium,1,1,1.0,705711
262_refined.npy,1,Myocardium,1,1,1.0,557421
584_refined.npy,1,Myocardium,1,1,1.0,900111
682_refined.npy,1,Myocardium,1,1,1.0,864674
862_refined.npy,1,Myocardium,1,1,1.0,1165485
688_refined.npy,1,Myocardium,1,1,1.0,846237
633_refined.npy,1,Myocardium,1,1,1.0,689817
841_refined.npy,1,Myocardium,1,1,1.0,798859
716_refined.npy,1,Myocardium,1,1,1.0,826954
917_refined.npy,1,Myocardium,1,1,1.0,1242009
545_refined.npy,1,Myocardium,1,1,1.0,661703
122_refined.npy,1,Myocardium,1,1,1.0,668833
37_refined.npy,1,Myocardium,1,1,1.0,817409
265_refined.npy,1,Myocardium,1,1,1.0,647557
189_refined.npy,1,Myocardium,1,1,1.0,700663
889_refined.npy,1,Myocardium,1,1,1.0,732470
887_refined.npy,1,Myocardium,1,1,1.0,690343
484_refined.npy,1,Myocardium,1,1,1.0,900329
824_refined.npy,1,Myocardium,1,1,1.0,766101
623_refined.npy,1,Myocardium,1,1,1.0,618433
431_refined.npy,1,Myocardium,1,1,1.0,798416
627_refined.npy,1,Myocardium,1,1,1.0,700189
350_refined.npy,1,Myocardium,1,1,1.0,700776
598_refined.npy,1,Myocardium,1,1,1.0,660229
581_refined.npy,1,Myocardium,1,1,1.0,673792
652_refined.npy,1,Myocardium,1,1,1.0,691138
789_refined.npy,1,Myocardium,1,1,1.0,689712
132_refined.npy,1,Myocardium,1,1,1.0,612326
835_refined.npy,1,Myocardium,1,1,1.0,675958
72_refined.npy,1,Myocardium,1,1,1.0,730372
14_refined.npy,1,Myocardium,1,1,1.0,638029
64_refined.npy,1,Myocardium,1,1,1.0,538344
976_refined.npy,1,Myocardium,1,1,1.0,785142
279_refined.npy,1,Myocardium,1,1,1.0,588980
129_refined.npy,1,Myocardium,1,1,1.0,562057
364_refined.npy,1,Myocardium,1,1,1.0,751892
524_refined.npy,1,Myocardium,1,1,1.0,638460
40_refined.npy,1,Myocardium,1,1,1.0,729746
674_refined.npy,1,Myocardium,1,1,1.0,789541
547_refined.npy,1,Myocardium,1,1,1.0,728248
567_refined.npy,1,Myocardium,1,1,1.0,689737
732_refined.npy,1,Myocardium,1,1,1.0,458128
903_refined.npy,1,Myocardium,1,1,1.0,753049
845_refined.npy,1,Myocardium,1,1,1.0,803856
219_refined.npy,1,Myocardium,1,1,1.0,703553
200_refined.npy,1,Myocardium,1,1,1.0,550640
104_refined.npy,1,Myocardium,1,1,1.0,655325
765_refined.npy,1,Myocardium,1,1,1.0,666968
333_refined.npy,1,Myocardium,1,1,1.0,710310
898_refined.npy,1,Myocardium,1,1,1.0,568418
168_refined.npy,1,Myocardium,1,1,1.0,643894
954_refined.npy,1,Myocardium,1,1,1.0,847405
234_refined.npy,1,Myocardium,1,1,1.0,643861
823_refined.npy,1,Myocardium,1,1,1.0,629640
533_refined.npy,1,Myocardium,1,1,1.0,820169
291_refined.npy,1,Myocardium,1,1,1.0,793578
673_refined.npy,1,Myocardium,1,1,1.0,609599
863_refined.npy,1,Myocardium,1,1,1.0,582329
246_refined.npy,1,Myocardium,1,1,1.0,830226
399_refined.npy,1,Myocardium,1,1,1.0,633202
155_refined.npy,1,Myocardium,1,1,1.0,725219
731_refined.npy,1,Myocardium,1,1,1.0,537031
775_refined.npy,1,Myocardium,1,1,1.0,809928
979_refined.npy,1,Myocardium,1,1,1.0,844445
287_refined.npy,1,Myocardium,1,1,1.0,877447
784_refined.npy,1,Myocardium,1,1,1.0,773207
592_refined.npy,1,Myocardium,1,1,1.0,808444
368_refined.npy,1,Myocardium,1,1,1.0,631409
583_refined.npy,1,Myocardium,1,1,1.0,877379
458_refined.npy,1,Myocardium,1,1,1.0,631139
210_refined.npy,1,Myocardium,1,1,1.0,785454
783_refined.npy,1,Myocardium,1,1,1.0,734550
920_refined.npy,1,Myocardium,1,1,1.0,743998
410_refined.npy,1,Myocardium,1,1,1.0,830183
580_refined.npy,1,Myocardium,1,1,1.0,953882
935_refined.npy,1,Myocardium,1,1,1.0,708819
722_refined.npy,1,Myocardium,1,1,1.0,574943
357_refined.npy,1,Myocardium,1,1,1.0,764765
534_refined.npy,1,Myocardium,1,1,1.0,763952
153_refined.npy,1,Myocardium,1,1,1.0,666741
231_refined.npy,1,Myocardium,1,1,1.0,597443
98_refined.npy,1,Myocardium,1,1,1.0,556857
107_refined.npy,1,Myocardium,1,1,1.0,670983
228_refined.npy,1,Myocardium,1,1,1.0,717108
589_refined.npy,1,Myocardium,1,1,1.0,597912
175_refined.npy,1,Myocardium,1,1,1.0,756791
343_refined.npy,1,Myocardium,1,1,1.0,692171
217_refined.npy,1,Myocardium,1,1,1.0,716488
542_refined.npy,1,Myocardium,1,1,1.0,907425
205_refined.npy,1,Myocardium,1,1,1.0,789341
224_refined.npy,1,Myocardium,1,1,1.0,476312
284_refined.npy,1,Myocardium,1,1,1.0,805447
832_refined.npy,1,Myocardium,1,1,1.0,636687
398_refined.npy,1,Myocardium,1,1,1.0,640214
245_refined.npy,1,Myocardium,1,1,1.0,732942
687_refined.npy,1,Myocardium,1,1,1.0,771835
386_refined.npy,1,Myocardium,1,1,1.0,750817
241_refined.npy,1,Myocardium,1,1,1.0,713550
763_refined.npy,1,Myocardium,1,1,1.0,602217
912_refined.npy,1,Myocardium,1,1,1.0,715060
535_refined.npy,1,Myocardium,1,1,1.0,747508
263_refined.npy,1,Myocardium,1,1,1.0,751516
891_refined.npy,1,Myocardium,1,1,1.0,635852
618_refined.npy,1,Myocardium,1,1,1.0,656696
446_refined.npy,1,Myocardium,1,1,1.0,575432
869_refined.npy,1,Myocardium,1,1,1.0,615710
550_refined.npy,1,Myocardium,1,1,1.0,733642
54_refined.npy,1,Myocardium,1,1,1.0,631373
544_refined.npy,1,Myocardium,1,1,1.0,571157
659_refined.npy,1,Myocardium,1,1,1.0,731390
591_refined.npy,1,Myocardium,1,1,1.0,686532
365_refined.npy,1,Myocardium,1,1,1.0,723526
252_refined.npy,1,Myocardium,1,1,1.0,621456
804_refined.npy,1,Myocardium,1,1,1.0,735543
297_refined.npy,1,Myocardium,1,1,1.0,553461
812_refined.npy,1,Myocardium,1,1,1.0,642686
941_refined.npy,1,Myocardium,1,1,1.0,702759
994_refined.npy,1,Myocardium,1,1,1.0,806050
16_refined.npy,1,Myocardium,1,1,1.0,519845
850_refined.npy,1,Myocardium,1,1,1.0,561659
463_refined.npy,1,Myocardium,1,1,1.0,657830
422_refined.npy,1,Myocardium,1,1,1.0,650260
670_refined.npy,1,Myocardium,1,1,1.0,573698
136_refined.npy,1,Myocardium,1,1,1.0,689781
43_refined.npy,1,Myocardium,1,1,1.0,642439
172_refined.npy,1,Myocardium,1,1,1.0,673793
886_refined.npy,1,Myocardium,1,1,1.0,659588
292_refined.npy,1,Myocardium,1,1,1.0,549840
256_refined.npy,1,Myocardium,1,1,1.0,814803
973_refined.npy,1,Myocardium,1,1,1.0,681000
290_refined.npy,1,Myocardium,1,1,1.0,683228
858_refined.npy,1,Myocardium,1,1,1.0,505411
513_refined.npy,1,Myocardium,1,1,1.0,734870
425_refined.npy,1,Myocardium,1,1,1.0,645875
442_refined.npy,1,Myocardium,1,1,1.0,911062
47_refined.npy,1,Myocardium,1,1,1.0,756088
562_refined.npy,1,Myocardium,1,1,1.0,740039
312_refined.npy,1,Myocardium,1,1,1.0,666489
443_refined.npy,1,Myocardium,1,1,1.0,901164
15_refined.npy,1,Myocardium,1,1,1.0,1116710
232_refined.npy,1,Myocardium,1,1,1.0,959043
261_refined.npy,1,Myocardium,1,1,1.0,607767
575_refined.npy,1,Myocardium,1,1,1.0,582634
709_refined.npy,1,Myocardium,1,1,1.0,732380
988_refined.npy,1,Myocardium,1,1,1.0,610324
140_refined.npy,1,Myocardium,1,1,1.0,734713
53_refined.npy,1,Myocardium,1,1,1.0,549669
294_refined.npy,1,Myocardium,1,1,1.0,599059
780_refined.npy,1,Myocardium,1,1,1.0,609731
209_refined.npy,1,Myocardium,1,1,1.0,808557
523_refined.npy,1,Myocardium,1,1,1.0,665408
648_refined.npy,1,Myocardium,1,1,1.0,854828
681_refined.npy,1,Myocardium,1,1,1.0,918049
6_refined.npy,1,Myocardium,1,1,1.0,708647
2_refined.npy,1,Myocardium,1,1,1.0,526487
838_refined.npy,1,Myocardium,1,1,1.0,598538
739_refined.npy,1,Myocardium,1,1,1.0,839217
577_refined.npy,1,Myocardium,1,1,1.0,816844
158_refined.npy,1,Myocardium,1,1,1.0,543851
413_refined.npy,1,Myocardium,1,1,1.0,578765
996_refined.npy,1,Myocardium,1,1,1.0,631863
981_refined.npy,1,Myocardium,1,1,1.0,941922
110_refined.npy,1,Myocardium,1,1,1.0,622730
50_refined.npy,1,Myocardium,1,1,1.0,518242
915_refined.npy,1,Myocardium,1,1,1.0,847992
307_refined.npy,1,Myocardium,1,1,1.0,696695
126_refined.npy,1,Myocardium,1,1,1.0,687745
807_refined.npy,1,Myocardium,1,1,1.0,680664
532_refined.npy,1,Myocardium,1,1,1.0,745659
218_refined.npy,1,Myocardium,1,1,1.0,633115
274_refined.npy,1,Myocardium,1,1,1.0,634182
961_refined.npy,1,Myocardium,1,1,1.0,675387
541_refined.npy,1,Myocardium,1,1,1.0,696793
558_refined.npy,1,Myocardium,1,1,1.0,773193
32_refined.npy,1,Myocardium,1,1,1.0,721080
984_refined.npy,1,Myocardium,1,1,1.0,785615
704_refined.npy,1,Myocardium,1,1,1.0,736692
459_refined.npy,1,Myocardium,1,1,1.0,588083
309_refined.npy,1,Myocardium,1,1,1.0,584236
769_refined.npy,1,Myocardium,1,1,1.0,961953
455_refined.npy,1,Myocardium,1,1,1.0,868829
412_refined.npy,1,Myocardium,1,1,1.0,702541
810_refined.npy,1,Myocardium,1,1,1.0,597032
790_refined.npy,1,Myocardium,1,1,1.0,857689
221_refined.npy,1,Myocardium,1,1,1.0,812816
719_refined.npy,1,Myocardium,1,1,1.0,915512
518_refined.npy,1,Myocardium,1,1,1.0,658264
152_refined.npy,1,Myocardium,1,1,1.0,683781
340_refined.npy,1,Myocardium,1,1,1.0,698464
73_refined.npy,1,Myocardium,1,1,1.0,863742
703_refined.npy,1,Myocardium,1,1,1.0,640101
411_refined.npy,1,Myocardium,1,1,1.0,677217
537_refined.npy,1,Myocardium,1,1,1.0,736339
721_refined.npy,1,Myocardium,1,1,1.0,595394
355_refined.npy,1,Myocardium,1,1,1.0,1044472
1_refined.npy,1,Myocardium,1,1,1.0,579155
164_refined.npy,1,Myocardium,1,1,1.0,621569
692_refined.npy,1,Myocardium,1,1,1.0,961365
423_refined.npy,1,Myocardium,1,1,1.0,773263
802_refined.npy,1,Myocardium,1,1,1.0,796185
693_refined.npy,1,Myocardium,1,1,1.0,859403
959_refined.npy,1,Myocardium,1,1,1.0,568852
967_refined.npy,1,Myocardium,1,1,1.0,714857
500_refined.npy,1,Myocardium,1,1,1.0,652206
314_refined.npy,1,Myocardium,1,1,1.0,658419
990_refined.npy,1,Myocardium,1,1,1.0,634377
109_refined.npy,1,Myocardium,1,1,1.0,639347
55_refined.npy,1,Myocardium,1,1,1.0,603001
310_refined.npy,1,Myocardium,1,1,1.0,830147
741_refined.npy,1,Myocardium,1,1,1.0,639031
521_refined.npy,1,Myocardium,1,1,1.0,822863
496_refined.npy,1,Myocardium,1,1,1.0,663026
925_refined.npy,1,Myocardium,1,1,1.0,504625
839_refined.npy,1,Myocardium,1,1,1.0,726167
906_refined.npy,1,Myocardium,1,1,1.0,498721
51_refined.npy,1,Myocardium,1,1,1.0,569038
159_refined.npy,1,Myocardium,1,1,1.0,604023
441_refined.npy,1,Myocardium,1,1,1.0,734073
285_refined.npy,1,Myocardium,1,1,1.0,668297
197_refined.npy,1,Myocardium,1,1,1.0,683384
628_refined.npy,1,Myocardium,1,1,1.0,659995
661_refined.npy,1,Myocardium,1,1,1.0,680918
993_refined.npy,1,Myocardium,1,1,1.0,902113
91_refined.npy,1,Myocardium,1,1,1.0,543906
568_refined.npy,1,Myocardium,1,1,1.0,1013016
276_refined.npy,1,Myocardium,1,1,1.0,828352
199_refined.npy,1,Myocardium,1,1,1.0,614914
383_refined.npy,1,Myocardium,1,1,1.0,615137
611_refined.npy,1,Myocardium,1,1,1.0,1013733
793_refined.npy,1,Myocardium,1,1,1.0,796146
243_refined.npy,1,Myocardium,1,1,1.0,697310
751_refined.npy,1,Myocardium,1,1,1.0,724826
809_refined.npy,1,Myocardium,1,1,1.0,889005
346_refined.npy,1,Myocardium,1,1,1.0,786945
729_refined.npy,1,Myocardium,1,1,1.0,723460
483_refined.npy,1,Myocardium,1,1,1.0,559820
448_refined.npy,1,Myocardium,1,1,1.0,688183
306_refined.npy,1,Myocardium,1,1,1.0,677064
117_refined.npy,1,Myocardium,1,1,1.0,580665
926_refined.npy,1,Myocardium,1,1,1.0,1014587
430_refined.npy,1,Myocardium,1,1,1.0,791720
173_refined.npy,1,Myocardium,1,1,1.0,776361
320_refined.npy,1,Myocardium,1,1,1.0,734331
754_refined.npy,1,Myocardium,1,1,1.0,845355
495_refined.npy,1,Myocardium,1,1,1.0,738229
733_refined.npy,1,Myocardium,1,1,1.0,678631
876_refined.npy,1,Myocardium,1,1,1.0,684719
539_refined.npy,1,Myocardium,1,1,1.0,649358
316_refined.npy,1,Myocardium,1,1,1.0,544008
995_refined.npy,1,Myocardium,1,1,1.0,616493
300_refined.npy,1,Myocardium,1,1,1.0,665564
969_refined.npy,1,Myocardium,1,1,1.0,829427
445_refined.npy,1,Myocardium,1,1,1.0,697764
347_refined.npy,1,Myocardium,1,1,1.0,558216
585_refined.npy,1,Myocardium,1,1,1.0,965258
361_refined.npy,1,Myocardium,1,1,1.0,488344
565_refined.npy,1,Myocardium,1,1,1.0,956260
570_refined.npy,1,Myocardium,1,1,1.0,851799
705_refined.npy,1,Myocardium,1,1,1.0,724457
572_refined.npy,1,Myocardium,1,1,1.0,839112
238_refined.npy,1,Myocardium,1,1,1.0,766764
664_refined.npy,1,Myocardium,1,1,1.0,783416
921_refined.npy,1,Myocardium,1,1,1.0,964013
248_refined.npy,1,Myocardium,1,1,1.0,703707
571_refined.npy,1,Myocardium,1,1,1.0,811929
480_refined.npy,1,Myocardium,1,1,1.0,612251
974_refined.npy,1,Myocardium,1,1,1.0,547533
302_refined.npy,1,Myocardium,1,1,1.0,892264
715_refined.npy,1,Myocardium,1,1,1.0,686358
253_refined.npy,1,Myocardium,1,1,1.0,597965
97_refined.npy,1,Myocardium,1,1,1.0,850525
369_refined.npy,1,Myocardium,1,1,1.0,563454
325_refined.npy,1,Myocardium,1,1,1.0,772445
582_refined.npy,1,Myocardium,1,1,1.0,819815
65_refined.npy,1,Myocardium,1,1,1.0,875747
454_refined.npy,1,Myocardium,1,1,1.0,594075
946_refined.npy,1,Myocardium,1,1,1.0,651301
798_refined.npy,1,Myocardium,1,1,1.0,667563
33_refined.npy,1,Myocardium,1,1,1.0,480086
884_refined.npy,1,Myocardium,1,1,1.0,780413
230_refined.npy,1,Myocardium,1,1,1.0,735132
379_refined.npy,1,Myocardium,1,1,1.0,682094
36_refined.npy,1,Myocardium,1,1,1.0,681526
675_refined.npy,1,Myocardium,1,1,1.0,603924
914_refined.npy,1,Myocardium,1,1,1.0,771422
328_refined.npy,1,Myocardium,1,1,1.0,656136
831_refined.npy,1,Myocardium,1,1,1.0,790914
744_refined.npy,1,Myocardium,1,1,1.0,739825
738_refined.npy,1,Myocardium,1,1,1.0,778129
826_refined.npy,1,Myocardium,1,1,1.0,561529
817_refined.npy,1,Myocardium,1,1,1.0,629079
286_refined.npy,1,Myocardium,1,1,1.0,695161
836_refined.npy,1,Myocardium,1,1,1.0,752587
965_refined.npy,1,Myocardium,1,1,1.0,571888
188_refined.npy,1,Myocardium,1,1,1.0,763233
116_refined.npy,1,Myocardium,1,1,1.0,707995
556_refined.npy,1,Myocardium,1,1,1.0,666831
655_refined.npy,1,Myocardium,1,1,1.0,504724
156_refined.npy,1,Myocardium,1,1,1.0,788040
424_refined.npy,1,Myocardium,1,1,1.0,667980
619_refined.npy,1,Myocardium,1,1,1.0,669389
288_refined.npy,1,Myocardium,1,1,1.0,610630
872_refined.npy,1,Myocardium,1,1,1.0,581800
606_refined.npy,1,Myocardium,1,1,1.0,688357
401_refined.npy,1,Myocardium,1,1,1.0,669890
318_refined.npy,1,Myocardium,1,1,1.0,703349
843_refined.npy,1,Myocardium,1,1,1.0,769396
668_refined.npy,1,Myocardium,1,1,1.0,684345
962_refined.npy,1,Myocardium,1,1,1.0,578381
800_refined.npy,1,Myocardium,1,1,1.0,822755
220_refined.npy,1,Myocardium,1,1,1.0,615605
356_refined.npy,1,Myocardium,1,1,1.0,715932
151_refined.npy,1,Myocardium,1,1,1.0,798889
145_refined.npy,1,Myocardium,1,1,1.0,887795
650_refined.npy,1,Myocardium,1,1,1.0,612487
742_refined.npy,1,Myocardium,1,1,1.0,741746
940_refined.npy,1,Myocardium,1,1,1.0,714102
600_refined.npy,1,Myocardium,1,1,1.0,856650
578_refined.npy,1,Myocardium,1,1,1.0,703384
432_refined.npy,1,Myocardium,1,1,1.0,726022
630_refined.npy,1,Myocardium,1,1,1.0,749785
787_refined.npy,1,Myocardium,1,1,1.0,631020
597_refined.npy,1,Myocardium,1,1,1.0,929148
697_refined.npy,1,Myocardium,1,1,1.0,959025
708_refined.npy,1,Myocardium,1,1,1.0,685371
579_refined.npy,1,Myocardium,1,1,1.0,620700
957_refined.npy,1,Myocardium,1,1,1.0,780448
20_refined.npy,1,Myocardium,1,1,1.0,473803
196_refined.npy,1,Myocardium,1,1,1.0,656208
629_refined.npy,1,Myocardium,1,1,1.0,697785
767_refined.npy,1,Myocardium,1,1,1.0,893151
885_refined.npy,1,Myocardium,1,1,1.0,719572
877_refined.npy,1,Myocardium,1,1,1.0,700472
718_refined.npy,1,Myocardium,1,1,1.0,869820
516_refined.npy,1,Myocardium,1,1,1.0,585907
13_refined.npy,1,Myocardium,1,1,1.0,654911
439_refined.npy,1,Myocardium,1,1,1.0,647568
345_refined.npy,1,Myocardium,1,1,1.0,671349
711_refined.npy,1,Myocardium,1,1,1.0,650184
608_refined.npy,1,Myocardium,1,1,1.0,882906
963_refined.npy,1,Myocardium,1,1,1.0,755201
723_refined.npy,1,Myocardium,1,1,1.0,735439
949_refined.npy,1,Myocardium,1,1,1.0,655345
647_refined.npy,1,Myocardium,1,1,1.0,670393
574_refined.npy,1,Myocardium,1,1,1.0,687688
879_refined.npy,1,Myocardium,1,1,1.0,724997
498_refined.npy,1,Myocardium,1,1,1.0,664061
94_refined.npy,1,Myocardium,1,1,1.0,789363
473_refined.npy,1,Myocardium,1,1,1.0,824309
60_refined.npy,1,Myocardium,1,1,1.0,718657
479_refined.npy,1,Myocardium,1,1,1.0,603178
907_refined.npy,1,Myocardium,1,1,1.0,679426
95_refined.npy,1,Myocardium,1,1,1.0,692174
737_refined.npy,1,Myocardium,1,1,1.0,803788
184_refined.npy,1,Myocardium,1,1,1.0,635007
41_refined.npy,1,Myocardium,1,1,1.0,833170
573_refined.npy,1,Myocardium,1,1,1.0,634581
772_refined.npy,1,Myocardium,1,1,1.0,966368
663_refined.npy,1,Myocardium,1,1,1.0,876532
157_refined.npy,1,Myocardium,1,1,1.0,746914
438_refined.npy,1,Myocardium,1,1,1.0,597951
980_refined.npy,1,Myocardium,1,1,1.0,948157
326_refined.npy,1,Myocardium,1,1,1.0,714534
269_refined.npy,1,Myocardium,1,1,1.0,518119
919_refined.npy,1,Myocardium,1,1,1.0,888107
528_refined.npy,1,Myocardium,1,1,1.0,953646
450_refined.npy,1,Myocardium,1,1,1.0,610929
806_refined.npy,1,Myocardium,1,1,1.0,654345
427_refined.npy,1,Myocardium,1,1,1.0,606971
714_refined.npy,1,Myocardium,1,1,1.0,723155
239_refined.npy,1,Myocardium,1,1,1.0,853616
81_refined.npy,1,Myocardium,1,1,1.0,668427
658_refined.npy,1,Myocardium,1,1,1.0,632659
273_refined.npy,1,Myocardium,1,1,1.0,671514
39_refined.npy,1,Myocardium,1,1,1.0,650966
250_refined.npy,1,Myocardium,1,1,1.0,654165
712_refined.npy,1,Myocardium,1,1,1.0,883725
366_refined.npy,1,Myocardium,1,1,1.0,584699
74_refined.npy,1,Myocardium,1,1,1.0,767609
112_refined.npy,1,Myocardium,1,1,1.0,801249
143_refined.npy,1,Myocardium,1,1,1.0,547636
177_refined.npy,1,Myocardium,1,1,1.0,527381
76_refined.npy,1,Myocardium,1,1,1.0,691198
527_refined.npy,1,Myocardium,1,1,1.0,742443
510_refined.npy,1,Myocardium,1,1,1.0,732464
773_refined.npy,1,Myocardium,1,1,1.0,727611
882_refined.npy,1,Myocardium,1,1,1.0,643111
204_refined.npy,1,Myocardium,1,1,1.0,589604
394_refined.npy,1,Myocardium,1,1,1.0,1134668
457_refined.npy,1,Myocardium,1,1,1.0,517080
278_refined.npy,1,Myocardium,1,1,1.0,688198
227_refined.npy,1,Myocardium,1,1,1.0,699139
607_refined.npy,1,Myocardium,1,1,1.0,820438
753_refined.npy,1,Myocardium,1,1,1.0,818240
576_refined.npy,1,Myocardium,1,1,1.0,740265
146_refined.npy,1,Myocardium,1,1,1.0,581863
183_refined.npy,1,Myocardium,1,1,1.0,648248
755_refined.npy,1,Myocardium,1,1,1.0,575922
30_refined.npy,1,Myocardium,1,1,1.0,685471
548_refined.npy,1,Myocardium,1,1,1.0,707761
186_refined.npy,1,Myocardium,1,1,1.0,756785
488_refined.npy,1,Myocardium,1,1,1.0,776823
406_refined.npy,1,Myocardium,1,1,1.0,639111
856_refined.npy,1,Myocardium,1,1,1.0,504245
900_refined.npy,1,Myocardium,1,1,1.0,993000
952_refined.npy,1,Myocardium,1,1,1.0,744757
66_refined.npy,1,Myocardium,1,1,1.0,537654
778_refined.npy,1,Myocardium,1,1,1.0,663050
953_refined.npy,1,Myocardium,1,1,1.0,737886
760_refined.npy,1,Myocardium,1,1,1.0,626695
695_refined.npy,1,Myocardium,1,1,1.0,803922
380_refined.npy,1,Myocardium,1,1,1.0,947391
198_refined.npy,1,Myocardium,1,1,1.0,617690
497_refined.npy,1,Myocardium,1,1,1.0,776991
526_refined.npy,1,Myocardium,1,1,1.0,671863
106_refined.npy,1,Myocardium,1,1,1.0,951606
504_refined.npy,1,Myocardium,1,1,1.0,617900
506_refined.npy,1,Myocardium,1,1,1.0,657468
601_refined.npy,1,Myocardium,1,1,1.0,969232
160_refined.npy,1,Myocardium,1,1,1.0,983640
48_refined.npy,1,Myocardium,1,1,1.0,631095
936_refined.npy,1,Myocardium,1,1,1.0,751886
147_refined.npy,1,Myocardium,1,1,1.0,857204
89_refined.npy,1,Myocardium,1,1,1.0,637532
549_refined.npy,1,Myocardium,1,1,1.0,741801
22_refined.npy,1,Myocardium,1,1,1.0,628874
653_refined.npy,1,Myocardium,1,1,1.0,605321
634_refined.npy,1,Myocardium,1,1,1.0,642844
11_refined.npy,1,Myocardium,1,1,1.0,652611
888_refined.npy,1,Myocardium,1,1,1.0,670442
408_refined.npy,1,Myocardium,1,1,1.0,872875
414_refined.npy,1,Myocardium,1,1,1.0,628700
503_refined.npy,1,Myocardium,1,1,1.0,631478
849_refined.npy,1,Myocardium,1,1,1.0,601492
890_refined.npy,1,Myocardium,1,1,1.0,704898
997_refined.npy,1,Myocardium,1,1,1.0,942138
255_refined.npy,1,Myocardium,1,1,1.0,553023
899_refined.npy,1,Myocardium,1,1,1.0,899200
586_refined.npy,1,Myocardium,1,1,1.0,740254
327_refined.npy,1,Myocardium,1,1,1.0,780393
847_refined.npy,1,Myocardium,1,1,1.0,731966
161_refined.npy,1,Myocardium,1,1,1.0,820728
226_refined.npy,1,Myocardium,1,1,1.0,816935
317_refined.npy,1,Myocardium,1,1,1.0,566709
679_refined.npy,1,Myocardium,1,1,1.0,711873
853_refined.npy,1,Myocardium,1,1,1.0,569934
966_refined.npy,1,Myocardium,1,1,1.0,671784
180_refined.npy,1,Myocardium,1,1,1.0,556162
830_refined.npy,1,Myocardium,1,1,1.0,738877
42_refined.npy,1,Myocardium,1,1,1.0,766610
397_refined.npy,1,Myocardium,1,1,1.0,752757
848_refined.npy,1,Myocardium,1,1,1.0,841539
978_refined.npy,1,Myocardium,1,1,1.0,525437
837_refined.npy,1,Myocardium,1,1,1.0,653864
654_refined.npy,1,Myocardium,1,1,1.0,557339
429_refined.npy,1,Myocardium,1,1,1.0,746550
92_refined.npy,1,Myocardium,1,1,1.0,568283
603_refined.npy,1,Myocardium,1,1,1.0,862200
846_refined.npy,1,Myocardium,1,1,1.0,857970
171_refined.npy,1,Myocardium,1,1,1.0,799010
768_refined.npy,1,Myocardium,1,1,1.0,493237
469_refined.npy,1,Myocardium,1,1,1.0,723509
902_refined.npy,1,Myocardium,1,1,1.0,606507
71_refined.npy,1,Myocardium,1,1,1.0,612928
203_refined.npy,1,Myocardium,1,1,1.0,923391
84_refined.npy,1,Myocardium,1,1,1.0,896184
696_refined.npy,1,Myocardium,1,1,1.0,805376
827_refined.npy,1,Myocardium,1,1,1.0,690051
698_refined.npy,1,Myocardium,1,1,1.0,723384
864_refined.npy,1,Myocardium,1,1,1.0,721400
865_refined.npy,1,Myocardium,1,1,1.0,870850
569_refined.npy,1,Myocardium,1,1,1.0,940091
897_refined.npy,1,Myocardium,1,1,1.0,732943
193_refined.npy,1,Myocardium,1,1,1.0,549208
257_refined.npy,1,Myocardium,1,1,1.0,686195
464_refined.npy,1,Myocardium,1,1,1.0,722417
194_refined.npy,1,Myocardium,1,1,1.0,808761
871_refined.npy,1,Myocardium,1,1,1.0,632858
771_refined.npy,1,Myocardium,1,1,1.0,614546
873_refined.npy,1,Myocardium,1,1,1.0,910582
191_refined.npy,1,Myocardium,1,1,1.0,883368
181_refined.npy,1,Myocardium,1,1,1.0,1114044
866_refined.npy,1,Myocardium,1,1,1.0,693953
736_refined.npy,1,Myocardium,1,1,1.0,606443
187_refined.npy,1,Myocardium,1,1,1.0,546299
359_refined.npy,1,Myocardium,1,1,1.0,703993
991_refined.npy,1,Myocardium,1,1,1.0,732957
63_refined.npy,1,Myocardium,1,1,1.0,790713
646_refined.npy,1,Myocardium,1,1,1.0,791716
512_refined.npy,1,Myocardium,1,1,1.0,628794
588_refined.npy,1,Myocardium,1,1,1.0,797637
387_refined.npy,1,Myocardium,1,1,1.0,608897
511_refined.npy,1,Myocardium,1,1,1.0,711506
615_refined.npy,1,Myocardium,1,1,1.0,836686
474_refined.npy,1,Myocardium,1,1,1.0,705604
795_refined.npy,1,Myocardium,1,1,1.0,779977
786_refined.npy,1,Myocardium,1,1,1.0,671097
999_refined.npy,1,Myocardium,1,1,1.0,777804
214_refined.npy,1,Myocardium,1,1,1.0,886426
270_refined.npy,1,Myocardium,1,1,1.0,581714
289_refined.npy,1,Myocardium,1,1,1.0,808603
766_refined.npy,1,Myocardium,1,1,1.0,702567
717_refined.npy,1,Myocardium,1,1,1.0,867419
587_refined.npy,1,Myocardium,1,1,1.0,698757
609_refined.npy,1,Myocardium,1,1,1.0,995569
182_refined.npy,1,Myocardium,1,1,1.0,614695
905_refined.npy,1,Myocardium,1,1,1.0,618379
913_refined.npy,1,Myocardium,1,1,1.0,615305
855_refined.npy,1,Myocardium,1,1,1.0,507013
80_refined.npy,1,Myocardium,1,1,1.0,623432
377_refined.npy,1,Myocardium,1,1,1.0,645317
296_refined.npy,1,Myocardium,1,1,1.0,682681
382_refined.npy,1,Myocardium,1,1,1.0,495633
56_refined.npy,1,Myocardium,1,1,1.0,594481
133_refined.npy,1,Myocardium,1,1,1.0,534212
799_refined.npy,1,Myocardium,1,1,1.0,823850
444_refined.npy,1,Myocardium,1,1,1.0,746395
746_refined.npy,1,Myocardium,1,1,1.0,861710
79_refined.npy,1,Myocardium,1,1,1.0,622541
236_refined.npy,1,Myocardium,1,1,1.0,575490
315_refined.npy,1,Myocardium,1,1,1.0,615879
453_refined.npy,1,Myocardium,1,1,1.0,697562
554_refined.npy,1,Myocardium,1,1,1.0,836017
1000_refined.npy,1,Myocardium,1,1,1.0,768880
977_refined.npy,1,Myocardium,1,1,1.0,657378
486_refined.npy,1,Myocardium,1,1,1.0,610660
225_refined.npy,1,Myocardium,1,1,1.0,639038
251_refined.npy,1,Myocardium,1,1,1.0,904215
301_refined.npy,1,Myocardium,1,1,1.0,655031
374_refined.npy,1,Myocardium,1,1,1.0,631711
645_refined.npy,1,Myocardium,1,1,1.0,849730
934_refined.npy,1,Myocardium,1,1,1.0,874955
740_refined.npy,1,Myocardium,1,1,1.0,658538
237_refined.npy,1,Myocardium,1,1,1.0,932356
520_refined.npy,1,Myocardium,1,1,1.0,706564
894_refined.npy,1,Myocardium,1,1,1.0,683433
487_refined.npy,1,Myocardium,1,1,1.0,735179
796_refined.npy,1,Myocardium,1,1,1.0,609047
499_refined.npy,1,Myocardium,1,1,1.0,879680
131_refined.npy,1,Myocardium,1,1,1.0,669973
950_refined.npy,1,Myocardium,1,1,1.0,857416
338_refined.npy,1,Myocardium,1,1,1.0,705548
728_refined.npy,1,Myocardium,1,1,1.0,872928
641_refined.npy,1,Myocardium,1,1,1.0,727948
730_refined.npy,1,Myocardium,1,1,1.0,817698
163_refined.npy,1,Myocardium,1,1,1.0,653222
901_refined.npy,1,Myocardium,1,1,1.0,586149
546_refined.npy,1,Myocardium,1,1,1.0,674893
9_refined.npy,1,Myocardium,1,1,1.0,746245
86_refined.npy,1,Myocardium,1,1,1.0,733170
665_refined.npy,1,Myocardium,1,1,1.0,875744
710_refined.npy,1,Myocardium,1,1,1.0,641760
734_refined.npy,1,Myocardium,1,1,1.0,629647
418_refined.npy,1,Myocardium,1,1,1.0,876889
756_refined.npy,1,Myocardium,1,1,1.0,752437
896_refined.npy,1,Myocardium,1,1,1.0,760335
403_refined.npy,1,Myocardium,1,1,1.0,557662
908_refined.npy,1,Myocardium,1,1,1.0,707097
466_refined.npy,1,Myocardium,1,1,1.0,675607
82_refined.npy,1,Myocardium,1,1,1.0,581496
947_refined.npy,1,Myocardium,1,1,1.0,967514
137_refined.npy,1,Myocardium,1,1,1.0,473570
987_refined.npy,1,Myocardium,1,1,1.0,640204
701_refined.npy,1,Myocardium,1,1,1.0,1026795
384_refined.npy,1,Myocardium,1,1,1.0,747900
614_refined.npy,1,Myocardium,1,1,1.0,876333
968_refined.npy,1,Myocardium,1,1,1.0,652130
986_refined.npy,1,Myocardium,1,1,1.0,962691
119_refined.npy,1,Myocardium,1,1,1.0,547271
477_refined.npy,1,Myocardium,1,1,1.0,676845
391_refined.npy,1,Myocardium,1,1,1.0,706343
400_refined.npy,1,Myocardium,1,1,1.0,545030
801_refined.npy,1,Myocardium,1,1,1.0,498997
247_refined.npy,1,Myocardium,1,1,1.0,463508
341_refined.npy,1,Myocardium,1,1,1.0,946152
211_refined.npy,1,Myocardium,1,1,1.0,735235
216_refined.npy,1,Myocardium,1,1,1.0,646064
426_refined.npy,1,Myocardium,1,1,1.0,858270
536_refined.npy,1,Myocardium,1,1,1.0,621361
604_refined.npy,1,Myocardium,1,1,1.0,633290
21_refined.npy,1,Myocardium,1,1,1.0,563130
353_refined.npy,1,Myocardium,1,1,1.0,889655
983_refined.npy,1,Myocardium,1,1,1.0,546536
779_refined.npy,1,Myocardium,1,1,1.0,777252
924_refined.npy,1,Myocardium,1,1,1.0,1040259
842_refined.npy,1,Myocardium,1,1,1.0,765933
501_refined.npy,1,Myocardium,1,1,1.0,827479
283_refined.npy,1,Myocardium,1,1,1.0,562668
124_refined.npy,1,Myocardium,1,1,1.0,572350
752_refined.npy,1,Myocardium,1,1,1.0,779974
929_refined.npy,1,Myocardium,1,1,1.0,557017
223_refined.npy,1,Myocardium,1,1,1.0,745614
19_refined.npy,1,Myocardium,1,1,1.0,649653
938_refined.npy,1,Myocardium,1,1,1.0,764996
677_refined.npy,1,Myocardium,1,1,1.0,1139208
861_refined.npy,1,Myocardium,1,1,1.0,708883
52_refined.npy,1,Myocardium,1,1,1.0,668898
235_refined.npy,1,Myocardium,1,1,1.0,621886
813_refined.npy,1,Myocardium,1,1,1.0,776696
867_refined.npy,1,Myocardium,1,1,1.0,644915
277_refined.npy,1,Myocardium,1,1,1.0,588557
774_refined.npy,1,Myocardium,1,1,1.0,883714
149_refined.npy,1,Myocardium,1,1,1.0,639312
720_refined.npy,1,Myocardium,1,1,1.0,866709
103_refined.npy,1,Myocardium,1,1,1.0,826547
396_refined.npy,1,Myocardium,1,1,1.0,776388
642_refined.npy,1,Myocardium,1,1,1.0,702847
468_refined.npy,1,Myocardium,1,1,1.0,692197
680_refined.npy,1,Myocardium,1,1,1.0,855150
105_refined.npy,1,Myocardium,1,1,1.0,667092
508_refined.npy,1,Myocardium,1,1,1.0,460692
24_refined.npy,1,Myocardium,1,1,1.0,601275
992_refined.npy,1,Myocardium,1,1,1.0,686410
942_refined.npy,1,Myocardium,1,1,1.0,447952
87_refined.npy,1,Myocardium,1,1,1.0,572963
185_refined.npy,1,Myocardium,1,1,1.0,637509
781_refined.npy,1,Myocardium,1,1,1.0,689199
127_refined.npy,1,Myocardium,1,1,1.0,798244
375_refined.npy,1,Myocardium,1,1,1.0,631106
7_refined.npy,1,Myocardium,1,1,1.0,686005
916_refined.npy,1,Myocardium,1,1,1.0,717858
971_refined.npy,1,Myocardium,1,1,1.0,845770
491_refined.npy,1,Myocardium,1,1,1.0,710758
551_refined.npy,1,Myocardium,1,1,1.0,792938
672_refined.npy,1,Myocardium,1,1,1.0,740209
975_refined.npy,1,Myocardium,1,1,1.0,842800
892_refined.npy,1,Myocardium,1,1,1.0,584581
493_refined.npy,1,Myocardium,1,1,1.0,705429
502_refined.npy,1,Myocardium,1,1,1.0,742441
878_refined.npy,1,Myocardium,1,1,1.0,737910
178_refined.npy,1,Myocardium,1,1,1.0,876155
656_refined.npy,1,Myocardium,1,1,1.0,667885
207_refined.npy,1,Myocardium,1,1,1.0,573424
360_refined.npy,1,Myocardium,1,1,1.0,637639
5_refined.npy,1,Myocardium,1,1,1.0,959564
874_refined.npy,1,Myocardium,1,1,1.0,558751
791_refined.npy,1,Myocardium,1,1,1.0,644290
421_refined.npy,1,Myocardium,1,1,1.0,593647
154_refined.npy,1,Myocardium,1,1,1.0,1009282
770_refined.npy,1,Myocardium,1,1,1.0,893183
750_refined.npy,1,Myocardium,1,1,1.0,769231
195_refined.npy,1,Myocardium,1,1,1.0,768352
895_refined.npy,1,Myocardium,1,1,1.0,817458
324_refined.npy,1,Myocardium,1,1,1.0,642437
904_refined.npy,1,Myocardium,1,1,1.0,800249
794_refined.npy,1,Myocardium,1,1,1.0,896762
363_refined.npy,1,Myocardium,1,1,1.0,673727
337_refined.npy,1,Myocardium,1,1,1.0,671106
951_refined.npy,1,Myocardium,1,1,1.0,728770
522_refined.npy,1,Myocardium,1,1,1.0,638328
964_refined.npy,1,Myocardium,1,1,1.0,922299
75_refined.npy,1,Myocardium,1,1,1.0,587841
260_refined.npy,1,Myocardium,1,1,1.0,552582
12_refined.npy,1,Myocardium,1,1,1.0,518516
378_refined.npy,1,Myocardium,1,1,1.0,652906
803_refined.npy,1,Myocardium,1,1,1.0,719241
201_refined.npy,1,Myocardium,1,1,1.0,736628
727_refined.npy,1,Myocardium,1,1,1.0,831888
911_refined.npy,1,Myocardium,1,1,1.0,681851
788_refined.npy,1,Myocardium,1,1,1.0,975929
649_refined.npy,1,Myocardium,1,1,1.0,617389
460_refined.npy,1,Myocardium,1,1,1.0,568413
311_refined.npy,1,Myocardium,1,1,1.0,691326
624_refined.npy,1,Myocardium,1,1,1.0,705068
62_refined.npy,1,Myocardium,1,1,1.0,815232
909_refined.npy,1,Myocardium,1,1,1.0,824314
167_refined.npy,1,Myocardium,1,1,1.0,601462
298_refined.npy,1,Myocardium,1,1,1.0,600890
293_refined.npy,1,Myocardium,1,1,1.0,879950
213_refined.npy,1,Myocardium,1,1,1.0,729633
342_refined.npy,1,Myocardium,1,1,1.0,970204
169_refined.npy,1,Myocardium,1,1,1.0,633704
69_refined.npy,1,Myocardium,1,1,1.0,705946
559_refined.npy,1,Myocardium,1,1,1.0,795720
815_refined.npy,1,Myocardium,1,1,1.0,849464
748_refined.npy,1,Myocardium,1,1,1.0,581223
560_refined.npy,1,Myocardium,1,1,1.0,632126
202_refined.npy,1,Myocardium,1,1,1.0,764497
666_refined.npy,1,Myocardium,1,1,1.0,659299
685_refined.npy,1,Myocardium,1,1,1.0,794402
229_refined.npy,1,Myocardium,1,1,1.0,956775
632_refined.npy,1,Myocardium,1,1,1.0,772589
271_refined.npy,1,Myocardium,1,1,1.0,755474
660_refined.npy,1,Myocardium,1,1,1.0,578580
78_refined.npy,1,Myocardium,1,1,1.0,566444
529_refined.npy,1,Myocardium,1,1,1.0,563769
222_refined.npy,1,Myocardium,1,1,1.0,519812
108_refined.npy,1,Myocardium,1,1,1.0,595058
989_refined.npy,1,Myocardium,1,1,1.0,749041
392_refined.npy,1,Myocardium,1,1,1.0,716724
49_refined.npy,1,Myocardium,1,1,1.0,576215
100_refined.npy,1,Myocardium,1,1,1.0,807415
937_refined.npy,1,Myocardium,1,1,1.0,600145
859_refined.npy,1,Myocardium,1,1,1.0,803588
395_refined.npy,1,Myocardium,1,1,1.0,596642
707_refined.npy,1,Myocardium,1,1,1.0,775579
713_refined.npy,1,Myocardium,1,1,1.0,895486
472_refined.npy,1,Myocardium,1,1,1.0,794981
475_refined.npy,1,Myocardium,1,1,1.0,619835
233_refined.npy,1,Myocardium,1,1,1.0,600163
777_refined.npy,1,Myocardium,1,1,1.0,823799
34_refined.npy,1,Myocardium,1,1,1.0,786359
268_refined.npy,1,Myocardium,1,1,1.0,687026
918_refined.npy,1,Myocardium,1,1,1.0,789391
389_refined.npy,1,Myocardium,1,1,1.0,723589
388_refined.npy,1,Myocardium,1,1,1.0,569758
749_refined.npy,1,Myocardium,1,1,1.0,841031
492_refined.npy,1,Myocardium,1,1,1.0,738884
948_refined.npy,1,Myocardium,1,1,1.0,722373
390_refined.npy,1,Myocardium,1,1,1.0,581646
451_refined.npy,1,Myocardium,1,1,1.0,1012304
329_refined.npy,1,Myocardium,1,1,1.0,490103
764_refined.npy,1,Myocardium,1,1,1.0,859755
519_refined.npy,1,Myocardium,1,1,1.0,844056
85_refined.npy,1,Myocardium,1,1,1.0,570058
643_refined.npy,1,Myocardium,1,1,1.0,528350
860_refined.npy,1,Myocardium,1,1,1.0,631767
372_refined.npy,1,Myocardium,1,1,1.0,646982
945_refined.npy,1,Myocardium,1,1,1.0,633619
303_refined.npy,1,Myocardium,1,1,1.0,807795
35_refined.npy,1,Myocardium,1,1,1.0,621264
114_refined.npy,1,Myocardium,1,1,1.0,555980
759_refined.npy,1,Myocardium,1,1,1.0,612626
471_refined.npy,1,Myocardium,1,1,1.0,645396
490_refined.npy,1,Myocardium,1,1,1.0,527452
373_refined.npy,1,Myocardium,1,1,1.0,476268
494_refined.npy,1,Myocardium,1,1,1.0,659887
370_refined.npy,1,Myocardium,1,1,1.0,731386
57_refined.npy,1,Myocardium,1,1,1.0,571838
762_refined.npy,1,Myocardium,1,1,1.0,662033
792_refined.npy,1,Myocardium,1,1,1.0,898896
620_refined.npy,1,Myocardium,1,1,1.0,656023
851_refined.npy,1,Myocardium,1,1,1.0,768414
452_refined.npy,1,Myocardium,1,1,1.0,734214
134_refined.npy,1,Myocardium,1,1,1.0,700958
61_refined.npy,1,Myocardium,1,1,1.0,574022
557_refined.npy,1,Myocardium,1,1,1.0,597914
381_refined.npy,1,Myocardium,1,1,1.0,532339
761_refined.npy,1,Myocardium,1,1,1.0,617383
651_refined.npy,1,Myocardium,1,1,1.0,522365
465_refined.npy,1,Myocardium,1,1,1.0,760679
282_refined.npy,1,Myocardium,1,1,1.0,641109
275_refined.npy,1,Myocardium,1,1,1.0,638071
644_refined.npy,1,Myocardium,1,1,1.0,712029
264_refined.npy,1,Myocardium,1,1,1.0,966131
115_refined.npy,1,Myocardium,1,1,1.0,883010
206_refined.npy,1,Myocardium,1,1,1.0,593438
566_refined.npy,1,Myocardium,1,1,1.0,822594
259_refined.npy,1,Myocardium,1,1,1.0,673155
121_refined.npy,1,Myocardium,1,1,1.0,700545
4_refined.npy,1,Myocardium,1,1,1.0,584922
111_refined.npy,1,Myocardium,1,1,1.0,681961
514_refined.npy,1,Myocardium,1,1,1.0,773709
428_refined.npy,1,Myocardium,1,1,1.0,705762
354_refined.npy,1,Myocardium,1,1,1.0,672261
120_refined.npy,1,Myocardium,1,1,1.0,616589
825_refined.npy,1,Myocardium,1,1,1.0,676168
595_refined.npy,1,Myocardium,1,1,1.0,706012
433_refined.npy,1,Myocardium,1,1,1.0,681227
590_refined.npy,1,Myocardium,1,1,1.0,473100
362_refined.npy,1,Myocardium,1,1,1.0,653982
613_refined.npy,1,Myocardium,1,1,1.0,648854
517_refined.npy,1,Myocardium,1,1,1.0,581271
242_refined.npy,1,Myocardium,1,1,1.0,762543
470_refined.npy,1,Myocardium,1,1,1.0,523381
923_refined.npy,1,Myocardium,1,1,1.0,864808
352_refined.npy,1,Myocardium,1,1,1.0,555113
928_refined.npy,1,Myocardium,1,1,1.0,902271
416_refined.npy,1,Myocardium,1,1,1.0,828648
58_refined.npy,1,Myocardium,1,1,1.0,705079
955_refined.npy,1,Myocardium,1,1,1.0,779135
330_refined.npy,1,Myocardium,1,1,1.0,630807
139_refined.npy,1,Myocardium,1,1,1.0,658871
258_refined.npy,1,Myocardium,1,1,1.0,618054
405_refined.npy,1,Myocardium,1,1,1.0,626575
46_refined.npy,1,Myocardium,1,1,1.0,811596
254_refined.npy,1,Myocardium,1,1,1.0,637905
700_refined.npy,1,Myocardium,1,1,1.0,823931
507_refined.npy,1,Myocardium,1,1,1.0,693716
943_refined.npy,1,Myocardium,1,1,1.0,939088
553_refined.npy,1,Myocardium,1,1,1.0,561444
671_refined.npy,1,Myocardium,1,1,1.0,822950
640_refined.npy,1,Myocardium,1,1,1.0,989397
612_refined.npy,1,Myocardium,1,1,1.0,798103
932_refined.npy,1,Myocardium,1,1,1.0,760819
417_refined.npy,1,Myocardium,1,1,1.0,907908
626_refined.npy,1,Myocardium,1,1,1.0,733712
478_refined.npy,1,Myocardium,1,1,1.0,751620
358_refined.npy,1,Myocardium,1,1,1.0,669148
821_refined.npy,1,Myocardium,1,1,1.0,603795
833_refined.npy,1,Myocardium,1,1,1.0,1035438
165_refined.npy,1,Myocardium,1,1,1.0,617885
308_refined.npy,1,Myocardium,1,1,1.0,539286
461_refined.npy,1,Myocardium,1,1,1.0,636284
818_refined.npy,1,Myocardium,1,1,1.0,815684
757_refined.npy,1,Myocardium,1,1,1.0,726116
420_refined.npy,1,Myocardium,1,1,1.0,620012
434_refined.npy,1,Myocardium,1,1,1.0,563736
636_refined.npy,1,Myocardium,1,1,1.0,543372
305_refined.npy,1,Myocardium,1,1,1.0,533808
118_refined.npy,1,Myocardium,1,1,1.0,789554
599_refined.npy,1,Myocardium,1,1,1.0,704324
505_refined.npy,1,Myocardium,1,1,1.0,684404
563_refined.npy,1,Myocardium,1,1,1.0,819792
745_refined.npy,1,Myocardium,1,1,1.0,761752
240_refined.npy,1,Myocardium,1,1,1.0,884231
893_refined.npy,1,Myocardium,1,1,1.0,804933
944_refined.npy,1,Myocardium,1,1,1.0,659532
616_refined.npy,1,Myocardium,1,1,1.0,701668
447_refined.npy,1,Myocardium,1,1,1.0,748262
402_refined.npy,1,Myocardium,1,1,1.0,676141
726_refined.npy,1,Myocardium,1,1,1.0,988144
351_refined.npy,1,Myocardium,1,1,1.0,991597
776_refined.npy,1,Myocardium,1,1,1.0,903559
83_refined.npy,1,Myocardium,1,1,1.0,580890
998_refined.npy,1,Myocardium,1,1,1.0,729479
323_refined.npy,1,Myocardium,1,1,1.0,690390
304_refined.npy,1,Myocardium,1,1,1.0,663430
828_refined.npy,1,Myocardium,1,1,1.0,1093810
561_refined.npy,1,Myocardium,1,1,1.0,736393
820_refined.npy,1,Myocardium,1,1,1.0,753976
564_refined.npy,1,Myocardium,1,1,1.0,570807
409_refined.npy,1,Myocardium,1,1,1.0,756757
638_refined.npy,1,Myocardium,1,1,1.0,683908
543_refined.npy,1,Myocardium,1,1,1.0,690683
635_refined.npy,1,Myocardium,1,1,1.0,758734
467_refined.npy,1,Myocardium,1,1,1.0,735247
857_refined.npy,1,Myocardium,1,1,1.0,721961
144_refined.npy,1,Myocardium,1,1,1.0,459948
593_refined.npy,1,Myocardium,1,1,1.0,603783
272_refined.npy,1,Myocardium,1,1,1.0,696652
435_refined.npy,1,Myocardium,1,1,1.0,789176
690_refined.npy,1,Myocardium,1,1,1.0,862618
93_refined.npy,1,Myocardium,1,1,1.0,780302
332_refined.npy,1,Myocardium,1,1,1.0,663282
336_refined.npy,1,Myocardium,1,1,1.0,738104
376_refined.npy,1,Myocardium,1,1,1.0,726066
101_refined.npy,1,Myocardium,1,1,1.0,636552
176_refined.npy,1,Myocardium,1,1,1.0,754332
854_refined.npy,1,Myocardium,1,1,1.0,616553
331_refined.npy,1,Myocardium,1,1,1.0,705780
436_refined.npy,1,Myocardium,1,1,1.0,833135
162_refined.npy,1,Myocardium,1,1,1.0,624729
174_refined.npy,1,Myocardium,1,1,1.0,649754
834_refined.npy,1,Myocardium,1,1,1.0,554210
747_refined.npy,1,Myocardium,1,1,1.0,783959
631_refined.npy,1,Myocardium,1,1,1.0,641498
840_refined.npy,1,Myocardium,1,1,1.0,617521
725_refined.npy,1,Myocardium,1,1,1.0,813942
170_refined.npy,1,Myocardium,1,1,1.0,633242
385_refined.npy,1,Myocardium,1,1,1.0,800346
625_refined.npy,1,Myocardium,1,1,1.0,767009
138_refined.npy,1,Myocardium,1,1,1.0,671076
88_refined.npy,1,Myocardium,1,1,1.0,852633
449_refined.npy,1,Myocardium,1,1,1.0,700222
805_refined.npy,1,Myocardium,1,1,1.0,686651
28_refined.npy,1,Myocardium,1,1,1.0,669803
881_refined.npy,1,Myocardium,1,1,1.0,717843
344_refined.npy,1,Myocardium,1,1,1.0,633245
939_refined.npy,1,Myocardium,1,1,1.0,718865
699_refined.npy,1,Myocardium,1,1,1.0,767402
295_refined.npy,1,Myocardium,1,1,1.0,704476
349_refined.npy,1,Myocardium,1,1,1.0,769033
958_refined.npy,1,Myocardium,1,1,1.0,895103
702_refined.npy,1,Myocardium,1,1,1.0,704160
960_refined.npy,1,Myocardium,1,1,1.0,655196
485_refined.npy,1,Myocardium,1,1,1.0,583236
166_refined.npy,1,Myocardium,1,1,1.0,712571
509_refined.npy,1,Myocardium,1,1,1.0,602489
102_refined.npy,1,Myocardium,1,1,1.0,667827
538_refined.npy,1,Myocardium,1,1,1.0,684493
676_refined.npy,1,Myocardium,1,1,1.0,698185
280_refined.npy,1,Myocardium,1,1,1.0,623760
684_refined.npy,1,Myocardium,1,1,1.0,611548
150_refined.npy,1,Myocardium,1,1,1.0,719406
18_refined.npy,1,Myocardium,1,1,1.0,778069
814_refined.npy,1,Myocardium,1,1,1.0,638709
829_refined.npy,1,Myocardium,1,1,1.0,528511
933_refined.npy,1,Myocardium,1,1,1.0,733894
782_refined.npy,1,Myocardium,1,1,1.0,638414
621_refined.npy,1,Myocardium,1,1,1.0,851284
77_refined.npy,1,Myocardium,1,1,1.0,636307
686_refined.npy,1,Myocardium,1,1,1.0,645848
348_refined.npy,1,Myocardium,1,1,1.0,856080
785_refined.npy,1,Myocardium,1,1,1.0,768639
797_refined.npy,1,Myocardium,1,1,1.0,584795
23_refined.npy,1,Myocardium,1,1,1.0,458427
67_refined.npy,1,Myocardium,1,1,1.0,539965
691_refined.npy,1,Myocardium,1,1,1.0,956002
215_refined.npy,1,Myocardium,1,1,1.0,608798
113_refined.npy,1,Myocardium,1,1,1.0,678668
622_refined.npy,1,Myocardium,1,1,1.0,826039
313_refined.npy,1,Myocardium,1,1,1.0,825743
70_refined.npy,1,Myocardium,1,1,1.0,580713
852_refined.npy,1,Myocardium,1,1,1.0,669511
956_refined.npy,1,Myocardium,1,1,1.0,1004628
440_refined.npy,1,Myocardium,1,1,1.0,546031
25_refined.npy,1,Myocardium,1,1,1.0,560350
970_refined.npy,1,Myocardium,1,1,1.0,856090
68_refined.npy,1,Myocardium,1,1,1.0,940695
875_refined.npy,1,Myocardium,1,1,1.0,735893
192_refined.npy,1,Myocardium,1,1,1.0,995993
8_refined.npy,1,Myocardium,1,1,1.0,743642
540_refined.npy,1,Myocardium,1,1,1.0,679906
531_refined.npy,1,Myocardium,1,1,1.0,509032
683_refined.npy,1,Myocardium,1,1,1.0,983844
870_refined.npy,1,Myocardium,1,1,1.0,673188
27_refined.npy,1,Myocardium,1,1,1.0,594308
371_refined.npy,1,Myocardium,1,1,1.0,786145
190_refined.npy,1,Myocardium,1,1,1.0,791888
179_refined.npy,1,Myocardium,1,1,1.0,755925
880_refined.npy,1,Myocardium,1,1,1.0,831394
142_refined.npy,1,Myocardium,1,1,1.0,605720
743_refined.npy,1,Myocardium,1,1,1.0,786878
931_refined.npy,1,Myocardium,1,1,1.0,675213
367_refined.npy,1,Myocardium,1,1,1.0,766622
724_refined.npy,1,Myocardium,1,1,1.0,577086
552_refined.npy,2,LA,1,1,1.0,381036
883_refined.npy,1,Myocardium,1,1,1.0,641782
602_refined.npy,2,LA,1,1,1.0,323318
29_refined.npy,1,Myocardium,1,1,1.0,758566
462_refined.npy,2,LA,1,1,1.0,406352
31_refined.npy,2,LA,1,1,1.0,439761
927_refined.npy,1,Myocardium,1,1,1.0,595204
816_refined.npy,2,LA,1,1,1.0,452390
321_refined.npy,2,LA,1,1,1.0,755809
26_refined.npy,2,LA,1,1,1.0,403267
555_refined.npy,2,LA,1,1,1.0,360324
706_refined.npy,2,LA,1,1,1.0,389315
808_refined.npy,2,LA,1,1,1.0,469588
96_refined.npy,2,LA,1,1,1.0,447888
281_refined.npy,2,LA,1,1,1.0,410907
130_refined.npy,2,LA,1,1,1.0,445472
45_refined.npy,2,LA,1,1,1.0,446659
758_refined.npy,2,LA,1,1,1.0,400025
910_refined.npy,2,LA,1,1,1.0,348493
3_refined.npy,2,LA,1,1,1.0,410363
639_refined.npy,2,LA,1,1,1.0,438849
972_refined.npy,2,LA,1,1,1.0,278348
208_refined.npy,2,LA,1,1,1.0,327223
610_refined.npy,2,LA,1,1,1.0,473767
605_refined.npy,2,LA,1,1,1.0,344481
481_refined.npy,2,LA,1,1,1.0,451209
482_refined.npy,2,LA,1,1,1.0,350979
637_refined.npy,2,LA,1,1,1.0,606727
594_refined.npy,2,LA,1,1,1.0,427090
128_refined.npy,2,LA,1,1,1.0,354770
456_refined.npy,2,LA,1,1,1.0,429708
17_refined.npy,2,LA,1,1,1.0,438108
59_refined.npy,2,LA,1,1,1.0,367158
811_refined.npy,2,LA,1,1,1.0,466751
334_refined.npy,2,LA,1,1,1.0,491740
299_refined.npy,2,LA,1,1,1.0,473587
982_refined.npy,2,LA,1,1,1.0,594749
819_refined.npy,2,LA,1,1,1.0,438576
322_refined.npy,2,LA,1,1,1.0,270114
10_refined.npy,2,LA,1,1,1.0,428249
476_refined.npy,2,LA,1,1,1.0,382482
266_refined.npy,2,LA,1,1,1.0,379100
669_refined.npy,2,LA,1,1,1.0,303533
822_refined.npy,2,LA,1,1,1.0,338810
419_refined.npy,2,LA,1,1,1.0,585163
267_refined.npy,2,LA,1,1,1.0,333324
617_refined.npy,2,LA,1,1,1.0,373822
489_refined.npy,2,LA,1,1,1.0,448361
868_refined.npy,2,LA,1,1,1.0,300214
393_refined.npy,2,LA,1,1,1.0,461166
125_refined.npy,2,LA,1,1,1.0,477912
437_refined.npy,2,LA,1,1,1.0,582769
662_refined.npy,2,LA,1,1,1.0,328160
922_refined.npy,2,LA,1,1,1.0,440420
404_refined.npy,2,LA,1,1,1.0,633779
319_refined.npy,2,LA,1,1,1.0,535421
596_refined.npy,2,LA,1,1,1.0,387370
735_refined.npy,2,LA,1,1,1.0,409288
678_refined.npy,2,LA,1,1,1.0,450449
249_refined.npy,2,LA,1,1,1.0,404032
244_refined.npy,2,LA,1,1,1.0,390446
123_refined.npy,2,LA,1,1,1.0,330939
44_refined.npy,2,LA,1,1,1.0,687912
407_refined.npy,2,LA,1,1,1.0,348595
930_refined.npy,2,LA,1,1,1.0,546313
689_refined.npy,2,LA,1,1,1.0,492976
844_refined.npy,2,LA,1,1,1.0,462026
657_refined.npy,2,LA,1,1,1.0,467228
694_refined.npy,2,LA,1,1,1.0,523540
415_refined.npy,2,LA,1,1,1.0,496826
99_refined.npy,2,LA,1,1,1.0,298249
525_refined.npy,2,LA,1,1,1.0,408614
135_refined.npy,2,LA,1,1,1.0,411163
530_refined.npy,2,LA,1,1,1.0,387511
985_refined.npy,2,LA,1,1,1.0,468211
339_refined.npy,2,LA,1,1,1.0,419527
667_refined.npy,2,LA,1,1,1.0,362171
584_refined.npy,2,LA,1,1,1.0,435603
148_refined.npy,2,LA,1,1,1.0,403806
212_refined.npy,2,LA,1,1,1.0,623468
38_refined.npy,2,LA,1,1,1.0,407086
335_refined.npy,2,LA,1,1,1.0,468505
262_refined.npy,2,LA,1,1,1.0,329048
515_refined.npy,2,LA,1,1,1.0,419732
682_refined.npy,2,LA,1,1,1.0,500764
633_refined.npy,2,LA,1,1,1.0,340451
688_refined.npy,2,LA,1,1,1.0,585335
189_refined.npy,2,LA,1,1,1.0,628559
889_refined.npy,2,LA,1,1,1.0,428131
862_refined.npy,2,LA,1,1,1.0,357836
887_refined.npy,2,LA,1,1,1.0,389603
841_refined.npy,2,LA,1,1,1.0,349049
37_refined.npy,2,LA,1,1,1.0,338334
431_refined.npy,2,LA,1,1,1.0,483299
917_refined.npy,2,LA,1,1,1.0,561286
623_refined.npy,2,LA,1,1,1.0,491044
545_refined.npy,2,LA,1,1,1.0,605359
716_refined.npy,2,LA,1,1,1.0,580685
122_refined.npy,2,LA,1,1,1.0,438164
484_refined.npy,2,LA,1,1,1.0,717145
627_refined.npy,2,LA,1,1,1.0,325443
265_refined.npy,2,LA,1,1,1.0,531276
824_refined.npy,2,LA,1,1,1.0,498153
598_refined.npy,2,LA,1,1,1.0,381896
581_refined.npy,2,LA,1,1,1.0,476220
350_refined.npy,2,LA,1,1,1.0,312612
72_refined.npy,2,LA,1,1,1.0,412236
652_refined.npy,2,LA,1,1,1.0,390143
132_refined.npy,2,LA,1,1,1.0,575649
835_refined.npy,2,LA,1,1,1.0,401168
789_refined.npy,2,LA,1,1,1.0,482803
14_refined.npy,2,LA,1,1,1.0,331248
129_refined.npy,2,LA,1,1,1.0,421186
976_refined.npy,2,LA,1,1,1.0,450463
279_refined.npy,2,LA,1,1,1.0,478810
674_refined.npy,2,LA,1,1,1.0,364154
364_refined.npy,2,LA,1,1,1.0,519426
64_refined.npy,2,LA,1,1,1.0,461049
524_refined.npy,2,LA,1,1,1.0,476761
40_refined.npy,2,LA,1,1,1.0,486130
732_refined.npy,2,LA,1,1,1.0,377404
547_refined.npy,2,LA,1,1,1.0,377903
903_refined.npy,2,LA,1,1,1.0,388263
219_refined.npy,2,LA,1,1,1.0,315414
567_refined.npy,2,LA,1,1,1.0,417864
845_refined.npy,2,LA,1,1,1.0,434320
200_refined.npy,2,LA,1,1,1.0,370605
104_refined.npy,2,LA,1,1,1.0,408893
765_refined.npy,2,LA,1,1,1.0,422891
333_refined.npy,2,LA,1,1,1.0,302057
168_refined.npy,2,LA,1,1,1.0,427616
234_refined.npy,2,LA,1,1,1.0,351910
898_refined.npy,2,LA,1,1,1.0,375355
287_refined.npy,2,LA,1,1,1.0,399526
533_refined.npy,2,LA,1,1,1.0,481257
954_refined.npy,2,LA,1,1,1.0,581815
784_refined.npy,2,LA,1,1,1.0,484811
291_refined.npy,2,LA,1,1,1.0,429741
673_refined.npy,2,LA,1,1,1.0,820262
155_refined.npy,2,LA,1,1,1.0,479054
863_refined.npy,2,LA,1,1,1.0,348050
823_refined.npy,2,LA,1,1,1.0,370580
399_refined.npy,2,LA,1,1,1.0,550717
246_refined.npy,2,LA,1,1,1.0,357060
731_refined.npy,2,LA,1,1,1.0,375987
775_refined.npy,2,LA,1,1,1.0,448087
368_refined.npy,2,LA,1,1,1.0,339410
979_refined.npy,2,LA,1,1,1.0,466171
583_refined.npy,2,LA,1,1,1.0,495688
592_refined.npy,2,LA,1,1,1.0,757756
458_refined.npy,2,LA,1,1,1.0,302173
783_refined.npy,2,LA,1,1,1.0,520923
210_refined.npy,2,LA,1,1,1.0,409052
580_refined.npy,2,LA,1,1,1.0,574133
920_refined.npy,2,LA,1,1,1.0,353480
410_refined.npy,2,LA,1,1,1.0,411445
153_refined.npy,2,LA,1,1,1.0,380503
722_refined.npy,2,LA,1,1,1.0,443020
534_refined.npy,2,LA,1,1,1.0,359039
357_refined.npy,2,LA,1,1,1.0,347325
935_refined.npy,2,LA,1,1,1.0,465353
231_refined.npy,2,LA,1,1,1.0,396635
107_refined.npy,2,LA,1,1,1.0,437956
589_refined.npy,2,LA,1,1,1.0,470714
228_refined.npy,2,LA,1,1,1.0,579740
205_refined.npy,2,LA,1,1,1.0,538250
542_refined.npy,2,LA,1,1,1.0,357972
98_refined.npy,2,LA,1,1,1.0,501940
343_refined.npy,2,LA,1,1,1.0,521999
175_refined.npy,2,LA,1,1,1.0,432563
217_refined.npy,2,LA,1,1,1.0,384953
284_refined.npy,2,LA,1,1,1.0,477141
224_refined.npy,2,LA,1,1,1.0,391322
687_refined.npy,2,LA,1,1,1.0,393181
245_refined.npy,2,LA,1,1,1.0,341293
832_refined.npy,2,LA,1,1,1.0,371046
398_refined.npy,2,LA,1,1,1.0,385250
912_refined.npy,2,LA,1,1,1.0,393077
241_refined.npy,2,LA,1,1,1.0,483799
386_refined.npy,2,LA,1,1,1.0,687873
763_refined.npy,2,LA,1,1,1.0,692367
535_refined.npy,2,LA,1,1,1.0,572165
891_refined.npy,2,LA,1,1,1.0,432145
618_refined.npy,2,LA,1,1,1.0,466449
446_refined.npy,2,LA,1,1,1.0,479636
869_refined.npy,2,LA,1,1,1.0,483249
263_refined.npy,2,LA,1,1,1.0,455867
550_refined.npy,2,LA,1,1,1.0,416340
54_refined.npy,2,LA,1,1,1.0,396779
365_refined.npy,2,LA,1,1,1.0,542395
544_refined.npy,2,LA,1,1,1.0,455719
591_refined.npy,2,LA,1,1,1.0,387978
659_refined.npy,2,LA,1,1,1.0,500064
252_refined.npy,2,LA,1,1,1.0,529581
297_refined.npy,2,LA,1,1,1.0,273303
804_refined.npy,2,LA,1,1,1.0,743658
812_refined.npy,2,LA,1,1,1.0,303440
850_refined.npy,2,LA,1,1,1.0,384748
16_refined.npy,2,LA,1,1,1.0,520184
422_refined.npy,2,LA,1,1,1.0,423995
941_refined.npy,2,LA,1,1,1.0,432567
463_refined.npy,2,LA,1,1,1.0,593523
994_refined.npy,2,LA,1,1,1.0,382885
670_refined.npy,2,LA,1,1,1.0,339686
43_refined.npy,2,LA,1,1,1.0,429357
136_refined.npy,2,LA,1,1,1.0,312398
292_refined.npy,2,LA,1,1,1.0,377292
172_refined.npy,2,LA,1,1,1.0,331738
886_refined.npy,2,LA,1,1,1.0,396059
290_refined.npy,2,LA,1,1,1.0,495213
973_refined.npy,2,LA,1,1,1.0,524668
256_refined.npy,2,LA,1,1,1.0,476689
425_refined.npy,2,LA,1,1,1.0,372777
47_refined.npy,2,LA,1,1,1.0,397907
513_refined.npy,2,LA,1,1,1.0,314954
562_refined.npy,2,LA,1,1,1.0,566812
442_refined.npy,2,LA,1,1,1.0,466169
312_refined.npy,2,LA,1,1,1.0,364264
858_refined.npy,2,LA,1,1,1.0,291132
443_refined.npy,2,LA,1,1,1.0,555603
15_refined.npy,2,LA,1,1,1.0,679849
232_refined.npy,2,LA,1,1,1.0,481332
575_refined.npy,2,LA,1,1,1.0,414553
261_refined.npy,2,LA,1,1,1.0,355885
709_refined.npy,2,LA,1,1,1.0,475571
140_refined.npy,2,LA,1,1,1.0,419272
988_refined.npy,2,LA,1,1,1.0,356122
53_refined.npy,2,LA,1,1,1.0,453705
294_refined.npy,2,LA,1,1,1.0,557868
209_refined.npy,2,LA,1,1,1.0,555603
780_refined.npy,2,LA,2,1,0.9871935008913516,290009
681_refined.npy,2,LA,1,1,1.0,682742
648_refined.npy,2,LA,1,1,1.0,335656
523_refined.npy,2,LA,1,1,1.0,510894
6_refined.npy,2,LA,1,1,1.0,440847
2_refined.npy,2,LA,1,1,1.0,310231
739_refined.npy,2,LA,1,1,1.0,733509
838_refined.npy,2,LA,1,1,1.0,443583
577_refined.npy,2,LA,1,1,1.0,321175
158_refined.npy,2,LA,1,1,1.0,364959
413_refined.npy,2,LA,1,1,1.0,434808
981_refined.npy,2,LA,1,1,1.0,482642
996_refined.npy,2,LA,1,1,1.0,541652
110_refined.npy,2,LA,1,1,1.0,509351
50_refined.npy,2,LA,1,1,1.0,421777
307_refined.npy,2,LA,1,1,1.0,560027
807_refined.npy,2,LA,1,1,1.0,419579
532_refined.npy,2,LA,1,1,1.0,288274
126_refined.npy,2,LA,1,1,1.0,476955
915_refined.npy,2,LA,1,1,1.0,313863
274_refined.npy,2,LA,1,1,1.0,419491
218_refined.npy,2,LA,1,1,1.0,360868
961_refined.npy,2,LA,1,1,1.0,559061
32_refined.npy,2,LA,1,1,1.0,506216
558_refined.npy,2,LA,1,1,1.0,578855
541_refined.npy,2,LA,1,1,1.0,447875
984_refined.npy,2,LA,1,1,1.0,508261
459_refined.npy,2,LA,1,1,1.0,542363
704_refined.npy,2,LA,1,1,1.0,391769
309_refined.npy,2,LA,1,1,1.0,453141
769_refined.npy,2,LA,1,1,1.0,607793
455_refined.npy,2,LA,1,1,1.0,516462
412_refined.npy,2,LA,1,1,1.0,363167
719_refined.npy,2,LA,1,1,1.0,420860
221_refined.npy,2,LA,1,1,1.0,589501
790_refined.npy,2,LA,1,1,1.0,356505
810_refined.npy,2,LA,1,1,1.0,499156
518_refined.npy,2,LA,1,1,1.0,553030
703_refined.npy,2,LA,1,1,1.0,378088
152_refined.npy,2,LA,1,1,1.0,336042
73_refined.npy,2,LA,1,1,1.0,571172
340_refined.npy,2,LA,1,1,1.0,360004
411_refined.npy,2,LA,1,1,1.0,357635
355_refined.npy,2,LA,1,1,1.0,641657
537_refined.npy,2,LA,1,1,1.0,352734
721_refined.npy,2,LA,1,1,1.0,424675
423_refined.npy,2,LA,1,1,1.0,406184
164_refined.npy,2,LA,1,1,1.0,457783
1_refined.npy,2,LA,1,1,1.0,347344
959_refined.npy,2,LA,1,1,1.0,532151
693_refined.npy,2,LA,1,1,1.0,572401
802_refined.npy,2,LA,1,1,1.0,521575
692_refined.npy,2,LA,1,1,1.0,543069
967_refined.npy,2,LA,1,1,1.0,349041
500_refined.npy,2,LA,1,1,1.0,397584
314_refined.npy,2,LA,1,1,1.0,453719
990_refined.npy,2,LA,1,1,1.0,410817
55_refined.npy,2,LA,1,1,1.0,549090
109_refined.npy,2,LA,1,1,1.0,362693
310_refined.npy,2,LA,1,1,1.0,572027
741_refined.npy,2,LA,1,1,1.0,355514
521_refined.npy,2,LA,1,1,1.0,344023
496_refined.npy,2,LA,1,1,1.0,392120
159_refined.npy,2,LA,1,1,1.0,358467
839_refined.npy,2,LA,1,1,1.0,427004
51_refined.npy,2,LA,1,1,1.0,403415
906_refined.npy,2,LA,1,1,1.0,415428
925_refined.npy,2,LA,1,1,1.0,395759
441_refined.npy,2,LA,1,1,1.0,479585
285_refined.npy,2,LA,1,1,1.0,443815
628_refined.npy,2,LA,1,1,1.0,386920
661_refined.npy,2,LA,1,1,1.0,295834
993_refined.npy,2,LA,1,1,1.0,394152
91_refined.npy,2,LA,1,1,1.0,397946
197_refined.npy,2,LA,1,1,1.0,438398
276_refined.npy,2,LA,1,1,1.0,291248
568_refined.npy,2,LA,1,1,1.0,566743
199_refined.npy,2,LA,1,1,1.0,385480
383_refined.npy,2,LA,1,1,1.0,384762
751_refined.npy,2,LA,1,1,1.0,428113
793_refined.npy,2,LA,1,1,1.0,548992
611_refined.npy,2,LA,1,1,1.0,596664
243_refined.npy,2,LA,1,1,1.0,408351
346_refined.npy,2,LA,1,1,1.0,393595
809_refined.npy,2,LA,1,1,1.0,338117
729_refined.npy,2,LA,1,1,1.0,440786
926_refined.npy,2,LA,1,1,1.0,362746
117_refined.npy,2,LA,1,1,1.0,361550
448_refined.npy,2,LA,1,1,1.0,443028
306_refined.npy,2,LA,1,1,1.0,368271
483_refined.npy,2,LA,1,1,1.0,458240
430_refined.npy,2,LA,1,1,1.0,539343
173_refined.npy,2,LA,1,1,1.0,384028
320_refined.npy,2,LA,1,1,1.0,503355
754_refined.npy,2,LA,1,1,1.0,286594
495_refined.npy,2,LA,1,1,1.0,345563
733_refined.npy,2,LA,1,1,1.0,464762
539_refined.npy,2,LA,1,1,1.0,1031144
876_refined.npy,2,LA,1,1,1.0,370256
316_refined.npy,2,LA,1,1,1.0,453804
995_refined.npy,2,LA,1,1,1.0,362211
300_refined.npy,2,LA,1,1,1.0,375464
969_refined.npy,2,LA,1,1,1.0,600103
585_refined.npy,2,LA,1,1,1.0,589969
445_refined.npy,2,LA,1,1,1.0,513070
361_refined.npy,2,LA,1,1,1.0,810479
347_refined.npy,2,LA,1,1,1.0,418433
565_refined.npy,2,LA,1,1,1.0,443106
570_refined.npy,2,LA,1,1,1.0,394787
705_refined.npy,2,LA,1,1,1.0,470913
572_refined.npy,2,LA,1,1,1.0,365052
664_refined.npy,2,LA,1,1,1.0,494346
921_refined.npy,2,LA,1,1,1.0,444175
248_refined.npy,2,LA,1,1,1.0,423272
571_refined.npy,2,LA,1,1,1.0,836268
238_refined.npy,2,LA,1,1,1.0,676182
480_refined.npy,2,LA,1,1,1.0,399925
302_refined.npy,2,LA,1,1,1.0,510384
715_refined.npy,2,LA,1,1,1.0,515076
974_refined.npy,2,LA,1,1,1.0,438846
253_refined.npy,2,LA,1,1,1.0,626860
325_refined.npy,2,LA,1,1,1.0,685679
369_refined.npy,2,LA,1,1,1.0,383428
97_refined.npy,2,LA,1,1,1.0,480085
582_refined.npy,2,LA,1,1,1.0,422507
65_refined.npy,2,LA,1,1,1.0,555792
454_refined.npy,2,LA,1,1,1.0,447520
946_refined.npy,2,LA,1,1,1.0,321203
884_refined.npy,2,LA,1,1,1.0,462646
798_refined.npy,2,LA,1,1,1.0,617153
33_refined.npy,2,LA,1,1,1.0,486414
230_refined.npy,2,LA,1,1,1.0,440690
379_refined.npy,2,LA,1,1,1.0,395676
831_refined.npy,2,LA,1,1,1.0,448940
675_refined.npy,2,LA,1,1,1.0,333886
36_refined.npy,2,LA,1,1,1.0,381060
328_refined.npy,2,LA,1,1,1.0,391355
914_refined.npy,2,LA,1,1,1.0,335181
826_refined.npy,2,LA,1,1,1.0,383791
744_refined.npy,2,LA,1,1,1.0,463417
965_refined.npy,2,LA,1,1,1.0,399197
738_refined.npy,2,LA,1,1,1.0,497173
817_refined.npy,2,LA,1,1,1.0,349455
286_refined.npy,2,LA,1,1,1.0,394131
836_refined.npy,2,LA,1,1,1.0,392544
188_refined.npy,2,LA,1,1,1.0,416889
116_refined.npy,2,LA,1,1,1.0,581540
556_refined.npy,2,LA,1,1,1.0,393302
655_refined.npy,2,LA,1,1,1.0,245972
156_refined.npy,2,LA,1,1,1.0,634778
619_refined.npy,2,LA,1,1,1.0,481304
288_refined.npy,2,LA,1,1,1.0,343483
424_refined.npy,2,LA,1,1,1.0,260680
401_refined.npy,2,LA,1,1,1.0,456727
318_refined.npy,2,LA,1,1,1.0,330060
872_refined.npy,2,LA,1,1,1.0,406468
606_refined.npy,2,LA,1,1,1.0,457469
668_refined.npy,2,LA,1,1,1.0,313686
843_refined.npy,2,LA,1,1,1.0,485954
962_refined.npy,2,LA,1,1,1.0,423992
800_refined.npy,2,LA,1,1,1.0,424791
356_refined.npy,2,LA,1,1,1.0,510105
220_refined.npy,2,LA,1,1,1.0,398378
151_refined.npy,2,LA,1,1,1.0,544774
650_refined.npy,2,LA,1,1,1.0,448488
145_refined.npy,2,LA,1,1,1.0,438442
742_refined.npy,2,LA,1,1,1.0,419001
940_refined.npy,2,LA,1,1,1.0,573292
600_refined.npy,2,LA,1,1,1.0,648256
432_refined.npy,2,LA,1,1,1.0,465953
578_refined.npy,2,LA,1,1,1.0,393935
630_refined.npy,2,LA,1,1,1.0,490356
787_refined.npy,2,LA,1,1,1.0,394149
597_refined.npy,2,LA,1,1,1.0,355816
697_refined.npy,2,LA,1,1,1.0,464608
708_refined.npy,2,LA,1,1,1.0,493267
579_refined.npy,2,LA,1,1,1.0,501149
20_refined.npy,2,LA,1,1,1.0,313366
957_refined.npy,2,LA,1,1,1.0,483971
196_refined.npy,2,LA,1,1,1.0,408582
629_refined.npy,2,LA,1,1,1.0,484858
767_refined.npy,2,LA,1,1,1.0,476709
885_refined.npy,2,LA,1,1,1.0,553303
718_refined.npy,2,LA,1,1,1.0,373215
877_refined.npy,2,LA,1,1,1.0,446278
13_refined.npy,2,LA,1,1,1.0,635659
516_refined.npy,2,LA,1,1,1.0,421633
345_refined.npy,2,LA,1,1,1.0,316331
439_refined.npy,2,LA,1,1,1.0,426421
711_refined.npy,2,LA,1,1,1.0,475924
963_refined.npy,2,LA,1,1,1.0,526855
608_refined.npy,2,LA,1,1,1.0,486008
723_refined.npy,2,LA,1,1,1.0,400320
949_refined.npy,2,LA,1,1,1.0,364859
647_refined.npy,2,LA,1,1,1.0,534498
574_refined.npy,2,LA,1,1,1.0,337429
498_refined.npy,2,LA,1,1,1.0,431863
879_refined.npy,2,LA,1,1,1.0,420256
94_refined.npy,2,LA,1,1,1.0,526787
473_refined.npy,2,LA,1,1,1.0,373648
60_refined.npy,2,LA,1,1,1.0,295871
95_refined.npy,2,LA,1,1,1.0,380205
479_refined.npy,2,LA,1,1,1.0,384041
907_refined.npy,2,LA,1,1,1.0,515694
737_refined.npy,2,LA,1,1,1.0,363122
41_refined.npy,2,LA,1,1,1.0,554816
184_refined.npy,2,LA,1,1,1.0,371497
573_refined.npy,2,LA,1,1,1.0,416290
772_refined.npy,2,LA,1,1,1.0,642753
157_refined.npy,2,LA,1,1,1.0,361276
663_refined.npy,2,LA,1,1,1.0,734709
438_refined.npy,2,LA,1,1,1.0,391113
326_refined.npy,2,LA,1,1,1.0,473824
980_refined.npy,2,LA,1,1,1.0,614711
919_refined.npy,2,LA,1,1,1.0,423122
806_refined.npy,2,LA,1,1,1.0,405906
269_refined.npy,2,LA,1,1,1.0,520988
450_refined.npy,2,LA,1,1,1.0,478304
714_refined.npy,2,LA,1,1,1.0,649295
528_refined.npy,2,LA,1,1,1.0,452594
239_refined.npy,2,LA,1,1,1.0,574486
427_refined.npy,2,LA,1,1,1.0,434571
81_refined.npy,2,LA,1,1,1.0,476965
273_refined.npy,2,LA,1,1,1.0,434675
658_refined.npy,2,LA,1,1,1.0,517041
250_refined.npy,2,LA,1,1,1.0,408167
74_refined.npy,2,LA,1,1,1.0,622362
39_refined.npy,2,LA,1,1,1.0,357222
712_refined.npy,2,LA,1,1,1.0,426201
366_refined.npy,2,LA,1,1,1.0,372419
76_refined.npy,2,LA,1,1,1.0,459193
112_refined.npy,2,LA,1,1,1.0,395527
143_refined.npy,2,LA,1,1,1.0,413712
510_refined.npy,2,LA,1,1,1.0,413701
177_refined.npy,2,LA,1,1,1.0,322533
204_refined.npy,2,LA,1,1,1.0,368749
882_refined.npy,2,LA,1,1,1.0,360484
773_refined.npy,2,LA,1,1,1.0,458754
527_refined.npy,2,LA,1,1,1.0,403153
394_refined.npy,2,LA,1,1,1.0,490873
457_refined.npy,2,LA,1,1,1.0,535103
227_refined.npy,2,LA,1,1,1.0,546268
607_refined.npy,2,LA,1,1,1.0,547089
278_refined.npy,2,LA,1,1,1.0,402216
753_refined.npy,2,LA,1,1,1.0,357845
576_refined.npy,2,LA,1,1,1.0,464894
146_refined.npy,2,LA,1,1,1.0,709512
183_refined.npy,2,LA,1,1,1.0,500289
755_refined.npy,2,LA,1,1,1.0,405222
30_refined.npy,2,LA,1,1,1.0,358015
548_refined.npy,2,LA,1,1,1.0,378238
186_refined.npy,2,LA,1,1,1.0,474816
488_refined.npy,2,LA,1,1,1.0,463944
900_refined.npy,2,LA,1,1,1.0,481012
406_refined.npy,2,LA,1,1,1.0,483541
856_refined.npy,2,LA,1,1,1.0,484580
952_refined.npy,2,LA,1,1,1.0,496010
66_refined.npy,2,LA,1,1,1.0,478750
778_refined.npy,2,LA,1,1,1.0,468101
760_refined.npy,2,LA,1,1,1.0,400853
695_refined.npy,2,LA,1,1,1.0,558873
380_refined.npy,2,LA,1,1,1.0,747660
497_refined.npy,2,LA,1,1,1.0,392905
953_refined.npy,2,LA,1,1,1.0,466774
198_refined.npy,2,LA,1,1,1.0,380227
526_refined.npy,2,LA,1,1,1.0,371184
504_refined.npy,2,LA,1,1,1.0,375473
106_refined.npy,2,LA,1,1,1.0,419878
506_refined.npy,2,LA,1,1,1.0,411464
160_refined.npy,2,LA,1,1,1.0,439409
601_refined.npy,2,LA,1,1,1.0,374104
936_refined.npy,2,LA,1,1,1.0,575688
48_refined.npy,2,LA,1,1,1.0,732391
89_refined.npy,2,LA,1,1,1.0,415173
147_refined.npy,2,LA,1,1,1.0,320856
549_refined.npy,2,LA,1,1,1.0,451309
653_refined.npy,2,LA,1,1,1.0,361025
22_refined.npy,2,LA,1,1,1.0,527331
408_refined.npy,2,LA,1,1,1.0,457951
11_refined.npy,2,LA,1,1,1.0,333516
634_refined.npy,2,LA,1,1,1.0,503053
888_refined.npy,2,LA,1,1,1.0,347491
503_refined.npy,2,LA,1,1,1.0,355201
414_refined.npy,2,LA,1,1,1.0,442558
890_refined.npy,2,LA,1,1,1.0,400627
997_refined.npy,2,LA,1,1,1.0,482012
849_refined.npy,2,LA,1,1,1.0,517357
899_refined.npy,2,LA,1,1,1.0,421697
586_refined.npy,2,LA,1,1,1.0,672898
255_refined.npy,2,LA,1,1,1.0,403168
327_refined.npy,2,LA,1,1,1.0,435563
161_refined.npy,2,LA,1,1,1.0,432409
847_refined.npy,2,LA,1,1,1.0,512787
317_refined.npy,2,LA,1,1,1.0,370859
679_refined.npy,2,LA,1,1,1.0,375397
853_refined.npy,2,LA,1,1,1.0,296700
226_refined.npy,2,LA,1,1,1.0,495894
180_refined.npy,2,LA,1,1,1.0,397294
966_refined.npy,2,LA,1,1,1.0,356174
42_refined.npy,2,LA,1,1,1.0,332568
830_refined.npy,2,LA,1,1,1.0,474026
397_refined.npy,2,LA,1,1,1.0,570912
848_refined.npy,2,LA,1,1,1.0,484882
837_refined.npy,2,LA,1,1,1.0,359848
978_refined.npy,2,LA,1,1,1.0,348629
71_refined.npy,2,LA,1,1,1.0,424990
654_refined.npy,2,LA,1,1,1.0,388355
92_refined.npy,2,LA,1,1,1.0,330111
603_refined.npy,2,LA,1,1,1.0,495638
429_refined.npy,2,LA,1,1,1.0,443248
768_refined.npy,2,LA,1,1,1.0,312829
171_refined.npy,2,LA,1,1,1.0,488289
846_refined.npy,2,LA,1,1,1.0,376973
469_refined.npy,2,LA,1,1,1.0,417353
902_refined.npy,2,LA,1,1,1.0,517501
203_refined.npy,2,LA,1,1,1.0,560490
84_refined.npy,2,LA,1,1,1.0,638844
827_refined.npy,2,LA,1,1,1.0,539656
698_refined.npy,2,LA,1,1,1.0,434464
696_refined.npy,2,LA,1,1,1.0,545637
864_refined.npy,2,LA,1,1,1.0,401325
865_refined.npy,2,LA,1,1,1.0,506017
569_refined.npy,2,LA,1,1,1.0,419920
193_refined.npy,2,LA,1,1,1.0,341773
257_refined.npy,2,LA,1,1,1.0,407604
194_refined.npy,2,LA,1,1,1.0,324914
897_refined.npy,2,LA,1,1,1.0,355631
871_refined.npy,2,LA,1,1,1.0,529189
464_refined.npy,2,LA,1,1,1.0,418704
771_refined.npy,2,LA,1,1,1.0,428658
873_refined.npy,2,LA,1,1,1.0,438835
191_refined.npy,2,LA,1,1,1.0,428108
866_refined.npy,2,LA,1,1,1.0,399404
181_refined.npy,2,LA,1,1,1.0,486693
736_refined.npy,2,LA,1,1,1.0,424526
187_refined.npy,2,LA,1,1,1.0,404968
359_refined.npy,2,LA,1,1,1.0,347198
63_refined.npy,2,LA,1,1,1.0,541865
991_refined.npy,2,LA,1,1,1.0,527664
588_refined.npy,2,LA,1,1,1.0,512982
512_refined.npy,2,LA,1,1,1.0,379104
646_refined.npy,2,LA,1,1,1.0,388081
615_refined.npy,2,LA,1,1,1.0,413965
511_refined.npy,2,LA,1,1,1.0,359919
387_refined.npy,2,LA,1,1,1.0,383039
474_refined.npy,2,LA,1,1,1.0,401473
795_refined.npy,2,LA,1,1,1.0,437825
786_refined.npy,2,LA,1,1,1.0,368612
999_refined.npy,2,LA,1,1,1.0,525174
214_refined.npy,2,LA,1,1,1.0,472513
289_refined.npy,2,LA,1,1,1.0,552074
766_refined.npy,2,LA,1,1,1.0,437845
270_refined.npy,2,LA,1,1,1.0,536190
587_refined.npy,2,LA,1,1,1.0,392008
717_refined.npy,2,LA,1,1,1.0,433267
905_refined.npy,2,LA,1,1,1.0,341539
855_refined.npy,2,LA,1,1,1.0,401640
913_refined.npy,2,LA,1,1,1.0,409150
182_refined.npy,2,LA,1,1,1.0,319136
609_refined.npy,2,LA,1,1,1.0,439443
296_refined.npy,2,LA,1,1,1.0,380387
80_refined.npy,2,LA,1,1,1.0,389380
377_refined.npy,2,LA,1,1,1.0,394092
56_refined.npy,2,LA,1,1,1.0,395661
382_refined.npy,2,LA,1,1,1.0,470726
133_refined.npy,2,LA,1,1,1.0,544998
444_refined.npy,2,LA,1,1,1.0,347748
799_refined.npy,2,LA,1,1,1.0,410499
746_refined.npy,2,LA,1,1,1.0,360316
79_refined.npy,2,LA,1,1,1.0,406151
315_refined.npy,2,LA,1,1,1.0,470776
236_refined.npy,2,LA,1,1,1.0,470075
453_refined.npy,2,LA,1,1,1.0,540420
554_refined.npy,2,LA,1,1,1.0,422896
1000_refined.npy,2,LA,1,1,1.0,482045
977_refined.npy,2,LA,1,1,1.0,371697
225_refined.npy,2,LA,1,1,1.0,376559
486_refined.npy,2,LA,1,1,1.0,386201
251_refined.npy,2,LA,1,1,1.0,508737
374_refined.npy,2,LA,1,1,1.0,373620
645_refined.npy,2,LA,1,1,1.0,445074
301_refined.npy,2,LA,1,1,1.0,522182
740_refined.npy,2,LA,1,1,1.0,456778
934_refined.npy,2,LA,1,1,1.0,420738
237_refined.npy,2,LA,1,1,1.0,459419
520_refined.npy,2,LA,1,1,1.0,400102
796_refined.npy,2,LA,1,1,1.0,1062046
487_refined.npy,2,LA,1,1,1.0,808226
894_refined.npy,2,LA,1,1,1.0,445552
499_refined.npy,2,LA,1,1,1.0,408749
728_refined.npy,2,LA,1,1,1.0,334062
131_refined.npy,2,LA,1,1,1.0,453394
950_refined.npy,2,LA,1,1,1.0,419982
641_refined.npy,2,LA,1,1,1.0,457687
338_refined.npy,2,LA,1,1,1.0,381067
901_refined.npy,2,LA,1,1,1.0,741704
730_refined.npy,2,LA,1,1,1.0,380717
163_refined.npy,2,LA,1,1,1.0,453168
546_refined.npy,2,LA,1,1,1.0,471518
86_refined.npy,2,LA,1,1,1.0,484722
9_refined.npy,2,LA,1,1,1.0,582650
665_refined.npy,2,LA,1,1,1.0,624228
710_refined.npy,2,LA,1,1,1.0,420891
418_refined.npy,2,LA,1,1,1.0,510686
734_refined.npy,2,LA,1,1,1.0,287763
756_refined.npy,2,LA,1,1,1.0,376510
896_refined.npy,2,LA,1,1,1.0,353725
908_refined.npy,2,LA,1,1,1.0,385995
403_refined.npy,2,LA,1,1,1.0,393318
82_refined.npy,2,LA,1,1,1.0,515885
466_refined.npy,2,LA,1,1,1.0,547326
947_refined.npy,2,LA,1,1,1.0,491361
987_refined.npy,2,LA,1,1,1.0,419595
137_refined.npy,2,LA,1,1,1.0,342756
701_refined.npy,2,LA,1,1,1.0,461235
384_refined.npy,2,LA,1,1,1.0,322996
614_refined.npy,2,LA,1,1,1.0,464920
968_refined.npy,2,LA,1,1,1.0,345009
986_refined.npy,2,LA,1,1,1.0,461566
391_refined.npy,2,LA,1,1,1.0,291068
477_refined.npy,2,LA,1,1,1.0,380589
400_refined.npy,2,LA,1,1,1.0,379883
801_refined.npy,2,LA,1,1,1.0,398925
247_refined.npy,2,LA,1,1,1.0,421093
119_refined.npy,2,LA,1,1,1.0,369376
341_refined.npy,2,LA,1,1,1.0,483365
211_refined.npy,2,LA,1,1,1.0,488314
216_refined.npy,2,LA,1,1,1.0,563600
536_refined.npy,2,LA,1,1,1.0,362947
426_refined.npy,2,LA,1,1,1.0,458237
604_refined.npy,2,LA,1,1,1.0,506973
21_refined.npy,2,LA,1,1,1.0,391724
779_refined.npy,2,LA,1,1,1.0,411499
983_refined.npy,2,LA,1,1,1.0,347877
353_refined.npy,2,LA,1,1,1.0,397252
924_refined.npy,2,LA,1,1,1.0,346163
842_refined.npy,2,LA,1,1,1.0,364877
283_refined.npy,2,LA,1,1,1.0,633625
124_refined.npy,2,LA,1,1,1.0,550527
752_refined.npy,2,LA,1,1,1.0,370000
501_refined.npy,2,LA,1,1,1.0,405753
223_refined.npy,2,LA,1,1,1.0,362223
929_refined.npy,2,LA,1,1,1.0,769437
19_refined.npy,2,LA,1,1,1.0,430535
938_refined.npy,2,LA,1,1,1.0,330688
677_refined.npy,2,LA,1,1,1.0,400992
861_refined.npy,2,LA,1,1,1.0,315701
52_refined.npy,2,LA,1,1,1.0,449072
867_refined.npy,2,LA,1,1,1.0,570221
235_refined.npy,2,LA,1,1,1.0,340122
813_refined.npy,2,LA,1,1,1.0,437863
774_refined.npy,2,LA,1,1,1.0,432827
277_refined.npy,2,LA,1,1,1.0,358924
149_refined.npy,2,LA,1,1,1.0,519627
103_refined.npy,2,LA,1,1,1.0,587340
720_refined.npy,2,LA,1,1,1.0,405751
396_refined.npy,2,LA,1,1,1.0,509750
642_refined.npy,2,LA,1,1,1.0,457904
468_refined.npy,2,LA,1,1,1.0,759120
680_refined.npy,2,LA,1,1,1.0,691382
105_refined.npy,2,LA,1,1,1.0,747612
508_refined.npy,2,LA,1,1,1.0,457939
992_refined.npy,2,LA,1,1,1.0,402588
87_refined.npy,2,LA,1,1,1.0,338477
24_refined.npy,2,LA,1,1,1.0,418166
942_refined.npy,2,LA,1,1,1.0,345676
185_refined.npy,2,LA,1,1,1.0,519905
127_refined.npy,2,LA,1,1,1.0,304068
375_refined.npy,2,LA,1,1,1.0,493826
781_refined.npy,2,LA,1,1,1.0,335576
916_refined.npy,2,LA,1,1,1.0,280405
7_refined.npy,2,LA,1,1,1.0,458934
971_refined.npy,2,LA,1,1,1.0,366604
491_refined.npy,2,LA,1,1,1.0,498005
551_refined.npy,2,LA,1,1,1.0,411429
672_refined.npy,2,LA,1,1,1.0,376727
975_refined.npy,2,LA,1,1,1.0,489512
892_refined.npy,2,LA,1,1,1.0,340687
493_refined.npy,2,LA,1,1,1.0,392722
502_refined.npy,2,LA,1,1,1.0,415074
178_refined.npy,2,LA,1,1,1.0,571108
878_refined.npy,2,LA,1,1,1.0,414203
207_refined.npy,2,LA,1,1,1.0,357824
360_refined.npy,2,LA,1,1,1.0,481398
656_refined.npy,2,LA,1,1,1.0,417682
5_refined.npy,2,LA,1,1,1.0,611959
874_refined.npy,2,LA,1,1,1.0,431169
421_refined.npy,2,LA,1,1,1.0,357163
791_refined.npy,2,LA,1,1,1.0,311900
154_refined.npy,2,LA,1,1,1.0,584355
770_refined.npy,2,LA,1,1,1.0,516000
750_refined.npy,2,LA,1,1,1.0,491128
195_refined.npy,2,LA,1,1,1.0,570703
895_refined.npy,2,LA,1,1,1.0,470657
794_refined.npy,2,LA,1,1,1.0,615501
324_refined.npy,2,LA,1,1,1.0,404067
337_refined.npy,2,LA,1,1,1.0,464220
964_refined.npy,2,LA,1,1,1.0,343984
363_refined.npy,2,LA,1,1,1.0,398216
904_refined.npy,2,LA,1,1,1.0,447565
522_refined.npy,2,LA,1,1,1.0,461051
951_refined.npy,2,LA,1,1,1.0,368822
75_refined.npy,2,LA,1,1,1.0,316090
12_refined.npy,2,LA,1,1,1.0,425312
260_refined.npy,2,LA,1,1,1.0,413002
378_refined.npy,2,LA,1,1,1.0,300967
803_refined.npy,2,LA,1,1,1.0,545815
201_refined.npy,2,LA,1,1,1.0,327110
788_refined.npy,2,LA,1,1,1.0,446761
911_refined.npy,2,LA,1,1,1.0,389737
727_refined.npy,2,LA,1,1,1.0,486426
649_refined.npy,2,LA,1,1,1.0,415989
460_refined.npy,2,LA,1,1,1.0,371722
624_refined.npy,2,LA,1,1,1.0,376870
62_refined.npy,2,LA,1,1,1.0,510538
167_refined.npy,2,LA,1,1,1.0,348182
311_refined.npy,2,LA,1,1,1.0,303742
909_refined.npy,2,LA,1,1,1.0,405360
293_refined.npy,2,LA,1,1,1.0,442513
298_refined.npy,2,LA,1,1,1.0,458746
342_refined.npy,2,LA,1,1,1.0,556598
213_refined.npy,2,LA,1,1,1.0,335047
169_refined.npy,2,LA,1,1,1.0,333611
69_refined.npy,2,LA,1,1,1.0,328086
815_refined.npy,2,LA,1,1,1.0,360551
559_refined.npy,2,LA,1,1,1.0,443867
748_refined.npy,2,LA,1,1,1.0,363530
560_refined.npy,2,LA,1,1,1.0,447098
202_refined.npy,2,LA,1,1,1.0,503263
666_refined.npy,2,LA,1,1,1.0,302431
229_refined.npy,2,LA,1,1,1.0,434725
271_refined.npy,2,LA,1,1,1.0,455950
660_refined.npy,2,LA,1,1,1.0,372626
685_refined.npy,2,LA,1,1,1.0,323296
78_refined.npy,2,LA,1,1,1.0,336973
632_refined.npy,2,LA,1,1,1.0,756907
529_refined.npy,2,LA,1,1,1.0,375264
108_refined.npy,2,LA,1,1,1.0,512392
222_refined.npy,2,LA,1,1,1.0,494477
100_refined.npy,2,LA,1,1,1.0,548981
392_refined.npy,2,LA,1,1,1.0,441362
989_refined.npy,2,LA,1,1,1.0,509393
49_refined.npy,2,LA,1,1,1.0,447506
937_refined.npy,2,LA,1,1,1.0,476744
859_refined.npy,2,LA,1,1,1.0,506630
395_refined.npy,2,LA,1,1,1.0,625395
707_refined.npy,2,LA,1,1,1.0,611611
713_refined.npy,2,LA,1,1,1.0,425851
475_refined.npy,2,LA,1,1,1.0,317782
472_refined.npy,2,LA,1,1,1.0,465528
233_refined.npy,2,LA,1,1,1.0,450554
777_refined.npy,2,LA,1,1,1.0,423274
34_refined.npy,2,LA,1,1,1.0,421838
268_refined.npy,2,LA,1,1,1.0,421437
388_refined.npy,2,LA,1,1,1.0,523221
492_refined.npy,2,LA,1,1,1.0,421758
389_refined.npy,2,LA,1,1,1.0,380870
749_refined.npy,2,LA,1,1,1.0,452387
860_refined.npy,2,LA,1,1,1.0,394095
918_refined.npy,2,LA,1,1,1.0,479519
945_refined.npy,2,LA,1,1,1.0,315890
948_refined.npy,2,LA,1,1,1.0,340376
451_refined.npy,2,LA,1,1,1.0,380937
329_refined.npy,2,LA,1,1,1.0,295761
390_refined.npy,2,LA,1,1,1.0,421928
764_refined.npy,2,LA,1,1,1.0,476617
519_refined.npy,2,LA,1,1,1.0,586194
85_refined.npy,2,LA,1,1,1.0,431345
643_refined.npy,2,LA,1,1,1.0,573588
372_refined.npy,2,LA,1,1,1.0,389882
471_refined.npy,2,LA,1,1,1.0,373761
35_refined.npy,2,LA,1,1,1.0,545405
494_refined.npy,2,LA,1,1,1.0,393571
759_refined.npy,2,LA,1,1,1.0,359613
373_refined.npy,2,LA,1,1,1.0,492942
114_refined.npy,2,LA,1,1,1.0,478392
762_refined.npy,2,LA,1,1,1.0,379845
370_refined.npy,2,LA,1,1,1.0,707290
490_refined.npy,2,LA,1,1,1.0,483561
792_refined.npy,2,LA,1,1,1.0,708499
303_refined.npy,2,LA,1,1,1.0,553868
57_refined.npy,2,LA,1,1,1.0,502250
620_refined.npy,2,LA,1,1,1.0,378706
851_refined.npy,2,LA,1,1,1.0,476149
452_refined.npy,2,LA,1,1,1.0,408018
134_refined.npy,2,LA,1,1,1.0,464553
381_refined.npy,2,LA,1,1,1.0,439746
61_refined.npy,2,LA,1,1,1.0,377567
465_refined.npy,2,LA,1,1,1.0,469480
761_refined.npy,2,LA,1,1,1.0,538239
651_refined.npy,2,LA,1,1,1.0,497288
557_refined.npy,2,LA,1,1,1.0,361890
275_refined.npy,2,LA,1,1,1.0,416266
115_refined.npy,2,LA,1,1,1.0,416564
644_refined.npy,2,LA,1,1,1.0,484634
282_refined.npy,2,LA,1,1,1.0,627026
264_refined.npy,2,LA,1,1,1.0,628888
566_refined.npy,2,LA,1,1,1.0,445270
206_refined.npy,2,LA,1,1,1.0,335444
259_refined.npy,2,LA,1,1,1.0,391937
121_refined.npy,2,LA,1,1,1.0,390436
4_refined.npy,2,LA,1,1,1.0,343695
111_refined.npy,2,LA,1,1,1.0,411527
514_refined.npy,2,LA,1,1,1.0,381868
825_refined.npy,2,LA,1,1,1.0,550242
354_refined.npy,2,LA,1,1,1.0,317652
428_refined.npy,2,LA,1,1,1.0,359384
120_refined.npy,2,LA,1,1,1.0,403236
595_refined.npy,2,LA,1,1,1.0,282868
433_refined.npy,2,LA,1,1,1.0,372268
362_refined.npy,2,LA,1,1,1.0,362077
613_refined.npy,2,LA,1,1,1.0,410412
590_refined.npy,2,LA,1,1,1.0,327775
470_refined.npy,2,LA,1,1,1.0,328321
923_refined.npy,2,LA,1,1,1.0,354157
242_refined.npy,2,LA,1,1,1.0,464418
416_refined.npy,2,LA,1,1,1.0,778660
517_refined.npy,2,LA,1,1,1.0,329942
352_refined.npy,2,LA,1,1,1.0,300285
928_refined.npy,2,LA,1,1,1.0,737200
58_refined.npy,2,LA,1,1,1.0,479293
955_refined.npy,2,LA,1,1,1.0,326834
405_refined.npy,2,LA,1,1,1.0,342718
330_refined.npy,2,LA,1,1,1.0,413455
46_refined.npy,2,LA,1,1,1.0,434700
254_refined.npy,2,LA,1,1,1.0,400889
139_refined.npy,2,LA,1,1,1.0,392061
258_refined.npy,2,LA,1,1,1.0,568177
700_refined.npy,2,LA,1,1,1.0,528938
671_refined.npy,2,LA,1,1,1.0,441002
507_refined.npy,2,LA,1,1,1.0,382197
943_refined.npy,2,LA,1,1,1.0,395703
553_refined.npy,2,LA,1,1,1.0,352916
640_refined.npy,2,LA,1,1,1.0,397640
612_refined.npy,2,LA,1,1,1.0,480085
932_refined.npy,2,LA,1,1,1.0,431449
358_refined.npy,2,LA,1,1,1.0,425238
417_refined.npy,2,LA,1,1,1.0,368446
478_refined.npy,2,LA,1,1,1.0,342065
626_refined.npy,2,LA,1,1,1.0,315475
821_refined.npy,2,LA,1,1,1.0,1111196
165_refined.npy,2,LA,1,1,1.0,406035
833_refined.npy,2,LA,1,1,1.0,526992
818_refined.npy,2,LA,1,1,1.0,400715
461_refined.npy,2,LA,1,1,1.0,325339
308_refined.npy,2,LA,1,1,1.0,455694
434_refined.npy,2,LA,1,1,1.0,539602
636_refined.npy,2,LA,1,1,1.0,397253
757_refined.npy,2,LA,1,1,1.0,401345
420_refined.npy,2,LA,1,1,1.0,348254
305_refined.npy,2,LA,1,1,1.0,447501
118_refined.npy,2,LA,1,1,1.0,502631
599_refined.npy,2,LA,1,1,1.0,376873
563_refined.npy,2,LA,1,1,1.0,456155
505_refined.npy,2,LA,1,1,1.0,502282
745_refined.npy,2,LA,1,1,1.0,417908
240_refined.npy,2,LA,1,1,1.0,612187
944_refined.npy,2,LA,1,1,1.0,319095
893_refined.npy,2,LA,1,1,1.0,495233
726_refined.npy,2,LA,1,1,1.0,628875
616_refined.npy,2,LA,1,1,1.0,323246
402_refined.npy,2,LA,1,1,1.0,377791
447_refined.npy,2,LA,1,1,1.0,845684
776_refined.npy,2,LA,1,1,1.0,592991
351_refined.npy,2,LA,1,1,1.0,480706
998_refined.npy,2,LA,1,1,1.0,522664
83_refined.npy,2,LA,1,1,1.0,402159
323_refined.npy,2,LA,1,1,1.0,504012
304_refined.npy,2,LA,1,1,1.0,427186
820_refined.npy,2,LA,1,1,1.0,280843
828_refined.npy,2,LA,1,1,1.0,450533
561_refined.npy,2,LA,1,1,1.0,362793
409_refined.npy,2,LA,1,1,1.0,517806
564_refined.npy,2,LA,1,1,1.0,288015
638_refined.npy,2,LA,1,1,1.0,607779
543_refined.npy,2,LA,1,1,1.0,478629
635_refined.npy,2,LA,1,1,1.0,325637
467_refined.npy,2,LA,1,1,1.0,365516
857_refined.npy,2,LA,1,1,1.0,380698
144_refined.npy,2,LA,1,1,1.0,369713
593_refined.npy,2,LA,1,1,1.0,359665
272_refined.npy,2,LA,1,1,1.0,512432
690_refined.npy,2,LA,1,1,1.0,686284
435_refined.npy,2,LA,1,1,1.0,410227
376_refined.npy,2,LA,1,1,1.0,392954
93_refined.npy,2,LA,1,1,1.0,672357
332_refined.npy,2,LA,1,1,1.0,381245
336_refined.npy,2,LA,1,1,1.0,550077
331_refined.npy,2,LA,1,1,1.0,450405
176_refined.npy,2,LA,1,1,1.0,358456
101_refined.npy,2,LA,1,1,1.0,528359
854_refined.npy,2,LA,1,1,1.0,482909
162_refined.npy,2,LA,1,1,1.0,506650
436_refined.npy,2,LA,1,1,1.0,435787
174_refined.npy,2,LA,1,1,1.0,514171
631_refined.npy,2,LA,1,1,1.0,461951
747_refined.npy,2,LA,1,1,1.0,399698
840_refined.npy,2,LA,1,1,1.0,330382
834_refined.npy,2,LA,1,1,1.0,514432
725_refined.npy,2,LA,1,1,1.0,426394
170_refined.npy,2,LA,1,1,1.0,422848
138_refined.npy,2,LA,1,1,1.0,375312
385_refined.npy,2,LA,1,1,1.0,387545
625_refined.npy,2,LA,1,1,1.0,410497
88_refined.npy,2,LA,1,1,1.0,592736
881_refined.npy,2,LA,1,1,1.0,512070
449_refined.npy,2,LA,1,1,1.0,360559
805_refined.npy,2,LA,1,1,1.0,429551
28_refined.npy,2,LA,1,1,1.0,446089
939_refined.npy,2,LA,1,1,1.0,439419
699_refined.npy,2,LA,1,1,1.0,493678
344_refined.npy,2,LA,1,1,1.0,365232
958_refined.npy,2,LA,1,1,1.0,510554
295_refined.npy,2,LA,1,1,1.0,697590
349_refined.npy,2,LA,1,1,1.0,351135
702_refined.npy,2,LA,1,1,1.0,445261
960_refined.npy,2,LA,1,1,1.0,328377
166_refined.npy,2,LA,1,1,1.0,656569
485_refined.npy,2,LA,1,1,1.0,415681
509_refined.npy,2,LA,1,1,1.0,546434
102_refined.npy,2,LA,1,1,1.0,367170
538_refined.npy,2,LA,1,1,1.0,411301
280_refined.npy,2,LA,1,1,1.0,420556
684_refined.npy,2,LA,1,1,1.0,356364
150_refined.npy,2,LA,1,1,1.0,510636
676_refined.npy,2,LA,1,1,1.0,400428
18_refined.npy,2,LA,1,1,1.0,733974
814_refined.npy,2,LA,1,1,1.0,362736
829_refined.npy,2,LA,1,1,1.0,390661
933_refined.npy,2,LA,1,1,1.0,444750
782_refined.npy,2,LA,1,1,1.0,405948
621_refined.npy,2,LA,1,1,1.0,408946
686_refined.npy,2,LA,1,1,1.0,407321
77_refined.npy,2,LA,1,1,1.0,420306
348_refined.npy,2,LA,1,1,1.0,430594
785_refined.npy,2,LA,1,1,1.0,450134
797_refined.npy,2,LA,1,1,1.0,482912
23_refined.npy,2,LA,1,1,1.0,490067
215_refined.npy,2,LA,1,1,1.0,381829
67_refined.npy,2,LA,1,1,1.0,319880
691_refined.npy,2,LA,1,1,1.0,621402
622_refined.npy,2,LA,1,1,1.0,387659
70_refined.npy,2,LA,1,1,1.0,747686
313_refined.npy,2,LA,1,1,1.0,524083
113_refined.npy,2,LA,1,1,1.0,458345
852_refined.npy,2,LA,1,1,1.0,355698
956_refined.npy,2,LA,1,1,1.0,515343
440_refined.npy,2,LA,1,1,1.0,386042
970_refined.npy,2,LA,1,1,1.0,418056
25_refined.npy,2,LA,1,1,1.0,543609
875_refined.npy,2,LA,1,1,1.0,443300
68_refined.npy,2,LA,1,1,1.0,609532
192_refined.npy,2,LA,1,1,1.0,528577
8_refined.npy,2,LA,1,1,1.0,476317
683_refined.npy,2,LA,1,1,1.0,369622
540_refined.npy,2,LA,1,1,1.0,655663
531_refined.npy,2,LA,1,1,1.0,317718
870_refined.npy,2,LA,1,1,1.0,349993
27_refined.npy,2,LA,1,1,1.0,387726
190_refined.npy,2,LA,1,1,1.0,424679
371_refined.npy,2,LA,1,1,1.0,664109
179_refined.npy,2,LA,1,1,1.0,559895
743_refined.npy,2,LA,1,1,1.0,287241
880_refined.npy,2,LA,1,1,1.0,508244
931_refined.npy,2,LA,1,1,1.0,315597
367_refined.npy,2,LA,1,1,1.0,571891
724_refined.npy,2,LA,1,1,1.0,417492
142_refined.npy,2,LA,1,1,1.0,314693
883_refined.npy,2,LA,1,1,1.0,432460
29_refined.npy,2,LA,1,1,1.0,427547
927_refined.npy,2,LA,1,1,1.0,392144
552_refined.npy,3,LV,1,1,1.0,670562
602_refined.npy,3,LV,1,1,1.0,690678
315_processed.npy,3,LV,1,1,1.0,582688
561_processed.npy,3,LV,1,1,1.0,678937
31_refined.npy,3,LV,1,1,1.0,690393
462_refined.npy,3,LV,1,1,1.0,859913
816_refined.npy,3,LV,1,1,1.0,1083528
321_refined.npy,3,LV,1,1,1.0,626293
875_processed.npy,3,LV,1,1,1.0,674300
26_refined.npy,3,LV,1,1,1.0,578546
130_refined.npy,3,LV,1,1,1.0,635840
938_processed.npy,3,LV,1,1,1.0,809001
555_refined.npy,3,LV,1,1,1.0,604671
540_processed.npy,3,LV,1,1,1.0,792761
317_processed.npy,3,LV,1,1,1.0,598621
808_refined.npy,3,LV,1,1,1.0,307868
985_processed.npy,3,LV,1,1,1.0,858303
281_refined.npy,3,LV,1,1,1.0,608093
96_refined.npy,3,LV,1,1,1.0,751001
706_refined.npy,3,LV,1,1,1.0,863925
758_refined.npy,3,LV,1,1,1.0,1140998
425_processed.npy,3,LV,1,1,1.0,665481
16_processed.npy,3,LV,1,1,1.0,531422
639_refined.npy,3,LV,1,1,1.0,674632
45_refined.npy,3,LV,1,1,1.0,575633
972_refined.npy,3,LV,1,1,1.0,653766
685_processed.npy,3,LV,1,1,1.0,731708
343_processed.npy,3,LV,1,1,1.0,475171
910_refined.npy,3,LV,1,1,1.0,567117
357_processed.npy,3,LV,1,1,1.0,757609
399_processed.npy,3,LV,1,1,1.0,717470
610_refined.npy,3,LV,1,1,1.0,751286
124_processed.npy,3,LV,1,1,1.0,544914
74_processed.npy,3,LV,1,1,1.0,807496
3_refined.npy,3,LV,1,1,1.0,549023
605_refined.npy,3,LV,1,1,1.0,623175
208_refined.npy,3,LV,1,1,1.0,689005
481_refined.npy,3,LV,1,1,1.0,628907
57_processed.npy,3,LV,1,1,1.0,508855
248_processed.npy,3,LV,1,1,1.0,730570
17_refined.npy,3,LV,1,1,1.0,439572
28_processed.npy,3,LV,1,1,1.0,784609
594_refined.npy,3,LV,1,1,1.0,666586
73_processed.npy,3,LV,1,1,1.0,922182
637_refined.npy,3,LV,1,1,1.0,710819
174_processed.npy,3,LV,1,1,1.0,758208
482_refined.npy,3,LV,1,1,1.0,686826
128_refined.npy,3,LV,1,1,1.0,677673
456_refined.npy,3,LV,1,1,1.0,655103
59_refined.npy,3,LV,1,1,1.0,494297
802_processed.npy,3,LV,1,1,1.0,836230
907_processed.npy,3,LV,1,1,1.0,729795
811_refined.npy,3,LV,1,1,1.0,769947
770_processed.npy,3,LV,1,1,1.0,821237
299_refined.npy,3,LV,1,1,1.0,599688
982_refined.npy,3,LV,1,1,1.0,916600
334_refined.npy,3,LV,1,1,1.0,913811
518_processed.npy,3,LV,1,1,1.0,663366
513_processed.npy,3,LV,1,1,1.0,875497
273_processed.npy,3,LV,1,1,1.0,640649
10_refined.npy,3,LV,1,1,1.0,723887
322_refined.npy,3,LV,1,1,1.0,620518
71_processed.npy,3,LV,1,1,1.0,540702
350_processed.npy,3,LV,1,1,1.0,681517
476_refined.npy,3,LV,1,1,1.0,773833
94_processed.npy,3,LV,1,1,1.0,743472
819_refined.npy,3,LV,1,1,1.0,924852
167_processed.npy,3,LV,1,1,1.0,563182
311_processed.npy,3,LV,1,1,1.0,695544
848_processed.npy,3,LV,1,1,1.0,959069
266_refined.npy,3,LV,1,1,1.0,916224
669_refined.npy,3,LV,1,1,1.0,863234
747_processed.npy,3,LV,1,1,1.0,671550
419_refined.npy,3,LV,1,1,1.0,858427
822_refined.npy,3,LV,1,1,1.0,544175
622_processed.npy,3,LV,1,1,1.0,756395
237_processed.npy,3,LV,1,1,1.0,1005355
489_refined.npy,3,LV,1,1,1.0,617081
882_processed.npy,3,LV,1,1,1.0,616431
267_refined.npy,3,LV,1,1,1.0,527919
617_refined.npy,3,LV,1,1,1.0,599077
868_refined.npy,3,LV,1,1,1.0,743911
393_refined.npy,3,LV,1,1,1.0,749642
662_refined.npy,3,LV,1,1,1.0,668293
125_refined.npy,3,LV,1,1,1.0,528006
440_processed.npy,3,LV,1,1,1.0,466606
437_refined.npy,3,LV,1,1,1.0,815576
221_processed.npy,3,LV,1,1,1.0,805489
922_refined.npy,3,LV,1,1,1.0,582593
565_processed.npy,3,LV,1,1,1.0,905271
470_processed.npy,3,LV,1,1,1.0,545337
411_processed.npy,3,LV,1,1,1.0,637180
404_refined.npy,3,LV,1,1,1.0,577125
869_processed.npy,3,LV,1,1,1.0,598096
319_refined.npy,3,LV,1,1,1.0,653001
44_processed.npy,3,LV,1,1,1.0,932241
596_refined.npy,3,LV,1,1,1.0,891581
735_refined.npy,3,LV,1,1,1.0,691354
291_processed.npy,3,LV,1,1,1.0,969268
678_refined.npy,3,LV,1,1,1.0,1113316
249_refined.npy,3,LV,1,1,1.0,696733
244_refined.npy,3,LV,1,1,1.0,602045
127_processed.npy,3,LV,1,1,1.0,870110
227_processed.npy,3,LV,1,1,1.0,654142
123_refined.npy,3,LV,1,1,1.0,585479
44_refined.npy,3,LV,1,1,1.0,932260
407_refined.npy,3,LV,1,1,1.0,691786
930_refined.npy,3,LV,1,1,1.0,707089
728_processed.npy,3,LV,1,1,1.0,969577
801_processed.npy,3,LV,1,1,1.0,441589
844_refined.npy,3,LV,1,1,1.0,613800
81_processed.npy,3,LV,1,1,1.0,742884
689_refined.npy,3,LV,1,1,1.0,1032254
657_refined.npy,3,LV,1,1,1.0,781645
971_processed.npy,3,LV,1,1,1.0,808059
415_refined.npy,3,LV,1,1,1.0,883767
162_processed.npy,3,LV,1,1,1.0,743452
297_processed.npy,3,LV,1,1,1.0,603928
694_refined.npy,3,LV,1,1,1.0,431559
740_processed.npy,3,LV,1,1,1.0,635487
998_processed.npy,3,LV,1,1,1.0,654214
332_processed.npy,3,LV,1,1,1.0,718711
668_processed.npy,3,LV,1,1,1.0,658276
388_processed.npy,3,LV,1,1,1.0,309465
693_processed.npy,3,LV,1,1,1.0,892886
816_processed.npy,3,LV,1,1,1.0,1083756
664_processed.npy,3,LV,1,1,1.0,855321
537_processed.npy,3,LV,1,1,1.0,707716
47_processed.npy,3,LV,1,1,1.0,785873
387_processed.npy,3,LV,1,1,1.0,628529
843_processed.npy,3,LV,1,1,1.0,510727
99_refined.npy,3,LV,1,1,1.0,632501
376_processed.npy,3,LV,1,1,1.0,675645
608_processed.npy,3,LV,1,1,1.0,874495
525_refined.npy,3,LV,1,1,1.0,574089
135_refined.npy,3,LV,1,1,1.0,642273
232_processed.npy,3,LV,1,1,1.0,879183
530_refined.npy,3,LV,1,1,1.0,879899
178_processed.npy,3,LV,1,1,1.0,846170
339_refined.npy,3,LV,1,1,1.0,497897
863_processed.npy,3,LV,1,1,1.0,654737
985_refined.npy,3,LV,1,1,1.0,858013
667_refined.npy,3,LV,1,1,1.0,643546
835_processed.npy,3,LV,1,1,1.0,623641
361_processed.npy,3,LV,1,1,1.0,451665
148_refined.npy,3,LV,1,1,1.0,756263
301_processed.npy,3,LV,1,1,1.0,743402
646_processed.npy,3,LV,1,1,1.0,611808
584_refined.npy,3,LV,1,1,1.0,871463
126_processed.npy,3,LV,1,1,1.0,647579
956_processed.npy,3,LV,1,1,1.0,886768
212_refined.npy,3,LV,1,1,1.0,644835
41_processed.npy,3,LV,1,1,1.0,647089
648_processed.npy,3,LV,1,1,1.0,755450
38_refined.npy,3,LV,1,1,1.0,639845
515_refined.npy,3,LV,1,1,1.0,687924
380_processed.npy,3,LV,1,1,1.0,884950
335_refined.npy,3,LV,1,1,1.0,564139
294_processed.npy,3,LV,1,1,1.0,607084
254_processed.npy,3,LV,1,1,1.0,750411
229_processed.npy,3,LV,1,1,1.0,651020
489_processed.npy,3,LV,1,1,1.0,617581
181_processed.npy,3,LV,1,1,1.0,958144
170_processed.npy,3,LV,1,1,1.0,419771
262_refined.npy,3,LV,1,1,1.0,568121
682_refined.npy,3,LV,1,1,1.0,907238
374_processed.npy,3,LV,1,1,1.0,594353
633_refined.npy,3,LV,1,1,1.0,726125
688_refined.npy,3,LV,1,1,1.0,683603
862_refined.npy,3,LV,1,1,1.0,1089590
189_refined.npy,3,LV,1,1,1.0,714467
889_refined.npy,3,LV,1,1,1.0,794288
37_refined.npy,3,LV,1,1,1.0,767369
991_processed.npy,3,LV,1,1,1.0,633984
887_refined.npy,3,LV,1,1,1.0,685744
850_processed.npy,3,LV,1,1,1.0,499756
841_refined.npy,3,LV,1,1,1.0,733017
623_refined.npy,3,LV,1,1,1.0,608020
271_processed.npy,3,LV,1,1,1.0,816763
917_refined.npy,3,LV,1,1,1.0,936470
431_refined.npy,3,LV,1,1,1.0,1029723
545_refined.npy,3,LV,1,1,1.0,709451
270_processed.npy,3,LV,1,1,1.0,400515
716_refined.npy,3,LV,1,1,1.0,618660
122_refined.npy,3,LV,1,1,1.0,490047
627_refined.npy,3,LV,1,1,1.0,644034
265_refined.npy,3,LV,1,1,1.0,645852
251_processed.npy,3,LV,1,1,1.0,898976
484_refined.npy,3,LV,1,1,1.0,1026686
824_refined.npy,3,LV,1,1,1.0,866953
618_processed.npy,3,LV,1,1,1.0,776018
260_processed.npy,3,LV,1,1,1.0,456216
223_processed.npy,3,LV,1,1,1.0,732544
350_refined.npy,3,LV,1,1,1.0,681264
881_processed.npy,3,LV,1,1,1.0,709465
849_processed.npy,3,LV,1,1,1.0,591961
598_refined.npy,3,LV,1,1,1.0,708025
950_processed.npy,3,LV,1,1,1.0,744262
446_processed.npy,3,LV,1,1,1.0,483447
125_processed.npy,3,LV,1,1,1.0,528136
581_refined.npy,3,LV,1,1,1.0,485098
560_processed.npy,3,LV,1,1,1.0,630423
652_refined.npy,3,LV,1,1,1.0,713578
885_processed.npy,3,LV,1,1,1.0,763345
72_refined.npy,3,LV,1,1,1.0,691916
192_processed.npy,3,LV,1,1,1.0,918718
892_processed.npy,3,LV,1,1,1.0,568589
132_refined.npy,3,LV,1,1,1.0,695700
789_refined.npy,3,LV,1,1,1.0,749887
14_processed.npy,3,LV,1,1,1.0,630091
566_processed.npy,3,LV,1,1,1.0,776321
835_refined.npy,3,LV,1,1,1.0,622969
83_processed.npy,3,LV,1,1,1.0,547900
173_processed.npy,3,LV,1,1,1.0,849577
14_refined.npy,3,LV,1,1,1.0,630005
129_refined.npy,3,LV,1,1,1.0,499567
976_refined.npy,3,LV,1,1,1.0,863478
831_processed.npy,3,LV,1,1,1.0,726166
64_refined.npy,3,LV,1,1,1.0,503710
447_processed.npy,3,LV,1,1,1.0,812282
279_refined.npy,3,LV,1,1,1.0,541824
164_processed.npy,3,LV,1,1,1.0,810804
674_refined.npy,3,LV,1,1,1.0,930843
344_processed.npy,3,LV,1,1,1.0,583519
320_processed.npy,3,LV,1,1,1.0,812232
512_processed.npy,3,LV,1,1,1.0,693075
524_refined.npy,3,LV,1,1,1.0,583422
364_refined.npy,3,LV,1,1,1.0,457759
40_refined.npy,3,LV,1,1,1.0,692303
318_processed.npy,3,LV,1,1,1.0,856785
555_processed.npy,3,LV,1,1,1.0,604933
547_refined.npy,3,LV,1,1,1.0,800194
732_refined.npy,3,LV,1,1,1.0,446615
589_processed.npy,3,LV,1,1,1.0,621748
567_refined.npy,3,LV,1,1,1.0,712967
903_refined.npy,3,LV,1,1,1.0,765284
845_refined.npy,3,LV,1,1,1.0,933948
219_refined.npy,3,LV,1,1,1.0,667124
200_refined.npy,3,LV,1,1,1.0,654443
500_processed.npy,3,LV,1,1,1.0,657929
353_processed.npy,3,LV,1,1,1.0,839782
910_processed.npy,3,LV,1,1,1.0,567089
144_processed.npy,3,LV,1,1,1.0,434921
104_refined.npy,3,LV,1,1,1.0,530373
31_processed.npy,3,LV,1,1,1.0,690554
765_refined.npy,3,LV,1,1,1.0,653014
983_processed.npy,3,LV,1,1,1.0,577969
295_processed.npy,3,LV,1,1,1.0,816258
724_processed.npy,3,LV,1,1,1.0,594134
927_processed.npy,3,LV,1,1,1.0,602731
851_processed.npy,3,LV,1,1,1.0,846546
186_processed.npy,3,LV,1,1,1.0,799494
460_processed.npy,3,LV,1,1,1.0,557829
333_refined.npy,3,LV,1,1,1.0,704624
466_processed.npy,3,LV,1,1,1.0,690694
305_processed.npy,3,LV,1,1,1.0,494142
614_processed.npy,3,LV,1,1,1.0,870469
821_processed.npy,3,LV,1,1,1.0,723890
898_refined.npy,3,LV,1,1,1.0,437382
549_processed.npy,3,LV,1,1,1.0,847106
671_processed.npy,3,LV,1,1,1.0,811025
234_processed.npy,3,LV,1,1,1.0,647627
281_processed.npy,3,LV,1,1,1.0,608233
234_refined.npy,3,LV,1,1,1.0,646933
287_refined.npy,3,LV,1,1,1.0,1007513
168_refined.npy,3,LV,1,1,1.0,719864
493_processed.npy,3,LV,1,1,1.0,748664
533_refined.npy,3,LV,1,1,1.0,749917
142_processed.npy,3,LV,1,1,1.0,612917
954_refined.npy,3,LV,1,1,1.0,784403
597_processed.npy,3,LV,1,1,1.0,993593
291_refined.npy,3,LV,1,1,1.0,969173
784_refined.npy,3,LV,1,1,1.0,820727
385_processed.npy,3,LV,1,1,1.0,908031
562_processed.npy,3,LV,1,1,1.0,601636
935_processed.npy,3,LV,1,1,1.0,767802
863_refined.npy,3,LV,1,1,1.0,654635
673_refined.npy,3,LV,1,1,1.0,696491
155_refined.npy,3,LV,1,1,1.0,673047
823_refined.npy,3,LV,1,1,1.0,608574
433_processed.npy,3,LV,1,1,1.0,740879
399_refined.npy,3,LV,1,1,1.0,717278
166_processed.npy,3,LV,1,1,1.0,384567
103_processed.npy,3,LV,1,1,1.0,712246
731_refined.npy,3,LV,1,1,1.0,509884
171_processed.npy,3,LV,1,1,1.0,754599
813_processed.npy,3,LV,1,1,1.0,799209
856_processed.npy,3,LV,1,1,1.0,509688
767_processed.npy,3,LV,1,1,1.0,905443
140_processed.npy,3,LV,1,1,1.0,704934
246_refined.npy,3,LV,1,1,1.0,879958
775_refined.npy,3,LV,1,1,1.0,830710
979_refined.npy,3,LV,1,1,1.0,806936
368_refined.npy,3,LV,1,1,1.0,674409
592_refined.npy,3,LV,1,1,1.0,352588
868_processed.npy,3,LV,1,1,1.0,744005
583_refined.npy,3,LV,1,1,1.0,835389
458_refined.npy,3,LV,1,1,1.0,554543
18_processed.npy,3,LV,1,1,1.0,927028
775_processed.npy,3,LV,1,1,1.0,831110
210_refined.npy,3,LV,1,1,1.0,850284
574_processed.npy,3,LV,1,1,1.0,800974
758_processed.npy,3,LV,1,1,1.0,1141249
507_processed.npy,3,LV,1,1,1.0,682718
783_refined.npy,3,LV,1,1,1.0,817707
580_refined.npy,3,LV,1,1,1.0,957462
853_processed.npy,3,LV,1,1,1.0,560629
672_processed.npy,3,LV,1,1,1.0,728216
920_refined.npy,3,LV,1,1,1.0,714000
410_refined.npy,3,LV,1,1,1.0,840445
427_processed.npy,3,LV,1,1,1.0,682816
722_refined.npy,3,LV,1,1,1.0,629756
534_refined.npy,3,LV,1,1,1.0,830421
529_processed.npy,3,LV,1,1,1.0,657453
357_refined.npy,3,LV,1,1,1.0,757673
935_refined.npy,3,LV,1,1,1.0,767372
153_refined.npy,3,LV,1,1,1.0,621993
791_processed.npy,3,LV,1,1,1.0,477900
231_refined.npy,3,LV,1,1,1.0,712609
616_processed.npy,3,LV,1,1,1.0,581228
375_processed.npy,3,LV,1,1,1.0,664128
197_processed.npy,3,LV,1,1,1.0,710747
98_refined.npy,3,LV,1,1,1.0,551944
559_processed.npy,3,LV,1,1,1.0,774802
697_processed.npy,3,LV,1,1,1.0,1009550
107_refined.npy,3,LV,1,1,1.0,659987
475_processed.npy,3,LV,1,1,1.0,669461
228_refined.npy,3,LV,1,1,1.0,637916
955_processed.npy,3,LV,1,1,1.0,975340
904_processed.npy,3,LV,1,1,1.0,672335
978_processed.npy,3,LV,1,1,1.0,512061
589_refined.npy,3,LV,1,1,1.0,621260
205_refined.npy,3,LV,1,1,1.0,691901
939_processed.npy,3,LV,1,1,1.0,637036
175_refined.npy,3,LV,1,1,1.0,885989
588_processed.npy,3,LV,1,1,1.0,672920
542_refined.npy,3,LV,1,1,1.0,699066
343_refined.npy,3,LV,1,1,1.0,474960
217_refined.npy,3,LV,1,1,1.0,803496
99_processed.npy,3,LV,1,1,1.0,632612
891_processed.npy,3,LV,1,1,1.0,782731
224_refined.npy,3,LV,1,1,1.0,545689
284_refined.npy,3,LV,1,1,1.0,984954
182_processed.npy,3,LV,1,1,1.0,505676
832_refined.npy,3,LV,1,1,1.0,620044
245_refined.npy,3,LV,1,1,1.0,827714
114_processed.npy,3,LV,1,1,1.0,467887
687_refined.npy,3,LV,1,1,1.0,800012
398_refined.npy,3,LV,1,1,1.0,647256
386_refined.npy,3,LV,1,1,1.0,806332
960_processed.npy,3,LV,1,1,1.0,612708
241_refined.npy,3,LV,1,1,1.0,623338
763_refined.npy,3,LV,1,1,1.0,570131
535_processed.npy,3,LV,1,1,1.0,512777
714_processed.npy,3,LV,1,1,1.0,850253
912_refined.npy,3,LV,1,1,1.0,663669
191_processed.npy,3,LV,1,1,1.0,1098948
891_refined.npy,3,LV,1,1,1.0,782433
61_processed.npy,3,LV,1,1,1.0,627150
595_processed.npy,3,LV,1,1,1.0,834659
618_refined.npy,3,LV,1,1,1.0,775933
535_refined.npy,3,LV,1,1,1.0,512730
909_processed.npy,3,LV,1,1,1.0,750616
263_refined.npy,3,LV,1,1,1.0,737024
20_processed.npy,3,LV,1,1,1.0,488329
327_processed.npy,3,LV,1,1,1.0,890056
461_processed.npy,3,LV,1,1,1.0,726603
446_refined.npy,3,LV,1,1,1.0,482857
710_processed.npy,3,LV,1,1,1.0,733850
869_refined.npy,3,LV,1,1,1.0,597704
686_processed.npy,3,LV,1,1,1.0,608810
550_refined.npy,3,LV,1,1,1.0,810854
308_processed.npy,3,LV,1,1,1.0,521676
54_refined.npy,3,LV,1,1,1.0,682735
544_refined.npy,3,LV,1,1,1.0,662494
557_processed.npy,3,LV,1,1,1.0,507495
593_processed.npy,3,LV,1,1,1.0,699212
659_refined.npy,3,LV,1,1,1.0,724466
365_refined.npy,3,LV,1,1,1.0,687139
591_refined.npy,3,LV,1,1,1.0,630868
230_processed.npy,3,LV,1,1,1.0,672006
252_refined.npy,3,LV,1,1,1.0,643878
812_refined.npy,3,LV,1,1,1.0,510307
804_refined.npy,3,LV,1,1,1.0,637888
297_refined.npy,3,LV,1,1,1.0,603648
536_processed.npy,3,LV,1,1,1.0,616958
941_refined.npy,3,LV,1,1,1.0,863232
16_refined.npy,3,LV,1,1,1.0,531154
994_refined.npy,3,LV,1,1,1.0,774834
850_refined.npy,3,LV,1,1,1.0,499383
430_processed.npy,3,LV,1,1,1.0,800332
573_processed.npy,3,LV,1,1,1.0,669849
463_refined.npy,3,LV,1,1,1.0,788764
422_refined.npy,3,LV,1,1,1.0,673447
776_processed.npy,3,LV,1,1,1.0,825027
293_processed.npy,3,LV,1,1,1.0,548120
670_refined.npy,3,LV,1,1,1.0,566533
136_refined.npy,3,LV,1,1,1.0,736373
292_refined.npy,3,LV,1,1,1.0,549341
43_refined.npy,3,LV,1,1,1.0,782418
263_processed.npy,3,LV,1,1,1.0,737191
502_processed.npy,3,LV,1,1,1.0,751038
576_processed.npy,3,LV,1,1,1.0,357186
963_processed.npy,3,LV,1,1,1.0,692616
256_processed.npy,3,LV,1,1,1.0,694167
936_processed.npy,3,LV,1,1,1.0,759277
886_refined.npy,3,LV,1,1,1.0,720661
602_processed.npy,3,LV,1,1,1.0,690886
172_refined.npy,3,LV,1,1,1.0,542085
784_processed.npy,3,LV,1,1,1.0,820944
256_refined.npy,3,LV,1,1,1.0,693992
4_processed.npy,3,LV,1,1,1.0,506152
43_processed.npy,3,LV,1,1,1.0,783122
120_processed.npy,3,LV,1,1,1.0,651607
749_processed.npy,3,LV,1,1,1.0,940201
957_processed.npy,3,LV,1,1,1.0,703877
973_refined.npy,3,LV,1,1,1.0,593146
290_refined.npy,3,LV,1,1,1.0,764975
211_processed.npy,3,LV,1,1,1.0,710124
798_processed.npy,3,LV,1,1,1.0,696669
425_refined.npy,3,LV,1,1,1.0,664754
513_refined.npy,3,LV,1,1,1.0,874314
85_processed.npy,3,LV,1,1,1.0,609294
212_processed.npy,3,LV,1,1,1.0,645136
47_refined.npy,3,LV,1,1,1.0,785577
695_processed.npy,3,LV,1,1,1.0,1032173
858_refined.npy,3,LV,1,1,1.0,528841
275_processed.npy,3,LV,1,1,1.0,606785
861_processed.npy,3,LV,1,1,1.0,754700
769_processed.npy,3,LV,1,1,1.0,980464
442_refined.npy,3,LV,1,1,1.0,765199
562_refined.npy,3,LV,1,1,1.0,601375
312_refined.npy,3,LV,1,1,1.0,635251
792_processed.npy,3,LV,1,1,1.0,787389
443_refined.npy,3,LV,1,1,1.0,955502
261_refined.npy,3,LV,1,1,1.0,496447
15_refined.npy,3,LV,1,1,1.0,807639
56_processed.npy,3,LV,1,1,1.0,552744
232_refined.npy,3,LV,1,1,1.0,878621
709_refined.npy,3,LV,1,1,1.0,714554
575_refined.npy,3,LV,1,1,1.0,606427
988_refined.npy,3,LV,1,1,1.0,567064
140_refined.npy,3,LV,1,1,1.0,704377
53_refined.npy,3,LV,1,1,1.0,627531
294_refined.npy,3,LV,1,1,1.0,607024
377_processed.npy,3,LV,1,1,1.0,762873
780_refined.npy,3,LV,1,1,1.0,571768
898_processed.npy,3,LV,1,1,1.0,437793
226_processed.npy,3,LV,1,1,1.0,830744
209_refined.npy,3,LV,1,1,1.0,943977
946_processed.npy,3,LV,1,1,1.0,709536
523_refined.npy,3,LV,1,1,1.0,611820
648_refined.npy,3,LV,1,1,1.0,755114
952_processed.npy,3,LV,1,1,1.0,718256
183_processed.npy,3,LV,1,1,1.0,569233
756_processed.npy,3,LV,1,1,1.0,912865
951_processed.npy,3,LV,1,1,1.0,598625
681_refined.npy,3,LV,1,1,1.0,964950
363_processed.npy,3,LV,1,1,1.0,660668
637_processed.npy,3,LV,1,1,1.0,710858
6_refined.npy,3,LV,1,1,1.0,654181
2_refined.npy,3,LV,1,1,1.0,675498
432_processed.npy,3,LV,1,1,1.0,601946
838_refined.npy,3,LV,1,1,1.0,692494
739_refined.npy,3,LV,1,1,1.0,1007209
253_processed.npy,3,LV,1,1,1.0,294000
577_refined.npy,3,LV,1,1,1.0,896139
158_refined.npy,3,LV,1,1,1.0,462814
413_refined.npy,3,LV,1,1,1.0,506784
471_processed.npy,3,LV,1,1,1.0,711008
644_processed.npy,3,LV,1,1,1.0,796618
818_processed.npy,3,LV,1,1,1.0,1065989
429_processed.npy,3,LV,1,1,1.0,710988
996_refined.npy,3,LV,1,1,1.0,768755
224_processed.npy,3,LV,1,1,1.0,545653
195_processed.npy,3,LV,1,1,1.0,766236
110_refined.npy,3,LV,1,1,1.0,673366
199_processed.npy,3,LV,1,1,1.0,596493
981_refined.npy,3,LV,1,1,1.0,1130536
50_refined.npy,3,LV,1,1,1.0,578478
153_processed.npy,3,LV,1,1,1.0,622148
915_refined.npy,3,LV,1,1,1.0,680481
307_refined.npy,3,LV,1,1,1.0,676584
807_refined.npy,3,LV,1,1,1.0,724952
126_refined.npy,3,LV,1,1,1.0,647299
26_processed.npy,3,LV,1,1,1.0,578592
532_refined.npy,3,LV,1,1,1.0,676828
274_refined.npy,3,LV,1,1,1.0,750417
967_processed.npy,3,LV,1,1,1.0,764545
340_processed.npy,3,LV,1,1,1.0,685165
218_refined.npy,3,LV,1,1,1.0,571078
933_processed.npy,3,LV,1,1,1.0,864425
961_refined.npy,3,LV,1,1,1.0,656511
705_processed.npy,3,LV,1,1,1.0,638386
860_processed.npy,3,LV,1,1,1.0,639772
558_refined.npy,3,LV,1,1,1.0,771033
928_processed.npy,3,LV,1,1,1.0,940145
759_processed.npy,3,LV,1,1,1.0,643551
32_refined.npy,3,LV,1,1,1.0,592939
541_refined.npy,3,LV,1,1,1.0,612898
984_refined.npy,3,LV,1,1,1.0,756456
161_processed.npy,3,LV,1,1,1.0,855189
704_refined.npy,3,LV,1,1,1.0,463066
459_refined.npy,3,LV,1,1,1.0,461817
415_processed.npy,3,LV,1,1,1.0,884171
309_refined.npy,3,LV,1,1,1.0,613513
769_refined.npy,3,LV,1,1,1.0,980798
455_refined.npy,3,LV,1,1,1.0,941944
58_processed.npy,3,LV,1,1,1.0,752334
412_refined.npy,3,LV,1,1,1.0,610660
719_refined.npy,3,LV,1,1,1.0,882119
221_refined.npy,3,LV,1,1,1.0,805532
496_processed.npy,3,LV,1,1,1.0,545287
474_processed.npy,3,LV,1,1,1.0,821741
570_processed.npy,3,LV,1,1,1.0,840734
720_processed.npy,3,LV,1,1,1.0,831422
745_processed.npy,3,LV,1,1,1.0,620661
360_processed.npy,3,LV,1,1,1.0,713708
810_refined.npy,3,LV,1,1,1.0,698358
790_refined.npy,3,LV,1,1,1.0,981002
518_refined.npy,3,LV,1,1,1.0,663291
703_refined.npy,3,LV,1,1,1.0,587838
152_refined.npy,3,LV,1,1,1.0,565421
78_processed.npy,3,LV,1,1,1.0,563633
340_refined.npy,3,LV,1,1,1.0,685205
451_processed.npy,3,LV,1,1,1.0,661063
73_refined.npy,3,LV,1,1,1.0,921895
245_processed.npy,3,LV,1,1,1.0,828077
411_refined.npy,3,LV,1,1,1.0,636814
172_processed.npy,3,LV,1,1,1.0,542364
458_processed.npy,3,LV,1,1,1.0,554986
871_processed.npy,3,LV,1,1,1.0,688318
323_processed.npy,3,LV,1,1,1.0,714957
673_processed.npy,3,LV,1,1,1.0,696487
2_processed.npy,3,LV,1,1,1.0,675421
537_refined.npy,3,LV,1,1,1.0,707467
721_refined.npy,3,LV,1,1,1.0,613145
355_refined.npy,3,LV,1,1,1.0,1099923
741_processed.npy,3,LV,1,1,1.0,808950
889_processed.npy,3,LV,1,1,1.0,794551
1_refined.npy,3,LV,1,1,1.0,489490
641_processed.npy,3,LV,1,1,1.0,681282
164_refined.npy,3,LV,1,1,1.0,810780
423_refined.npy,3,LV,1,1,1.0,708938
693_refined.npy,3,LV,1,1,1.0,892964
689_processed.npy,3,LV,1,1,1.0,1032607
276_processed.npy,3,LV,1,1,1.0,1041447
586_processed.npy,3,LV,1,1,1.0,390547
802_refined.npy,3,LV,1,1,1.0,836306
515_processed.npy,3,LV,1,1,1.0,688189
787_processed.npy,3,LV,1,1,1.0,641653
692_refined.npy,3,LV,1,1,1.0,788685
959_refined.npy,3,LV,1,1,1.0,657052
967_refined.npy,3,LV,1,1,1.0,764277
895_processed.npy,3,LV,1,1,1.0,701744
500_refined.npy,3,LV,1,1,1.0,657751
36_processed.npy,3,LV,1,1,1.0,581568
934_processed.npy,3,LV,1,1,1.0,959194
624_processed.npy,3,LV,1,1,1.0,697550
314_refined.npy,3,LV,1,1,1.0,671874
884_processed.npy,3,LV,1,1,1.0,940274
109_refined.npy,3,LV,1,1,1.0,689114
990_refined.npy,3,LV,1,1,1.0,598413
310_refined.npy,3,LV,1,1,1.0,862569
55_refined.npy,3,LV,1,1,1.0,521227
741_refined.npy,3,LV,1,1,1.0,808902
604_processed.npy,3,LV,1,1,1.0,650318
86_processed.npy,3,LV,1,1,1.0,731765
521_refined.npy,3,LV,1,1,1.0,745628
839_refined.npy,3,LV,1,1,1.0,831020
496_refined.npy,3,LV,1,1,1.0,545187
51_refined.npy,3,LV,1,1,1.0,457375
925_refined.npy,3,LV,1,1,1.0,510306
159_refined.npy,3,LV,1,1,1.0,582304
738_processed.npy,3,LV,1,1,1.0,664980
906_refined.npy,3,LV,1,1,1.0,435762
441_refined.npy,3,LV,1,1,1.0,734326
285_refined.npy,3,LV,1,1,1.0,626656
628_refined.npy,3,LV,1,1,1.0,588605
994_processed.npy,3,LV,1,1,1.0,775250
993_refined.npy,3,LV,1,1,1.0,718773
661_refined.npy,3,LV,1,1,1.0,594740
598_processed.npy,3,LV,1,1,1.0,708547
739_processed.npy,3,LV,1,1,1.0,1007887
91_refined.npy,3,LV,1,1,1.0,532995
572_processed.npy,3,LV,1,1,1.0,705884
993_processed.npy,3,LV,1,1,1.0,719448
841_processed.npy,3,LV,1,1,1.0,733319
663_processed.npy,3,LV,1,1,1.0,935167
197_refined.npy,3,LV,1,1,1.0,710342
621_processed.npy,3,LV,1,1,1.0,675452
568_refined.npy,3,LV,1,1,1.0,958159
266_processed.npy,3,LV,1,1,1.0,916921
276_refined.npy,3,LV,1,1,1.0,1041226
154_processed.npy,3,LV,1,1,1.0,1110723
199_refined.npy,3,LV,1,1,1.0,596099
337_processed.npy,3,LV,1,1,1.0,655928
918_processed.npy,3,LV,1,1,1.0,865782
401_processed.npy,3,LV,1,1,1.0,746937
383_refined.npy,3,LV,1,1,1.0,613596
751_refined.npy,3,LV,1,1,1.0,800441
84_processed.npy,3,LV,1,1,1.0,846334
793_refined.npy,3,LV,1,1,1.0,887636
611_refined.npy,3,LV,1,1,1.0,903325
509_processed.npy,3,LV,1,1,1.0,537879
587_processed.npy,3,LV,1,1,1.0,681924
958_processed.npy,3,LV,1,1,1.0,977251
243_refined.npy,3,LV,1,1,1.0,708870
346_refined.npy,3,LV,1,1,1.0,837095
809_refined.npy,3,LV,1,1,1.0,1017990
483_refined.npy,3,LV,1,1,1.0,631741
117_refined.npy,3,LV,1,1,1.0,513017
729_refined.npy,3,LV,1,1,1.0,727224
766_processed.npy,3,LV,1,1,1.0,771988
567_processed.npy,3,LV,1,1,1.0,713256
926_refined.npy,3,LV,1,1,1.0,1195071
51_processed.npy,3,LV,1,1,1.0,457414
491_processed.npy,3,LV,1,1,1.0,783530
448_refined.npy,3,LV,1,1,1.0,769104
975_processed.npy,3,LV,1,1,1.0,612014
306_refined.npy,3,LV,1,1,1.0,710537
954_processed.npy,3,LV,1,1,1.0,784333
430_refined.npy,3,LV,1,1,1.0,800165
173_refined.npy,3,LV,1,1,1.0,849701
105_processed.npy,3,LV,1,1,1.0,676342
320_refined.npy,3,LV,1,1,1.0,811893
948_processed.npy,3,LV,1,1,1.0,694866
678_processed.npy,3,LV,1,1,1.0,1112907
709_processed.npy,3,LV,1,1,1.0,714873
516_processed.npy,3,LV,1,1,1.0,653508
691_processed.npy,3,LV,1,1,1.0,1060725
396_processed.npy,3,LV,1,1,1.0,889146
530_processed.npy,3,LV,1,1,1.0,880191
754_refined.npy,3,LV,1,1,1.0,923239
478_processed.npy,3,LV,1,1,1.0,740629
495_refined.npy,3,LV,1,1,1.0,586325
733_refined.npy,3,LV,1,1,1.0,684992
735_processed.npy,3,LV,1,1,1.0,691417
316_refined.npy,3,LV,1,1,1.0,568036
876_refined.npy,3,LV,1,1,1.0,709356
995_refined.npy,3,LV,1,1,1.0,490389
539_refined.npy,3,LV,1,1,1.0,343016
300_refined.npy,3,LV,1,1,1.0,645078
371_processed.npy,3,LV,1,1,1.0,738851
79_processed.npy,3,LV,1,1,1.0,634539
969_refined.npy,3,LV,1,1,1.0,917873
445_refined.npy,3,LV,1,1,1.0,676181
585_refined.npy,3,LV,1,1,1.0,825337
347_refined.npy,3,LV,1,1,1.0,547907
361_refined.npy,3,LV,1,1,1.0,451342
252_processed.npy,3,LV,1,1,1.0,644043
453_processed.npy,3,LV,1,1,1.0,634256
565_refined.npy,3,LV,1,1,1.0,904992
570_refined.npy,3,LV,1,1,1.0,840636
705_refined.npy,3,LV,1,1,1.0,637924
773_processed.npy,3,LV,1,1,1.0,794660
814_processed.npy,3,LV,1,1,1.0,582406
929_processed.npy,3,LV,1,1,1.0,672982
572_refined.npy,3,LV,1,1,1.0,705197
351_processed.npy,3,LV,1,1,1.0,864624
664_refined.npy,3,LV,1,1,1.0,855021
777_processed.npy,3,LV,1,1,1.0,805127
921_refined.npy,3,LV,1,1,1.0,636116
409_processed.npy,3,LV,1,1,1.0,866886
248_refined.npy,3,LV,1,1,1.0,730197
830_processed.npy,3,LV,1,1,1.0,622493
238_refined.npy,3,LV,1,1,1.0,685811
807_processed.npy,3,LV,1,1,1.0,725090
751_processed.npy,3,LV,1,1,1.0,800763
571_refined.npy,3,LV,1,1,1.0,899646
439_processed.npy,3,LV,1,1,1.0,628054
480_refined.npy,3,LV,1,1,1.0,640645
974_refined.npy,3,LV,1,1,1.0,503413
302_refined.npy,3,LV,1,1,1.0,945594
715_refined.npy,3,LV,1,1,1.0,590132
833_processed.npy,3,LV,1,1,1.0,938431
8_processed.npy,3,LV,1,1,1.0,883510
253_refined.npy,3,LV,1,1,1.0,293414
97_refined.npy,3,LV,1,1,1.0,1005231
131_processed.npy,3,LV,1,1,1.0,746506
463_processed.npy,3,LV,1,1,1.0,789059
282_processed.npy,3,LV,1,1,1.0,711194
369_refined.npy,3,LV,1,1,1.0,524139
325_refined.npy,3,LV,1,1,1.0,762934
582_refined.npy,3,LV,1,1,1.0,887416
571_processed.npy,3,LV,1,1,1.0,900424
715_processed.npy,3,LV,1,1,1.0,590251
112_processed.npy,3,LV,1,1,1.0,973065
65_refined.npy,3,LV,1,1,1.0,936548
772_processed.npy,3,LV,1,1,1.0,937636
454_refined.npy,3,LV,1,1,1.0,608419
946_refined.npy,3,LV,1,1,1.0,709576
782_processed.npy,3,LV,1,1,1.0,603351
578_processed.npy,3,LV,1,1,1.0,897847
32_processed.npy,3,LV,1,1,1.0,593436
798_refined.npy,3,LV,1,1,1.0,696446
884_refined.npy,3,LV,1,1,1.0,939809
949_processed.npy,3,LV,1,1,1.0,580805
649_processed.npy,3,LV,1,1,1.0,625125
319_processed.npy,3,LV,1,1,1.0,652913
296_processed.npy,3,LV,1,1,1.0,788948
631_processed.npy,3,LV,1,1,1.0,672016
33_refined.npy,3,LV,1,1,1.0,207996
743_processed.npy,3,LV,1,1,1.0,895726
539_processed.npy,3,LV,1,1,1.0,342972
230_refined.npy,3,LV,1,1,1.0,671674
820_processed.npy,3,LV,1,1,1.0,664337
675_refined.npy,3,LV,1,1,1.0,728469
364_processed.npy,3,LV,1,1,1.0,458002
831_refined.npy,3,LV,1,1,1.0,725430
379_refined.npy,3,LV,1,1,1.0,666618
36_refined.npy,3,LV,1,1,1.0,581138
264_processed.npy,3,LV,1,1,1.0,1100467
225_processed.npy,3,LV,1,1,1.0,598273
328_refined.npy,3,LV,1,1,1.0,672376
647_processed.npy,3,LV,1,1,1.0,822726
228_processed.npy,3,LV,1,1,1.0,638158
914_refined.npy,3,LV,1,1,1.0,843677
603_processed.npy,3,LV,1,1,1.0,837139
358_processed.npy,3,LV,1,1,1.0,632590
239_processed.npy,3,LV,1,1,1.0,809362
467_processed.npy,3,LV,1,1,1.0,647599
492_processed.npy,3,LV,1,1,1.0,813219
700_processed.npy,3,LV,1,1,1.0,854178
155_processed.npy,3,LV,1,1,1.0,673543
482_processed.npy,3,LV,1,1,1.0,686983
744_refined.npy,3,LV,1,1,1.0,879024
738_refined.npy,3,LV,1,1,1.0,664919
45_processed.npy,3,LV,1,1,1.0,575998
965_refined.npy,3,LV,1,1,1.0,543053
826_refined.npy,3,LV,1,1,1.0,475203
809_processed.npy,3,LV,1,1,1.0,1017927
893_processed.npy,3,LV,1,1,1.0,724011
650_processed.npy,3,LV,1,1,1.0,584398
730_processed.npy,3,LV,1,1,1.0,907852
817_refined.npy,3,LV,1,1,1.0,689422
836_refined.npy,3,LV,1,1,1.0,883578
22_processed.npy,3,LV,1,1,1.0,668200
286_refined.npy,3,LV,1,1,1.0,710038
542_processed.npy,3,LV,1,1,1.0,699317
696_processed.npy,3,LV,1,1,1.0,970341
188_refined.npy,3,LV,1,1,1.0,786790
499_processed.npy,3,LV,1,1,1.0,1037383
817_processed.npy,3,LV,1,1,1.0,689565
116_refined.npy,3,LV,1,1,1.0,721827
91_processed.npy,3,LV,1,1,1.0,533537
556_refined.npy,3,LV,1,1,1.0,507766
655_refined.npy,3,LV,1,1,1.0,515900
943_processed.npy,3,LV,1,1,1.0,966403
532_processed.npy,3,LV,1,1,1.0,677020
900_processed.npy,3,LV,1,1,1.0,1107155
156_refined.npy,3,LV,1,1,1.0,804279
279_processed.npy,3,LV,1,1,1.0,542313
504_processed.npy,3,LV,1,1,1.0,741792
288_refined.npy,3,LV,1,1,1.0,698027
786_processed.npy,3,LV,1,1,1.0,726732
303_processed.npy,3,LV,1,1,1.0,855373
389_processed.npy,3,LV,1,1,1.0,515032
519_processed.npy,3,LV,1,1,1.0,956113
445_processed.npy,3,LV,1,1,1.0,676297
424_refined.npy,3,LV,1,1,1.0,731084
619_refined.npy,3,LV,1,1,1.0,745443
163_processed.npy,3,LV,1,1,1.0,637671
401_refined.npy,3,LV,1,1,1.0,746468
606_refined.npy,3,LV,1,1,1.0,594598
872_refined.npy,3,LV,1,1,1.0,594978
318_refined.npy,3,LV,1,1,1.0,856485
683_processed.npy,3,LV,1,1,1.0,988903
668_refined.npy,3,LV,1,1,1.0,658049
656_processed.npy,3,LV,1,1,1.0,668999
684_processed.npy,3,LV,1,1,1.0,560232
843_refined.npy,3,LV,1,1,1.0,510491
962_refined.npy,3,LV,1,1,1.0,498753
354_processed.npy,3,LV,1,1,1.0,642170
800_refined.npy,3,LV,1,1,1.0,768971
356_refined.npy,3,LV,1,1,1.0,716191
151_processed.npy,3,LV,1,1,1.0,686327
220_refined.npy,3,LV,1,1,1.0,487009
915_processed.npy,3,LV,1,1,1.0,680720
558_processed.npy,3,LV,1,1,1.0,771554
650_refined.npy,3,LV,1,1,1.0,584315
151_refined.npy,3,LV,1,1,1.0,686465
827_processed.npy,3,LV,1,1,1.0,663616
345_processed.npy,3,LV,1,1,1.0,802350
309_processed.npy,3,LV,1,1,1.0,613643
550_processed.npy,3,LV,1,1,1.0,811549
145_refined.npy,3,LV,1,1,1.0,698476
940_refined.npy,3,LV,1,1,1.0,865115
215_processed.npy,3,LV,1,1,1.0,553227
742_refined.npy,3,LV,1,1,1.0,704458
578_refined.npy,3,LV,1,1,1.0,897675
600_refined.npy,3,LV,1,1,1.0,805937
432_refined.npy,3,LV,1,1,1.0,601509
630_refined.npy,3,LV,1,1,1.0,775672
787_refined.npy,3,LV,1,1,1.0,641611
617_processed.npy,3,LV,1,1,1.0,599471
779_processed.npy,3,LV,1,1,1.0,737388
970_processed.npy,3,LV,1,1,1.0,915193
597_refined.npy,3,LV,1,1,1.0,993618
202_processed.npy,3,LV,1,1,1.0,899517
697_refined.npy,3,LV,1,1,1.0,1009185
708_refined.npy,3,LV,1,1,1.0,796424
20_refined.npy,3,LV,1,1,1.0,487712
839_processed.npy,3,LV,1,1,1.0,831510
694_processed.npy,3,LV,1,1,1.0,431573
579_refined.npy,3,LV,1,1,1.0,603498
692_processed.npy,3,LV,1,1,1.0,788758
68_processed.npy,3,LV,1,1,1.0,952323
957_refined.npy,3,LV,1,1,1.0,703555
196_refined.npy,3,LV,1,1,1.0,743310
878_processed.npy,3,LV,1,1,1.0,755491
629_refined.npy,3,LV,1,1,1.0,780427
767_refined.npy,3,LV,1,1,1.0,905373
874_processed.npy,3,LV,1,1,1.0,553452
77_processed.npy,3,LV,1,1,1.0,594095
926_processed.npy,3,LV,1,1,1.0,1196886
885_refined.npy,3,LV,1,1,1.0,763022
216_processed.npy,3,LV,1,1,1.0,620960
718_refined.npy,3,LV,1,1,1.0,711941
13_refined.npy,3,LV,1,1,1.0,316680
877_refined.npy,3,LV,1,1,1.0,777939
92_processed.npy,3,LV,1,1,1.0,658602
925_processed.npy,3,LV,1,1,1.0,510514
516_refined.npy,3,LV,1,1,1.0,653177
931_processed.npy,3,LV,1,1,1.0,726387
345_refined.npy,3,LV,1,1,1.0,802167
652_processed.npy,3,LV,1,1,1.0,713739
544_processed.npy,3,LV,1,1,1.0,662893
439_refined.npy,3,LV,1,1,1.0,627575
102_processed.npy,3,LV,1,1,1.0,511672
711_refined.npy,3,LV,1,1,1.0,673396
963_refined.npy,3,LV,1,1,1.0,692300
643_processed.npy,3,LV,1,1,1.0,595237
608_refined.npy,3,LV,1,1,1.0,873785
310_processed.npy,3,LV,1,1,1.0,862658
302_processed.npy,3,LV,1,1,1.0,946462
997_processed.npy,3,LV,1,1,1.0,831975
574_refined.npy,3,LV,1,1,1.0,800662
723_refined.npy,3,LV,1,1,1.0,718132
647_refined.npy,3,LV,1,1,1.0,822542
949_refined.npy,3,LV,1,1,1.0,580452
498_refined.npy,3,LV,1,1,1.0,758016
116_processed.npy,3,LV,1,1,1.0,721963
879_refined.npy,3,LV,1,1,1.0,766674
306_processed.npy,3,LV,1,1,1.0,711267
94_refined.npy,3,LV,1,1,1.0,743350
473_refined.npy,3,LV,1,1,1.0,618147
846_processed.npy,3,LV,1,1,1.0,829908
699_processed.npy,3,LV,1,1,1.0,657771
370_processed.npy,3,LV,1,1,1.0,394157
60_refined.npy,3,LV,1,1,1.0,683121
95_refined.npy,3,LV,1,1,1.0,808629
980_processed.npy,3,LV,1,1,1.0,801141
479_refined.npy,3,LV,1,1,1.0,529871
907_refined.npy,3,LV,1,1,1.0,729804
877_processed.npy,3,LV,1,1,1.0,778154
737_refined.npy,3,LV,1,1,1.0,782691
575_processed.npy,3,LV,1,1,1.0,606838
184_refined.npy,3,LV,1,1,1.0,628222
541_processed.npy,3,LV,1,1,1.0,613253
41_refined.npy,3,LV,1,1,1.0,646684
916_processed.npy,3,LV,1,1,1.0,725191
752_processed.npy,3,LV,1,1,1.0,785246
573_refined.npy,3,LV,1,1,1.0,669571
866_processed.npy,3,LV,1,1,1.0,608812
408_processed.npy,3,LV,1,1,1.0,1061973
772_refined.npy,3,LV,1,1,1.0,937206
771_processed.npy,3,LV,1,1,1.0,710324
551_processed.npy,3,LV,1,1,1.0,914193
920_processed.npy,3,LV,1,1,1.0,714723
667_processed.npy,3,LV,1,1,1.0,644234
995_processed.npy,3,LV,1,1,1.0,490694
157_refined.npy,3,LV,1,1,1.0,701866
872_processed.npy,3,LV,1,1,1.0,595949
118_processed.npy,3,LV,1,1,1.0,670846
663_refined.npy,3,LV,1,1,1.0,934552
485_processed.npy,3,LV,1,1,1.0,657477
438_refined.npy,3,LV,1,1,1.0,708197
834_processed.npy,3,LV,1,1,1.0,588145
669_processed.npy,3,LV,1,1,1.0,863311
899_processed.npy,3,LV,1,1,1.0,1046025
979_processed.npy,3,LV,1,1,1.0,807362
326_refined.npy,3,LV,1,1,1.0,716255
788_processed.npy,3,LV,1,1,1.0,1079223
980_refined.npy,3,LV,1,1,1.0,800669
269_refined.npy,3,LV,1,1,1.0,491574
815_processed.npy,3,LV,1,1,1.0,785073
919_refined.npy,3,LV,1,1,1.0,1048473
883_processed.npy,3,LV,1,1,1.0,753233
806_refined.npy,3,LV,1,1,1.0,672018
168_processed.npy,3,LV,1,1,1.0,720119
977_processed.npy,3,LV,1,1,1.0,774747
69_processed.npy,3,LV,1,1,1.0,759436
205_processed.npy,3,LV,1,1,1.0,692181
450_refined.npy,3,LV,1,1,1.0,519772
634_processed.npy,3,LV,1,1,1.0,626777
714_refined.npy,3,LV,1,1,1.0,850313
704_processed.npy,3,LV,1,1,1.0,463442
528_refined.npy,3,LV,1,1,1.0,1067195
427_refined.npy,3,LV,1,1,1.0,682440
239_refined.npy,3,LV,1,1,1.0,809527
400_processed.npy,3,LV,1,1,1.0,583845
257_processed.npy,3,LV,1,1,1.0,661674
911_processed.npy,3,LV,1,1,1.0,794946
81_refined.npy,3,LV,1,1,1.0,742503
632_processed.npy,3,LV,1,1,1.0,730617
333_processed.npy,3,LV,1,1,1.0,705027
383_processed.npy,3,LV,1,1,1.0,614041
273_refined.npy,3,LV,1,1,1.0,640584
917_processed.npy,3,LV,1,1,1.0,937046
658_refined.npy,3,LV,1,1,1.0,737132
397_processed.npy,3,LV,1,1,1.0,718675
74_refined.npy,3,LV,1,1,1.0,807232
39_refined.npy,3,LV,1,1,1.0,532216
250_refined.npy,3,LV,1,1,1.0,630293
712_refined.npy,3,LV,1,1,1.0,780804
653_processed.npy,3,LV,1,1,1.0,514104
553_processed.npy,3,LV,1,1,1.0,498863
108_processed.npy,3,LV,1,1,1.0,629236
64_processed.npy,3,LV,1,1,1.0,504148
366_refined.npy,3,LV,1,1,1.0,482210
417_processed.npy,3,LV,1,1,1.0,1041298
112_refined.npy,3,LV,1,1,1.0,972535
630_processed.npy,3,LV,1,1,1.0,776339
665_processed.npy,3,LV,1,1,1.0,982691
210_processed.npy,3,LV,1,1,1.0,850502
620_processed.npy,3,LV,1,1,1.0,698348
143_refined.npy,3,LV,1,1,1.0,483624
76_refined.npy,3,LV,1,1,1.0,697087
201_processed.npy,3,LV,1,1,1.0,776387
177_refined.npy,3,LV,1,1,1.0,462246
599_processed.npy,3,LV,1,1,1.0,687463
966_processed.npy,3,LV,1,1,1.0,697875
406_processed.npy,3,LV,1,1,1.0,703193
468_processed.npy,3,LV,1,1,1.0,675574
510_refined.npy,3,LV,1,1,1.0,611702
717_processed.npy,3,LV,1,1,1.0,736256
527_refined.npy,3,LV,1,1,1.0,535915
882_refined.npy,3,LV,1,1,1.0,616003
768_processed.npy,3,LV,1,1,1.0,451192
773_refined.npy,3,LV,1,1,1.0,794515
204_refined.npy,3,LV,1,1,1.0,571540
711_processed.npy,3,LV,1,1,1.0,673698
66_processed.npy,3,LV,1,1,1.0,570550
854_processed.npy,3,LV,1,1,1.0,655191
394_refined.npy,3,LV,1,1,1.0,1227945
457_refined.npy,3,LV,1,1,1.0,587423
341_processed.npy,3,LV,1,1,1.0,987921
227_refined.npy,3,LV,1,1,1.0,653694
238_processed.npy,3,LV,1,1,1.0,686046
607_refined.npy,3,LV,1,1,1.0,793616
480_processed.npy,3,LV,1,1,1.0,640880
974_processed.npy,3,LV,1,1,1.0,504076
278_refined.npy,3,LV,1,1,1.0,657260
342_processed.npy,3,LV,1,1,1.0,941853
753_refined.npy,3,LV,1,1,1.0,896109
418_processed.npy,3,LV,1,1,1.0,872201
828_processed.npy,3,LV,1,1,1.0,754016
576_refined.npy,3,LV,1,1,1.0,357195
852_processed.npy,3,LV,1,1,1.0,513101
755_refined.npy,3,LV,1,1,1.0,549912
146_refined.npy,3,LV,1,1,1.0,296173
836_processed.npy,3,LV,1,1,1.0,884259
183_refined.npy,3,LV,1,1,1.0,568887
30_refined.npy,3,LV,1,1,1.0,701651
548_refined.npy,3,LV,1,1,1.0,832202
186_refined.npy,3,LV,1,1,1.0,799005
592_processed.npy,3,LV,1,1,1.0,352529
811_processed.npy,3,LV,1,1,1.0,770673
488_refined.npy,3,LV,1,1,1.0,692858
900_refined.npy,3,LV,1,1,1.0,1106743
406_refined.npy,3,LV,1,1,1.0,702837
316_processed.npy,3,LV,1,1,1.0,568761
952_refined.npy,3,LV,1,1,1.0,718015
703_processed.npy,3,LV,1,1,1.0,588199
856_refined.npy,3,LV,1,1,1.0,509515
24_processed.npy,3,LV,1,1,1.0,610190
968_processed.npy,3,LV,1,1,1.0,613734
39_processed.npy,3,LV,1,1,1.0,532674
422_processed.npy,3,LV,1,1,1.0,673787
760_processed.npy,3,LV,1,1,1.0,748422
66_refined.npy,3,LV,1,1,1.0,570291
778_refined.npy,3,LV,1,1,1.0,693611
642_processed.npy,3,LV,1,1,1.0,658240
760_refined.npy,3,LV,1,1,1.0,748123
27_processed.npy,3,LV,1,1,1.0,676343
695_refined.npy,3,LV,1,1,1.0,1031735
953_refined.npy,3,LV,1,1,1.0,800053
380_refined.npy,3,LV,1,1,1.0,884630
497_refined.npy,3,LV,1,1,1.0,659347
243_processed.npy,3,LV,1,1,1.0,709396
510_processed.npy,3,LV,1,1,1.0,612126
526_refined.npy,3,LV,1,1,1.0,692242
198_refined.npy,3,LV,1,1,1.0,580242
579_processed.npy,3,LV,1,1,1.0,604197
504_refined.npy,3,LV,1,1,1.0,740677
506_refined.npy,3,LV,1,1,1.0,598873
106_refined.npy,3,LV,1,1,1.0,982194
160_refined.npy,3,LV,1,1,1.0,1220366
274_processed.npy,3,LV,1,1,1.0,750459
601_refined.npy,3,LV,1,1,1.0,1123772
905_processed.npy,3,LV,1,1,1.0,580436
901_processed.npy,3,LV,1,1,1.0,705137
48_refined.npy,3,LV,1,1,1.0,530243
936_refined.npy,3,LV,1,1,1.0,758804
89_refined.npy,3,LV,1,1,1.0,663255
527_processed.npy,3,LV,1,1,1.0,536192
207_processed.npy,3,LV,1,1,1.0,531926
65_processed.npy,3,LV,1,1,1.0,936209
204_processed.npy,3,LV,1,1,1.0,571813
325_processed.npy,3,LV,1,1,1.0,763273
147_refined.npy,3,LV,1,1,1.0,833132
12_processed.npy,3,LV,1,1,1.0,534901
549_refined.npy,3,LV,1,1,1.0,846851
940_processed.npy,3,LV,1,1,1.0,865513
653_refined.npy,3,LV,1,1,1.0,514066
403_processed.npy,3,LV,1,1,1.0,665766
22_refined.npy,3,LV,1,1,1.0,667653
11_refined.npy,3,LV,1,1,1.0,722586
218_processed.npy,3,LV,1,1,1.0,571726
3_processed.npy,3,LV,1,1,1.0,549177
408_refined.npy,3,LV,1,1,1.0,1060847
873_processed.npy,3,LV,1,1,1.0,893949
259_processed.npy,3,LV,1,1,1.0,720148
733_processed.npy,3,LV,1,1,1.0,685467
534_processed.npy,3,LV,1,1,1.0,830531
431_processed.npy,3,LV,1,1,1.0,1029726
634_refined.npy,3,LV,1,1,1.0,626357
888_refined.npy,3,LV,1,1,1.0,653699
778_processed.npy,3,LV,1,1,1.0,693750
381_processed.npy,3,LV,1,1,1.0,503157
503_refined.npy,3,LV,1,1,1.0,510915
973_processed.npy,3,LV,1,1,1.0,593564
414_refined.npy,3,LV,1,1,1.0,621313
497_processed.npy,3,LV,1,1,1.0,659351
849_refined.npy,3,LV,1,1,1.0,591536
997_refined.npy,3,LV,1,1,1.0,831850
443_processed.npy,3,LV,1,1,1.0,955478
890_refined.npy,3,LV,1,1,1.0,806989
688_processed.npy,3,LV,1,1,1.0,683648
586_refined.npy,3,LV,1,1,1.0,390701
899_refined.npy,3,LV,1,1,1.0,1045475
255_refined.npy,3,LV,1,1,1.0,638624
538_processed.npy,3,LV,1,1,1.0,755774
327_refined.npy,3,LV,1,1,1.0,889622
161_refined.npy,3,LV,1,1,1.0,855002
785_processed.npy,3,LV,1,1,1.0,895299
449_processed.npy,3,LV,1,1,1.0,725576
359_processed.npy,3,LV,1,1,1.0,725825
847_refined.npy,3,LV,1,1,1.0,771901
660_processed.npy,3,LV,1,1,1.0,502647
924_processed.npy,3,LV,1,1,1.0,1164631
428_processed.npy,3,LV,1,1,1.0,613562
596_processed.npy,3,LV,1,1,1.0,891885
317_refined.npy,3,LV,1,1,1.0,598779
226_refined.npy,3,LV,1,1,1.0,830671
200_processed.npy,3,LV,1,1,1.0,654731
853_refined.npy,3,LV,1,1,1.0,560365
76_processed.npy,3,LV,1,1,1.0,697348
679_refined.npy,3,LV,1,1,1.0,883411
923_processed.npy,3,LV,1,1,1.0,965978
838_processed.npy,3,LV,1,1,1.0,692856
966_refined.npy,3,LV,1,1,1.0,697490
919_processed.npy,3,LV,1,1,1.0,1048862
180_refined.npy,3,LV,1,1,1.0,595362
959_processed.npy,3,LV,1,1,1.0,657041
42_refined.npy,3,LV,1,1,1.0,884231
397_refined.npy,3,LV,1,1,1.0,718237
830_refined.npy,3,LV,1,1,1.0,622020
848_refined.npy,3,LV,1,1,1.0,958683
837_refined.npy,3,LV,1,1,1.0,568949
978_refined.npy,3,LV,1,1,1.0,511792
654_refined.npy,3,LV,1,1,1.0,604158
71_refined.npy,3,LV,1,1,1.0,540461
793_processed.npy,3,LV,1,1,1.0,888038
241_processed.npy,3,LV,1,1,1.0,623920
146_processed.npy,3,LV,1,1,1.0,296272
92_refined.npy,3,LV,1,1,1.0,658552
603_refined.npy,3,LV,1,1,1.0,837178
429_refined.npy,3,LV,1,1,1.0,711115
670_processed.npy,3,LV,1,1,1.0,566974
405_processed.npy,3,LV,1,1,1.0,632906
768_refined.npy,3,LV,1,1,1.0,451294
476_processed.npy,3,LV,1,1,1.0,774293
121_processed.npy,3,LV,1,1,1.0,764764
171_refined.npy,3,LV,1,1,1.0,754047
265_processed.npy,3,LV,1,1,1.0,645844
846_refined.npy,3,LV,1,1,1.0,829824
469_refined.npy,3,LV,1,1,1.0,636435
46_processed.npy,3,LV,1,1,1.0,875475
143_processed.npy,3,LV,1,1,1.0,484067
645_processed.npy,3,LV,1,1,1.0,936017
902_refined.npy,3,LV,1,1,1.0,668322
203_refined.npy,3,LV,1,1,1.0,1042443
84_refined.npy,3,LV,1,1,1.0,846326
261_processed.npy,3,LV,1,1,1.0,496587
937_processed.npy,3,LV,1,1,1.0,766961
827_refined.npy,3,LV,1,1,1.0,663477
698_refined.npy,3,LV,1,1,1.0,717707
244_processed.npy,3,LV,1,1,1.0,601947
757_processed.npy,3,LV,1,1,1.0,815413
964_processed.npy,3,LV,1,1,1.0,644260
696_refined.npy,3,LV,1,1,1.0,970084
583_processed.npy,3,LV,1,1,1.0,835958
865_refined.npy,3,LV,1,1,1.0,915760
864_refined.npy,3,LV,1,1,1.0,812157
569_refined.npy,3,LV,1,1,1.0,992226
139_processed.npy,3,LV,1,1,1.0,662589
338_processed.npy,3,LV,1,1,1.0,769237
257_refined.npy,3,LV,1,1,1.0,660770
104_processed.npy,3,LV,1,1,1.0,530807
871_refined.npy,3,LV,1,1,1.0,688010
829_processed.npy,3,LV,1,1,1.0,495609
193_refined.npy,3,LV,1,1,1.0,542942
897_refined.npy,3,LV,1,1,1.0,633156
194_refined.npy,3,LV,1,1,1.0,787828
464_refined.npy,3,LV,1,1,1.0,661281
771_refined.npy,3,LV,1,1,1.0,709538
236_processed.npy,3,LV,1,1,1.0,591267
181_refined.npy,3,LV,1,1,1.0,958038
873_refined.npy,3,LV,1,1,1.0,893500
191_refined.npy,3,LV,1,1,1.0,1098685
654_processed.npy,3,LV,1,1,1.0,604103
633_processed.npy,3,LV,1,1,1.0,726615
866_refined.npy,3,LV,1,1,1.0,608639
30_processed.npy,3,LV,1,1,1.0,701688
736_refined.npy,3,LV,1,1,1.0,625878
969_processed.npy,3,LV,1,1,1.0,918162
187_refined.npy,3,LV,1,1,1.0,531445
300_processed.npy,3,LV,1,1,1.0,645199
63_refined.npy,3,LV,1,1,1.0,785262
359_refined.npy,3,LV,1,1,1.0,725613
577_processed.npy,3,LV,1,1,1.0,896283
991_refined.npy,3,LV,1,1,1.0,633433
512_refined.npy,3,LV,1,1,1.0,692508
588_refined.npy,3,LV,1,1,1.0,672514
609_processed.npy,3,LV,1,1,1.0,1092137
646_refined.npy,3,LV,1,1,1.0,611379
721_processed.npy,3,LV,1,1,1.0,613310
804_processed.npy,3,LV,1,1,1.0,638381
387_refined.npy,3,LV,1,1,1.0,628493
511_refined.npy,3,LV,1,1,1.0,670479
548_processed.npy,3,LV,1,1,1.0,832680
474_refined.npy,3,LV,1,1,1.0,821779
582_processed.npy,3,LV,1,1,1.0,887518
615_refined.npy,3,LV,1,1,1.0,746223
38_processed.npy,3,LV,1,1,1.0,640456
795_refined.npy,3,LV,1,1,1.0,790661
106_processed.npy,3,LV,1,1,1.0,981885
972_processed.npy,3,LV,1,1,1.0,654271
786_refined.npy,3,LV,1,1,1.0,726486
999_refined.npy,3,LV,1,1,1.0,699359
605_processed.npy,3,LV,1,1,1.0,623664
214_refined.npy,3,LV,1,1,1.0,845829
367_processed.npy,3,LV,1,1,1.0,709352
982_processed.npy,3,LV,1,1,1.0,916653
270_refined.npy,3,LV,1,1,1.0,400070
725_processed.npy,3,LV,1,1,1.0,795573
289_refined.npy,3,LV,1,1,1.0,865617
766_refined.npy,3,LV,1,1,1.0,771606
754_processed.npy,3,LV,1,1,1.0,923091
717_refined.npy,3,LV,1,1,1.0,735724
514_processed.npy,3,LV,1,1,1.0,773078
905_refined.npy,3,LV,1,1,1.0,580396
587_refined.npy,3,LV,1,1,1.0,681594
870_processed.npy,3,LV,1,1,1.0,671026
913_processed.npy,3,LV,1,1,1.0,604273
182_refined.npy,3,LV,1,1,1.0,505524
609_refined.npy,3,LV,1,1,1.0,1092649
494_processed.npy,3,LV,1,1,1.0,780538
913_refined.npy,3,LV,1,1,1.0,604103
855_refined.npy,3,LV,1,1,1.0,525192
296_refined.npy,3,LV,1,1,1.0,788543
564_processed.npy,3,LV,1,1,1.0,647678
292_processed.npy,3,LV,1,1,1.0,549704
734_processed.npy,3,LV,1,1,1.0,459649
80_refined.npy,3,LV,1,1,1.0,765377
278_processed.npy,3,LV,1,1,1.0,657846
880_processed.npy,3,LV,1,1,1.0,734344
113_processed.npy,3,LV,1,1,1.0,574792
329_processed.npy,3,LV,1,1,1.0,550011
479_processed.npy,3,LV,1,1,1.0,530466
377_refined.npy,3,LV,1,1,1.0,762844
56_refined.npy,3,LV,1,1,1.0,552307
398_processed.npy,3,LV,1,1,1.0,647397
459_processed.npy,3,LV,1,1,1.0,462309
382_refined.npy,3,LV,1,1,1.0,483390
737_processed.npy,3,LV,1,1,1.0,782702
601_processed.npy,3,LV,1,1,1.0,1123971
133_refined.npy,3,LV,1,1,1.0,572361
107_processed.npy,3,LV,1,1,1.0,660403
444_refined.npy,3,LV,1,1,1.0,906899
799_refined.npy,3,LV,1,1,1.0,750903
335_processed.npy,3,LV,1,1,1.0,564394
117_processed.npy,3,LV,1,1,1.0,513458
746_refined.npy,3,LV,1,1,1.0,903057
581_processed.npy,3,LV,1,1,1.0,485330
780_processed.npy,3,LV,1,1,1.0,572034
922_processed.npy,3,LV,1,1,1.0,582891
382_processed.npy,3,LV,1,1,1.0,483357
763_processed.npy,3,LV,1,1,1.0,570346
675_processed.npy,3,LV,1,1,1.0,729021
79_refined.npy,3,LV,1,1,1.0,634126
236_refined.npy,3,LV,1,1,1.0,590630
765_processed.npy,3,LV,1,1,1.0,653561
315_refined.npy,3,LV,1,1,1.0,582068
453_refined.npy,3,LV,1,1,1.0,633978
554_refined.npy,3,LV,1,1,1.0,1038560
55_processed.npy,3,LV,1,1,1.0,521420
1000_refined.npy,3,LV,1,1,1.0,820331
977_refined.npy,3,LV,1,1,1.0,774489
225_refined.npy,3,LV,1,1,1.0,597814
486_refined.npy,3,LV,1,1,1.0,688365
742_processed.npy,3,LV,1,1,1.0,704918
269_processed.npy,3,LV,1,1,1.0,491755
251_refined.npy,3,LV,1,1,1.0,898755
391_processed.npy,3,LV,1,1,1.0,828051
645_refined.npy,3,LV,1,1,1.0,935709
301_refined.npy,3,LV,1,1,1.0,743201
740_refined.npy,3,LV,1,1,1.0,635125
374_refined.npy,3,LV,1,1,1.0,593412
481_processed.npy,3,LV,1,1,1.0,629076
15_processed.npy,3,LV,1,1,1.0,807807
934_refined.npy,3,LV,1,1,1.0,959138
591_processed.npy,3,LV,1,1,1.0,631132
477_processed.npy,3,LV,1,1,1.0,578663
748_processed.npy,3,LV,1,1,1.0,537026
101_processed.npy,3,LV,1,1,1.0,562818
237_refined.npy,3,LV,1,1,1.0,1004850
781_processed.npy,3,LV,1,1,1.0,567997
619_processed.npy,3,LV,1,1,1.0,745520
29_processed.npy,3,LV,1,1,1.0,856592
394_processed.npy,3,LV,1,1,1.0,1227891
825_processed.npy,3,LV,1,1,1.0,396364
640_processed.npy,3,LV,1,1,1.0,809326
986_processed.npy,3,LV,1,1,1.0,1000607
520_refined.npy,3,LV,1,1,1.0,634495
209_processed.npy,3,LV,1,1,1.0,943981
33_processed.npy,3,LV,1,1,1.0,208338
894_refined.npy,3,LV,1,1,1.0,660782
233_processed.npy,3,LV,1,1,1.0,570134
796_refined.npy,3,LV,1,1,1.0,695093
499_refined.npy,3,LV,1,1,1.0,1037188
136_processed.npy,3,LV,1,1,1.0,736445
487_refined.npy,3,LV,1,1,1.0,715447
131_refined.npy,3,LV,1,1,1.0,746950
728_refined.npy,3,LV,1,1,1.0,969567
338_refined.npy,3,LV,1,1,1.0,769165
950_refined.npy,3,LV,1,1,1.0,744118
800_processed.npy,3,LV,1,1,1.0,769076
805_processed.npy,3,LV,1,1,1.0,744968
641_refined.npy,3,LV,1,1,1.0,681096
901_refined.npy,3,LV,1,1,1.0,705127
989_processed.npy,3,LV,1,1,1.0,673637
288_processed.npy,3,LV,1,1,1.0,698117
730_refined.npy,3,LV,1,1,1.0,907413
163_refined.npy,3,LV,1,1,1.0,637495
416_processed.npy,3,LV,1,1,1.0,705381
819_processed.npy,3,LV,1,1,1.0,925425
546_refined.npy,3,LV,1,1,1.0,759477
9_refined.npy,3,LV,1,1,1.0,655616
86_refined.npy,3,LV,1,1,1.0,731916
290_processed.npy,3,LV,1,1,1.0,765615
393_processed.npy,3,LV,1,1,1.0,749871
150_processed.npy,3,LV,1,1,1.0,598106
665_refined.npy,3,LV,1,1,1.0,982803
710_refined.npy,3,LV,1,1,1.0,733225
832_processed.npy,3,LV,1,1,1.0,619718
418_refined.npy,3,LV,1,1,1.0,872269
314_processed.npy,3,LV,1,1,1.0,672173
736_processed.npy,3,LV,1,1,1.0,626696
626_processed.npy,3,LV,1,1,1.0,729772
89_processed.npy,3,LV,1,1,1.0,663171
734_refined.npy,3,LV,1,1,1.0,459441
756_refined.npy,3,LV,1,1,1.0,912624
896_refined.npy,3,LV,1,1,1.0,905683
135_processed.npy,3,LV,1,1,1.0,642542
795_processed.npy,3,LV,1,1,1.0,791002
403_refined.npy,3,LV,1,1,1.0,665128
908_refined.npy,3,LV,1,1,1.0,590324
437_processed.npy,3,LV,1,1,1.0,815903
362_processed.npy,3,LV,1,1,1.0,708681
876_processed.npy,3,LV,1,1,1.0,709493
546_processed.npy,3,LV,1,1,1.0,759782
906_processed.npy,3,LV,1,1,1.0,435701
82_refined.npy,3,LV,1,1,1.0,580617
466_refined.npy,3,LV,1,1,1.0,690737
947_refined.npy,3,LV,1,1,1.0,943603
137_refined.npy,3,LV,1,1,1.0,381453
987_refined.npy,3,LV,1,1,1.0,694857
331_processed.npy,3,LV,1,1,1.0,619619
701_refined.npy,3,LV,1,1,1.0,805100
384_refined.npy,3,LV,1,1,1.0,772775
219_processed.npy,3,LV,1,1,1.0,667013
568_processed.npy,3,LV,1,1,1.0,959230
614_refined.npy,3,LV,1,1,1.0,869968
469_processed.npy,3,LV,1,1,1.0,636621
844_processed.npy,3,LV,1,1,1.0,614018
968_refined.npy,3,LV,1,1,1.0,613773
679_processed.npy,3,LV,1,1,1.0,883849
986_refined.npy,3,LV,1,1,1.0,1000079
284_processed.npy,3,LV,1,1,1.0,985112
54_processed.npy,3,LV,1,1,1.0,683262
477_refined.npy,3,LV,1,1,1.0,578263
40_processed.npy,3,LV,1,1,1.0,692851
400_refined.npy,3,LV,1,1,1.0,583471
391_refined.npy,3,LV,1,1,1.0,828073
801_refined.npy,3,LV,1,1,1.0,440960
525_processed.npy,3,LV,1,1,1.0,574314
859_processed.npy,3,LV,1,1,1.0,801702
674_processed.npy,3,LV,1,1,1.0,931333
729_processed.npy,3,LV,1,1,1.0,727727
119_refined.npy,3,LV,1,1,1.0,462996
247_refined.npy,3,LV,1,1,1.0,502779
410_processed.npy,3,LV,1,1,1.0,841350
897_processed.npy,3,LV,1,1,1.0,634117
456_processed.npy,3,LV,1,1,1.0,655279
341_refined.npy,3,LV,1,1,1.0,987473
211_refined.npy,3,LV,1,1,1.0,709332
216_refined.npy,3,LV,1,1,1.0,621069
604_refined.npy,3,LV,1,1,1.0,650227
426_refined.npy,3,LV,1,1,1.0,832767
536_refined.npy,3,LV,1,1,1.0,616332
21_refined.npy,3,LV,1,1,1.0,541511
606_processed.npy,3,LV,1,1,1.0,595408
353_refined.npy,3,LV,1,1,1.0,839555
983_refined.npy,3,LV,1,1,1.0,577477
790_processed.npy,3,LV,1,1,1.0,981298
779_refined.npy,3,LV,1,1,1.0,737214
723_processed.npy,3,LV,1,1,1.0,718670
402_processed.npy,3,LV,1,1,1.0,726222
924_refined.npy,3,LV,1,1,1.0,1164152
48_processed.npy,3,LV,1,1,1.0,530595
842_refined.npy,3,LV,1,1,1.0,903638
283_refined.npy,3,LV,1,1,1.0,665922
145_processed.npy,3,LV,1,1,1.0,698819
464_processed.npy,3,LV,1,1,1.0,661781
501_refined.npy,3,LV,1,1,1.0,756488
189_processed.npy,3,LV,1,1,1.0,715231
752_refined.npy,3,LV,1,1,1.0,785225
124_refined.npy,3,LV,1,1,1.0,544611
533_processed.npy,3,LV,1,1,1.0,750590
914_processed.npy,3,LV,1,1,1.0,844099
929_refined.npy,3,LV,1,1,1.0,672772
246_processed.npy,3,LV,1,1,1.0,880549
594_processed.npy,3,LV,1,1,1.0,667153
19_refined.npy,3,LV,1,1,1.0,650911
223_refined.npy,3,LV,1,1,1.0,731991
888_processed.npy,3,LV,1,1,1.0,654043
938_refined.npy,3,LV,1,1,1.0,809089
462_processed.npy,3,LV,1,1,1.0,860320
861_refined.npy,3,LV,1,1,1.0,754263
52_refined.npy,3,LV,1,1,1.0,696266
289_processed.npy,3,LV,1,1,1.0,866089
677_refined.npy,3,LV,1,1,1.0,996995
707_processed.npy,3,LV,1,1,1.0,861429
324_processed.npy,3,LV,1,1,1.0,606829
235_refined.npy,3,LV,1,1,1.0,745956
774_refined.npy,3,LV,1,1,1.0,995601
813_refined.npy,3,LV,1,1,1.0,798963
867_refined.npy,3,LV,1,1,1.0,579389
188_processed.npy,3,LV,1,1,1.0,786820
96_processed.npy,3,LV,1,1,1.0,750848
277_refined.npy,3,LV,1,1,1.0,578057
149_refined.npy,3,LV,1,1,1.0,475120
921_processed.npy,3,LV,1,1,1.0,636631
250_processed.npy,3,LV,1,1,1.0,630536
473_processed.npy,3,LV,1,1,1.0,618513
858_processed.npy,3,LV,1,1,1.0,528894
847_processed.npy,3,LV,1,1,1.0,771944
720_refined.npy,3,LV,1,1,1.0,831309
862_processed.npy,3,LV,1,1,1.0,1089624
103_refined.npy,3,LV,1,1,1.0,711724
396_refined.npy,3,LV,1,1,1.0,889173
420_processed.npy,3,LV,1,1,1.0,552758
468_refined.npy,3,LV,1,1,1.0,675424
642_refined.npy,3,LV,1,1,1.0,657619
580_processed.npy,3,LV,1,1,1.0,957880
984_processed.npy,3,LV,1,1,1.0,756909
680_refined.npy,3,LV,1,1,1.0,922174
1000_processed.npy,3,LV,1,1,1.0,820516
105_refined.npy,3,LV,1,1,1.0,675867
508_refined.npy,3,LV,1,1,1.0,446518
24_refined.npy,3,LV,1,1,1.0,610122
992_refined.npy,3,LV,1,1,1.0,810793
613_processed.npy,3,LV,1,1,1.0,626357
231_processed.npy,3,LV,1,1,1.0,712502
942_refined.npy,3,LV,1,1,1.0,535064
34_processed.npy,3,LV,1,1,1.0,728825
450_processed.npy,3,LV,1,1,1.0,520090
49_processed.npy,3,LV,1,1,1.0,622391
87_refined.npy,3,LV,1,1,1.0,611351
584_processed.npy,3,LV,1,1,1.0,872320
60_processed.npy,3,LV,1,1,1.0,683639
127_refined.npy,3,LV,1,1,1.0,869504
185_refined.npy,3,LV,1,1,1.0,647649
781_refined.npy,3,LV,1,1,1.0,567806
375_refined.npy,3,LV,1,1,1.0,663575
916_refined.npy,3,LV,1,1,1.0,724956
7_refined.npy,3,LV,1,1,1.0,736171
965_processed.npy,3,LV,1,1,1.0,543525
491_refined.npy,3,LV,1,1,1.0,783131
971_refined.npy,3,LV,1,1,1.0,807809
681_processed.npy,3,LV,1,1,1.0,964866
554_processed.npy,3,LV,1,1,1.0,1038993
551_refined.npy,3,LV,1,1,1.0,914310
672_refined.npy,3,LV,1,1,1.0,727748
249_processed.npy,3,LV,1,1,1.0,697064
975_refined.npy,3,LV,1,1,1.0,611651
629_processed.npy,3,LV,1,1,1.0,780769
138_processed.npy,3,LV,1,1,1.0,677606
268_processed.npy,3,LV,1,1,1.0,572128
452_processed.npy,3,LV,1,1,1.0,859199
9_processed.npy,3,LV,1,1,1.0,656024
348_processed.npy,3,LV,1,1,1.0,1002574
892_refined.npy,3,LV,1,1,1.0,568299
502_refined.npy,3,LV,1,1,1.0,750698
493_refined.npy,3,LV,1,1,1.0,748500
878_refined.npy,3,LV,1,1,1.0,754860
746_processed.npy,3,LV,1,1,1.0,903597
178_refined.npy,3,LV,1,1,1.0,846033
207_refined.npy,3,LV,1,1,1.0,531935
360_refined.npy,3,LV,1,1,1.0,713656
656_refined.npy,3,LV,1,1,1.0,668916
5_refined.npy,3,LV,1,1,1.0,915207
156_processed.npy,3,LV,1,1,1.0,804280
874_refined.npy,3,LV,1,1,1.0,553006
791_refined.npy,3,LV,1,1,1.0,478038
887_processed.npy,3,LV,1,1,1.0,685799
421_refined.npy,3,LV,1,1,1.0,581681
158_processed.npy,3,LV,1,1,1.0,463275
154_refined.npy,3,LV,1,1,1.0,1110666
944_processed.npy,3,LV,1,1,1.0,593271
659_processed.npy,3,LV,1,1,1.0,724323
770_refined.npy,3,LV,1,1,1.0,821333
590_processed.npy,3,LV,1,1,1.0,433914
657_processed.npy,3,LV,1,1,1.0,781818
894_processed.npy,3,LV,1,1,1.0,661309
879_processed.npy,3,LV,1,1,1.0,767000
750_refined.npy,3,LV,1,1,1.0,663414
607_processed.npy,3,LV,1,1,1.0,794043
195_refined.npy,3,LV,1,1,1.0,766302
334_processed.npy,3,LV,1,1,1.0,913775
895_refined.npy,3,LV,1,1,1.0,701285
324_refined.npy,3,LV,1,1,1.0,606446
378_processed.npy,3,LV,1,1,1.0,648363
434_processed.npy,3,LV,1,1,1.0,509208
457_processed.npy,3,LV,1,1,1.0,587770
732_processed.npy,3,LV,1,1,1.0,447247
904_refined.npy,3,LV,1,1,1.0,672172
794_refined.npy,3,LV,1,1,1.0,722238
337_refined.npy,3,LV,1,1,1.0,655503
522_refined.npy,3,LV,1,1,1.0,656640
363_refined.npy,3,LV,1,1,1.0,660239
569_processed.npy,3,LV,1,1,1.0,993197
996_processed.npy,3,LV,1,1,1.0,769197
148_processed.npy,3,LV,1,1,1.0,756330
964_refined.npy,3,LV,1,1,1.0,643831
258_processed.npy,3,LV,1,1,1.0,567628
951_refined.npy,3,LV,1,1,1.0,598092
75_refined.npy,3,LV,1,1,1.0,557699
12_refined.npy,3,LV,1,1,1.0,534431
372_processed.npy,3,LV,1,1,1.0,569146
378_refined.npy,3,LV,1,1,1.0,647887
666_processed.npy,3,LV,1,1,1.0,636094
260_refined.npy,3,LV,1,1,1.0,455854
803_refined.npy,3,LV,1,1,1.0,738879
201_refined.npy,3,LV,1,1,1.0,776473
438_processed.npy,3,LV,1,1,1.0,708813
788_refined.npy,3,LV,1,1,1.0,1079209
727_refined.npy,3,LV,1,1,1.0,796609
649_refined.npy,3,LV,1,1,1.0,625245
911_refined.npy,3,LV,1,1,1.0,794673
460_refined.npy,3,LV,1,1,1.0,557404
287_processed.npy,3,LV,1,1,1.0,1007805
395_processed.npy,3,LV,1,1,1.0,535276
624_refined.npy,3,LV,1,1,1.0,697581
62_refined.npy,3,LV,1,1,1.0,668319
744_processed.npy,3,LV,1,1,1.0,879251
167_refined.npy,3,LV,1,1,1.0,563090
909_refined.npy,3,LV,1,1,1.0,750305
311_refined.npy,3,LV,1,1,1.0,695066
298_refined.npy,3,LV,1,1,1.0,574360
762_processed.npy,3,LV,1,1,1.0,645341
293_refined.npy,3,LV,1,1,1.0,547981
342_refined.npy,3,LV,1,1,1.0,941808
193_processed.npy,3,LV,1,1,1.0,543090
623_processed.npy,3,LV,1,1,1.0,608869
169_refined.npy,3,LV,1,1,1.0,677948
213_refined.npy,3,LV,1,1,1.0,724860
69_refined.npy,3,LV,1,1,1.0,758679
455_processed.npy,3,LV,1,1,1.0,942518
706_processed.npy,3,LV,1,1,1.0,864287
559_refined.npy,3,LV,1,1,1.0,774445
424_processed.npy,3,LV,1,1,1.0,731928
169_processed.npy,3,LV,1,1,1.0,677908
100_processed.npy,3,LV,1,1,1.0,680519
356_processed.npy,3,LV,1,1,1.0,716519
280_processed.npy,3,LV,1,1,1.0,728918
748_refined.npy,3,LV,1,1,1.0,536764
75_processed.npy,3,LV,1,1,1.0,558042
328_processed.npy,3,LV,1,1,1.0,672674
815_refined.npy,3,LV,1,1,1.0,785131
560_refined.npy,3,LV,1,1,1.0,629979
202_refined.npy,3,LV,1,1,1.0,899030
184_processed.npy,3,LV,1,1,1.0,628791
708_processed.npy,3,LV,1,1,1.0,796466
806_processed.npy,3,LV,1,1,1.0,672256
472_processed.npy,3,LV,1,1,1.0,678094
229_refined.npy,3,LV,1,1,1.0,650574
992_processed.npy,3,LV,1,1,1.0,811370
666_refined.npy,3,LV,1,1,1.0,635575
658_processed.npy,3,LV,1,1,1.0,737468
271_refined.npy,3,LV,1,1,1.0,816520
685_refined.npy,3,LV,1,1,1.0,731071
632_refined.npy,3,LV,1,1,1.0,730561
660_refined.npy,3,LV,1,1,1.0,502347
690_processed.npy,3,LV,1,1,1.0,924539
78_refined.npy,3,LV,1,1,1.0,563243
412_processed.npy,3,LV,1,1,1.0,611051
108_refined.npy,3,LV,1,1,1.0,628526
529_refined.npy,3,LV,1,1,1.0,657103
407_processed.npy,3,LV,1,1,1.0,691927
111_processed.npy,3,LV,1,1,1.0,795398
222_refined.npy,3,LV,1,1,1.0,565368
100_refined.npy,3,LV,1,1,1.0,680378
392_refined.npy,3,LV,1,1,1.0,650717
989_refined.npy,3,LV,1,1,1.0,673398
49_refined.npy,3,LV,1,1,1.0,622097
421_processed.npy,3,LV,1,1,1.0,582351
203_processed.npy,3,LV,1,1,1.0,1042560
80_processed.npy,3,LV,1,1,1.0,766112
937_refined.npy,3,LV,1,1,1.0,766739
859_refined.npy,3,LV,1,1,1.0,801440
947_processed.npy,3,LV,1,1,1.0,943584
707_refined.npy,3,LV,1,1,1.0,861175
395_refined.npy,3,LV,1,1,1.0,534647
133_processed.npy,3,LV,1,1,1.0,572299
718_processed.npy,3,LV,1,1,1.0,712188
713_refined.npy,3,LV,1,1,1.0,1074522
475_refined.npy,3,LV,1,1,1.0,669133
472_refined.npy,3,LV,1,1,1.0,677695
233_refined.npy,3,LV,1,1,1.0,569982
34_refined.npy,3,LV,1,1,1.0,728674
1_processed.npy,3,LV,1,1,1.0,489810
307_processed.npy,3,LV,1,1,1.0,676418
777_refined.npy,3,LV,1,1,1.0,804662
268_refined.npy,3,LV,1,1,1.0,572210
388_refined.npy,3,LV,1,1,1.0,308821
492_refined.npy,3,LV,1,1,1.0,813158
67_processed.npy,3,LV,1,1,1.0,500198
389_refined.npy,3,LV,1,1,1.0,514760
53_processed.npy,3,LV,1,1,1.0,628143
783_processed.npy,3,LV,1,1,1.0,817523
860_refined.npy,3,LV,1,1,1.0,639505
88_processed.npy,3,LV,1,1,1.0,698077
526_processed.npy,3,LV,1,1,1.0,692608
749_refined.npy,3,LV,1,1,1.0,940290
702_processed.npy,3,LV,1,1,1.0,679097
918_refined.npy,3,LV,1,1,1.0,865294
945_refined.npy,3,LV,1,1,1.0,648179
948_refined.npy,3,LV,1,1,1.0,694875
451_refined.npy,3,LV,1,1,1.0,660651
19_processed.npy,3,LV,1,1,1.0,651419
128_processed.npy,3,LV,1,1,1.0,677771
750_processed.npy,3,LV,1,1,1.0,664007
390_refined.npy,3,LV,1,1,1.0,613800
355_processed.npy,3,LV,1,1,1.0,1100370
329_refined.npy,3,LV,1,1,1.0,549624
185_processed.npy,3,LV,1,1,1.0,648081
326_processed.npy,3,LV,1,1,1.0,717011
890_processed.npy,3,LV,1,1,1.0,807351
545_processed.npy,3,LV,1,1,1.0,709577
523_processed.npy,3,LV,1,1,1.0,612276
247_processed.npy,3,LV,1,1,1.0,503178
35_processed.npy,3,LV,1,1,1.0,540564
10_processed.npy,3,LV,1,1,1.0,724393
886_processed.npy,3,LV,1,1,1.0,720711
764_refined.npy,3,LV,1,1,1.0,820836
165_processed.npy,3,LV,1,1,1.0,592853
519_refined.npy,3,LV,1,1,1.0,956311
85_refined.npy,3,LV,1,1,1.0,609291
643_refined.npy,3,LV,1,1,1.0,595031
764_processed.npy,3,LV,1,1,1.0,820912
312_processed.npy,3,LV,1,1,1.0,635649
372_refined.npy,3,LV,1,1,1.0,568772
119_processed.npy,3,LV,1,1,1.0,463224
837_processed.npy,3,LV,1,1,1.0,569505
267_processed.npy,3,LV,1,1,1.0,528243
471_refined.npy,3,LV,1,1,1.0,710531
35_refined.npy,3,LV,1,1,1.0,540532
303_refined.npy,3,LV,1,1,1.0,854973
114_refined.npy,3,LV,1,1,1.0,467345
759_refined.npy,3,LV,1,1,1.0,643415
486_processed.npy,3,LV,1,1,1.0,688698
70_processed.npy,3,LV,1,1,1.0,610450
72_processed.npy,3,LV,1,1,1.0,692525
490_refined.npy,3,LV,1,1,1.0,570386
370_refined.npy,3,LV,1,1,1.0,394144
953_processed.npy,3,LV,1,1,1.0,800478
522_processed.npy,3,LV,1,1,1.0,656962
490_processed.npy,3,LV,1,1,1.0,570929
494_refined.npy,3,LV,1,1,1.0,779821
322_processed.npy,3,LV,1,1,1.0,620783
635_processed.npy,3,LV,1,1,1.0,818733
373_refined.npy,3,LV,1,1,1.0,293031
792_refined.npy,3,LV,1,1,1.0,787275
687_processed.npy,3,LV,1,1,1.0,800331
762_refined.npy,3,LV,1,1,1.0,644794
62_processed.npy,3,LV,1,1,1.0,668517
57_refined.npy,3,LV,1,1,1.0,508945
698_processed.npy,3,LV,1,1,1.0,718331
620_refined.npy,3,LV,1,1,1.0,697985
556_processed.npy,3,LV,1,1,1.0,508098
716_processed.npy,3,LV,1,1,1.0,618416
563_processed.npy,3,LV,1,1,1.0,914535
452_refined.npy,3,LV,1,1,1.0,859017
501_processed.npy,3,LV,1,1,1.0,756674
11_processed.npy,3,LV,1,1,1.0,723236
851_refined.npy,3,LV,1,1,1.0,846330
797_processed.npy,3,LV,1,1,1.0,651976
794_processed.npy,3,LV,1,1,1.0,721990
134_refined.npy,3,LV,1,1,1.0,612537
61_refined.npy,3,LV,1,1,1.0,626979
214_processed.npy,3,LV,1,1,1.0,845863
381_refined.npy,3,LV,1,1,1.0,502471
176_processed.npy,3,LV,1,1,1.0,743357
761_refined.npy,3,LV,1,1,1.0,635718
298_processed.npy,3,LV,1,1,1.0,574947
557_refined.npy,3,LV,1,1,1.0,507180
436_processed.npy,3,LV,1,1,1.0,1070489
465_refined.npy,3,LV,1,1,1.0,738120
651_refined.npy,3,LV,1,1,1.0,610505
282_refined.npy,3,LV,1,1,1.0,711046
313_processed.npy,3,LV,1,1,1.0,907730
275_refined.npy,3,LV,1,1,1.0,606000
644_refined.npy,3,LV,1,1,1.0,796364
115_refined.npy,3,LV,1,1,1.0,923163
840_processed.npy,3,LV,1,1,1.0,730462
442_processed.npy,3,LV,1,1,1.0,765378
264_refined.npy,3,LV,1,1,1.0,1100175
206_refined.npy,3,LV,1,1,1.0,585427
566_refined.npy,3,LV,1,1,1.0,775562
945_processed.npy,3,LV,1,1,1.0,648388
259_refined.npy,3,LV,1,1,1.0,719931
454_processed.npy,3,LV,1,1,1.0,608414
726_processed.npy,3,LV,1,1,1.0,955627
330_processed.npy,3,LV,1,1,1.0,660733
796_processed.npy,3,LV,1,1,1.0,695468
531_processed.npy,3,LV,1,1,1.0,501765
121_refined.npy,3,LV,1,1,1.0,764444
4_refined.npy,3,LV,1,1,1.0,505788
111_refined.npy,3,LV,1,1,1.0,794472
845_processed.npy,3,LV,1,1,1.0,934047
682_processed.npy,3,LV,1,1,1.0,907289
514_refined.npy,3,LV,1,1,1.0,772584
110_processed.npy,3,LV,1,1,1.0,673705
419_processed.npy,3,LV,1,1,1.0,858625
206_processed.npy,3,LV,1,1,1.0,585917
177_processed.npy,3,LV,1,1,1.0,462782
147_processed.npy,3,LV,1,1,1.0,833292
676_processed.npy,3,LV,1,1,1.0,649803
774_processed.npy,3,LV,1,1,1.0,995585
864_processed.npy,3,LV,1,1,1.0,812796
426_processed.npy,3,LV,1,1,1.0,833031
157_processed.npy,3,LV,1,1,1.0,702076
37_processed.npy,3,LV,1,1,1.0,767423
428_refined.npy,3,LV,1,1,1.0,613026
187_processed.npy,3,LV,1,1,1.0,531947
354_refined.npy,3,LV,1,1,1.0,642020
120_refined.npy,3,LV,1,1,1.0,650884
240_processed.npy,3,LV,1,1,1.0,980075
595_refined.npy,3,LV,1,1,1.0,834484
908_processed.npy,3,LV,1,1,1.0,590959
825_refined.npy,3,LV,1,1,1.0,396002
433_refined.npy,3,LV,1,1,1.0,740223
362_refined.npy,3,LV,1,1,1.0,708598
590_refined.npy,3,LV,1,1,1.0,433495
470_refined.npy,3,LV,1,1,1.0,544945
613_refined.npy,3,LV,1,1,1.0,625894
638_processed.npy,3,LV,1,1,1.0,742114
923_refined.npy,3,LV,1,1,1.0,965762
283_processed.npy,3,LV,1,1,1.0,665844
903_processed.npy,3,LV,1,1,1.0,765491
987_processed.npy,3,LV,1,1,1.0,695177
242_refined.npy,3,LV,1,1,1.0,765232
352_refined.npy,3,LV,1,1,1.0,450732
517_refined.npy,3,LV,1,1,1.0,595880
600_processed.npy,3,LV,1,1,1.0,806202
416_refined.npy,3,LV,1,1,1.0,705589
330_refined.npy,3,LV,1,1,1.0,660576
928_refined.npy,3,LV,1,1,1.0,939441
58_refined.npy,3,LV,1,1,1.0,752167
139_refined.npy,3,LV,1,1,1.0,661582
258_refined.npy,3,LV,1,1,1.0,567622
405_refined.npy,3,LV,1,1,1.0,632225
955_refined.npy,3,LV,1,1,1.0,974974
254_refined.npy,3,LV,1,1,1.0,750042
46_refined.npy,3,LV,1,1,1.0,874877
160_processed.npy,3,LV,1,1,1.0,1221126
700_refined.npy,3,LV,1,1,1.0,854166
719_processed.npy,3,LV,1,1,1.0,882429
413_processed.npy,3,LV,1,1,1.0,507074
507_refined.npy,3,LV,1,1,1.0,682568
671_refined.npy,3,LV,1,1,1.0,811023
943_refined.npy,3,LV,1,1,1.0,966488
553_refined.npy,3,LV,1,1,1.0,498293
842_processed.npy,3,LV,1,1,1.0,904173
655_processed.npy,3,LV,1,1,1.0,516146
640_refined.npy,3,LV,1,1,1.0,807815
677_processed.npy,3,LV,1,1,1.0,997247
423_processed.npy,3,LV,1,1,1.0,709667
612_refined.npy,3,LV,1,1,1.0,816989
511_processed.npy,3,LV,1,1,1.0,670925
122_processed.npy,3,LV,1,1,1.0,490278
612_processed.npy,3,LV,1,1,1.0,817400
961_processed.npy,3,LV,1,1,1.0,656469
932_refined.npy,3,LV,1,1,1.0,823507
417_refined.npy,3,LV,1,1,1.0,1040805
349_processed.npy,3,LV,1,1,1.0,779253
506_processed.npy,3,LV,1,1,1.0,599175
208_processed.npy,3,LV,1,1,1.0,689311
358_refined.npy,3,LV,1,1,1.0,631758
242_processed.npy,3,LV,1,1,1.0,765578
373_processed.npy,3,LV,1,1,1.0,293190
414_processed.npy,3,LV,1,1,1.0,621292
304_processed.npy,3,LV,1,1,1.0,613188
478_refined.npy,3,LV,1,1,1.0,739957
803_processed.npy,3,LV,1,1,1.0,738926
626_refined.npy,3,LV,1,1,1.0,729625
262_processed.npy,3,LV,1,1,1.0,568837
821_refined.npy,3,LV,1,1,1.0,723890
833_refined.npy,3,LV,1,1,1.0,938420
165_refined.npy,3,LV,1,1,1.0,592498
109_processed.npy,3,LV,1,1,1.0,689185
823_processed.npy,3,LV,1,1,1.0,609154
308_refined.npy,3,LV,1,1,1.0,521256
461_refined.npy,3,LV,1,1,1.0,726172
444_processed.npy,3,LV,1,1,1.0,907307
611_processed.npy,3,LV,1,1,1.0,903539
818_refined.npy,3,LV,1,1,1.0,1066129
434_refined.npy,3,LV,1,1,1.0,508940
757_refined.npy,3,LV,1,1,1.0,815083
636_refined.npy,3,LV,1,1,1.0,455760
366_processed.npy,3,LV,1,1,1.0,482523
610_processed.npy,3,LV,1,1,1.0,751361
25_processed.npy,3,LV,1,1,1.0,566045
826_processed.npy,3,LV,1,1,1.0,475578
865_processed.npy,3,LV,1,1,1.0,916158
625_processed.npy,3,LV,1,1,1.0,772226
420_refined.npy,3,LV,1,1,1.0,552059
867_processed.npy,3,LV,1,1,1.0,579640
369_processed.npy,3,LV,1,1,1.0,524478
305_refined.npy,3,LV,1,1,1.0,494390
727_processed.npy,3,LV,1,1,1.0,797090
118_refined.npy,3,LV,1,1,1.0,670415
190_processed.npy,3,LV,1,1,1.0,819827
808_processed.npy,3,LV,1,1,1.0,308124
990_processed.npy,3,LV,1,1,1.0,598632
599_refined.npy,3,LV,1,1,1.0,687229
13_processed.npy,3,LV,1,1,1.0,316758
563_refined.npy,3,LV,1,1,1.0,914627
505_refined.npy,3,LV,1,1,1.0,671362
745_refined.npy,3,LV,1,1,1.0,620553
942_processed.npy,3,LV,1,1,1.0,535286
857_processed.npy,3,LV,1,1,1.0,594635
240_refined.npy,3,LV,1,1,1.0,979538
893_refined.npy,3,LV,1,1,1.0,723747
198_processed.npy,3,LV,1,1,1.0,580609
789_processed.npy,3,LV,1,1,1.0,749964
390_processed.npy,3,LV,1,1,1.0,614101
930_processed.npy,3,LV,1,1,1.0,707436
944_refined.npy,3,LV,1,1,1.0,593058
726_refined.npy,3,LV,1,1,1.0,955394
616_refined.npy,3,LV,1,1,1.0,580822
976_processed.npy,3,LV,1,1,1.0,863611
59_processed.npy,3,LV,1,1,1.0,494599
402_refined.npy,3,LV,1,1,1.0,726108
488_processed.npy,3,LV,1,1,1.0,693486
447_refined.npy,3,LV,1,1,1.0,811600
776_refined.npy,3,LV,1,1,1.0,825119
50_processed.npy,3,LV,1,1,1.0,578560
351_refined.npy,3,LV,1,1,1.0,864243
83_refined.npy,3,LV,1,1,1.0,547814
902_processed.npy,3,LV,1,1,1.0,668488
998_refined.npy,3,LV,1,1,1.0,653984
336_processed.npy,3,LV,1,1,1.0,653044
323_refined.npy,3,LV,1,1,1.0,714436
932_processed.npy,3,LV,1,1,1.0,823913
855_processed.npy,3,LV,1,1,1.0,525544
636_processed.npy,3,LV,1,1,1.0,456123
999_processed.npy,3,LV,1,1,1.0,699544
304_refined.npy,3,LV,1,1,1.0,612771
755_processed.npy,3,LV,1,1,1.0,550352
547_processed.npy,3,LV,1,1,1.0,800084
321_processed.npy,3,LV,1,1,1.0,626175
828_refined.npy,3,LV,1,1,1.0,753962
520_processed.npy,3,LV,1,1,1.0,634651
820_refined.npy,3,LV,1,1,1.0,663927
217_processed.npy,3,LV,1,1,1.0,803371
52_processed.npy,3,LV,1,1,1.0,696562
159_processed.npy,3,LV,1,1,1.0,582237
561_refined.npy,3,LV,1,1,1.0,678446
5_processed.npy,3,LV,1,1,1.0,915383
564_refined.npy,3,LV,1,1,1.0,646803
638_refined.npy,3,LV,1,1,1.0,742081
409_refined.npy,3,LV,1,1,1.0,866712
543_refined.npy,3,LV,1,1,1.0,752913
365_processed.npy,3,LV,1,1,1.0,687797
635_refined.npy,3,LV,1,1,1.0,818560
6_processed.npy,3,LV,1,1,1.0,654442
467_refined.npy,3,LV,1,1,1.0,647261
680_processed.npy,3,LV,1,1,1.0,922624
857_refined.npy,3,LV,1,1,1.0,593952
483_processed.npy,3,LV,1,1,1.0,632072
17_processed.npy,3,LV,1,1,1.0,439912
988_processed.npy,3,LV,1,1,1.0,567443
95_processed.npy,3,LV,1,1,1.0,808775
144_refined.npy,3,LV,1,1,1.0,434506
593_refined.npy,3,LV,1,1,1.0,698619
272_refined.npy,3,LV,1,1,1.0,722186
690_refined.npy,3,LV,1,1,1.0,925071
93_refined.npy,3,LV,1,1,1.0,809475
435_refined.npy,3,LV,1,1,1.0,757811
336_refined.npy,3,LV,1,1,1.0,652942
661_processed.npy,3,LV,1,1,1.0,594748
498_processed.npy,3,LV,1,1,1.0,758165
376_refined.npy,3,LV,1,1,1.0,675042
130_processed.npy,3,LV,1,1,1.0,636024
912_processed.npy,3,LV,1,1,1.0,664076
332_refined.npy,3,LV,1,1,1.0,718262
101_refined.npy,3,LV,1,1,1.0,562851
503_processed.npy,3,LV,1,1,1.0,511344
435_processed.npy,3,LV,1,1,1.0,758109
508_processed.npy,3,LV,1,1,1.0,446804
615_processed.npy,3,LV,1,1,1.0,746622
448_processed.npy,3,LV,1,1,1.0,769596
521_processed.npy,3,LV,1,1,1.0,746145
331_refined.npy,3,LV,1,1,1.0,618996
176_refined.npy,3,LV,1,1,1.0,743158
129_processed.npy,3,LV,1,1,1.0,499707
854_refined.npy,3,LV,1,1,1.0,654619
162_refined.npy,3,LV,1,1,1.0,743064
436_refined.npy,3,LV,1,1,1.0,1069717
484_processed.npy,3,LV,1,1,1.0,1027062
174_refined.npy,3,LV,1,1,1.0,757795
981_processed.npy,3,LV,1,1,1.0,1130258
651_processed.npy,3,LV,1,1,1.0,610923
799_processed.npy,3,LV,1,1,1.0,751211
639_processed.npy,3,LV,1,1,1.0,674818
631_refined.npy,3,LV,1,1,1.0,672205
701_processed.npy,3,LV,1,1,1.0,805214
834_refined.npy,3,LV,1,1,1.0,587822
379_processed.npy,3,LV,1,1,1.0,667123
42_processed.npy,3,LV,1,1,1.0,884374
840_refined.npy,3,LV,1,1,1.0,729530
747_refined.npy,3,LV,1,1,1.0,671457
194_processed.npy,3,LV,1,1,1.0,787973
524_processed.npy,3,LV,1,1,1.0,583847
725_refined.npy,3,LV,1,1,1.0,795173
170_refined.npy,3,LV,1,1,1.0,419342
385_refined.npy,3,LV,1,1,1.0,907969
285_processed.npy,3,LV,1,1,1.0,627268
384_processed.npy,3,LV,1,1,1.0,772867
138_refined.npy,3,LV,1,1,1.0,677960
625_refined.npy,3,LV,1,1,1.0,772035
222_processed.npy,3,LV,1,1,1.0,565709
441_processed.npy,3,LV,1,1,1.0,734458
731_processed.npy,3,LV,1,1,1.0,509954
88_refined.npy,3,LV,1,1,1.0,697565
805_refined.npy,3,LV,1,1,1.0,744434
627_processed.npy,3,LV,1,1,1.0,644380
881_refined.npy,3,LV,1,1,1.0,708989
28_refined.npy,3,LV,1,1,1.0,784073
97_processed.npy,3,LV,1,1,1.0,1004887
449_refined.npy,3,LV,1,1,1.0,725415
543_processed.npy,3,LV,1,1,1.0,753491
939_refined.npy,3,LV,1,1,1.0,636703
344_refined.npy,3,LV,1,1,1.0,583425
722_processed.npy,3,LV,1,1,1.0,630113
699_refined.npy,3,LV,1,1,1.0,657435
295_refined.npy,3,LV,1,1,1.0,816409
255_processed.npy,3,LV,1,1,1.0,639263
392_processed.npy,3,LV,1,1,1.0,650916
712_processed.npy,3,LV,1,1,1.0,781280
349_refined.npy,3,LV,1,1,1.0,779035
958_refined.npy,3,LV,1,1,1.0,977229
702_refined.npy,3,LV,1,1,1.0,678597
822_processed.npy,3,LV,1,1,1.0,544572
713_processed.npy,3,LV,1,1,1.0,1074916
23_processed.npy,3,LV,1,1,1.0,504929
810_processed.npy,3,LV,1,1,1.0,698618
960_refined.npy,3,LV,1,1,1.0,612389
166_refined.npy,3,LV,1,1,1.0,384555
368_processed.npy,3,LV,1,1,1.0,674749
509_refined.npy,3,LV,1,1,1.0,537421
102_refined.npy,3,LV,1,1,1.0,511417
487_processed.npy,3,LV,1,1,1.0,715797
485_refined.npy,3,LV,1,1,1.0,657380
346_processed.npy,3,LV,1,1,1.0,837355
132_processed.npy,3,LV,1,1,1.0,695851
538_refined.npy,3,LV,1,1,1.0,755380
404_processed.npy,3,LV,1,1,1.0,577779
280_refined.npy,3,LV,1,1,1.0,728743
286_processed.npy,3,LV,1,1,1.0,709928
812_processed.npy,3,LV,1,1,1.0,510886
272_processed.npy,3,LV,1,1,1.0,722605
753_processed.npy,3,LV,1,1,1.0,897048
684_refined.npy,3,LV,1,1,1.0,560340
552_processed.npy,3,LV,1,1,1.0,670287
150_refined.npy,3,LV,1,1,1.0,597779
676_refined.npy,3,LV,1,1,1.0,649255
18_refined.npy,3,LV,1,1,1.0,926174
137_processed.npy,3,LV,1,1,1.0,381893
824_processed.npy,3,LV,1,1,1.0,867403
814_refined.npy,3,LV,1,1,1.0,582277
339_processed.npy,3,LV,1,1,1.0,498086
829_refined.npy,3,LV,1,1,1.0,495109
175_processed.npy,3,LV,1,1,1.0,886280
628_processed.npy,3,LV,1,1,1.0,589129
933_refined.npy,3,LV,1,1,1.0,864280
585_processed.npy,3,LV,1,1,1.0,825595
761_processed.npy,3,LV,1,1,1.0,635837
782_refined.npy,3,LV,1,1,1.0,602779
347_processed.npy,3,LV,1,1,1.0,548683
621_refined.npy,3,LV,1,1,1.0,674856
152_processed.npy,3,LV,1,1,1.0,565657
686_refined.npy,3,LV,1,1,1.0,608478
77_refined.npy,3,LV,1,1,1.0,593932
63_processed.npy,3,LV,1,1,1.0,785541
213_processed.npy,3,LV,1,1,1.0,725346
662_processed.npy,3,LV,1,1,1.0,668503
348_refined.npy,3,LV,1,1,1.0,1003060
785_refined.npy,3,LV,1,1,1.0,895205
123_processed.npy,3,LV,1,1,1.0,585739
23_refined.npy,3,LV,1,1,1.0,504830
797_refined.npy,3,LV,1,1,1.0,651707
215_refined.npy,3,LV,1,1,1.0,552943
67_refined.npy,3,LV,1,1,1.0,499625
622_refined.npy,3,LV,1,1,1.0,756151
134_processed.npy,3,LV,1,1,1.0,612925
113_refined.npy,3,LV,1,1,1.0,574208
691_refined.npy,3,LV,1,1,1.0,1060907
313_refined.npy,3,LV,1,1,1.0,907711
179_processed.npy,3,LV,1,1,1.0,738512
87_processed.npy,3,LV,1,1,1.0,611604
149_processed.npy,3,LV,1,1,1.0,475235
517_processed.npy,3,LV,1,1,1.0,596006
82_processed.npy,3,LV,1,1,1.0,581046
93_processed.npy,3,LV,1,1,1.0,809353
852_refined.npy,3,LV,1,1,1.0,512950
70_refined.npy,3,LV,1,1,1.0,609675
956_refined.npy,3,LV,1,1,1.0,886720
235_processed.npy,3,LV,1,1,1.0,746409
440_refined.npy,3,LV,1,1,1.0,466107
970_refined.npy,3,LV,1,1,1.0,915162
505_processed.npy,3,LV,1,1,1.0,671389
875_refined.npy,3,LV,1,1,1.0,674024
25_refined.npy,3,LV,1,1,1.0,566223
180_processed.npy,3,LV,1,1,1.0,595823
7_processed.npy,3,LV,1,1,1.0,735989
68_refined.npy,3,LV,1,1,1.0,952154
495_processed.npy,3,LV,1,1,1.0,586595
220_processed.npy,3,LV,1,1,1.0,487249
192_refined.npy,3,LV,1,1,1.0,918516
8_refined.npy,3,LV,1,1,1.0,883503
528_processed.npy,3,LV,1,1,1.0,1068163
683_refined.npy,3,LV,1,1,1.0,988632
386_processed.npy,3,LV,1,1,1.0,806915
540_refined.npy,3,LV,1,1,1.0,792519
531_refined.npy,3,LV,1,1,1.0,501429
98_processed.npy,3,LV,1,1,1.0,552420
941_processed.npy,3,LV,1,1,1.0,863408
870_refined.npy,3,LV,1,1,1.0,670748
277_processed.npy,3,LV,1,1,1.0,578416
896_processed.npy,3,LV,1,1,1.0,906310
371_refined.npy,3,LV,1,1,1.0,738483
27_refined.npy,3,LV,1,1,1.0,676200
190_refined.npy,3,LV,1,1,1.0,819226
962_processed.npy,3,LV,1,1,1.0,498988
179_refined.npy,3,LV,1,1,1.0,737951
743_refined.npy,3,LV,1,1,1.0,895541
880_refined.npy,3,LV,1,1,1.0,734316
352_processed.npy,3,LV,1,1,1.0,450663
367_refined.npy,3,LV,1,1,1.0,709095
299_processed.npy,3,LV,1,1,1.0,599933
21_processed.npy,3,LV,1,1,1.0,541960
931_refined.npy,3,LV,1,1,1.0,726234
465_processed.npy,3,LV,1,1,1.0,738386
724_refined.npy,3,LV,1,1,1.0,594184
196_processed.npy,3,LV,1,1,1.0,743898
142_refined.npy,3,LV,1,1,1.0,612688
883_refined.npy,3,LV,1,1,1.0,753052
29_refined.npy,3,LV,1,1,1.0,856038
115_processed.npy,3,LV,1,1,1.0,923988
927_refined.npy,3,LV,1,1,1.0,602490
552_refined.npy,4,RA,1,1,1.0,448159
602_refined.npy,4,RA,1,1,1.0,403501
31_refined.npy,4,RA,1,1,1.0,526532
462_refined.npy,4,RA,1,1,1.0,764585
816_refined.npy,4,RA,1,1,1.0,592582
321_refined.npy,4,RA,1,1,1.0,593887
26_refined.npy,4,RA,1,1,1.0,436446
130_refined.npy,4,RA,1,1,1.0,492163
555_refined.npy,4,RA,1,1,1.0,489597
808_refined.npy,4,RA,1,1,1.0,409921
96_refined.npy,4,RA,1,1,1.0,636836
281_refined.npy,4,RA,1,1,1.0,653124
706_refined.npy,4,RA,1,1,1.0,564693
758_refined.npy,4,RA,1,1,1.0,459840
639_refined.npy,4,RA,1,1,1.0,532040
972_refined.npy,4,RA,1,1,1.0,422782
45_refined.npy,4,RA,1,1,1.0,518564
910_refined.npy,4,RA,1,1,1.0,475801
3_refined.npy,4,RA,1,1,1.0,526457
610_refined.npy,4,RA,1,1,1.0,621027
208_refined.npy,4,RA,1,1,1.0,442804
605_refined.npy,4,RA,1,1,1.0,407272
17_refined.npy,4,RA,1,1,1.0,467174
481_refined.npy,4,RA,1,1,1.0,517153
128_refined.npy,4,RA,1,1,1.0,471324
594_refined.npy,4,RA,1,1,1.0,514177
482_refined.npy,4,RA,1,1,1.0,620021
637_refined.npy,4,RA,1,1,1.0,559261
59_refined.npy,4,RA,1,1,1.0,382703
456_refined.npy,4,RA,1,1,1.0,390738
811_refined.npy,4,RA,1,1,1.0,530478
299_refined.npy,4,RA,1,1,1.0,458992
982_refined.npy,4,RA,1,1,1.0,545182
10_refined.npy,4,RA,1,1,1.0,442947
334_refined.npy,4,RA,1,1,1.0,559962
322_refined.npy,4,RA,1,1,1.0,270097
819_refined.npy,4,RA,1,1,1.0,500388
476_refined.npy,4,RA,1,1,1.0,515767
266_refined.npy,4,RA,1,1,1.0,626719
669_refined.npy,4,RA,1,1,1.0,435619
419_refined.npy,4,RA,1,1,1.0,782269
822_refined.npy,4,RA,1,1,1.0,395228
489_refined.npy,4,RA,1,1,1.0,494630
267_refined.npy,4,RA,1,1,1.0,409045
617_refined.npy,4,RA,1,1,1.0,423396
868_refined.npy,4,RA,1,1,1.0,404435
662_refined.npy,4,RA,1,1,1.0,473238
393_refined.npy,4,RA,1,1,1.0,608345
125_refined.npy,4,RA,1,1,1.0,333858
437_refined.npy,4,RA,1,1,1.0,783913
922_refined.npy,4,RA,1,1,1.0,527212
404_refined.npy,4,RA,1,1,1.0,489157
319_refined.npy,4,RA,1,1,1.0,499208
596_refined.npy,4,RA,1,1,1.0,553940
735_refined.npy,4,RA,1,1,1.0,585532
678_refined.npy,4,RA,1,1,1.0,659371
249_refined.npy,4,RA,1,1,1.0,516703
244_refined.npy,4,RA,1,1,1.0,512653
44_refined.npy,4,RA,1,1,1.0,704710
123_refined.npy,4,RA,1,1,1.0,406872
407_refined.npy,4,RA,1,1,1.0,492992
930_refined.npy,4,RA,1,1,1.0,492122
844_refined.npy,4,RA,1,1,1.0,443835
689_refined.npy,4,RA,1,1,1.0,537039
657_refined.npy,4,RA,1,1,1.0,499736
415_refined.npy,4,RA,1,1,1.0,661968
694_refined.npy,4,RA,1,1,1.0,668434
99_refined.npy,4,RA,1,1,1.0,402929
525_refined.npy,4,RA,1,1,1.0,465894
985_refined.npy,4,RA,1,1,1.0,535088
135_refined.npy,4,RA,1,1,1.0,459328
530_refined.npy,4,RA,1,1,1.0,396928
339_refined.npy,4,RA,1,1,1.0,367517
667_refined.npy,4,RA,1,1,1.0,488765
148_refined.npy,4,RA,1,1,1.0,545386
584_refined.npy,4,RA,1,1,1.0,688261
38_refined.npy,4,RA,1,1,1.0,438806
212_refined.npy,4,RA,1,1,1.0,608992
515_refined.npy,4,RA,1,1,1.0,489704
335_refined.npy,4,RA,1,1,1.0,447228
262_refined.npy,4,RA,1,1,1.0,349573
682_refined.npy,4,RA,1,1,1.0,522797
633_refined.npy,4,RA,1,1,1.0,404546
688_refined.npy,4,RA,1,1,1.0,412658
862_refined.npy,4,RA,1,1,1.0,473446
189_refined.npy,4,RA,1,1,1.0,529768
889_refined.npy,4,RA,1,1,1.0,535437
37_refined.npy,4,RA,1,1,1.0,484727
431_refined.npy,4,RA,1,1,1.0,835858
887_refined.npy,4,RA,1,1,1.0,562669
841_refined.npy,4,RA,1,1,1.0,579535
917_refined.npy,4,RA,1,1,1.0,406398
623_refined.npy,4,RA,1,1,1.0,384858
716_refined.npy,4,RA,1,1,1.0,405080
545_refined.npy,4,RA,1,1,1.0,522053
122_refined.npy,4,RA,1,1,1.0,460673
627_refined.npy,4,RA,1,1,1.0,494753
265_refined.npy,4,RA,1,1,1.0,613856
484_refined.npy,4,RA,1,1,1.0,387806
824_refined.npy,4,RA,1,1,1.0,627834
598_refined.npy,4,RA,1,1,1.0,408586
350_refined.npy,4,RA,1,1,1.0,404769
581_refined.npy,4,RA,1,1,1.0,572611
652_refined.npy,4,RA,1,1,1.0,467649
72_refined.npy,4,RA,1,1,1.0,480402
132_refined.npy,4,RA,1,1,1.0,519395
14_refined.npy,4,RA,1,1,1.0,543472
835_refined.npy,4,RA,1,1,1.0,438906
129_refined.npy,4,RA,1,1,1.0,464926
279_refined.npy,4,RA,1,1,1.0,457880
789_refined.npy,4,RA,1,1,1.0,562891
976_refined.npy,4,RA,1,1,1.0,570757
64_refined.npy,4,RA,1,1,1.0,379383
674_refined.npy,4,RA,1,1,1.0,509256
364_refined.npy,4,RA,1,1,1.0,604929
524_refined.npy,4,RA,1,1,1.0,430484
40_refined.npy,4,RA,1,1,1.0,561600
732_refined.npy,4,RA,1,1,1.0,359423
547_refined.npy,4,RA,1,1,1.0,587199
219_refined.npy,4,RA,1,1,1.0,447228
903_refined.npy,4,RA,1,1,1.0,678230
845_refined.npy,4,RA,1,1,1.0,615479
567_refined.npy,4,RA,1,1,1.0,502229
200_refined.npy,4,RA,1,1,1.0,385887
765_refined.npy,4,RA,1,1,1.0,501513
104_refined.npy,4,RA,1,1,1.0,460016
333_refined.npy,4,RA,1,1,1.0,431572
898_refined.npy,4,RA,1,1,1.0,434254
287_refined.npy,4,RA,1,1,1.0,578403
168_refined.npy,4,RA,1,1,1.0,483031
234_refined.npy,4,RA,1,1,1.0,494300
533_refined.npy,4,RA,1,1,1.0,442893
784_refined.npy,4,RA,1,1,1.0,645246
954_refined.npy,4,RA,1,1,1.0,638162
291_refined.npy,4,RA,1,1,1.0,616531
155_refined.npy,4,RA,1,1,1.0,568897
863_refined.npy,4,RA,1,1,1.0,461805
399_refined.npy,4,RA,1,1,1.0,571661
731_refined.npy,4,RA,1,1,1.0,508715
823_refined.npy,4,RA,1,1,1.0,378908
775_refined.npy,4,RA,1,1,1.0,484370
673_refined.npy,4,RA,1,1,1.0,838488
979_refined.npy,4,RA,1,1,1.0,678983
246_refined.npy,4,RA,1,1,1.0,397999
368_refined.npy,4,RA,1,1,1.0,379509
592_refined.npy,4,RA,1,1,1.0,706408
583_refined.npy,4,RA,1,1,1.0,620058
210_refined.npy,4,RA,1,1,1.0,506894
458_refined.npy,4,RA,1,1,1.0,367427
783_refined.npy,4,RA,1,1,1.0,732441
580_refined.npy,4,RA,1,1,1.0,580246
920_refined.npy,4,RA,1,1,1.0,473482
722_refined.npy,4,RA,1,1,1.0,587014
410_refined.npy,4,RA,1,1,1.0,568714
534_refined.npy,4,RA,1,1,1.0,386041
357_refined.npy,4,RA,1,1,1.0,593597
935_refined.npy,4,RA,1,1,1.0,520931
153_refined.npy,4,RA,1,1,1.0,586839
98_refined.npy,4,RA,1,1,1.0,586160
231_refined.npy,4,RA,1,1,1.0,526927
107_refined.npy,4,RA,1,1,1.0,646146
228_refined.npy,4,RA,1,1,1.0,572673
589_refined.npy,4,RA,1,1,1.0,426228
175_refined.npy,4,RA,1,1,1.0,547730
205_refined.npy,4,RA,1,1,1.0,541599
542_refined.npy,4,RA,1,1,1.0,397862
343_refined.npy,4,RA,1,1,1.0,422986
284_refined.npy,4,RA,1,1,1.0,547267
217_refined.npy,4,RA,1,1,1.0,512824
224_refined.npy,4,RA,1,1,1.0,578110
832_refined.npy,4,RA,1,1,1.0,491786
398_refined.npy,4,RA,1,1,1.0,594790
386_refined.npy,4,RA,1,1,1.0,541284
245_refined.npy,4,RA,1,1,1.0,450713
687_refined.npy,4,RA,1,1,1.0,457832
241_refined.npy,4,RA,1,1,1.0,521315
763_refined.npy,4,RA,1,1,1.0,577568
912_refined.npy,4,RA,1,1,1.0,456526
891_refined.npy,4,RA,1,1,1.0,601394
535_refined.npy,4,RA,1,1,1.0,661463
618_refined.npy,4,RA,1,1,1.0,481412
263_refined.npy,4,RA,1,1,1.0,461465
446_refined.npy,4,RA,1,1,1.0,441221
869_refined.npy,4,RA,1,1,1.0,404686
550_refined.npy,4,RA,1,1,1.0,429506
54_refined.npy,4,RA,1,1,1.0,469399
544_refined.npy,4,RA,1,1,1.0,507666
365_refined.npy,4,RA,1,1,1.0,464643
252_refined.npy,4,RA,1,1,1.0,515343
659_refined.npy,4,RA,1,1,1.0,649776
591_refined.npy,4,RA,1,1,1.0,371410
804_refined.npy,4,RA,1,1,1.0,728192
297_refined.npy,4,RA,1,1,1.0,447642
16_refined.npy,4,RA,1,1,1.0,680590
812_refined.npy,4,RA,1,1,1.0,522714
941_refined.npy,4,RA,1,1,1.0,463968
994_refined.npy,4,RA,1,1,1.0,399421
850_refined.npy,4,RA,1,1,1.0,417759
422_refined.npy,4,RA,1,1,1.0,458959
463_refined.npy,4,RA,1,1,1.0,442026
670_refined.npy,4,RA,1,1,1.0,363441
136_refined.npy,4,RA,1,1,1.0,369130
292_refined.npy,4,RA,1,1,1.0,350775
43_refined.npy,4,RA,1,1,1.0,444413
172_refined.npy,4,RA,1,1,1.0,380699
886_refined.npy,4,RA,1,1,1.0,490748
973_refined.npy,4,RA,1,1,1.0,525972
256_refined.npy,4,RA,1,1,1.0,421774
290_refined.npy,4,RA,1,1,1.0,431357
513_refined.npy,4,RA,1,1,1.0,550594
425_refined.npy,4,RA,1,1,1.0,375428
47_refined.npy,4,RA,1,1,1.0,475061
858_refined.npy,4,RA,1,1,1.0,341868
442_refined.npy,4,RA,1,1,1.0,487866
312_refined.npy,4,RA,1,1,1.0,605815
562_refined.npy,4,RA,1,1,1.0,504037
15_refined.npy,4,RA,1,1,1.0,677668
232_refined.npy,4,RA,1,1,1.0,576269
443_refined.npy,4,RA,1,1,1.0,486148
575_refined.npy,4,RA,1,1,1.0,416918
261_refined.npy,4,RA,1,1,1.0,390693
709_refined.npy,4,RA,1,1,1.0,482329
140_refined.npy,4,RA,1,1,1.0,440743
988_refined.npy,4,RA,1,1,1.0,370363
53_refined.npy,4,RA,1,1,1.0,519388
294_refined.npy,4,RA,1,1,1.0,592207
780_refined.npy,4,RA,1,1,1.0,359336
209_refined.npy,4,RA,1,1,1.0,717943
523_refined.npy,4,RA,1,1,1.0,467270
648_refined.npy,4,RA,1,1,1.0,469690
838_refined.npy,4,RA,1,1,1.0,581887
739_refined.npy,4,RA,1,1,1.0,601052
2_refined.npy,4,RA,1,1,1.0,370958
681_refined.npy,4,RA,1,1,1.0,737212
6_refined.npy,4,RA,1,1,1.0,510053
577_refined.npy,4,RA,1,1,1.0,483655
413_refined.npy,4,RA,1,1,1.0,469846
158_refined.npy,4,RA,1,1,1.0,486187
996_refined.npy,4,RA,1,1,1.0,487954
981_refined.npy,4,RA,1,1,1.0,461697
110_refined.npy,4,RA,1,1,1.0,545568
50_refined.npy,4,RA,1,1,1.0,481255
915_refined.npy,4,RA,1,1,1.0,455964
307_refined.npy,4,RA,1,1,1.0,794456
807_refined.npy,4,RA,1,1,1.0,501279
126_refined.npy,4,RA,1,1,1.0,578718
274_refined.npy,4,RA,1,1,1.0,657015
218_refined.npy,4,RA,1,1,1.0,448193
532_refined.npy,4,RA,1,1,1.0,432413
558_refined.npy,4,RA,1,1,1.0,538556
961_refined.npy,4,RA,1,1,1.0,630248
32_refined.npy,4,RA,1,1,1.0,594313
541_refined.npy,4,RA,1,1,1.0,495333
704_refined.npy,4,RA,1,1,1.0,417561
984_refined.npy,4,RA,1,1,1.0,391915
309_refined.npy,4,RA,1,1,1.0,386945
459_refined.npy,4,RA,1,1,1.0,627162
769_refined.npy,4,RA,1,1,1.0,541451
455_refined.npy,4,RA,1,1,1.0,508524
412_refined.npy,4,RA,1,1,1.0,581018
221_refined.npy,4,RA,1,1,1.0,569656
719_refined.npy,4,RA,1,1,1.0,579690
790_refined.npy,4,RA,1,1,1.0,462556
810_refined.npy,4,RA,1,1,1.0,513750
152_refined.npy,4,RA,1,1,1.0,576903
518_refined.npy,4,RA,1,1,1.0,579512
340_refined.npy,4,RA,1,1,1.0,552375
703_refined.npy,4,RA,1,1,1.0,345277
73_refined.npy,4,RA,1,1,1.0,628744
411_refined.npy,4,RA,1,1,1.0,307961
355_refined.npy,4,RA,1,1,1.0,701462
721_refined.npy,4,RA,1,1,1.0,431923
537_refined.npy,4,RA,1,1,1.0,496210
423_refined.npy,4,RA,1,1,1.0,475515
1_refined.npy,4,RA,1,1,1.0,340353
164_refined.npy,4,RA,1,1,1.0,508122
693_refined.npy,4,RA,1,1,1.0,602820
802_refined.npy,4,RA,1,1,1.0,549502
959_refined.npy,4,RA,1,1,1.0,543409
692_refined.npy,4,RA,1,1,1.0,534687
967_refined.npy,4,RA,1,1,1.0,462241
500_refined.npy,4,RA,1,1,1.0,431699
314_refined.npy,4,RA,1,1,1.0,433366
109_refined.npy,4,RA,1,1,1.0,703427
990_refined.npy,4,RA,1,1,1.0,472463
55_refined.npy,4,RA,1,1,1.0,552835
310_refined.npy,4,RA,1,1,1.0,662947
741_refined.npy,4,RA,1,1,1.0,386813
521_refined.npy,4,RA,1,1,1.0,585624
496_refined.npy,4,RA,1,1,1.0,385709
839_refined.npy,4,RA,1,1,1.0,648080
159_refined.npy,4,RA,1,1,1.0,522325
51_refined.npy,4,RA,1,1,1.0,417383
906_refined.npy,4,RA,1,1,1.0,472366
925_refined.npy,4,RA,1,1,1.0,389806
441_refined.npy,4,RA,1,1,1.0,552374
628_refined.npy,4,RA,1,1,1.0,469578
993_refined.npy,4,RA,1,1,1.0,475530
661_refined.npy,4,RA,1,1,1.0,289988
285_refined.npy,4,RA,1,1,1.0,576613
91_refined.npy,4,RA,1,1,1.0,447843
197_refined.npy,4,RA,1,1,1.0,377551
199_refined.npy,4,RA,1,1,1.0,471578
568_refined.npy,4,RA,1,1,1.0,516563
276_refined.npy,4,RA,1,1,1.0,244615
383_refined.npy,4,RA,1,1,1.0,383528
751_refined.npy,4,RA,1,1,1.0,570065
611_refined.npy,4,RA,1,1,1.0,553212
793_refined.npy,4,RA,1,1,1.0,538934
243_refined.npy,4,RA,1,1,1.0,434965
809_refined.npy,4,RA,1,1,1.0,426543
346_refined.npy,4,RA,1,1,1.0,724942
483_refined.npy,4,RA,1,1,1.0,579966
729_refined.npy,4,RA,1,1,1.0,470152
117_refined.npy,4,RA,1,1,1.0,463665
448_refined.npy,4,RA,1,1,1.0,478522
926_refined.npy,4,RA,1,1,1.0,474640
306_refined.npy,4,RA,1,1,1.0,407960
173_refined.npy,4,RA,1,1,1.0,597785
430_refined.npy,4,RA,1,1,1.0,566559
320_refined.npy,4,RA,1,1,1.0,665964
754_refined.npy,4,RA,1,1,1.0,410173
495_refined.npy,4,RA,1,1,1.0,552699
733_refined.npy,4,RA,1,1,1.0,334923
876_refined.npy,4,RA,1,1,1.0,497540
539_refined.npy,4,RA,1,1,1.0,627251
316_refined.npy,4,RA,1,1,1.0,437343
585_refined.npy,4,RA,1,1,1.0,652080
969_refined.npy,4,RA,1,1,1.0,733065
995_refined.npy,4,RA,1,1,1.0,338881
445_refined.npy,4,RA,1,1,1.0,585746
347_refined.npy,4,RA,1,1,1.0,401735
300_refined.npy,4,RA,1,1,1.0,564178
565_refined.npy,4,RA,1,1,1.0,459544
570_refined.npy,4,RA,1,1,1.0,529731
705_refined.npy,4,RA,1,1,1.0,525582
361_refined.npy,4,RA,1,1,1.0,467398
664_refined.npy,4,RA,1,1,1.0,626499
572_refined.npy,4,RA,1,1,1.0,492190
248_refined.npy,4,RA,1,1,1.0,491464
921_refined.npy,4,RA,1,1,1.0,594334
238_refined.npy,4,RA,1,1,1.0,740562
480_refined.npy,4,RA,1,1,1.0,453850
302_refined.npy,4,RA,1,1,1.0,453816
974_refined.npy,4,RA,1,1,1.0,383746
571_refined.npy,4,RA,1,1,1.0,468627
715_refined.npy,4,RA,1,1,1.0,608738
97_refined.npy,4,RA,1,1,1.0,651327
253_refined.npy,4,RA,1,1,1.0,542542
369_refined.npy,4,RA,1,1,1.0,416046
946_refined.npy,4,RA,1,1,1.0,329986
65_refined.npy,4,RA,1,1,1.0,542930
325_refined.npy,4,RA,1,1,1.0,720289
582_refined.npy,4,RA,1,1,1.0,866132
454_refined.npy,4,RA,1,1,1.0,446053
798_refined.npy,4,RA,1,1,1.0,496608
884_refined.npy,4,RA,1,1,1.0,579093
33_refined.npy,4,RA,1,1,1.0,499919
230_refined.npy,4,RA,1,1,1.0,536760
379_refined.npy,4,RA,1,1,1.0,534573
831_refined.npy,4,RA,1,1,1.0,489763
675_refined.npy,4,RA,1,1,1.0,479760
36_refined.npy,4,RA,1,1,1.0,509624
328_refined.npy,4,RA,1,1,1.0,390773
914_refined.npy,4,RA,1,1,1.0,453621
738_refined.npy,4,RA,1,1,1.0,491753
744_refined.npy,4,RA,1,1,1.0,647095
826_refined.npy,4,RA,1,1,1.0,404511
965_refined.npy,4,RA,1,1,1.0,511318
817_refined.npy,4,RA,1,1,1.0,580107
286_refined.npy,4,RA,1,1,1.0,540616
836_refined.npy,4,RA,1,1,1.0,457377
188_refined.npy,4,RA,1,1,1.0,667521
116_refined.npy,4,RA,1,1,1.0,724255
556_refined.npy,4,RA,1,1,1.0,366467
655_refined.npy,4,RA,1,1,1.0,366141
156_refined.npy,4,RA,1,1,1.0,590849
288_refined.npy,4,RA,1,1,1.0,533498
424_refined.npy,4,RA,1,1,1.0,418218
401_refined.npy,4,RA,1,1,1.0,670327
619_refined.npy,4,RA,1,1,1.0,394353
606_refined.npy,4,RA,1,1,1.0,367341
318_refined.npy,4,RA,1,1,1.0,436194
668_refined.npy,4,RA,1,1,1.0,481689
843_refined.npy,4,RA,1,1,1.0,448623
872_refined.npy,4,RA,1,1,1.0,554181
962_refined.npy,4,RA,1,1,1.0,475712
800_refined.npy,4,RA,1,1,1.0,612488
356_refined.npy,4,RA,1,1,1.0,587558
220_refined.npy,4,RA,1,1,1.0,329436
151_refined.npy,4,RA,1,1,1.0,600388
650_refined.npy,4,RA,1,1,1.0,535840
145_refined.npy,4,RA,1,1,1.0,492889
940_refined.npy,4,RA,1,1,1.0,695875
742_refined.npy,4,RA,1,1,1.0,449815
578_refined.npy,4,RA,1,1,1.0,554234
600_refined.npy,4,RA,1,1,1.0,554881
630_refined.npy,4,RA,1,1,1.0,449629
432_refined.npy,4,RA,1,1,1.0,434351
787_refined.npy,4,RA,1,1,1.0,472516
697_refined.npy,4,RA,1,1,1.0,846917
708_refined.npy,4,RA,1,1,1.0,498936
597_refined.npy,4,RA,1,1,1.0,572581
20_refined.npy,4,RA,1,1,1.0,371706
579_refined.npy,4,RA,1,1,1.0,427099
196_refined.npy,4,RA,1,1,1.0,508912
957_refined.npy,4,RA,1,1,1.0,608472
767_refined.npy,4,RA,1,1,1.0,503913
885_refined.npy,4,RA,1,1,1.0,414635
629_refined.npy,4,RA,1,1,1.0,627294
877_refined.npy,4,RA,1,1,1.0,603192
718_refined.npy,4,RA,1,1,1.0,424747
13_refined.npy,4,RA,1,1,1.0,662186
516_refined.npy,4,RA,1,1,1.0,376714
711_refined.npy,4,RA,1,1,1.0,424202
439_refined.npy,4,RA,1,1,1.0,425853
963_refined.npy,4,RA,1,1,1.0,562054
608_refined.npy,4,RA,1,1,1.0,543492
345_refined.npy,4,RA,1,1,1.0,393143
723_refined.npy,4,RA,1,1,1.0,514108
949_refined.npy,4,RA,1,1,1.0,519998
498_refined.npy,4,RA,1,1,1.0,467475
647_refined.npy,4,RA,1,1,1.0,410795
574_refined.npy,4,RA,1,1,1.0,498253
879_refined.npy,4,RA,1,1,1.0,485901
473_refined.npy,4,RA,1,1,1.0,460520
94_refined.npy,4,RA,1,1,1.0,654489
60_refined.npy,4,RA,1,1,1.0,457141
95_refined.npy,4,RA,1,1,1.0,412049
479_refined.npy,4,RA,1,1,1.0,440536
907_refined.npy,4,RA,1,1,1.0,520718
737_refined.npy,4,RA,1,1,1.0,608543
184_refined.npy,4,RA,1,1,1.0,505401
573_refined.npy,4,RA,1,1,1.0,487838
41_refined.npy,4,RA,1,1,1.0,601596
157_refined.npy,4,RA,1,1,1.0,422597
772_refined.npy,4,RA,1,1,1.0,681748
663_refined.npy,4,RA,1,1,1.0,512892
438_refined.npy,4,RA,1,1,1.0,512076
326_refined.npy,4,RA,1,1,1.0,541318
980_refined.npy,4,RA,1,1,1.0,574931
269_refined.npy,4,RA,1,1,1.0,606459
806_refined.npy,4,RA,1,1,1.0,511226
450_refined.npy,4,RA,1,1,1.0,503995
919_refined.npy,4,RA,1,1,1.0,627701
528_refined.npy,4,RA,1,1,1.0,543435
239_refined.npy,4,RA,1,1,1.0,628848
714_refined.npy,4,RA,1,1,1.0,678697
273_refined.npy,4,RA,1,1,1.0,387330
427_refined.npy,4,RA,1,1,1.0,375114
81_refined.npy,4,RA,1,1,1.0,479436
250_refined.npy,4,RA,1,1,1.0,436935
658_refined.npy,4,RA,1,1,1.0,513262
74_refined.npy,4,RA,1,1,1.0,390156
39_refined.npy,4,RA,1,1,1.0,457494
366_refined.npy,4,RA,1,1,1.0,435455
712_refined.npy,4,RA,1,1,1.0,507452
112_refined.npy,4,RA,1,1,1.0,533199
143_refined.npy,4,RA,1,1,1.0,347118
177_refined.npy,4,RA,1,1,1.0,375338
76_refined.npy,4,RA,1,1,1.0,439243
510_refined.npy,4,RA,1,1,1.0,496097
882_refined.npy,4,RA,1,1,1.0,411755
527_refined.npy,4,RA,1,1,1.0,394034
204_refined.npy,4,RA,1,1,1.0,359974
773_refined.npy,4,RA,1,1,1.0,588942
394_refined.npy,4,RA,1,1,1.0,570245
457_refined.npy,4,RA,1,1,1.0,472536
227_refined.npy,4,RA,1,1,1.0,578739
607_refined.npy,4,RA,1,1,1.0,413083
278_refined.npy,4,RA,1,1,1.0,711660
753_refined.npy,4,RA,1,1,1.0,412632
146_refined.npy,4,RA,1,1,1.0,569395
576_refined.npy,4,RA,1,1,1.0,549908
548_refined.npy,4,RA,1,1,1.0,385649
755_refined.npy,4,RA,1,1,1.0,384154
183_refined.npy,4,RA,1,1,1.0,412017
186_refined.npy,4,RA,1,1,1.0,510563
30_refined.npy,4,RA,1,1,1.0,488842
488_refined.npy,4,RA,1,1,1.0,521236
406_refined.npy,4,RA,1,1,1.0,454280
856_refined.npy,4,RA,1,1,1.0,493824
900_refined.npy,4,RA,1,1,1.0,607208
952_refined.npy,4,RA,1,1,1.0,664319
66_refined.npy,4,RA,1,1,1.0,424376
778_refined.npy,4,RA,1,1,1.0,435944
760_refined.npy,4,RA,1,1,1.0,433570
695_refined.npy,4,RA,1,1,1.0,548291
380_refined.npy,4,RA,1,1,1.0,619932
953_refined.npy,4,RA,1,1,1.0,445185
526_refined.npy,4,RA,1,1,1.0,414579
497_refined.npy,4,RA,1,1,1.0,373351
198_refined.npy,4,RA,1,1,1.0,569601
106_refined.npy,4,RA,1,1,1.0,604054
160_refined.npy,4,RA,1,1,1.0,661662
504_refined.npy,4,RA,1,1,1.0,458175
601_refined.npy,4,RA,1,1,1.0,548987
506_refined.npy,4,RA,1,1,1.0,402996
48_refined.npy,4,RA,1,1,1.0,593915
936_refined.npy,4,RA,1,1,1.0,436622
89_refined.npy,4,RA,1,1,1.0,396833
147_refined.npy,4,RA,1,1,1.0,477358
549_refined.npy,4,RA,1,1,1.0,657485
22_refined.npy,4,RA,1,1,1.0,513065
653_refined.npy,4,RA,1,1,1.0,346430
408_refined.npy,4,RA,1,1,1.0,494881
634_refined.npy,4,RA,1,1,1.0,708435
888_refined.npy,4,RA,1,1,1.0,389327
11_refined.npy,4,RA,1,1,1.0,526024
255_refined.npy,4,RA,1,1,1.0,421526
890_refined.npy,4,RA,1,1,1.0,566688
503_refined.npy,4,RA,1,1,1.0,428228
414_refined.npy,4,RA,1,1,1.0,421386
849_refined.npy,4,RA,1,1,1.0,554318
586_refined.npy,4,RA,1,1,1.0,1027156
997_refined.npy,4,RA,1,1,1.0,408941
899_refined.npy,4,RA,1,1,1.0,636636
327_refined.npy,4,RA,1,1,1.0,564038
847_refined.npy,4,RA,1,1,1.0,653740
161_refined.npy,4,RA,1,1,1.0,686938
317_refined.npy,4,RA,1,1,1.0,643210
679_refined.npy,4,RA,1,1,1.0,581479
226_refined.npy,4,RA,1,1,1.0,633100
853_refined.npy,4,RA,1,1,1.0,387556
966_refined.npy,4,RA,1,1,1.0,361829
42_refined.npy,4,RA,1,1,1.0,642376
397_refined.npy,4,RA,1,1,1.0,482038
978_refined.npy,4,RA,1,1,1.0,448184
180_refined.npy,4,RA,1,1,1.0,482952
830_refined.npy,4,RA,1,1,1.0,433390
848_refined.npy,4,RA,1,1,1.0,561588
837_refined.npy,4,RA,1,1,1.0,401130
654_refined.npy,4,RA,1,1,1.0,389267
71_refined.npy,4,RA,1,1,1.0,532070
92_refined.npy,4,RA,1,1,1.0,409093
603_refined.npy,4,RA,1,1,1.0,761864
429_refined.npy,4,RA,1,1,1.0,502978
846_refined.npy,4,RA,1,1,1.0,681718
469_refined.npy,4,RA,1,1,1.0,464661
768_refined.npy,4,RA,1,1,1.0,271563
171_refined.npy,4,RA,1,1,1.0,597984
902_refined.npy,4,RA,1,1,1.0,570887
84_refined.npy,4,RA,1,1,1.0,521861
698_refined.npy,4,RA,1,1,1.0,496338
827_refined.npy,4,RA,1,1,1.0,486618
696_refined.npy,4,RA,1,1,1.0,609971
203_refined.npy,4,RA,1,1,1.0,545865
864_refined.npy,4,RA,1,1,1.0,460922
865_refined.npy,4,RA,1,1,1.0,484788
569_refined.npy,4,RA,1,1,1.0,405020
257_refined.npy,4,RA,1,1,1.0,465748
193_refined.npy,4,RA,1,1,1.0,529870
897_refined.npy,4,RA,1,1,1.0,437995
194_refined.npy,4,RA,1,1,1.0,440659
871_refined.npy,4,RA,1,1,1.0,505808
464_refined.npy,4,RA,1,1,1.0,464129
771_refined.npy,4,RA,1,1,1.0,426872
873_refined.npy,4,RA,1,1,1.0,482519
191_refined.npy,4,RA,1,1,1.0,482914
866_refined.npy,4,RA,1,1,1.0,490353
181_refined.npy,4,RA,1,1,1.0,570445
736_refined.npy,4,RA,1,1,1.0,496447
187_refined.npy,4,RA,1,1,1.0,335273
359_refined.npy,4,RA,1,1,1.0,396728
63_refined.npy,4,RA,1,1,1.0,763709
991_refined.npy,4,RA,1,1,1.0,496138
588_refined.npy,4,RA,1,1,1.0,553877
512_refined.npy,4,RA,1,1,1.0,466114
387_refined.npy,4,RA,1,1,1.0,584734
615_refined.npy,4,RA,1,1,1.0,530629
646_refined.npy,4,RA,1,1,1.0,394272
511_refined.npy,4,RA,1,1,1.0,457261
474_refined.npy,4,RA,1,1,1.0,533298
795_refined.npy,4,RA,1,1,1.0,540083
786_refined.npy,4,RA,1,1,1.0,451823
999_refined.npy,4,RA,1,1,1.0,437327
214_refined.npy,4,RA,1,1,1.0,757278
270_refined.npy,4,RA,1,1,1.0,390631
289_refined.npy,4,RA,1,1,1.0,624465
766_refined.npy,4,RA,1,1,1.0,509709
717_refined.npy,4,RA,1,1,1.0,520801
587_refined.npy,4,RA,1,1,1.0,461240
905_refined.npy,4,RA,1,1,1.0,414143
182_refined.npy,4,RA,1,1,1.0,332125
609_refined.npy,4,RA,1,1,1.0,548663
855_refined.npy,4,RA,1,1,1.0,310606
296_refined.npy,4,RA,1,1,1.0,517034
913_refined.npy,4,RA,1,1,1.0,390403
80_refined.npy,4,RA,1,1,1.0,380769
377_refined.npy,4,RA,1,1,1.0,483329
382_refined.npy,4,RA,1,1,1.0,333152
56_refined.npy,4,RA,1,1,1.0,438033
799_refined.npy,4,RA,1,1,1.0,509027
133_refined.npy,4,RA,1,1,1.0,736685
444_refined.npy,4,RA,1,1,1.0,503193
746_refined.npy,4,RA,1,1,1.0,378301
79_refined.npy,4,RA,1,1,1.0,420127
236_refined.npy,4,RA,1,1,1.0,505977
315_refined.npy,4,RA,1,1,1.0,450891
453_refined.npy,4,RA,1,1,1.0,636282
1000_refined.npy,4,RA,1,1,1.0,528940
554_refined.npy,4,RA,1,1,1.0,584597
977_refined.npy,4,RA,1,1,1.0,494684
225_refined.npy,4,RA,1,1,1.0,502128
486_refined.npy,4,RA,1,1,1.0,491964
251_refined.npy,4,RA,1,1,1.0,695869
645_refined.npy,4,RA,1,1,1.0,665422
374_refined.npy,4,RA,1,1,1.0,457167
740_refined.npy,4,RA,1,1,1.0,466268
934_refined.npy,4,RA,1,1,1.0,530198
301_refined.npy,4,RA,1,1,1.0,576922
237_refined.npy,4,RA,1,1,1.0,626652
520_refined.npy,4,RA,1,1,1.0,542562
796_refined.npy,4,RA,1,1,1.0,617245
487_refined.npy,4,RA,1,1,1.0,645929
894_refined.npy,4,RA,1,1,1.0,363291
499_refined.npy,4,RA,1,1,1.0,482175
131_refined.npy,4,RA,1,1,1.0,483976
728_refined.npy,4,RA,1,1,1.0,412043
950_refined.npy,4,RA,1,1,1.0,435894
338_refined.npy,4,RA,1,1,1.0,574103
641_refined.npy,4,RA,1,1,1.0,498744
901_refined.npy,4,RA,1,1,1.0,570444
9_refined.npy,4,RA,1,1,1.0,564636
163_refined.npy,4,RA,1,1,1.0,412815
730_refined.npy,4,RA,1,1,1.0,703187
546_refined.npy,4,RA,1,1,1.0,607169
86_refined.npy,4,RA,1,1,1.0,600209
665_refined.npy,4,RA,1,1,1.0,729147
710_refined.npy,4,RA,1,1,1.0,363151
734_refined.npy,4,RA,1,1,1.0,354417
418_refined.npy,4,RA,1,1,1.0,769731
756_refined.npy,4,RA,1,1,1.0,526886
896_refined.npy,4,RA,1,1,1.0,575782
403_refined.npy,4,RA,1,1,1.0,385548
908_refined.npy,4,RA,1,1,1.0,372582
466_refined.npy,4,RA,1,1,1.0,450885
947_refined.npy,4,RA,1,1,1.0,449848
82_refined.npy,4,RA,1,1,1.0,443100
137_refined.npy,4,RA,1,1,1.0,416090
987_refined.npy,4,RA,1,1,1.0,504144
384_refined.npy,4,RA,1,1,1.0,572749
701_refined.npy,4,RA,1,1,1.0,715272
614_refined.npy,4,RA,1,1,1.0,478491
986_refined.npy,4,RA,1,1,1.0,631459
391_refined.npy,4,RA,1,1,1.0,348975
400_refined.npy,4,RA,1,1,1.0,363226
968_refined.npy,4,RA,1,1,1.0,426478
477_refined.npy,4,RA,1,1,1.0,374649
801_refined.npy,4,RA,1,1,1.0,454570
119_refined.npy,4,RA,1,1,1.0,394880
247_refined.npy,4,RA,1,1,1.0,442210
341_refined.npy,4,RA,1,1,1.0,517811
211_refined.npy,4,RA,1,1,1.0,493664
216_refined.npy,4,RA,1,1,1.0,509296
536_refined.npy,4,RA,1,1,1.0,356669
426_refined.npy,4,RA,1,1,1.0,572806
604_refined.npy,4,RA,1,1,1.0,463429
983_refined.npy,4,RA,1,1,1.0,428530
779_refined.npy,4,RA,1,1,1.0,619608
21_refined.npy,4,RA,1,1,1.0,391178
924_refined.npy,4,RA,1,1,1.0,626868
353_refined.npy,4,RA,1,1,1.0,487325
842_refined.npy,4,RA,1,1,1.0,503838
283_refined.npy,4,RA,1,1,1.0,746327
124_refined.npy,4,RA,1,1,1.0,683525
752_refined.npy,4,RA,1,1,1.0,530204
501_refined.npy,4,RA,1,1,1.0,520582
929_refined.npy,4,RA,1,1,1.0,806168
19_refined.npy,4,RA,1,1,1.0,558256
223_refined.npy,4,RA,1,1,1.0,464351
938_refined.npy,4,RA,1,1,1.0,478440
677_refined.npy,4,RA,1,1,1.0,379503
861_refined.npy,4,RA,1,1,1.0,327155
52_refined.npy,4,RA,1,1,1.0,554537
235_refined.npy,4,RA,1,1,1.0,598841
813_refined.npy,4,RA,1,1,1.0,595059
867_refined.npy,4,RA,1,1,1.0,508801
774_refined.npy,4,RA,1,1,1.0,744406
277_refined.npy,4,RA,1,1,1.0,482794
149_refined.npy,4,RA,1,1,1.0,362323
720_refined.npy,4,RA,1,1,1.0,579629
103_refined.npy,4,RA,1,1,1.0,787816
396_refined.npy,4,RA,1,1,1.0,494553
642_refined.npy,4,RA,1,1,1.0,438251
468_refined.npy,4,RA,1,1,1.0,603352
105_refined.npy,4,RA,1,1,1.0,921028
680_refined.npy,4,RA,1,1,1.0,680723
508_refined.npy,4,RA,1,1,1.0,405244
24_refined.npy,4,RA,1,1,1.0,561173
992_refined.npy,4,RA,1,1,1.0,456530
942_refined.npy,4,RA,1,1,1.0,413285
87_refined.npy,4,RA,1,1,1.0,427598
185_refined.npy,4,RA,1,1,1.0,357333
127_refined.npy,4,RA,1,1,1.0,454331
375_refined.npy,4,RA,1,1,1.0,485789
781_refined.npy,4,RA,1,1,1.0,456327
916_refined.npy,4,RA,1,1,1.0,463914
7_refined.npy,4,RA,1,1,1.0,502754
971_refined.npy,4,RA,1,1,1.0,659083
491_refined.npy,4,RA,1,1,1.0,652276
551_refined.npy,4,RA,1,1,1.0,575504
672_refined.npy,4,RA,1,1,1.0,546342
975_refined.npy,4,RA,1,1,1.0,454150
892_refined.npy,4,RA,1,1,1.0,405794
493_refined.npy,4,RA,1,1,1.0,500203
502_refined.npy,4,RA,1,1,1.0,532727
878_refined.npy,4,RA,1,1,1.0,583004
178_refined.npy,4,RA,1,1,1.0,757212
360_refined.npy,4,RA,1,1,1.0,619516
207_refined.npy,4,RA,1,1,1.0,399711
656_refined.npy,4,RA,1,1,1.0,494763
5_refined.npy,4,RA,1,1,1.0,775775
874_refined.npy,4,RA,1,1,1.0,485322
791_refined.npy,4,RA,1,1,1.0,307073
421_refined.npy,4,RA,1,1,1.0,372130
154_refined.npy,4,RA,1,1,1.0,684980
770_refined.npy,4,RA,1,1,1.0,525481
750_refined.npy,4,RA,1,1,1.0,375848
195_refined.npy,4,RA,1,1,1.0,710016
895_refined.npy,4,RA,1,1,1.0,428221
904_refined.npy,4,RA,1,1,1.0,411395
794_refined.npy,4,RA,1,1,1.0,656798
324_refined.npy,4,RA,1,1,1.0,406741
363_refined.npy,4,RA,1,1,1.0,620257
337_refined.npy,4,RA,1,1,1.0,443655
522_refined.npy,4,RA,1,1,1.0,455757
964_refined.npy,4,RA,1,1,1.0,479344
951_refined.npy,4,RA,1,1,1.0,423647
12_refined.npy,4,RA,1,1,1.0,538604
75_refined.npy,4,RA,1,1,1.0,306216
260_refined.npy,4,RA,1,1,1.0,411050
378_refined.npy,4,RA,1,1,1.0,453498
803_refined.npy,4,RA,1,1,1.0,541808
201_refined.npy,4,RA,1,1,1.0,428219
788_refined.npy,4,RA,1,1,1.0,497163
727_refined.npy,4,RA,1,1,1.0,575197
911_refined.npy,4,RA,1,1,1.0,491834
649_refined.npy,4,RA,1,1,1.0,394589
460_refined.npy,4,RA,1,1,1.0,452507
624_refined.npy,4,RA,1,1,1.0,529413
167_refined.npy,4,RA,1,1,1.0,453280
311_refined.npy,4,RA,1,1,1.0,416096
62_refined.npy,4,RA,1,1,1.0,541785
909_refined.npy,4,RA,1,1,1.0,487998
298_refined.npy,4,RA,1,1,1.0,353425
293_refined.npy,4,RA,1,1,1.0,393548
213_refined.npy,4,RA,1,1,1.0,509264
342_refined.npy,4,RA,1,1,1.0,666313
169_refined.npy,4,RA,1,1,1.0,490390
69_refined.npy,4,RA,1,1,1.0,411016
559_refined.npy,4,RA,1,1,1.0,550507
202_refined.npy,4,RA,1,1,1.0,567855
748_refined.npy,4,RA,1,1,1.0,405910
560_refined.npy,4,RA,1,1,1.0,455053
666_refined.npy,4,RA,1,1,1.0,395906
815_refined.npy,4,RA,1,1,1.0,602978
229_refined.npy,4,RA,1,1,1.0,496986
685_refined.npy,4,RA,1,1,1.0,493034
271_refined.npy,4,RA,1,1,1.0,587324
660_refined.npy,4,RA,1,1,1.0,391115
78_refined.npy,4,RA,1,1,1.0,365588
632_refined.npy,4,RA,1,1,1.0,558138
529_refined.npy,4,RA,1,1,1.0,545716
108_refined.npy,4,RA,1,1,1.0,547103
222_refined.npy,4,RA,1,1,1.0,558331
100_refined.npy,4,RA,1,1,1.0,615295
392_refined.npy,4,RA,1,1,1.0,451395
989_refined.npy,4,RA,1,1,1.0,545166
49_refined.npy,4,RA,1,1,1.0,546461
937_refined.npy,4,RA,1,1,1.0,585323
707_refined.npy,4,RA,1,1,1.0,619395
713_refined.npy,4,RA,1,1,1.0,605250
859_refined.npy,4,RA,1,1,1.0,616983
395_refined.npy,4,RA,1,1,1.0,522892
475_refined.npy,4,RA,1,1,1.0,415325
233_refined.npy,4,RA,1,1,1.0,446519
34_refined.npy,4,RA,1,1,1.0,562914
472_refined.npy,4,RA,1,1,1.0,526270
777_refined.npy,4,RA,1,1,1.0,600806
268_refined.npy,4,RA,1,1,1.0,489801
388_refined.npy,4,RA,1,1,1.0,547448
492_refined.npy,4,RA,1,1,1.0,409950
389_refined.npy,4,RA,1,1,1.0,404708
860_refined.npy,4,RA,1,1,1.0,429704
749_refined.npy,4,RA,1,1,1.0,491684
918_refined.npy,4,RA,1,1,1.0,524586
948_refined.npy,4,RA,1,1,1.0,410094
451_refined.npy,4,RA,1,1,1.0,424699
390_refined.npy,4,RA,1,1,1.0,521668
945_refined.npy,4,RA,1,1,1.0,458913
329_refined.npy,4,RA,1,1,1.0,374831
764_refined.npy,4,RA,1,1,1.0,621312
519_refined.npy,4,RA,1,1,1.0,548199
85_refined.npy,4,RA,1,1,1.0,477096
643_refined.npy,4,RA,1,1,1.0,548054
372_refined.npy,4,RA,1,1,1.0,419960
471_refined.npy,4,RA,1,1,1.0,382048
35_refined.npy,4,RA,1,1,1.0,697975
303_refined.npy,4,RA,1,1,1.0,474351
759_refined.npy,4,RA,1,1,1.0,584739
490_refined.npy,4,RA,1,1,1.0,582313
114_refined.npy,4,RA,1,1,1.0,565753
494_refined.npy,4,RA,1,1,1.0,410807
370_refined.npy,4,RA,1,1,1.0,836085
57_refined.npy,4,RA,1,1,1.0,490240
373_refined.npy,4,RA,1,1,1.0,496955
792_refined.npy,4,RA,1,1,1.0,624906
762_refined.npy,4,RA,1,1,1.0,525719
620_refined.npy,4,RA,1,1,1.0,367963
452_refined.npy,4,RA,1,1,1.0,493786
851_refined.npy,4,RA,1,1,1.0,549459
134_refined.npy,4,RA,1,1,1.0,330921
61_refined.npy,4,RA,1,1,1.0,357217
381_refined.npy,4,RA,1,1,1.0,344024
557_refined.npy,4,RA,1,1,1.0,338059
761_refined.npy,4,RA,1,1,1.0,536546
465_refined.npy,4,RA,1,1,1.0,795188
651_refined.npy,4,RA,1,1,1.0,632268
282_refined.npy,4,RA,1,1,1.0,704107
206_refined.npy,4,RA,1,1,1.0,326984
275_refined.npy,4,RA,1,1,1.0,438305
264_refined.npy,4,RA,1,1,1.0,622975
644_refined.npy,4,RA,1,1,1.0,701350
115_refined.npy,4,RA,1,1,1.0,387762
566_refined.npy,4,RA,1,1,1.0,429844
259_refined.npy,4,RA,1,1,1.0,510553
4_refined.npy,4,RA,1,1,1.0,409238
121_refined.npy,4,RA,1,1,1.0,520565
111_refined.npy,4,RA,1,1,1.0,716669
514_refined.npy,4,RA,1,1,1.0,385978
428_refined.npy,4,RA,1,1,1.0,528557
354_refined.npy,4,RA,1,1,1.0,437678
825_refined.npy,4,RA,1,1,1.0,718921
120_refined.npy,4,RA,1,1,1.0,505056
595_refined.npy,4,RA,1,1,1.0,359778
590_refined.npy,4,RA,1,1,1.0,415438
362_refined.npy,4,RA,1,1,1.0,465842
433_refined.npy,4,RA,1,1,1.0,431088
470_refined.npy,4,RA,1,1,1.0,293832
613_refined.npy,4,RA,1,1,1.0,328782
923_refined.npy,4,RA,1,1,1.0,470776
517_refined.npy,4,RA,1,1,1.0,464516
352_refined.npy,4,RA,1,1,1.0,355989
242_refined.npy,4,RA,1,1,1.0,506288
416_refined.npy,4,RA,1,1,1.0,627941
928_refined.npy,4,RA,1,1,1.0,458983
58_refined.npy,4,RA,1,1,1.0,566238
330_refined.npy,4,RA,1,1,1.0,413786
955_refined.npy,4,RA,1,1,1.0,458572
139_refined.npy,4,RA,1,1,1.0,506890
405_refined.npy,4,RA,1,1,1.0,432536
258_refined.npy,4,RA,1,1,1.0,630845
254_refined.npy,4,RA,1,1,1.0,455741
46_refined.npy,4,RA,1,1,1.0,521200
700_refined.npy,4,RA,1,1,1.0,728596
671_refined.npy,4,RA,1,1,1.0,692974
507_refined.npy,4,RA,1,1,1.0,358007
943_refined.npy,4,RA,1,1,1.0,479669
640_refined.npy,4,RA,1,1,1.0,343173
553_refined.npy,4,RA,1,1,1.0,371275
612_refined.npy,4,RA,1,1,1.0,468252
932_refined.npy,4,RA,1,1,1.0,472948
358_refined.npy,4,RA,1,1,1.0,420975
478_refined.npy,4,RA,1,1,1.0,551706
417_refined.npy,4,RA,1,1,1.0,434158
626_refined.npy,4,RA,1,1,1.0,453324
821_refined.npy,4,RA,1,1,1.0,1247161
165_refined.npy,4,RA,1,1,1.0,378458
308_refined.npy,4,RA,1,1,1.0,490488
833_refined.npy,4,RA,1,1,1.0,670448
461_refined.npy,4,RA,1,1,1.0,386567
818_refined.npy,4,RA,1,1,1.0,415884
434_refined.npy,4,RA,1,1,1.0,499564
757_refined.npy,4,RA,1,1,1.0,492022
636_refined.npy,4,RA,1,1,1.0,526336
420_refined.npy,4,RA,1,1,1.0,549187
305_refined.npy,4,RA,1,1,1.0,563359
118_refined.npy,4,RA,1,1,1.0,537195
599_refined.npy,4,RA,1,1,1.0,548202
563_refined.npy,4,RA,1,1,1.0,698502
745_refined.npy,4,RA,1,1,1.0,415241
505_refined.npy,4,RA,1,1,1.0,506102
240_refined.npy,4,RA,1,1,1.0,655085
893_refined.npy,4,RA,1,1,1.0,655669
944_refined.npy,4,RA,1,1,1.0,398620
726_refined.npy,4,RA,1,1,1.0,625978
402_refined.npy,4,RA,1,1,1.0,511216
616_refined.npy,4,RA,1,1,1.0,467016
447_refined.npy,4,RA,1,1,1.0,528258
776_refined.npy,4,RA,1,1,1.0,552534
351_refined.npy,4,RA,1,1,1.0,507776
998_refined.npy,4,RA,1,1,1.0,427207
83_refined.npy,4,RA,1,1,1.0,397549
323_refined.npy,4,RA,1,1,1.0,670628
304_refined.npy,4,RA,1,1,1.0,454433
828_refined.npy,4,RA,1,1,1.0,586589
820_refined.npy,4,RA,1,1,1.0,361350
561_refined.npy,4,RA,1,1,1.0,386144
564_refined.npy,4,RA,1,1,1.0,421223
409_refined.npy,4,RA,1,1,1.0,675432
543_refined.npy,4,RA,1,1,1.0,509662
638_refined.npy,4,RA,1,1,1.0,766346
635_refined.npy,4,RA,1,1,1.0,517343
593_refined.npy,4,RA,1,1,1.0,399179
467_refined.npy,4,RA,1,1,1.0,416243
857_refined.npy,4,RA,1,1,1.0,384603
144_refined.npy,4,RA,1,1,1.0,341464
435_refined.npy,4,RA,1,1,1.0,449173
272_refined.npy,4,RA,1,1,1.0,521827
690_refined.npy,4,RA,1,1,1.0,735030
93_refined.npy,4,RA,1,1,1.0,567248
336_refined.npy,4,RA,1,1,1.0,415011
376_refined.npy,4,RA,1,1,1.0,490487
101_refined.npy,4,RA,1,1,1.0,466632
332_refined.npy,4,RA,1,1,1.0,463581
331_refined.npy,4,RA,1,1,1.0,457725
176_refined.npy,4,RA,1,1,1.0,458559
162_refined.npy,4,RA,1,1,1.0,552467
854_refined.npy,4,RA,1,1,1.0,596640
436_refined.npy,4,RA,1,1,1.0,711829
631_refined.npy,4,RA,1,1,1.0,515242
834_refined.npy,4,RA,1,1,1.0,631914
174_refined.npy,4,RA,1,1,1.0,616848
747_refined.npy,4,RA,1,1,1.0,592331
840_refined.npy,4,RA,1,1,1.0,449808
725_refined.npy,4,RA,1,1,1.0,544909
138_refined.npy,4,RA,1,1,1.0,521331
385_refined.npy,4,RA,1,1,1.0,560604
170_refined.npy,4,RA,1,1,1.0,333352
625_refined.npy,4,RA,1,1,1.0,544588
88_refined.npy,4,RA,1,1,1.0,828181
881_refined.npy,4,RA,1,1,1.0,403384
939_refined.npy,4,RA,1,1,1.0,525197
805_refined.npy,4,RA,1,1,1.0,483523
449_refined.npy,4,RA,1,1,1.0,405388
344_refined.npy,4,RA,1,1,1.0,418682
699_refined.npy,4,RA,1,1,1.0,504757
28_refined.npy,4,RA,1,1,1.0,544728
295_refined.npy,4,RA,1,1,1.0,871784
958_refined.npy,4,RA,1,1,1.0,515352
349_refined.npy,4,RA,1,1,1.0,485099
702_refined.npy,4,RA,1,1,1.0,409684
960_refined.npy,4,RA,1,1,1.0,495500
166_refined.npy,4,RA,1,1,1.0,851404
485_refined.npy,4,RA,1,1,1.0,451189
509_refined.npy,4,RA,1,1,1.0,449569
102_refined.npy,4,RA,1,1,1.0,411104
538_refined.npy,4,RA,1,1,1.0,508718
150_refined.npy,4,RA,1,1,1.0,456127
676_refined.npy,4,RA,1,1,1.0,426295
280_refined.npy,4,RA,1,1,1.0,573545
18_refined.npy,4,RA,1,1,1.0,627869
684_refined.npy,4,RA,1,1,1.0,384732
814_refined.npy,4,RA,1,1,1.0,397014
829_refined.npy,4,RA,1,1,1.0,422158
933_refined.npy,4,RA,1,1,1.0,653783
782_refined.npy,4,RA,1,1,1.0,438241
621_refined.npy,4,RA,1,1,1.0,406596
686_refined.npy,4,RA,1,1,1.0,399317
77_refined.npy,4,RA,1,1,1.0,664379
348_refined.npy,4,RA,1,1,1.0,475394
785_refined.npy,4,RA,1,1,1.0,545282
797_refined.npy,4,RA,1,1,1.0,529266
23_refined.npy,4,RA,1,1,1.0,376079
215_refined.npy,4,RA,1,1,1.0,428549
67_refined.npy,4,RA,1,1,1.0,372712
313_refined.npy,4,RA,1,1,1.0,721167
113_refined.npy,4,RA,1,1,1.0,444555
691_refined.npy,4,RA,1,1,1.0,684814
622_refined.npy,4,RA,1,1,1.0,476111
70_refined.npy,4,RA,1,1,1.0,619012
852_refined.npy,4,RA,1,1,1.0,335170
440_refined.npy,4,RA,1,1,1.0,409169
956_refined.npy,4,RA,1,1,1.0,502958
970_refined.npy,4,RA,1,1,1.0,782168
25_refined.npy,4,RA,1,1,1.0,488073
68_refined.npy,4,RA,1,1,1.0,684759
875_refined.npy,4,RA,1,1,1.0,469344
192_refined.npy,4,RA,1,1,1.0,563646
683_refined.npy,4,RA,1,1,1.0,459444
8_refined.npy,4,RA,1,1,1.0,558144
531_refined.npy,4,RA,1,1,1.0,369131
190_refined.npy,4,RA,1,1,1.0,576664
870_refined.npy,4,RA,1,1,1.0,358793
540_refined.npy,4,RA,1,1,1.0,453363
27_refined.npy,4,RA,1,1,1.0,545145
371_refined.npy,4,RA,1,1,1.0,562190
179_refined.npy,4,RA,1,1,1.0,455767
743_refined.npy,4,RA,1,1,1.0,520929
880_refined.npy,4,RA,1,1,1.0,564522
367_refined.npy,4,RA,1,1,1.0,545227
724_refined.npy,4,RA,1,1,1.0,442592
931_refined.npy,4,RA,1,1,1.0,352613
142_refined.npy,4,RA,1,1,1.0,383372
29_refined.npy,4,RA,1,1,1.0,543897
927_refined.npy,4,RA,1,1,1.0,476907
883_refined.npy,4,RA,1,1,1.0,536298
552_refined.npy,5,RV,1,1,1.0,828340
602_refined.npy,5,RV,1,1,1.0,821156
462_refined.npy,5,RV,1,1,1.0,949408
321_refined.npy,5,RV,1,1,1.0,864996
31_refined.npy,5,RV,1,1,1.0,1026845
130_refined.npy,5,RV,1,1,1.0,836206
26_refined.npy,5,RV,1,1,1.0,612998
816_refined.npy,5,RV,1,1,1.0,1212313
555_refined.npy,5,RV,1,1,1.0,795093
808_refined.npy,5,RV,1,1,1.0,400506
281_refined.npy,5,RV,1,1,1.0,839301
96_refined.npy,5,RV,1,1,1.0,834324
706_refined.npy,5,RV,1,1,1.0,1156268
758_refined.npy,5,RV,1,1,1.0,1313385
45_refined.npy,5,RV,1,1,1.0,710046
910_refined.npy,5,RV,1,1,1.0,680781
639_refined.npy,5,RV,1,1,1.0,988734
610_refined.npy,5,RV,1,1,1.0,785719
3_refined.npy,5,RV,1,1,1.0,716995
972_refined.npy,5,RV,1,1,1.0,789714
208_refined.npy,5,RV,1,1,1.0,794356
17_refined.npy,5,RV,1,1,1.0,581027
605_refined.npy,5,RV,1,1,1.0,818618
594_refined.npy,5,RV,1,1,1.0,858646
481_refined.npy,5,RV,1,1,1.0,758039
637_refined.npy,5,RV,1,1,1.0,939238
128_refined.npy,5,RV,1,1,1.0,715543
482_refined.npy,5,RV,1,1,1.0,1060262
456_refined.npy,5,RV,1,1,1.0,804389
59_refined.npy,5,RV,1,1,1.0,576805
299_refined.npy,5,RV,1,1,1.0,757652
982_refined.npy,5,RV,1,1,1.0,1067900
334_refined.npy,5,RV,1,1,1.0,1155791
322_refined.npy,5,RV,1,1,1.0,787022
10_refined.npy,5,RV,1,1,1.0,1000792
811_refined.npy,5,RV,1,1,1.0,917229
819_refined.npy,5,RV,1,1,1.0,990200
266_refined.npy,5,RV,1,1,1.0,1216842
419_refined.npy,5,RV,1,1,1.0,1091027
669_refined.npy,5,RV,1,1,1.0,1162473
476_refined.npy,5,RV,1,1,1.0,858802
822_refined.npy,5,RV,1,1,1.0,803746
267_refined.npy,5,RV,1,1,1.0,756009
489_refined.npy,5,RV,1,1,1.0,775598
617_refined.npy,5,RV,1,1,1.0,760531
868_refined.npy,5,RV,1,1,1.0,785371
393_refined.npy,5,RV,1,1,1.0,847852
662_refined.npy,5,RV,1,1,1.0,839755
125_refined.npy,5,RV,1,1,1.0,466874
437_refined.npy,5,RV,1,1,1.0,951315
922_refined.npy,5,RV,1,1,1.0,785481
404_refined.npy,5,RV,1,1,1.0,544002
319_refined.npy,5,RV,1,1,1.0,831130
596_refined.npy,5,RV,1,1,1.0,1270503
735_refined.npy,5,RV,1,1,1.0,857720
678_refined.npy,5,RV,1,1,1.0,1309333
249_refined.npy,5,RV,1,1,1.0,854819
244_refined.npy,5,RV,1,1,1.0,707812
123_refined.npy,5,RV,1,1,1.0,753768
407_refined.npy,5,RV,1,1,1.0,795651
44_refined.npy,5,RV,1,1,1.0,1090725
930_refined.npy,5,RV,1,1,1.0,866065
844_refined.npy,5,RV,1,1,1.0,822793
657_refined.npy,5,RV,1,1,1.0,826161
689_refined.npy,5,RV,1,1,1.0,1186731
415_refined.npy,5,RV,1,1,1.0,911457
694_refined.npy,5,RV,1,1,1.0,509723
99_refined.npy,5,RV,1,1,1.0,801994
525_refined.npy,5,RV,1,1,1.0,729824
530_refined.npy,5,RV,1,1,1.0,991362
985_refined.npy,5,RV,1,1,1.0,908476
135_refined.npy,5,RV,1,1,1.0,782322
339_refined.npy,5,RV,1,1,1.0,653858
667_refined.npy,5,RV,1,1,1.0,706668
148_refined.npy,5,RV,1,1,1.0,1135269
584_refined.npy,5,RV,1,1,1.0,1115251
212_refined.npy,5,RV,1,1,1.0,836077
38_refined.npy,5,RV,1,1,1.0,807735
515_refined.npy,5,RV,1,1,1.0,911853
633_refined.npy,5,RV,1,1,1.0,845145
262_refined.npy,5,RV,1,1,1.0,734224
335_refined.npy,5,RV,1,1,1.0,745825
688_refined.npy,5,RV,1,1,1.0,685941
682_refined.npy,5,RV,1,1,1.0,980426
862_refined.npy,5,RV,1,1,1.0,1071720
889_refined.npy,5,RV,1,1,1.0,1002961
189_refined.npy,5,RV,1,1,1.0,724198
37_refined.npy,5,RV,1,1,1.0,894728
887_refined.npy,5,RV,1,1,1.0,882725
841_refined.npy,5,RV,1,1,1.0,966035
623_refined.npy,5,RV,1,1,1.0,575310
431_refined.npy,5,RV,1,1,1.0,1232558
917_refined.npy,5,RV,1,1,1.0,830124
545_refined.npy,5,RV,1,1,1.0,789754
627_refined.npy,5,RV,1,1,1.0,793951
716_refined.npy,5,RV,1,1,1.0,792708
122_refined.npy,5,RV,1,1,1.0,696829
824_refined.npy,5,RV,1,1,1.0,1110449
484_refined.npy,5,RV,1,1,1.0,543023
265_refined.npy,5,RV,1,1,1.0,847611
598_refined.npy,5,RV,1,1,1.0,866691
350_refined.npy,5,RV,1,1,1.0,897816
652_refined.npy,5,RV,1,1,1.0,1006229
581_refined.npy,5,RV,1,1,1.0,656743
72_refined.npy,5,RV,1,1,1.0,869372
789_refined.npy,5,RV,1,1,1.0,851092
132_refined.npy,5,RV,1,1,1.0,793768
835_refined.npy,5,RV,1,1,1.0,621229
14_refined.npy,5,RV,1,1,1.0,824978
129_refined.npy,5,RV,1,1,1.0,669721
976_refined.npy,5,RV,1,1,1.0,959422
279_refined.npy,5,RV,1,1,1.0,657698
674_refined.npy,5,RV,1,1,1.0,1021995
64_refined.npy,5,RV,1,1,1.0,527370
364_refined.npy,5,RV,1,1,1.0,765216
524_refined.npy,5,RV,1,1,1.0,660923
732_refined.npy,5,RV,1,1,1.0,549577
40_refined.npy,5,RV,1,1,1.0,825350
903_refined.npy,5,RV,1,1,1.0,1009618
547_refined.npy,5,RV,1,1,1.0,945993
567_refined.npy,5,RV,1,1,1.0,881976
219_refined.npy,5,RV,1,1,1.0,864643
845_refined.npy,5,RV,1,1,1.0,1245577
200_refined.npy,5,RV,1,1,1.0,699501
765_refined.npy,5,RV,1,1,1.0,770254
104_refined.npy,5,RV,1,1,1.0,684425
898_refined.npy,5,RV,1,1,1.0,639204
333_refined.npy,5,RV,1,1,1.0,1000000
234_refined.npy,5,RV,1,1,1.0,769180
287_refined.npy,5,RV,1,1,1.0,1152777
533_refined.npy,5,RV,1,1,1.0,954752
291_refined.npy,5,RV,1,1,1.0,1241065
954_refined.npy,5,RV,1,1,1.0,1271263
168_refined.npy,5,RV,1,1,1.0,781824
784_refined.npy,5,RV,1,1,1.0,1107502
823_refined.npy,5,RV,1,1,1.0,806473
673_refined.npy,5,RV,1,1,1.0,810101
863_refined.npy,5,RV,1,1,1.0,806778
399_refined.npy,5,RV,1,1,1.0,889748
155_refined.npy,5,RV,1,1,1.0,762274
731_refined.npy,5,RV,1,1,1.0,645544
246_refined.npy,5,RV,1,1,1.0,668417
979_refined.npy,5,RV,1,1,1.0,1025717
775_refined.npy,5,RV,1,1,1.0,1088589
592_refined.npy,5,RV,1,1,1.0,699650
368_refined.npy,5,RV,1,1,1.0,705373
583_refined.npy,5,RV,1,1,1.0,1015229
458_refined.npy,5,RV,1,1,1.0,708314
783_refined.npy,5,RV,1,1,1.0,1085443
210_refined.npy,5,RV,1,1,1.0,972222
580_refined.npy,5,RV,1,1,1.0,1083450
920_refined.npy,5,RV,1,1,1.0,857878
410_refined.npy,5,RV,1,1,1.0,1230902
722_refined.npy,5,RV,1,1,1.0,788746
534_refined.npy,5,RV,1,1,1.0,1001060
357_refined.npy,5,RV,1,1,1.0,1284054
935_refined.npy,5,RV,1,1,1.0,894468
153_refined.npy,5,RV,1,1,1.0,822643
231_refined.npy,5,RV,1,1,1.0,821286
98_refined.npy,5,RV,1,1,1.0,691737
107_refined.npy,5,RV,1,1,1.0,899486
228_refined.npy,5,RV,1,1,1.0,683715
589_refined.npy,5,RV,1,1,1.0,630165
205_refined.npy,5,RV,1,1,1.0,1022850
343_refined.npy,5,RV,1,1,1.0,609024
542_refined.npy,5,RV,1,1,1.0,855782
175_refined.npy,5,RV,1,1,1.0,920409
217_refined.npy,5,RV,1,1,1.0,969412
284_refined.npy,5,RV,1,1,1.0,974862
224_refined.npy,5,RV,1,1,1.0,789199
832_refined.npy,5,RV,1,1,1.0,774785
398_refined.npy,5,RV,1,1,1.0,757832
245_refined.npy,5,RV,1,1,1.0,887513
687_refined.npy,5,RV,1,1,1.0,976856
912_refined.npy,5,RV,1,1,1.0,883485
386_refined.npy,5,RV,1,1,1.0,741180
763_refined.npy,5,RV,1,1,1.0,764022
241_refined.npy,5,RV,1,1,1.0,808714
891_refined.npy,5,RV,1,1,1.0,872016
535_refined.npy,5,RV,1,1,1.0,677471
618_refined.npy,5,RV,1,1,1.0,889575
263_refined.npy,5,RV,1,1,1.0,1023257
446_refined.npy,5,RV,1,1,1.0,676331
550_refined.npy,5,RV,1,1,1.0,760841
869_refined.npy,5,RV,1,1,1.0,663761
54_refined.npy,5,RV,1,1,1.0,777456
365_refined.npy,5,RV,1,1,1.0,810475
659_refined.npy,5,RV,1,1,1.0,908756
591_refined.npy,5,RV,1,1,1.0,703344
544_refined.npy,5,RV,1,1,1.0,770686
252_refined.npy,5,RV,1,1,1.0,708860
812_refined.npy,5,RV,1,1,1.0,860571
297_refined.npy,5,RV,1,1,1.0,812220
804_refined.npy,5,RV,1,1,1.0,746957
16_refined.npy,5,RV,1,1,1.0,642464
941_refined.npy,5,RV,1,1,1.0,957828
850_refined.npy,5,RV,1,1,1.0,654842
994_refined.npy,5,RV,1,1,1.0,945313
463_refined.npy,5,RV,1,1,1.0,823255
422_refined.npy,5,RV,1,1,1.0,912359
136_refined.npy,5,RV,1,1,1.0,954350
670_refined.npy,5,RV,1,1,1.0,681256
292_refined.npy,5,RV,1,1,1.0,660522
172_refined.npy,5,RV,1,1,1.0,630601
886_refined.npy,5,RV,1,1,1.0,874494
43_refined.npy,5,RV,1,1,1.0,780661
290_refined.npy,5,RV,1,1,1.0,827214
256_refined.npy,5,RV,1,1,1.0,832028
973_refined.npy,5,RV,1,1,1.0,628318
425_refined.npy,5,RV,1,1,1.0,745853
513_refined.npy,5,RV,1,1,1.0,812868
47_refined.npy,5,RV,1,1,1.0,889404
562_refined.npy,5,RV,1,1,1.0,793848
442_refined.npy,5,RV,1,1,1.0,971837
858_refined.npy,5,RV,1,1,1.0,605399
312_refined.npy,5,RV,1,1,1.0,928552
443_refined.npy,5,RV,1,1,1.0,962101
15_refined.npy,5,RV,1,1,1.0,1063540
232_refined.npy,5,RV,1,1,1.0,1027704
709_refined.npy,5,RV,1,1,1.0,911820
575_refined.npy,5,RV,1,1,1.0,630836
261_refined.npy,5,RV,1,1,1.0,630110
988_refined.npy,5,RV,1,1,1.0,606991
140_refined.npy,5,RV,1,1,1.0,918759
294_refined.npy,5,RV,1,1,1.0,722331
53_refined.npy,5,RV,1,1,1.0,701562
780_refined.npy,5,RV,1,1,1.0,634842
523_refined.npy,5,RV,1,1,1.0,741700
648_refined.npy,5,RV,1,1,1.0,949294
209_refined.npy,5,RV,1,1,1.0,1102047
6_refined.npy,5,RV,1,1,1.0,820349
2_refined.npy,5,RV,1,1,1.0,690290
681_refined.npy,5,RV,1,1,1.0,1160013
739_refined.npy,5,RV,1,1,1.0,912726
838_refined.npy,5,RV,1,1,1.0,732659
158_refined.npy,5,RV,1,1,1.0,674083
577_refined.npy,5,RV,1,1,1.0,1056359
413_refined.npy,5,RV,1,1,1.0,576137
981_refined.npy,5,RV,1,1,1.0,1190824
996_refined.npy,5,RV,1,1,1.0,864287
50_refined.npy,5,RV,1,1,1.0,668177
110_refined.npy,5,RV,1,1,1.0,754402
915_refined.npy,5,RV,1,1,1.0,929694
307_refined.npy,5,RV,1,1,1.0,995519
126_refined.npy,5,RV,1,1,1.0,889009
532_refined.npy,5,RV,1,1,1.0,773975
807_refined.npy,5,RV,1,1,1.0,904451
274_refined.npy,5,RV,1,1,1.0,874566
961_refined.npy,5,RV,1,1,1.0,889107
218_refined.npy,5,RV,1,1,1.0,689381
558_refined.npy,5,RV,1,1,1.0,764031
32_refined.npy,5,RV,1,1,1.0,600314
984_refined.npy,5,RV,1,1,1.0,815515
541_refined.npy,5,RV,1,1,1.0,851425
704_refined.npy,5,RV,1,1,1.0,573542
309_refined.npy,5,RV,1,1,1.0,598859
459_refined.npy,5,RV,1,1,1.0,739779
769_refined.npy,5,RV,1,1,1.0,1193097
455_refined.npy,5,RV,1,1,1.0,682437
412_refined.npy,5,RV,1,1,1.0,806321
719_refined.npy,5,RV,1,1,1.0,1174854
790_refined.npy,5,RV,1,1,1.0,1237585
221_refined.npy,5,RV,1,1,1.0,1024104
810_refined.npy,5,RV,1,1,1.0,784975
518_refined.npy,5,RV,1,1,1.0,864296
152_refined.npy,5,RV,1,1,1.0,890875
703_refined.npy,5,RV,1,1,1.0,725244
340_refined.npy,5,RV,1,1,1.0,787995
73_refined.npy,5,RV,1,1,1.0,1117388
411_refined.npy,5,RV,1,1,1.0,638674
537_refined.npy,5,RV,1,1,1.0,973742
423_refined.npy,5,RV,1,1,1.0,973366
355_refined.npy,5,RV,1,1,1.0,1403976
721_refined.npy,5,RV,1,1,1.0,674145
1_refined.npy,5,RV,1,1,1.0,603823
164_refined.npy,5,RV,1,1,1.0,978793
802_refined.npy,5,RV,1,1,1.0,1031138
693_refined.npy,5,RV,1,1,1.0,1049724
959_refined.npy,5,RV,1,1,1.0,669474
692_refined.npy,5,RV,1,1,1.0,950060
500_refined.npy,5,RV,1,1,1.0,813431
967_refined.npy,5,RV,1,1,1.0,949486
314_refined.npy,5,RV,1,1,1.0,755446
109_refined.npy,5,RV,1,1,1.0,922560
990_refined.npy,5,RV,1,1,1.0,756838
55_refined.npy,5,RV,1,1,1.0,694373
310_refined.npy,5,RV,1,1,1.0,1027597
741_refined.npy,5,RV,1,1,1.0,839697
521_refined.npy,5,RV,1,1,1.0,859527
496_refined.npy,5,RV,1,1,1.0,561239
839_refined.npy,5,RV,1,1,1.0,956621
51_refined.npy,5,RV,1,1,1.0,589556
159_refined.npy,5,RV,1,1,1.0,798836
906_refined.npy,5,RV,1,1,1.0,602050
925_refined.npy,5,RV,1,1,1.0,633523
441_refined.npy,5,RV,1,1,1.0,835565
628_refined.npy,5,RV,1,1,1.0,789211
285_refined.npy,5,RV,1,1,1.0,908917
993_refined.npy,5,RV,1,1,1.0,830747
661_refined.npy,5,RV,1,1,1.0,754053
91_refined.npy,5,RV,1,1,1.0,597101
197_refined.npy,5,RV,1,1,1.0,891329
568_refined.npy,5,RV,1,1,1.0,1138313
276_refined.npy,5,RV,1,1,1.0,1091548
199_refined.npy,5,RV,1,1,1.0,528230
383_refined.npy,5,RV,1,1,1.0,709733
751_refined.npy,5,RV,1,1,1.0,942088
793_refined.npy,5,RV,1,1,1.0,895893
243_refined.npy,5,RV,1,1,1.0,806093
611_refined.npy,5,RV,1,1,1.0,1013769
809_refined.npy,5,RV,1,1,1.0,1240064
346_refined.npy,5,RV,1,1,1.0,1014187
729_refined.npy,5,RV,1,1,1.0,827349
483_refined.npy,5,RV,1,1,1.0,714943
117_refined.npy,5,RV,1,1,1.0,696300
448_refined.npy,5,RV,1,1,1.0,917827
306_refined.npy,5,RV,1,1,1.0,835362
926_refined.npy,5,RV,1,1,1.0,1230396
173_refined.npy,5,RV,1,1,1.0,1062259
320_refined.npy,5,RV,1,1,1.0,999702
430_refined.npy,5,RV,1,1,1.0,1076851
754_refined.npy,5,RV,1,1,1.0,1150439
495_refined.npy,5,RV,1,1,1.0,880880
733_refined.npy,5,RV,1,1,1.0,645429
876_refined.npy,5,RV,1,1,1.0,860859
539_refined.npy,5,RV,1,1,1.0,519379
316_refined.npy,5,RV,1,1,1.0,551210
995_refined.npy,5,RV,1,1,1.0,555791
300_refined.npy,5,RV,1,1,1.0,984935
969_refined.npy,5,RV,1,1,1.0,1105585
445_refined.npy,5,RV,1,1,1.0,769386
585_refined.npy,5,RV,1,1,1.0,988670
347_refined.npy,5,RV,1,1,1.0,671173
361_refined.npy,5,RV,1,1,1.0,500415
570_refined.npy,5,RV,1,1,1.0,1026044
565_refined.npy,5,RV,1,1,1.0,1032908
705_refined.npy,5,RV,1,1,1.0,833187
572_refined.npy,5,RV,1,1,1.0,897202
664_refined.npy,5,RV,1,1,1.0,1003099
921_refined.npy,5,RV,1,1,1.0,907005
571_refined.npy,5,RV,1,1,1.0,691377
248_refined.npy,5,RV,1,1,1.0,781479
238_refined.npy,5,RV,1,1,1.0,753131
302_refined.npy,5,RV,1,1,1.0,864624
974_refined.npy,5,RV,1,1,1.0,626219
480_refined.npy,5,RV,1,1,1.0,785829
97_refined.npy,5,RV,1,1,1.0,1214784
253_refined.npy,5,RV,1,1,1.0,438169
369_refined.npy,5,RV,1,1,1.0,755222
715_refined.npy,5,RV,1,1,1.0,814528
582_refined.npy,5,RV,1,1,1.0,1173050
325_refined.npy,5,RV,1,1,1.0,939973
65_refined.npy,5,RV,1,1,1.0,1103105
454_refined.npy,5,RV,1,1,1.0,802726
946_refined.npy,5,RV,1,1,1.0,777361
798_refined.npy,5,RV,1,1,1.0,545078
884_refined.npy,5,RV,1,1,1.0,1122418
33_refined.npy,5,RV,1,1,1.0,358939
230_refined.npy,5,RV,1,1,1.0,863272
379_refined.npy,5,RV,1,1,1.0,828897
831_refined.npy,5,RV,1,1,1.0,847740
36_refined.npy,5,RV,1,1,1.0,770696
675_refined.npy,5,RV,1,1,1.0,928302
744_refined.npy,5,RV,1,1,1.0,956258
914_refined.npy,5,RV,1,1,1.0,931406
738_refined.npy,5,RV,1,1,1.0,839294
328_refined.npy,5,RV,1,1,1.0,867110
826_refined.npy,5,RV,1,1,1.0,712691
817_refined.npy,5,RV,1,1,1.0,794209
965_refined.npy,5,RV,1,1,1.0,678636
836_refined.npy,5,RV,1,1,1.0,1003598
286_refined.npy,5,RV,1,1,1.0,818046
188_refined.npy,5,RV,1,1,1.0,944776
655_refined.npy,5,RV,1,1,1.0,920875
116_refined.npy,5,RV,1,1,1.0,868874
556_refined.npy,5,RV,1,1,1.0,716038
288_refined.npy,5,RV,1,1,1.0,740416
156_refined.npy,5,RV,1,1,1.0,1054228
424_refined.npy,5,RV,1,1,1.0,706236
872_refined.npy,5,RV,1,1,1.0,764139
619_refined.npy,5,RV,1,1,1.0,748878
606_refined.npy,5,RV,1,1,1.0,627630
401_refined.npy,5,RV,1,1,1.0,866527
318_refined.npy,5,RV,1,1,1.0,1042881
668_refined.npy,5,RV,1,1,1.0,879082
843_refined.npy,5,RV,1,1,1.0,716144
962_refined.npy,5,RV,1,1,1.0,760364
800_refined.npy,5,RV,1,1,1.0,921691
356_refined.npy,5,RV,1,1,1.0,846667
220_refined.npy,5,RV,1,1,1.0,646827
151_refined.npy,5,RV,1,1,1.0,974885
145_refined.npy,5,RV,1,1,1.0,923671
650_refined.npy,5,RV,1,1,1.0,804915
940_refined.npy,5,RV,1,1,1.0,978713
742_refined.npy,5,RV,1,1,1.0,901617
578_refined.npy,5,RV,1,1,1.0,1079329
600_refined.npy,5,RV,1,1,1.0,1001964
432_refined.npy,5,RV,1,1,1.0,737766
630_refined.npy,5,RV,1,1,1.0,689892
597_refined.npy,5,RV,1,1,1.0,1088660
787_refined.npy,5,RV,1,1,1.0,764833
697_refined.npy,5,RV,1,1,1.0,1403965
708_refined.npy,5,RV,1,1,1.0,891055
20_refined.npy,5,RV,1,1,1.0,576338
579_refined.npy,5,RV,1,1,1.0,697322
957_refined.npy,5,RV,1,1,1.0,905267
196_refined.npy,5,RV,1,1,1.0,934479
767_refined.npy,5,RV,1,1,1.0,935254
629_refined.npy,5,RV,1,1,1.0,962822
885_refined.npy,5,RV,1,1,1.0,665115
877_refined.npy,5,RV,1,1,1.0,886718
718_refined.npy,5,RV,1,1,1.0,1020532
13_refined.npy,5,RV,1,1,1.0,493780
439_refined.npy,5,RV,1,1,1.0,726178
345_refined.npy,5,RV,1,1,1.0,930331
516_refined.npy,5,RV,1,1,1.0,690118
711_refined.npy,5,RV,1,1,1.0,803984
963_refined.npy,5,RV,1,1,1.0,844833
608_refined.npy,5,RV,1,1,1.0,1032869
949_refined.npy,5,RV,1,1,1.0,752986
723_refined.npy,5,RV,1,1,1.0,863156
647_refined.npy,5,RV,1,1,1.0,859936
574_refined.npy,5,RV,1,1,1.0,863764
879_refined.npy,5,RV,1,1,1.0,1041309
94_refined.npy,5,RV,1,1,1.0,1049476
498_refined.npy,5,RV,1,1,1.0,907334
473_refined.npy,5,RV,1,1,1.0,765679
60_refined.npy,5,RV,1,1,1.0,872996
907_refined.npy,5,RV,1,1,1.0,811213
95_refined.npy,5,RV,1,1,1.0,999577
479_refined.npy,5,RV,1,1,1.0,650071
184_refined.npy,5,RV,1,1,1.0,729203
737_refined.npy,5,RV,1,1,1.0,1051752
41_refined.npy,5,RV,1,1,1.0,778215
573_refined.npy,5,RV,1,1,1.0,897568
157_refined.npy,5,RV,1,1,1.0,943105
663_refined.npy,5,RV,1,1,1.0,713235
772_refined.npy,5,RV,1,1,1.0,1131693
438_refined.npy,5,RV,1,1,1.0,899890
326_refined.npy,5,RV,1,1,1.0,898297
980_refined.npy,5,RV,1,1,1.0,983121
269_refined.npy,5,RV,1,1,1.0,703199
919_refined.npy,5,RV,1,1,1.0,1302003
806_refined.npy,5,RV,1,1,1.0,811484
450_refined.npy,5,RV,1,1,1.0,623766
528_refined.npy,5,RV,1,1,1.0,1497404
714_refined.npy,5,RV,1,1,1.0,928484
427_refined.npy,5,RV,1,1,1.0,733474
239_refined.npy,5,RV,1,1,1.0,712212
81_refined.npy,5,RV,1,1,1.0,819396
273_refined.npy,5,RV,1,1,1.0,787669
250_refined.npy,5,RV,1,1,1.0,665279
658_refined.npy,5,RV,1,1,1.0,743648
74_refined.npy,5,RV,1,1,1.0,861873
39_refined.npy,5,RV,1,1,1.0,731623
712_refined.npy,5,RV,1,1,1.0,974081
366_refined.npy,5,RV,1,1,1.0,583285
112_refined.npy,5,RV,1,1,1.0,1046137
143_refined.npy,5,RV,1,1,1.0,685673
177_refined.npy,5,RV,1,1,1.0,573693
76_refined.npy,5,RV,1,1,1.0,943021
527_refined.npy,5,RV,1,1,1.0,744697
882_refined.npy,5,RV,1,1,1.0,858094
510_refined.npy,5,RV,1,1,1.0,1002512
773_refined.npy,5,RV,1,1,1.0,889860
204_refined.npy,5,RV,1,1,1.0,876873
394_refined.npy,5,RV,1,1,1.0,930475
457_refined.npy,5,RV,1,1,1.0,605248
227_refined.npy,5,RV,1,1,1.0,885055
607_refined.npy,5,RV,1,1,1.0,748643
278_refined.npy,5,RV,1,1,1.0,713431
753_refined.npy,5,RV,1,1,1.0,996931
576_refined.npy,5,RV,1,1,1.0,381122
146_refined.npy,5,RV,1,1,1.0,470409
183_refined.npy,5,RV,1,1,1.0,733597
755_refined.npy,5,RV,1,1,1.0,618221
488_refined.npy,5,RV,1,1,1.0,864830
548_refined.npy,5,RV,1,1,1.0,915846
186_refined.npy,5,RV,1,1,1.0,911679
30_refined.npy,5,RV,1,1,1.0,790043
900_refined.npy,5,RV,1,1,1.0,1362216
406_refined.npy,5,RV,1,1,1.0,668991
856_refined.npy,5,RV,1,1,1.0,649591
952_refined.npy,5,RV,1,1,1.0,1007777
66_refined.npy,5,RV,1,1,1.0,589184
760_refined.npy,5,RV,1,1,1.0,804397
778_refined.npy,5,RV,1,1,1.0,805090
695_refined.npy,5,RV,1,1,1.0,1139541
953_refined.npy,5,RV,1,1,1.0,736983
198_refined.npy,5,RV,1,1,1.0,802521
497_refined.npy,5,RV,1,1,1.0,649461
380_refined.npy,5,RV,1,1,1.0,1061858
526_refined.npy,5,RV,1,1,1.0,895832
160_refined.npy,5,RV,1,1,1.0,1318332
601_refined.npy,5,RV,1,1,1.0,1320488
506_refined.npy,5,RV,1,1,1.0,798643
106_refined.npy,5,RV,1,1,1.0,1147533
504_refined.npy,5,RV,1,1,1.0,864875
48_refined.npy,5,RV,1,1,1.0,765394
89_refined.npy,5,RV,1,1,1.0,771079
936_refined.npy,5,RV,1,1,1.0,799893
147_refined.npy,5,RV,1,1,1.0,1100176
22_refined.npy,5,RV,1,1,1.0,749360
653_refined.npy,5,RV,1,1,1.0,577657
549_refined.npy,5,RV,1,1,1.0,1157063
634_refined.npy,5,RV,1,1,1.0,760450
408_refined.npy,5,RV,1,1,1.0,730495
11_refined.npy,5,RV,1,1,1.0,871203
888_refined.npy,5,RV,1,1,1.0,824379
503_refined.npy,5,RV,1,1,1.0,714597
849_refined.npy,5,RV,1,1,1.0,730754
997_refined.npy,5,RV,1,1,1.0,933149
890_refined.npy,5,RV,1,1,1.0,1049301
414_refined.npy,5,RV,1,1,1.0,706824
586_refined.npy,5,RV,1,1,1.0,675666
255_refined.npy,5,RV,1,1,1.0,667417
899_refined.npy,5,RV,1,1,1.0,1449453
327_refined.npy,5,RV,1,1,1.0,977834
161_refined.npy,5,RV,1,1,1.0,1064443
847_refined.npy,5,RV,1,1,1.0,1092578
317_refined.npy,5,RV,1,1,1.0,767359
853_refined.npy,5,RV,1,1,1.0,717099
226_refined.npy,5,RV,1,1,1.0,908642
679_refined.npy,5,RV,1,1,1.0,968157
966_refined.npy,5,RV,1,1,1.0,854305
180_refined.npy,5,RV,1,1,1.0,752584
830_refined.npy,5,RV,1,1,1.0,895477
42_refined.npy,5,RV,1,1,1.0,1144547
397_refined.npy,5,RV,1,1,1.0,698199
848_refined.npy,5,RV,1,1,1.0,1218393
978_refined.npy,5,RV,1,1,1.0,625476
837_refined.npy,5,RV,1,1,1.0,754243
654_refined.npy,5,RV,1,1,1.0,721036
71_refined.npy,5,RV,1,1,1.0,754501
92_refined.npy,5,RV,1,1,1.0,712052
603_refined.npy,5,RV,1,1,1.0,1187126
429_refined.npy,5,RV,1,1,1.0,874348
768_refined.npy,5,RV,1,1,1.0,552020
846_refined.npy,5,RV,1,1,1.0,1045539
171_refined.npy,5,RV,1,1,1.0,939831
469_refined.npy,5,RV,1,1,1.0,815286
203_refined.npy,5,RV,1,1,1.0,1119875
902_refined.npy,5,RV,1,1,1.0,761468
827_refined.npy,5,RV,1,1,1.0,839068
84_refined.npy,5,RV,1,1,1.0,1051547
698_refined.npy,5,RV,1,1,1.0,992054
696_refined.npy,5,RV,1,1,1.0,1012597
864_refined.npy,5,RV,1,1,1.0,822486
865_refined.npy,5,RV,1,1,1.0,817717
569_refined.npy,5,RV,1,1,1.0,640881
257_refined.npy,5,RV,1,1,1.0,821841
193_refined.npy,5,RV,1,1,1.0,680315
871_refined.npy,5,RV,1,1,1.0,688644
194_refined.npy,5,RV,1,1,1.0,928480
897_refined.npy,5,RV,1,1,1.0,725385
464_refined.npy,5,RV,1,1,1.0,822373
771_refined.npy,5,RV,1,1,1.0,632934
873_refined.npy,5,RV,1,1,1.0,1263785
866_refined.npy,5,RV,1,1,1.0,820445
181_refined.npy,5,RV,1,1,1.0,915950
191_refined.npy,5,RV,1,1,1.0,1207410
736_refined.npy,5,RV,1,1,1.0,730659
187_refined.npy,5,RV,1,1,1.0,655766
359_refined.npy,5,RV,1,1,1.0,885406
63_refined.npy,5,RV,1,1,1.0,1086247
991_refined.npy,5,RV,1,1,1.0,799123
512_refined.npy,5,RV,1,1,1.0,817949
588_refined.npy,5,RV,1,1,1.0,1010556
646_refined.npy,5,RV,1,1,1.0,696075
387_refined.npy,5,RV,1,1,1.0,745391
511_refined.npy,5,RV,1,1,1.0,952409
615_refined.npy,5,RV,1,1,1.0,938522
786_refined.npy,5,RV,1,1,1.0,959067
214_refined.npy,5,RV,1,1,1.0,1072709
474_refined.npy,5,RV,1,1,1.0,1001896
999_refined.npy,5,RV,1,1,1.0,878456
795_refined.npy,5,RV,1,1,1.0,912630
270_refined.npy,5,RV,1,1,1.0,571537
289_refined.npy,5,RV,1,1,1.0,1012397
717_refined.npy,5,RV,1,1,1.0,1010878
766_refined.npy,5,RV,1,1,1.0,751894
587_refined.npy,5,RV,1,1,1.0,845618
905_refined.npy,5,RV,1,1,1.0,647709
182_refined.npy,5,RV,1,1,1.0,617309
609_refined.npy,5,RV,1,1,1.0,1386162
913_refined.npy,5,RV,1,1,1.0,859898
855_refined.npy,5,RV,1,1,1.0,627232
296_refined.npy,5,RV,1,1,1.0,884347
56_refined.npy,5,RV,1,1,1.0,650801
377_refined.npy,5,RV,1,1,1.0,885670
382_refined.npy,5,RV,1,1,1.0,565020
80_refined.npy,5,RV,1,1,1.0,852002
133_refined.npy,5,RV,1,1,1.0,771306
444_refined.npy,5,RV,1,1,1.0,969720
799_refined.npy,5,RV,1,1,1.0,887134
746_refined.npy,5,RV,1,1,1.0,759645
236_refined.npy,5,RV,1,1,1.0,741906
79_refined.npy,5,RV,1,1,1.0,824093
315_refined.npy,5,RV,1,1,1.0,543072
453_refined.npy,5,RV,1,1,1.0,861344
554_refined.npy,5,RV,1,1,1.0,1247264
1000_refined.npy,5,RV,1,1,1.0,1121203
977_refined.npy,5,RV,1,1,1.0,922322
486_refined.npy,5,RV,1,1,1.0,749438
251_refined.npy,5,RV,1,1,1.0,1038075
225_refined.npy,5,RV,1,1,1.0,875748
645_refined.npy,5,RV,1,1,1.0,1344596
301_refined.npy,5,RV,1,1,1.0,885920
374_refined.npy,5,RV,1,1,1.0,716868
740_refined.npy,5,RV,1,1,1.0,742949
934_refined.npy,5,RV,1,1,1.0,1135510
237_refined.npy,5,RV,1,1,1.0,1255757
520_refined.npy,5,RV,1,1,1.0,897591
487_refined.npy,5,RV,1,1,1.0,797121
796_refined.npy,5,RV,1,1,1.0,726583
894_refined.npy,5,RV,1,1,1.0,740198
499_refined.npy,5,RV,1,1,1.0,1263473
131_refined.npy,5,RV,1,1,1.0,788243
728_refined.npy,5,RV,1,1,1.0,1240160
950_refined.npy,5,RV,1,1,1.0,863261
338_refined.npy,5,RV,1,1,1.0,1034305
641_refined.npy,5,RV,1,1,1.0,823827
901_refined.npy,5,RV,1,1,1.0,626924
546_refined.npy,5,RV,1,1,1.0,1098496
730_refined.npy,5,RV,1,1,1.0,1177747
9_refined.npy,5,RV,1,1,1.0,718391
163_refined.npy,5,RV,1,1,1.0,863023
86_refined.npy,5,RV,1,1,1.0,798075
665_refined.npy,5,RV,1,1,1.0,1205924
710_refined.npy,5,RV,1,1,1.0,780219
418_refined.npy,5,RV,1,1,1.0,1078923
734_refined.npy,5,RV,1,1,1.0,636575
756_refined.npy,5,RV,1,1,1.0,1138211
896_refined.npy,5,RV,1,1,1.0,826013
403_refined.npy,5,RV,1,1,1.0,665400
908_refined.npy,5,RV,1,1,1.0,825387
466_refined.npy,5,RV,1,1,1.0,888228
82_refined.npy,5,RV,1,1,1.0,638690
947_refined.npy,5,RV,1,1,1.0,1053201
987_refined.npy,5,RV,1,1,1.0,844111
137_refined.npy,5,RV,1,1,1.0,559778
384_refined.npy,5,RV,1,1,1.0,965927
701_refined.npy,5,RV,1,1,1.0,1169671
614_refined.npy,5,RV,1,1,1.0,1041800
968_refined.npy,5,RV,1,1,1.0,746356
986_refined.npy,5,RV,1,1,1.0,797324
391_refined.npy,5,RV,1,1,1.0,875164
400_refined.npy,5,RV,1,1,1.0,684560
477_refined.npy,5,RV,1,1,1.0,828349
801_refined.npy,5,RV,1,1,1.0,575780
119_refined.npy,5,RV,1,1,1.0,615114
247_refined.npy,5,RV,1,1,1.0,643329
341_refined.npy,5,RV,1,1,1.0,1315415
211_refined.npy,5,RV,1,1,1.0,874014
216_refined.npy,5,RV,1,1,1.0,841434
536_refined.npy,5,RV,1,1,1.0,720024
426_refined.npy,5,RV,1,1,1.0,1073134
604_refined.npy,5,RV,1,1,1.0,696429
21_refined.npy,5,RV,1,1,1.0,573555
983_refined.npy,5,RV,1,1,1.0,698522
779_refined.npy,5,RV,1,1,1.0,1025262
353_refined.npy,5,RV,1,1,1.0,1104084
924_refined.npy,5,RV,1,1,1.0,1227158
842_refined.npy,5,RV,1,1,1.0,1025855
283_refined.npy,5,RV,1,1,1.0,653564
124_refined.npy,5,RV,1,1,1.0,742808
501_refined.npy,5,RV,1,1,1.0,1109022
752_refined.npy,5,RV,1,1,1.0,921936
929_refined.npy,5,RV,1,1,1.0,870892
19_refined.npy,5,RV,1,1,1.0,660531
938_refined.npy,5,RV,1,1,1.0,1006951
223_refined.npy,5,RV,1,1,1.0,899468
677_refined.npy,5,RV,1,1,1.0,833276
861_refined.npy,5,RV,1,1,1.0,902575
813_refined.npy,5,RV,1,1,1.0,939478
52_refined.npy,5,RV,1,1,1.0,798473
235_refined.npy,5,RV,1,1,1.0,847397
867_refined.npy,5,RV,1,1,1.0,838861
774_refined.npy,5,RV,1,1,1.0,1110537
277_refined.npy,5,RV,1,1,1.0,794460
149_refined.npy,5,RV,1,1,1.0,585357
720_refined.npy,5,RV,1,1,1.0,1141642
103_refined.npy,5,RV,1,1,1.0,812949
396_refined.npy,5,RV,1,1,1.0,790060
642_refined.npy,5,RV,1,1,1.0,819188
468_refined.npy,5,RV,1,1,1.0,763996
680_refined.npy,5,RV,1,1,1.0,958015
105_refined.npy,5,RV,1,1,1.0,869030
508_refined.npy,5,RV,1,1,1.0,526996
24_refined.npy,5,RV,1,1,1.0,721195
87_refined.npy,5,RV,1,1,1.0,727834
992_refined.npy,5,RV,1,1,1.0,997585
942_refined.npy,5,RV,1,1,1.0,601270
185_refined.npy,5,RV,1,1,1.0,688885
127_refined.npy,5,RV,1,1,1.0,1122068
781_refined.npy,5,RV,1,1,1.0,806508
375_refined.npy,5,RV,1,1,1.0,747314
916_refined.npy,5,RV,1,1,1.0,891233
971_refined.npy,5,RV,1,1,1.0,1021370
7_refined.npy,5,RV,1,1,1.0,1007554
491_refined.npy,5,RV,1,1,1.0,807322
672_refined.npy,5,RV,1,1,1.0,1025767
551_refined.npy,5,RV,1,1,1.0,919318
975_refined.npy,5,RV,1,1,1.0,788797
892_refined.npy,5,RV,1,1,1.0,737595
502_refined.npy,5,RV,1,1,1.0,872815
493_refined.npy,5,RV,1,1,1.0,865302
878_refined.npy,5,RV,1,1,1.0,865472
178_refined.npy,5,RV,1,1,1.0,1139707
207_refined.npy,5,RV,1,1,1.0,681914
5_refined.npy,5,RV,1,1,1.0,1311411
360_refined.npy,5,RV,1,1,1.0,821929
656_refined.npy,5,RV,1,1,1.0,809780
874_refined.npy,5,RV,1,1,1.0,712028
791_refined.npy,5,RV,1,1,1.0,712097
421_refined.npy,5,RV,1,1,1.0,667786
154_refined.npy,5,RV,1,1,1.0,1352575
770_refined.npy,5,RV,1,1,1.0,961538
195_refined.npy,5,RV,1,1,1.0,1072816
750_refined.npy,5,RV,1,1,1.0,685329
895_refined.npy,5,RV,1,1,1.0,795604
794_refined.npy,5,RV,1,1,1.0,1086402
324_refined.npy,5,RV,1,1,1.0,717274
904_refined.npy,5,RV,1,1,1.0,838126
363_refined.npy,5,RV,1,1,1.0,883650
522_refined.npy,5,RV,1,1,1.0,729344
337_refined.npy,5,RV,1,1,1.0,836464
964_refined.npy,5,RV,1,1,1.0,931741
951_refined.npy,5,RV,1,1,1.0,709296
75_refined.npy,5,RV,1,1,1.0,686301
12_refined.npy,5,RV,1,1,1.0,682015
260_refined.npy,5,RV,1,1,1.0,565049
378_refined.npy,5,RV,1,1,1.0,786420
803_refined.npy,5,RV,1,1,1.0,844592
201_refined.npy,5,RV,1,1,1.0,929550
788_refined.npy,5,RV,1,1,1.0,1304789
727_refined.npy,5,RV,1,1,1.0,972303
911_refined.npy,5,RV,1,1,1.0,1024976
649_refined.npy,5,RV,1,1,1.0,782216
460_refined.npy,5,RV,1,1,1.0,671798
624_refined.npy,5,RV,1,1,1.0,839449
311_refined.npy,5,RV,1,1,1.0,1011724
62_refined.npy,5,RV,1,1,1.0,753217
909_refined.npy,5,RV,1,1,1.0,789068
167_refined.npy,5,RV,1,1,1.0,654121
298_refined.npy,5,RV,1,1,1.0,617179
293_refined.npy,5,RV,1,1,1.0,603817
342_refined.npy,5,RV,1,1,1.0,1186889
213_refined.npy,5,RV,1,1,1.0,969824
169_refined.npy,5,RV,1,1,1.0,823355
69_refined.npy,5,RV,1,1,1.0,996371
559_refined.npy,5,RV,1,1,1.0,924081
748_refined.npy,5,RV,1,1,1.0,691711
815_refined.npy,5,RV,1,1,1.0,1082578
560_refined.npy,5,RV,1,1,1.0,766063
202_refined.npy,5,RV,1,1,1.0,998707
666_refined.npy,5,RV,1,1,1.0,719536
271_refined.npy,5,RV,1,1,1.0,968393
229_refined.npy,5,RV,1,1,1.0,681058
685_refined.npy,5,RV,1,1,1.0,957788
78_refined.npy,5,RV,1,1,1.0,805946
660_refined.npy,5,RV,1,1,1.0,657221
632_refined.npy,5,RV,1,1,1.0,826811
108_refined.npy,5,RV,1,1,1.0,719992
529_refined.npy,5,RV,1,1,1.0,813807
222_refined.npy,5,RV,1,1,1.0,671475
100_refined.npy,5,RV,1,1,1.0,867528
392_refined.npy,5,RV,1,1,1.0,895012
989_refined.npy,5,RV,1,1,1.0,801287
49_refined.npy,5,RV,1,1,1.0,769745
937_refined.npy,5,RV,1,1,1.0,771015
859_refined.npy,5,RV,1,1,1.0,1021083
395_refined.npy,5,RV,1,1,1.0,708949
707_refined.npy,5,RV,1,1,1.0,963665
713_refined.npy,5,RV,1,1,1.0,1247741
475_refined.npy,5,RV,1,1,1.0,806903
472_refined.npy,5,RV,1,1,1.0,872951
233_refined.npy,5,RV,1,1,1.0,779781
34_refined.npy,5,RV,1,1,1.0,817910
777_refined.npy,5,RV,1,1,1.0,919936
268_refined.npy,5,RV,1,1,1.0,756610
388_refined.npy,5,RV,1,1,1.0,553727
389_refined.npy,5,RV,1,1,1.0,712958
492_refined.npy,5,RV,1,1,1.0,907115
860_refined.npy,5,RV,1,1,1.0,780182
749_refined.npy,5,RV,1,1,1.0,1028606
918_refined.npy,5,RV,1,1,1.0,891869
945_refined.npy,5,RV,1,1,1.0,760310
948_refined.npy,5,RV,1,1,1.0,887629
390_refined.npy,5,RV,1,1,1.0,734621
329_refined.npy,5,RV,1,1,1.0,626829
451_refined.npy,5,RV,1,1,1.0,903612
764_refined.npy,5,RV,1,1,1.0,1091703
519_refined.npy,5,RV,1,1,1.0,1132479
85_refined.npy,5,RV,1,1,1.0,634102
643_refined.npy,5,RV,1,1,1.0,680150
372_refined.npy,5,RV,1,1,1.0,717955
471_refined.npy,5,RV,1,1,1.0,899390
35_refined.npy,5,RV,1,1,1.0,689297
114_refined.npy,5,RV,1,1,1.0,589173
303_refined.npy,5,RV,1,1,1.0,1008189
759_refined.npy,5,RV,1,1,1.0,824729
490_refined.npy,5,RV,1,1,1.0,711130
370_refined.npy,5,RV,1,1,1.0,544314
494_refined.npy,5,RV,1,1,1.0,859928
373_refined.npy,5,RV,1,1,1.0,357025
762_refined.npy,5,RV,1,1,1.0,875202
792_refined.npy,5,RV,1,1,1.0,1047463
57_refined.npy,5,RV,1,1,1.0,577955
620_refined.npy,5,RV,1,1,1.0,789196
452_refined.npy,5,RV,1,1,1.0,934127
851_refined.npy,5,RV,1,1,1.0,1064509
134_refined.npy,5,RV,1,1,1.0,725163
61_refined.npy,5,RV,1,1,1.0,785378
381_refined.npy,5,RV,1,1,1.0,532957
761_refined.npy,5,RV,1,1,1.0,757302
557_refined.npy,5,RV,1,1,1.0,659252
651_refined.npy,5,RV,1,1,1.0,676074
465_refined.npy,5,RV,1,1,1.0,899652
282_refined.npy,5,RV,1,1,1.0,639642
115_refined.npy,5,RV,1,1,1.0,898498
275_refined.npy,5,RV,1,1,1.0,773848
644_refined.npy,5,RV,1,1,1.0,1142922
264_refined.npy,5,RV,1,1,1.0,1351867
206_refined.npy,5,RV,1,1,1.0,711449
259_refined.npy,5,RV,1,1,1.0,890913
566_refined.npy,5,RV,1,1,1.0,766598
121_refined.npy,5,RV,1,1,1.0,883691
514_refined.npy,5,RV,1,1,1.0,974527
4_refined.npy,5,RV,1,1,1.0,641949
428_refined.npy,5,RV,1,1,1.0,767193
120_refined.npy,5,RV,1,1,1.0,805222
354_refined.npy,5,RV,1,1,1.0,746352
111_refined.npy,5,RV,1,1,1.0,904585
825_refined.npy,5,RV,1,1,1.0,587883
595_refined.npy,5,RV,1,1,1.0,945123
433_refined.npy,5,RV,1,1,1.0,790769
362_refined.npy,5,RV,1,1,1.0,854706
613_refined.npy,5,RV,1,1,1.0,681462
590_refined.npy,5,RV,1,1,1.0,587595
470_refined.npy,5,RV,1,1,1.0,606490
242_refined.npy,5,RV,1,1,1.0,1072765
923_refined.npy,5,RV,1,1,1.0,1044220
517_refined.npy,5,RV,1,1,1.0,812822
352_refined.npy,5,RV,1,1,1.0,662797
416_refined.npy,5,RV,1,1,1.0,896938
928_refined.npy,5,RV,1,1,1.0,847053
330_refined.npy,5,RV,1,1,1.0,750054
58_refined.npy,5,RV,1,1,1.0,962181
955_refined.npy,5,RV,1,1,1.0,1064400
139_refined.npy,5,RV,1,1,1.0,713761
405_refined.npy,5,RV,1,1,1.0,726520
254_refined.npy,5,RV,1,1,1.0,808411
46_refined.npy,5,RV,1,1,1.0,999915
258_refined.npy,5,RV,1,1,1.0,779879
700_refined.npy,5,RV,1,1,1.0,1155587
671_refined.npy,5,RV,1,1,1.0,1043813
507_refined.npy,5,RV,1,1,1.0,715861
943_refined.npy,5,RV,1,1,1.0,1146488
553_refined.npy,5,RV,1,1,1.0,555122
640_refined.npy,5,RV,1,1,1.0,615122
932_refined.npy,5,RV,1,1,1.0,978135
612_refined.npy,5,RV,1,1,1.0,796010
358_refined.npy,5,RV,1,1,1.0,876736
417_refined.npy,5,RV,1,1,1.0,895518
478_refined.npy,5,RV,1,1,1.0,967994
626_refined.npy,5,RV,1,1,1.0,941369
821_refined.npy,5,RV,1,1,1.0,751550
165_refined.npy,5,RV,1,1,1.0,781518
833_refined.npy,5,RV,1,1,1.0,1191088
308_refined.npy,5,RV,1,1,1.0,732313
461_refined.npy,5,RV,1,1,1.0,806155
434_refined.npy,5,RV,1,1,1.0,597852
818_refined.npy,5,RV,1,1,1.0,958599
757_refined.npy,5,RV,1,1,1.0,872457
636_refined.npy,5,RV,1,1,1.0,628926
420_refined.npy,5,RV,1,1,1.0,833571
305_refined.npy,5,RV,1,1,1.0,714403
599_refined.npy,5,RV,1,1,1.0,910601
118_refined.npy,5,RV,1,1,1.0,857987
563_refined.npy,5,RV,1,1,1.0,1067013
745_refined.npy,5,RV,1,1,1.0,841930
505_refined.npy,5,RV,1,1,1.0,859878
240_refined.npy,5,RV,1,1,1.0,1084988
944_refined.npy,5,RV,1,1,1.0,739530
893_refined.npy,5,RV,1,1,1.0,994393
726_refined.npy,5,RV,1,1,1.0,1180699
616_refined.npy,5,RV,1,1,1.0,823933
776_refined.npy,5,RV,1,1,1.0,965644
447_refined.npy,5,RV,1,1,1.0,838842
402_refined.npy,5,RV,1,1,1.0,905965
351_refined.npy,5,RV,1,1,1.0,1040564
83_refined.npy,5,RV,1,1,1.0,677599
998_refined.npy,5,RV,1,1,1.0,825290
323_refined.npy,5,RV,1,1,1.0,926762
828_refined.npy,5,RV,1,1,1.0,1079357
304_refined.npy,5,RV,1,1,1.0,697258
820_refined.npy,5,RV,1,1,1.0,818518
561_refined.npy,5,RV,1,1,1.0,672846
409_refined.npy,5,RV,1,1,1.0,978180
638_refined.npy,5,RV,1,1,1.0,935863
564_refined.npy,5,RV,1,1,1.0,725013
543_refined.npy,5,RV,1,1,1.0,760209
635_refined.npy,5,RV,1,1,1.0,957026
467_refined.npy,5,RV,1,1,1.0,771596
593_refined.npy,5,RV,1,1,1.0,758022
857_refined.npy,5,RV,1,1,1.0,821508
144_refined.npy,5,RV,1,1,1.0,533616
272_refined.npy,5,RV,1,1,1.0,940776
435_refined.npy,5,RV,1,1,1.0,961903
690_refined.npy,5,RV,1,1,1.0,1013234
93_refined.npy,5,RV,1,1,1.0,1053002
336_refined.npy,5,RV,1,1,1.0,859582
376_refined.npy,5,RV,1,1,1.0,863640
332_refined.npy,5,RV,1,1,1.0,751488
101_refined.npy,5,RV,1,1,1.0,781387
331_refined.npy,5,RV,1,1,1.0,781035
854_refined.npy,5,RV,1,1,1.0,819397
176_refined.npy,5,RV,1,1,1.0,886549
436_refined.npy,5,RV,1,1,1.0,1297371
162_refined.npy,5,RV,1,1,1.0,757664
174_refined.npy,5,RV,1,1,1.0,935729
631_refined.npy,5,RV,1,1,1.0,876239
834_refined.npy,5,RV,1,1,1.0,718601
747_refined.npy,5,RV,1,1,1.0,844629
840_refined.npy,5,RV,1,1,1.0,838045
725_refined.npy,5,RV,1,1,1.0,946539
170_refined.npy,5,RV,1,1,1.0,463474
385_refined.npy,5,RV,1,1,1.0,1047071
625_refined.npy,5,RV,1,1,1.0,945392
138_refined.npy,5,RV,1,1,1.0,768081
88_refined.npy,5,RV,1,1,1.0,996817
805_refined.npy,5,RV,1,1,1.0,843348
449_refined.npy,5,RV,1,1,1.0,992005
881_refined.npy,5,RV,1,1,1.0,823509
28_refined.npy,5,RV,1,1,1.0,992928
939_refined.npy,5,RV,1,1,1.0,813575
344_refined.npy,5,RV,1,1,1.0,747445
699_refined.npy,5,RV,1,1,1.0,863032
295_refined.npy,5,RV,1,1,1.0,810500
702_refined.npy,5,RV,1,1,1.0,842932
958_refined.npy,5,RV,1,1,1.0,1103772
960_refined.npy,5,RV,1,1,1.0,777717
349_refined.npy,5,RV,1,1,1.0,999430
166_refined.npy,5,RV,1,1,1.0,697432
509_refined.npy,5,RV,1,1,1.0,726941
485_refined.npy,5,RV,1,1,1.0,758560
102_refined.npy,5,RV,1,1,1.0,749768
538_refined.npy,5,RV,1,1,1.0,874394
280_refined.npy,5,RV,1,1,1.0,818293
684_refined.npy,5,RV,1,1,1.0,668684
676_refined.npy,5,RV,1,1,1.0,859016
150_refined.npy,5,RV,1,1,1.0,848285
18_refined.npy,5,RV,1,1,1.0,1135268
814_refined.npy,5,RV,1,1,1.0,682544
829_refined.npy,5,RV,1,1,1.0,680963
782_refined.npy,5,RV,1,1,1.0,767995
933_refined.npy,5,RV,1,1,1.0,1013647
686_refined.npy,5,RV,1,1,1.0,802871
621_refined.npy,5,RV,1,1,1.0,746036
77_refined.npy,5,RV,1,1,1.0,939003
348_refined.npy,5,RV,1,1,1.0,1126862
785_refined.npy,5,RV,1,1,1.0,1066601
797_refined.npy,5,RV,1,1,1.0,778166
23_refined.npy,5,RV,1,1,1.0,510100
215_refined.npy,5,RV,1,1,1.0,771232
67_refined.npy,5,RV,1,1,1.0,578359
691_refined.npy,5,RV,1,1,1.0,1205711
622_refined.npy,5,RV,1,1,1.0,992417
113_refined.npy,5,RV,1,1,1.0,757094
313_refined.npy,5,RV,1,1,1.0,1020333
70_refined.npy,5,RV,1,1,1.0,775200
956_refined.npy,5,RV,1,1,1.0,1234877
852_refined.npy,5,RV,1,1,1.0,583422
970_refined.npy,5,RV,1,1,1.0,1245901
440_refined.npy,5,RV,1,1,1.0,618939
25_refined.npy,5,RV,1,1,1.0,724238
875_refined.npy,5,RV,1,1,1.0,899323
68_refined.npy,5,RV,1,1,1.0,1263764
192_refined.npy,5,RV,1,1,1.0,1170101
8_refined.npy,5,RV,1,1,1.0,919674
540_refined.npy,5,RV,1,1,1.0,740720
683_refined.npy,5,RV,1,1,1.0,1246559
531_refined.npy,5,RV,1,1,1.0,600070
870_refined.npy,5,RV,1,1,1.0,677436
27_refined.npy,5,RV,1,1,1.0,759682
190_refined.npy,5,RV,1,1,1.0,876051
880_refined.npy,5,RV,1,1,1.0,1019145
371_refined.npy,5,RV,1,1,1.0,1004447
179_refined.npy,5,RV,1,1,1.0,620844
743_refined.npy,5,RV,1,1,1.0,1093205
367_refined.npy,5,RV,1,1,1.0,855741
931_refined.npy,5,RV,1,1,1.0,897295
724_refined.npy,5,RV,1,1,1.0,687907
142_refined.npy,5,RV,1,1,1.0,802187
29_refined.npy,5,RV,1,1,1.0,901784
883_refined.npy,5,RV,1,1,1.0,890822
927_refined.npy,5,RV,1,1,1.0,737571
552_refined.npy,6,Aorta,2,2,0.5127548273262701,482876
602_refined.npy,6,Aorta,2,2,0.5168173316708229,513280
31_refined.npy,6,Aorta,2,2,0.5479006311377369,580222
462_refined.npy,6,Aorta,2,2,0.611794469796314,549817
321_refined.npy,6,Aorta,2,2,0.6906596641725296,465358
816_refined.npy,6,Aorta,2,2,0.620834887666815,415505
26_refined.npy,6,Aorta,2,2,0.5916908844554502,535075
555_refined.npy,6,Aorta,2,2,0.5116798999619715,738919
130_refined.npy,6,Aorta,2,2,0.5034245181940243,663597
808_refined.npy,6,Aorta,2,2,0.5927664434895289,703029
96_refined.npy,6,Aorta,2,2,0.695315427857589,464290
281_refined.npy,6,Aorta,2,2,0.5281262239996701,776144
706_refined.npy,6,Aorta,2,2,0.6085580439768692,564615
758_refined.npy,6,Aorta,2,2,0.5383951128119064,389099
45_refined.npy,6,Aorta,2,2,0.5652671213786503,760628
639_refined.npy,6,Aorta,2,2,0.6275478016283814,705363
972_refined.npy,6,Aorta,2,2,0.522636003624251,610333
910_refined.npy,6,Aorta,2,2,0.5632033484105924,524189
610_refined.npy,6,Aorta,2,2,0.6151095695792623,503972
3_refined.npy,6,Aorta,2,2,0.5111739523875818,574640
208_refined.npy,6,Aorta,2,2,0.5222394021388996,776100
605_refined.npy,6,Aorta,1,1,1.0,632217
481_refined.npy,6,Aorta,2,2,0.5822563108806758,676015
17_refined.npy,6,Aorta,2,2,0.5665272114113955,793803
594_refined.npy,6,Aorta,2,2,0.5238870495526309,511658
637_refined.npy,6,Aorta,2,2,0.5325969831312636,722935
482_refined.npy,6,Aorta,2,2,0.5649285299857587,473975
128_refined.npy,6,Aorta,2,2,0.6302671458841831,447396
456_refined.npy,6,Aorta,2,2,0.5688585746413165,716788
59_refined.npy,6,Aorta,2,2,0.5375852322681064,614204
811_refined.npy,6,Aorta,2,2,0.5359479834708296,675170
299_refined.npy,6,Aorta,2,2,0.5245497171316924,565811
982_refined.npy,6,Aorta,2,2,0.5973768219951001,606135
334_refined.npy,6,Aorta,2,2,0.5052461491206859,612068
322_refined.npy,6,Aorta,2,2,0.5428919909757474,709200
10_refined.npy,6,Aorta,2,2,0.5194783660411221,615144
819_refined.npy,6,Aorta,2,2,0.5143700017771459,422025
476_refined.npy,6,Aorta,2,2,0.571466025368982,530175
266_refined.npy,6,Aorta,2,2,0.5349975147519297,517051
419_refined.npy,6,Aorta,2,2,0.5962826139495399,492389
669_refined.npy,6,Aorta,2,2,0.5586541498934886,493844
822_refined.npy,6,Aorta,2,2,0.5261512954313001,614004
489_refined.npy,6,Aorta,2,2,0.5464590189076821,599862
267_refined.npy,6,Aorta,2,2,0.5662623338369057,791015
617_refined.npy,6,Aorta,2,2,0.521998501318645,719299
868_refined.npy,6,Aorta,2,2,0.5512965444904143,429025
393_refined.npy,6,Aorta,2,2,0.5931848052474773,655858
662_refined.npy,6,Aorta,2,2,0.5717327298829599,493164
125_refined.npy,6,Aorta,2,2,0.583984475964387,754443
437_refined.npy,6,Aorta,2,2,0.5380088501049558,484966
922_refined.npy,6,Aorta,2,2,0.5053515244182241,577499
404_refined.npy,6,Aorta,2,2,0.5668694648501127,556218
319_refined.npy,6,Aorta,2,2,0.5083525961815324,621663
735_refined.npy,6,Aorta,2,2,0.5283811598804428,730696
596_refined.npy,6,Aorta,2,2,0.5456096993776285,507414
678_refined.npy,6,Aorta,2,2,0.5822667969605124,443101
249_refined.npy,6,Aorta,2,2,0.546428598714922,654435
244_refined.npy,6,Aorta,2,2,0.5165608616909733,524550
44_refined.npy,6,Aorta,2,2,0.5104598013370567,511721
123_refined.npy,6,Aorta,2,2,0.5565921160612378,530065
407_refined.npy,6,Aorta,2,2,0.5211281683433188,510243
930_refined.npy,6,Aorta,2,2,0.5265523985208339,585465
844_refined.npy,6,Aorta,2,2,0.5930423284587656,635270
689_refined.npy,6,Aorta,2,2,0.5451242273022092,453282
657_refined.npy,6,Aorta,2,2,0.581802727207311,444704
415_refined.npy,6,Aorta,2,2,0.6483368601027265,425791
694_refined.npy,6,Aorta,2,2,0.5779923851031067,497446
99_refined.npy,6,Aorta,2,2,0.608497254190688,416817
525_refined.npy,6,Aorta,2,2,0.5530410936738183,469683
135_refined.npy,6,Aorta,2,2,0.5880823776341857,509313
530_refined.npy,6,Aorta,2,2,0.6240868396801944,388486
339_refined.npy,6,Aorta,2,2,0.5122356814810992,600743
667_refined.npy,6,Aorta,2,2,0.522095298697922,584604
985_refined.npy,6,Aorta,2,2,0.5984751859757642,453957
148_refined.npy,6,Aorta,2,2,0.5324453747777714,418488
584_refined.npy,6,Aorta,2,2,0.5804529027957483,687079
212_refined.npy,6,Aorta,2,2,0.6507976215675333,467703
38_refined.npy,6,Aorta,2,2,0.5275136020660144,786829
515_refined.npy,6,Aorta,2,2,0.6130756457915979,577547
335_refined.npy,6,Aorta,2,2,0.512019661957825,635542
262_refined.npy,6,Aorta,2,2,0.5357144456168261,670051
682_refined.npy,6,Aorta,2,2,0.5018605054947028,668098
633_refined.npy,6,Aorta,2,2,0.5140708286890402,543678
688_refined.npy,6,Aorta,2,2,0.5254459905896486,499450
862_refined.npy,6,Aorta,2,2,0.5184992044071831,448722
189_refined.npy,6,Aorta,2,2,0.564351983738961,649405
889_refined.npy,6,Aorta,2,2,0.5725203855919238,428121
37_refined.npy,6,Aorta,2,2,0.5343389935942016,572294
841_refined.npy,6,Aorta,2,2,0.5325863731899193,457231
887_refined.npy,6,Aorta,2,2,0.508853641681955,612121
623_refined.npy,6,Aorta,2,2,0.51094376546622,739919
431_refined.npy,6,Aorta,2,2,0.6929528036539107,387530
917_refined.npy,6,Aorta,2,2,0.5404568469834368,559312
545_refined.npy,6,Aorta,2,2,0.5877112414687474,692454
716_refined.npy,6,Aorta,2,2,0.5196807098706913,527420
122_refined.npy,6,Aorta,2,2,0.5607934585847263,567339
627_refined.npy,6,Aorta,2,2,0.5385676755799329,671845
484_refined.npy,6,Aorta,2,2,0.5838975739685651,450901
824_refined.npy,6,Aorta,2,2,0.5451449540290585,590808
350_refined.npy,6,Aorta,2,2,0.5541149174286885,454274
265_refined.npy,6,Aorta,2,2,0.5150517494911551,566479
598_refined.npy,6,Aorta,2,2,0.5160025491742187,555474
581_refined.npy,6,Aorta,2,2,0.5429129582851342,508308
652_refined.npy,6,Aorta,2,2,0.5140789226809781,564958
132_refined.npy,6,Aorta,2,2,0.5802223003301661,520647
72_refined.npy,6,Aorta,2,2,0.6050413750671814,694017
789_refined.npy,6,Aorta,2,2,0.5844709075515522,487807
835_refined.npy,6,Aorta,2,2,0.5218884796882567,532746
14_refined.npy,6,Aorta,2,2,0.6355195291735682,551201
129_refined.npy,6,Aorta,2,2,0.5222892597075842,631156
976_refined.npy,6,Aorta,2,2,0.5531892873065409,502432
279_refined.npy,6,Aorta,2,2,0.54486499189597,536153
64_refined.npy,6,Aorta,2,2,0.5016244435173702,699932
674_refined.npy,6,Aorta,2,2,0.5713358901999261,436211
364_refined.npy,6,Aorta,2,2,0.5556220405054005,850652
40_refined.npy,6,Aorta,2,2,0.5040463828141982,602637
524_refined.npy,6,Aorta,2,2,0.5747846019075741,631273
732_refined.npy,6,Aorta,2,2,0.6124994657130238,701870
547_refined.npy,6,Aorta,2,2,0.5949602326582297,401963
903_refined.npy,6,Aorta,2,2,0.5062855890209472,565659
567_refined.npy,6,Aorta,2,2,0.5236331630539831,579440
845_refined.npy,6,Aorta,2,2,0.613731533215358,502930
200_refined.npy,6,Aorta,2,2,0.5257593893396211,527167
219_refined.npy,6,Aorta,2,2,0.5624933349275648,618898
104_refined.npy,6,Aorta,2,2,0.5116228131840159,675697
765_refined.npy,6,Aorta,2,2,0.531597679892959,602386
333_refined.npy,6,Aorta,2,2,0.6002621791507304,398201
898_refined.npy,6,Aorta,2,2,0.5197024119458834,566555
287_refined.npy,6,Aorta,2,2,0.5957130899653834,475494
234_refined.npy,6,Aorta,2,2,0.556506511188019,577314
168_refined.npy,6,Aorta,2,2,0.5362163432583692,680770
533_refined.npy,6,Aorta,2,2,0.6281148669078624,767288
784_refined.npy,6,Aorta,2,2,0.5051857229638629,539944
954_refined.npy,6,Aorta,2,2,0.5579379547729391,637406
291_refined.npy,6,Aorta,2,2,0.6251808176533031,363626
823_refined.npy,6,Aorta,2,2,0.5062070646826814,574265
673_refined.npy,6,Aorta,2,2,0.5254283827582257,593628
863_refined.npy,6,Aorta,2,2,0.5448646117607531,559539
155_refined.npy,6,Aorta,2,2,0.5791573644259851,593495
399_refined.npy,6,Aorta,2,2,0.5071489555686907,517698
246_refined.npy,6,Aorta,2,2,0.5486961183190762,790946
731_refined.npy,6,Aorta,2,2,0.5408193477007465,577557
775_refined.npy,6,Aorta,2,2,0.5194244811367299,486448
979_refined.npy,6,Aorta,2,2,0.5562963846506861,494641
368_refined.npy,6,Aorta,2,2,0.5788758813819005,488863
592_refined.npy,6,Aorta,2,2,0.5924656448138489,409909
583_refined.npy,6,Aorta,2,2,0.5485223088235853,526294
458_refined.npy,6,Aorta,2,2,0.6416685296852876,979593
210_refined.npy,6,Aorta,2,2,0.5874542302807827,539385
783_refined.npy,6,Aorta,2,2,0.5158312803660787,714819
580_refined.npy,6,Aorta,2,2,0.6296851858524217,527327
920_refined.npy,6,Aorta,2,2,0.5549945789191801,459318
410_refined.npy,6,Aorta,2,2,0.569168710907643,499778
722_refined.npy,6,Aorta,2,2,0.5741134847813165,701539
534_refined.npy,6,Aorta,2,2,0.6110628603972379,351175
357_refined.npy,6,Aorta,2,2,0.5295030140719558,424177
935_refined.npy,6,Aorta,2,2,0.5470350250721775,526480
153_refined.npy,6,Aorta,2,2,0.5338186530794023,473777
231_refined.npy,6,Aorta,2,2,0.5421220411376373,641505
98_refined.npy,6,Aorta,2,2,0.5255088664314996,671296
107_refined.npy,6,Aorta,2,2,0.5565631907459425,554654
228_refined.npy,6,Aorta,2,2,0.5607912307143429,549372
589_refined.npy,6,Aorta,2,2,0.55906648193631,571644
205_refined.npy,6,Aorta,2,2,0.535420171553354,566471
175_refined.npy,6,Aorta,2,2,0.5330122455032391,620391
542_refined.npy,6,Aorta,2,2,0.5966086467769278,443009
343_refined.npy,6,Aorta,2,2,0.5569123166466964,655974
832_refined.npy,6,Aorta,2,2,0.5529013678142022,565647
284_refined.npy,6,Aorta,2,2,0.5817830723693515,615219
217_refined.npy,6,Aorta,2,2,0.5190363301874094,534872
224_refined.npy,6,Aorta,2,2,0.5671669910005951,435251
398_refined.npy,6,Aorta,2,2,0.6301247018514586,485077
687_refined.npy,6,Aorta,2,2,0.5069150594407191,503611
245_refined.npy,6,Aorta,2,2,0.5391417402981755,584555
386_refined.npy,6,Aorta,2,2,0.5748974674390742,749518
241_refined.npy,6,Aorta,2,2,0.7163662597799416,777612
763_refined.npy,6,Aorta,2,2,0.6042411579146638,565223
912_refined.npy,6,Aorta,2,2,0.552097876659888,577298
891_refined.npy,6,Aorta,2,2,0.5209493312304968,563049
618_refined.npy,6,Aorta,2,2,0.5400013743815283,436560
535_refined.npy,6,Aorta,2,2,0.5129554770994937,668173
263_refined.npy,6,Aorta,2,2,0.5228454720951993,643366
446_refined.npy,6,Aorta,2,2,0.5858098152129787,532072
869_refined.npy,6,Aorta,2,2,0.5184903429798605,571812
550_refined.npy,6,Aorta,2,2,0.5809547633937878,479700
54_refined.npy,6,Aorta,2,2,0.5707241614116114,675540
544_refined.npy,6,Aorta,2,2,0.5457335593538721,660117
659_refined.npy,6,Aorta,2,2,0.535855714922373,549745
365_refined.npy,6,Aorta,2,2,0.5301676494586933,594395
591_refined.npy,6,Aorta,2,2,0.5155914278972142,644136
252_refined.npy,6,Aorta,2,2,0.629890054252705,687339
804_refined.npy,6,Aorta,2,2,0.538780701257327,476487
812_refined.npy,6,Aorta,2,2,0.5230267940374073,467716
297_refined.npy,6,Aorta,2,2,0.6007722303975973,364917
16_refined.npy,6,Aorta,2,2,0.5525969991137912,589026
941_refined.npy,6,Aorta,2,2,0.5988142554143618,377653
994_refined.npy,6,Aorta,2,2,0.5204026490902134,507042
850_refined.npy,6,Aorta,2,2,0.584950216494993,628421
463_refined.npy,6,Aorta,2,2,0.534683733188636,619224
422_refined.npy,6,Aorta,2,2,0.5323694453297791,621234
670_refined.npy,6,Aorta,2,2,0.5262992316738139,594409
136_refined.npy,6,Aorta,2,2,0.5124346099995979,547102
292_refined.npy,6,Aorta,2,2,0.5255837740341955,619846
43_refined.npy,6,Aorta,2,2,0.5439476285525395,788063
886_refined.npy,6,Aorta,2,2,0.5335545374175003,719396
172_refined.npy,6,Aorta,2,2,0.5421229250044698,727110
256_refined.npy,6,Aorta,2,2,0.5159608749479162,667194
973_refined.npy,6,Aorta,2,2,0.5608839165472834,651962
425_refined.npy,6,Aorta,2,2,0.5315691832909423,624739
290_refined.npy,6,Aorta,2,2,0.5476723397082515,723774
513_refined.npy,6,Aorta,2,2,0.5960546375908106,810065
47_refined.npy,6,Aorta,2,2,0.5683057046659443,481746
858_refined.npy,6,Aorta,2,2,0.5431850859130929,450688
442_refined.npy,6,Aorta,2,2,0.5158813021384346,576590
312_refined.npy,6,Aorta,2,2,0.5004539166522566,508904
562_refined.npy,6,Aorta,2,2,0.5344687123407731,502035
443_refined.npy,6,Aorta,2,2,0.523997954576767,754856
15_refined.npy,6,Aorta,2,2,0.583671821625986,483030
575_refined.npy,6,Aorta,2,2,0.599368975480044,977775
261_refined.npy,6,Aorta,1,1,1.0,729446
232_refined.npy,6,Aorta,2,2,0.6135170163592695,551675
709_refined.npy,6,Aorta,2,2,0.5621245265353024,587425
140_refined.npy,6,Aorta,2,2,0.6372053008739468,828769
988_refined.npy,6,Aorta,2,2,0.5845858476462403,385957
53_refined.npy,6,Aorta,2,2,0.541428836866846,575867
294_refined.npy,6,Aorta,2,2,0.5145123745321142,536990
780_refined.npy,6,Aorta,2,2,0.5715073338344574,663841
209_refined.npy,6,Aorta,2,2,0.5414786270668278,570137
648_refined.npy,6,Aorta,2,2,0.5638743980738363,598080
523_refined.npy,6,Aorta,2,2,0.5072889296288869,768014
2_refined.npy,6,Aorta,2,2,0.6018409437192718,509304
6_refined.npy,6,Aorta,2,2,0.5120855226843706,655826
681_refined.npy,6,Aorta,2,2,0.5166190486576083,733616
739_refined.npy,6,Aorta,2,2,0.583660929440461,407514
577_refined.npy,6,Aorta,2,2,0.5987603090406829,498834
838_refined.npy,6,Aorta,2,2,0.5932798908981587,595407
158_refined.npy,6,Aorta,2,2,0.521742646717622,754255
413_refined.npy,6,Aorta,2,2,0.5488836399953434,652836
996_refined.npy,6,Aorta,2,2,0.5167249170218268,568523
981_refined.npy,6,Aorta,2,2,0.5386320669388392,563858
307_refined.npy,6,Aorta,2,2,0.5237147737090982,748837
50_refined.npy,6,Aorta,2,2,0.5590681184229964,460316
110_refined.npy,6,Aorta,2,2,0.5090151397195534,545915
915_refined.npy,6,Aorta,2,2,0.598233928382975,492732
126_refined.npy,6,Aorta,2,2,0.5659741072410089,591285
807_refined.npy,6,Aorta,2,2,0.648852981771453,420220
532_refined.npy,6,Aorta,2,2,0.5086596210251874,558454
274_refined.npy,6,Aorta,2,2,0.5839465781419402,521135
218_refined.npy,6,Aorta,2,2,0.5342843921042973,814671
961_refined.npy,6,Aorta,2,2,0.5679372052703262,527178
32_refined.npy,6,Aorta,2,2,0.5220680990200927,792728
984_refined.npy,6,Aorta,2,2,0.5000946918456793,591392
558_refined.npy,6,Aorta,2,2,0.541489600829739,564997
541_refined.npy,6,Aorta,2,2,0.6258331716490306,670030
704_refined.npy,6,Aorta,2,2,0.5538657234152801,555808
459_refined.npy,6,Aorta,2,2,0.5294397828037056,503876
769_refined.npy,6,Aorta,2,2,0.5362186382246135,695871
455_refined.npy,6,Aorta,2,2,0.5815701751432354,564281
309_refined.npy,6,Aorta,2,2,0.5087988707663432,644685
412_refined.npy,6,Aorta,2,2,0.581126069304217,623887
221_refined.npy,6,Aorta,2,2,0.5317670780773338,536609
719_refined.npy,6,Aorta,2,2,0.6034178803815836,405573
790_refined.npy,6,Aorta,2,2,0.6617461541835106,387629
810_refined.npy,6,Aorta,2,2,0.5799044380984612,573241
518_refined.npy,6,Aorta,2,2,0.53994741017609,489068
703_refined.npy,6,Aorta,2,2,0.5851264690336906,667871
340_refined.npy,6,Aorta,2,2,0.5394211416703726,654357
73_refined.npy,6,Aorta,2,2,0.6510894706086129,571562
152_refined.npy,6,Aorta,2,2,0.5092946177678507,527402
537_refined.npy,6,Aorta,2,2,0.5809272249489641,368368
411_refined.npy,6,Aorta,2,2,0.5163177542970966,606456
355_refined.npy,6,Aorta,2,2,0.5506137429008039,542491
721_refined.npy,6,Aorta,2,2,0.5674486692159595,526682
423_refined.npy,6,Aorta,2,2,0.544741929876009,569477
1_refined.npy,6,Aorta,2,2,0.5404785488631729,703669
164_refined.npy,6,Aorta,2,2,0.6288643311515598,412814
802_refined.npy,6,Aorta,2,2,0.5485946345065222,609450
693_refined.npy,6,Aorta,2,2,0.5025662630669729,519822
959_refined.npy,6,Aorta,2,2,0.5098159509202455,630810
692_refined.npy,6,Aorta,2,2,0.5430893897473964,711312
967_refined.npy,6,Aorta,2,2,0.5586564870317361,482794
109_refined.npy,6,Aorta,2,2,0.5587817863232628,594674
500_refined.npy,6,Aorta,2,2,0.5302909951996937,668499
990_refined.npy,6,Aorta,2,2,0.5530391782759951,448131
314_refined.npy,6,Aorta,2,2,0.5299922405671633,565763
310_refined.npy,6,Aorta,2,2,0.5329031795961489,502611
55_refined.npy,6,Aorta,2,2,0.52038850245995,495132
741_refined.npy,6,Aorta,2,2,0.5217029653556624,577064
521_refined.npy,6,Aorta,2,2,0.6135897587523105,524233
496_refined.npy,6,Aorta,2,2,0.5871831555439697,487187
839_refined.npy,6,Aorta,2,2,0.6110898017416858,492741
51_refined.npy,6,Aorta,2,2,0.5502990236352867,575707
159_refined.npy,6,Aorta,2,2,0.592026070650859,529024
906_refined.npy,6,Aorta,2,2,0.5565692342551847,838530
925_refined.npy,6,Aorta,2,2,0.5105103564427901,565252
441_refined.npy,6,Aorta,2,2,0.5243893510351223,573652
285_refined.npy,6,Aorta,2,2,0.5111967081884699,677074
628_refined.npy,6,Aorta,2,2,0.5941176380115691,650181
91_refined.npy,6,Aorta,2,2,0.5001000879672226,544521
197_refined.npy,6,Aorta,2,2,0.5132062307101339,524563
661_refined.npy,6,Aorta,2,2,0.5423889486708805,663522
993_refined.npy,6,Aorta,2,2,0.5694227288356614,616556
568_refined.npy,6,Aorta,2,2,0.6662184023593792,600836
276_refined.npy,6,Aorta,2,2,0.5484011184364599,563644
199_refined.npy,6,Aorta,2,2,0.5170984382629125,706585
383_refined.npy,6,Aorta,1,1,1.0,546101
751_refined.npy,6,Aorta,2,2,0.508421225141798,530861
793_refined.npy,6,Aorta,2,2,0.5234235271679087,555766
611_refined.npy,6,Aorta,2,2,0.5216318583872754,536223
243_refined.npy,6,Aorta,2,2,0.5298716556235542,687759
809_refined.npy,6,Aorta,2,2,0.6182278271871718,459989
346_refined.npy,6,Aorta,2,2,0.6662219654393613,571170
483_refined.npy,6,Aorta,2,2,0.5715116248434594,569341
729_refined.npy,6,Aorta,2,2,0.5085833703549493,501959
926_refined.npy,6,Aorta,2,2,0.6044044845240821,519743
448_refined.npy,6,Aorta,2,2,0.5134296473367704,680621
117_refined.npy,6,Aorta,2,2,0.5407960296433897,714898
306_refined.npy,6,Aorta,2,2,0.62864880094056,841201
430_refined.npy,6,Aorta,2,2,0.5468392072799109,761328
173_refined.npy,6,Aorta,2,2,0.5729327904986956,667361
320_refined.npy,6,Aorta,2,2,0.5038649145937806,613597
495_refined.npy,6,Aorta,2,2,0.6507883037433511,480906
754_refined.npy,6,Aorta,2,2,0.5964392903839296,538432
733_refined.npy,6,Aorta,2,2,0.5525473831745931,784825
876_refined.npy,6,Aorta,2,2,0.5679429763171866,393661
539_refined.npy,6,Aorta,2,2,0.5908530177126323,755506
316_refined.npy,6,Aorta,2,2,0.5065918032786886,610000
995_refined.npy,6,Aorta,2,2,0.5018124296703499,433672
969_refined.npy,6,Aorta,2,2,0.5353341010139782,625260
585_refined.npy,6,Aorta,2,2,0.6359080454710524,454355
300_refined.npy,6,Aorta,2,2,0.5267334703236396,638488
445_refined.npy,6,Aorta,2,2,0.6443172316202482,388675
347_refined.npy,6,Aorta,1,1,1.0,726873
361_refined.npy,6,Aorta,2,2,0.5030552011226976,549391
565_refined.npy,6,Aorta,2,2,0.5710688237188164,624247
570_refined.npy,6,Aorta,2,2,0.5113533517835798,496109
705_refined.npy,6,Aorta,2,2,0.5977188994277651,637850
572_refined.npy,6,Aorta,2,2,0.5024155620401701,515408
664_refined.npy,6,Aorta,2,2,0.5389778941208304,635668
248_refined.npy,6,Aorta,2,2,0.6065682309326172,486341
921_refined.npy,6,Aorta,2,2,0.5561673920278333,621989
238_refined.npy,6,Aorta,2,2,0.5437539813694988,541585
571_refined.npy,6,Aorta,2,2,0.5052215000701744,577133
480_refined.npy,6,Aorta,2,2,0.5972708975374826,581803
715_refined.npy,6,Aorta,2,2,0.5405536485531636,717531
974_refined.npy,6,Aorta,2,2,0.5056461632204101,631845
253_refined.npy,6,Aorta,2,2,0.5149391691820271,627478
302_refined.npy,6,Aorta,2,2,0.5365525230819933,600793
97_refined.npy,6,Aorta,2,2,0.7042514294378176,342967
582_refined.npy,6,Aorta,2,2,0.5697811029515518,651996
325_refined.npy,6,Aorta,2,2,0.5307127581937602,550846
369_refined.npy,6,Aorta,2,2,0.6255490977165371,459390
65_refined.npy,6,Aorta,2,2,0.5273205910981329,542448
454_refined.npy,6,Aorta,2,2,0.5565879602251143,510674
798_refined.npy,6,Aorta,2,2,0.5802087502028014,462275
946_refined.npy,6,Aorta,2,2,0.5366938119915663,461958
884_refined.npy,6,Aorta,2,2,0.5667731496415305,480515
230_refined.npy,6,Aorta,2,2,0.5005665517030887,524224
33_refined.npy,6,Aorta,2,2,0.5044079546047331,690116
379_refined.npy,6,Aorta,2,2,0.6006846473974738,438766
831_refined.npy,6,Aorta,2,2,0.5001856589970719,541315
675_refined.npy,6,Aorta,1,1,1.0,536225
328_refined.npy,6,Aorta,2,2,0.5778008298755186,570688
744_refined.npy,6,Aorta,2,2,0.5177890936024442,540050
914_refined.npy,6,Aorta,2,2,0.5714511792894349,518151
36_refined.npy,6,Aorta,2,2,0.5363053913673541,507886
738_refined.npy,6,Aorta,2,2,0.5303459725730991,695084
826_refined.npy,6,Aorta,2,2,0.5410223327921443,485967
965_refined.npy,6,Aorta,2,2,0.5301730431877871,499933
817_refined.npy,6,Aorta,2,2,0.5506276858389081,744879
286_refined.npy,6,Aorta,2,2,0.5423930795331667,670475
836_refined.npy,6,Aorta,2,2,0.5261428947280657,539726
188_refined.npy,6,Aorta,2,2,0.6295790060669079,477014
556_refined.npy,6,Aorta,2,2,0.5294596456076639,622869
116_refined.npy,6,Aorta,2,2,0.5664283065105945,576998
655_refined.npy,6,Aorta,2,2,0.5151726004097569,388035
156_refined.npy,6,Aorta,2,2,0.537972279892071,552956
288_refined.npy,6,Aorta,2,2,0.5745095310978156,517464
424_refined.npy,6,Aorta,2,2,0.6515991531008567,713190
619_refined.npy,6,Aorta,2,2,0.530491821759088,567726
606_refined.npy,6,Aorta,2,2,0.5005992833999292,629919
401_refined.npy,6,Aorta,2,2,0.5249745128394294,688582
872_refined.npy,6,Aorta,2,2,0.5834507556093558,836014
318_refined.npy,6,Aorta,2,2,0.5744898721549083,455082
668_refined.npy,6,Aorta,2,2,0.5365400918208942,454145
843_refined.npy,6,Aorta,2,2,0.5191871330099566,489625
962_refined.npy,6,Aorta,2,2,0.5184821190717901,555564
800_refined.npy,6,Aorta,2,2,0.5861504278964638,494629
356_refined.npy,6,Aorta,2,2,0.6378122528356195,567689
220_refined.npy,6,Aorta,2,2,0.5023153242370892,654336
151_refined.npy,6,Aorta,2,2,0.5592878350533711,677989
650_refined.npy,6,Aorta,2,2,0.5327695195357166,695265
145_refined.npy,6,Aorta,2,2,0.565247200111022,482787
940_refined.npy,6,Aorta,2,2,0.5609200736512981,599039
742_refined.npy,6,Aorta,2,2,0.6346462724554597,728442
578_refined.npy,6,Aorta,2,2,0.6092648895802399,594006
432_refined.npy,6,Aorta,2,2,0.5324693923478677,684306
600_refined.npy,6,Aorta,2,2,0.504462549213124,655567
787_refined.npy,6,Aorta,2,2,0.5474850601598923,499336
630_refined.npy,6,Aorta,2,2,0.5169608353632869,501243
597_refined.npy,6,Aorta,2,2,0.6959583207382777,393673
697_refined.npy,6,Aorta,2,2,0.5942295608541103,440833
708_refined.npy,6,Aorta,2,2,0.507786271125358,579931
20_refined.npy,6,Aorta,2,2,0.5264923310056724,732495
579_refined.npy,6,Aorta,2,2,0.5515527181216608,549166
957_refined.npy,6,Aorta,2,2,0.5849864641637611,667118
196_refined.npy,6,Aorta,2,2,0.5234265024420608,596013
629_refined.npy,6,Aorta,2,2,0.5059745834553554,519032
767_refined.npy,6,Aorta,2,2,0.5069578568612875,555559
885_refined.npy,6,Aorta,2,2,0.5420988724474243,587201
877_refined.npy,6,Aorta,2,2,0.5908525577718287,406037
718_refined.npy,6,Aorta,2,2,0.5181797110642801,655786
516_refined.npy,6,Aorta,2,2,0.5042874469945561,425428
345_refined.npy,6,Aorta,2,2,0.5985078113426849,351028
439_refined.npy,6,Aorta,2,2,0.5138607520672023,707357
13_refined.npy,6,Aorta,2,2,0.5443184341004959,540520
711_refined.npy,6,Aorta,2,2,0.5490094985285981,770014
963_refined.npy,6,Aorta,2,2,0.5465988285830349,694202
608_refined.npy,6,Aorta,2,2,0.662615872233412,519322
723_refined.npy,6,Aorta,2,2,0.5071642752376551,599293
949_refined.npy,6,Aorta,2,2,0.5629371770047534,521099
647_refined.npy,6,Aorta,2,2,0.6130569524032277,581468
574_refined.npy,6,Aorta,2,2,0.5593686408910785,373480
498_refined.npy,6,Aorta,2,2,0.5891889195570483,360852
879_refined.npy,6,Aorta,2,2,0.5593892284453332,372054
94_refined.npy,6,Aorta,2,2,0.5704785539842414,557283
473_refined.npy,6,Aorta,2,2,0.5671883333251785,817508
60_refined.npy,6,Aorta,2,2,0.6048602917286547,467832
95_refined.npy,6,Aorta,2,2,0.5326745085748426,510505
479_refined.npy,6,Aorta,2,2,0.5475798304131958,508766
184_refined.npy,6,Aorta,2,2,0.5312728921756724,630674
737_refined.npy,6,Aorta,2,2,0.5885242163920996,517542
907_refined.npy,6,Aorta,2,2,0.6669733726444651,606444
41_refined.npy,6,Aorta,2,2,0.5146271484056669,650366
573_refined.npy,6,Aorta,2,2,0.5397989907128621,542363
772_refined.npy,6,Aorta,2,2,0.5607659688249182,770423
157_refined.npy,6,Aorta,2,2,0.5138909608986887,536248
663_refined.npy,6,Aorta,2,2,0.607183971176238,682770
438_refined.npy,6,Aorta,2,2,0.5213838610463845,415851
326_refined.npy,6,Aorta,2,2,0.6138519776299597,577737
980_refined.npy,6,Aorta,2,2,0.539319380891656,639888
269_refined.npy,6,Aorta,2,2,0.5027997122181861,454511
919_refined.npy,6,Aorta,2,2,0.522180890734483,651642
806_refined.npy,6,Aorta,2,2,0.5362058701988105,549317
450_refined.npy,6,Aorta,2,2,0.6575182172769328,661460
528_refined.npy,6,Aorta,2,2,0.507066663684952,357736
239_refined.npy,6,Aorta,2,2,0.531720640326057,519173
427_refined.npy,6,Aorta,2,2,0.5255591188350929,595893
714_refined.npy,6,Aorta,2,2,0.5162302279076789,483573
81_refined.npy,6,Aorta,2,2,0.608451640340501,430307
273_refined.npy,6,Aorta,2,2,0.5745183587054372,520979
250_refined.npy,6,Aorta,2,2,0.5116258183875632,556735
658_refined.npy,6,Aorta,2,2,0.5474827743878403,634230
74_refined.npy,6,Aorta,2,2,0.5267953987554946,560544
39_refined.npy,6,Aorta,2,2,0.5059594887632507,587047
366_refined.npy,6,Aorta,2,2,0.527131297638239,702823
712_refined.npy,6,Aorta,2,2,0.6151742815168008,573813
112_refined.npy,6,Aorta,2,2,0.6219894942797742,424721
143_refined.npy,6,Aorta,2,2,0.573425282321678,785363
177_refined.npy,6,Aorta,2,2,0.591629495099939,789582
76_refined.npy,6,Aorta,2,2,0.5036950489831349,516096
510_refined.npy,6,Aorta,2,2,0.5416592084963476,703926
527_refined.npy,6,Aorta,2,2,0.5414145012384017,774789
204_refined.npy,6,Aorta,2,2,0.5437963080165671,679418
882_refined.npy,6,Aorta,2,2,0.552383489373867,615652
773_refined.npy,6,Aorta,2,2,0.5563795359554052,440949
394_refined.npy,6,Aorta,2,2,0.550447751479397,553097
457_refined.npy,6,Aorta,2,2,0.5588895345465941,810543
227_refined.npy,6,Aorta,2,2,0.5290424752136946,705329
607_refined.npy,6,Aorta,2,2,0.5017919725150395,579808
753_refined.npy,6,Aorta,2,2,0.5032433177475959,471585
576_refined.npy,6,Aorta,2,2,0.576728268502407,709178
146_refined.npy,6,Aorta,2,2,0.5531710571049693,620629
278_refined.npy,6,Aorta,2,2,0.5555263513965377,642983
755_refined.npy,6,Aorta,2,2,0.5904168639747736,737003
183_refined.npy,6,Aorta,2,2,0.5210813855095011,717339
30_refined.npy,6,Aorta,2,2,0.5420486686129559,702876
548_refined.npy,6,Aorta,2,2,0.566199165187701,606843
856_refined.npy,6,Aorta,2,2,0.5692156274172506,692936
488_refined.npy,6,Aorta,2,2,0.5181060782248246,584776
186_refined.npy,6,Aorta,2,2,0.5459349824175381,546283
900_refined.npy,6,Aorta,2,2,0.5503125383012624,562971
406_refined.npy,6,Aorta,2,2,0.557734196903388,552281
952_refined.npy,6,Aorta,2,2,0.5200795989169212,569857
66_refined.npy,6,Aorta,2,2,0.5125420190368352,565220
760_refined.npy,6,Aorta,2,2,0.5294785201967603,492579
778_refined.npy,6,Aorta,2,2,0.5788185740511225,536555
695_refined.npy,6,Aorta,2,2,0.631332907362201,366222
953_refined.npy,6,Aorta,2,2,0.5395678556342328,499509
380_refined.npy,6,Aorta,2,2,0.657567861852714,626346
198_refined.npy,6,Aorta,2,2,0.5461863127637913,533329
526_refined.npy,6,Aorta,2,2,0.566487411601719,579621
497_refined.npy,6,Aorta,2,2,0.5584078472949351,456514
504_refined.npy,6,Aorta,1,1,1.0,658174
106_refined.npy,6,Aorta,2,2,0.5931341064622667,613438
160_refined.npy,6,Aorta,2,2,0.5736047034104789,474039
506_refined.npy,6,Aorta,2,2,0.560592695390303,711934
601_refined.npy,6,Aorta,2,2,0.595163178298736,465595
48_refined.npy,6,Aorta,2,2,0.5610970933492503,442296
936_refined.npy,6,Aorta,2,2,0.5168219187375187,707559
89_refined.npy,6,Aorta,2,2,0.5634441200075642,671591
147_refined.npy,6,Aorta,2,2,0.5495780851748286,646576
549_refined.npy,6,Aorta,2,2,0.5711869827689602,500260
653_refined.npy,6,Aorta,1,1,1.0,604095
22_refined.npy,6,Aorta,2,2,0.5121323375868968,526774
408_refined.npy,6,Aorta,2,2,0.619457029868229,472107
11_refined.npy,6,Aorta,2,2,0.5463107379647504,534077
888_refined.npy,6,Aorta,2,2,0.5731642220571853,430880
634_refined.npy,6,Aorta,2,2,0.5263723437124516,582580
503_refined.npy,6,Aorta,2,2,0.5107128262011793,685160
414_refined.npy,6,Aorta,2,2,0.5094044301788296,453616
849_refined.npy,6,Aorta,2,2,0.5004955034907111,540864
890_refined.npy,6,Aorta,2,2,0.5612428058190811,367137
997_refined.npy,6,Aorta,2,2,0.5622150424469459,543502
255_refined.npy,6,Aorta,2,2,0.5222158409304997,745234
586_refined.npy,6,Aorta,2,2,0.5674828399476541,548658
899_refined.npy,6,Aorta,2,2,0.5476998864784361,384068
327_refined.npy,6,Aorta,2,2,0.5332541547282862,581807
161_refined.npy,6,Aorta,2,2,0.6538269165974313,477839
847_refined.npy,6,Aorta,2,2,0.5631983931044569,464996
317_refined.npy,6,Aorta,2,2,0.5892046543381402,667936
226_refined.npy,6,Aorta,2,2,0.5632700313111076,500142
966_refined.npy,6,Aorta,2,2,0.5136190595830443,549267
679_refined.npy,6,Aorta,2,2,0.5973040281456299,505940
853_refined.npy,6,Aorta,2,2,0.5746420726003694,377381
180_refined.npy,6,Aorta,2,2,0.5865956626129333,588511
830_refined.npy,6,Aorta,2,2,0.5235748717053146,475273
42_refined.npy,6,Aorta,2,2,0.6166363386171231,486898
397_refined.npy,6,Aorta,2,2,0.6490789552488734,818147
978_refined.npy,6,Aorta,2,2,0.5422207092368381,534631
837_refined.npy,6,Aorta,2,2,0.5685931086442826,613203
848_refined.npy,6,Aorta,2,2,0.611575354146456,357691
654_refined.npy,6,Aorta,2,2,0.6321232301027995,618680
71_refined.npy,6,Aorta,2,2,0.509601846057572,664768
92_refined.npy,6,Aorta,2,2,0.5895777001673428,446389
429_refined.npy,6,Aorta,2,2,0.6033689064664111,499628
603_refined.npy,6,Aorta,2,2,0.6180887739311466,538942
768_refined.npy,6,Aorta,2,2,0.5385102381558285,644452
846_refined.npy,6,Aorta,2,2,0.63210144207322,432641
171_refined.npy,6,Aorta,2,2,0.502909122057932,607056
469_refined.npy,6,Aorta,2,2,0.606059468841517,746105
902_refined.npy,6,Aorta,2,2,0.580703820800529,532323
203_refined.npy,6,Aorta,2,2,0.5182735597130362,635481
84_refined.npy,6,Aorta,2,2,0.5387447645597885,598326
698_refined.npy,6,Aorta,2,2,0.5230954058609931,481113
696_refined.npy,6,Aorta,2,2,0.5417367632791086,530815
827_refined.npy,6,Aorta,2,2,0.5380371477331214,442988
864_refined.npy,6,Aorta,2,2,0.6024889360630374,1111720
865_refined.npy,6,Aorta,2,2,0.5360963279025448,581929
569_refined.npy,6,Aorta,2,2,0.5160825384531196,593905
257_refined.npy,6,Aorta,2,2,0.5439583727398191,570972
871_refined.npy,6,Aorta,2,2,0.5584559234590382,751284
193_refined.npy,6,Aorta,2,2,0.5906980631840738,681944
194_refined.npy,6,Aorta,2,2,0.5211380804805252,751511
464_refined.npy,6,Aorta,2,2,0.5762672236423717,705716
897_refined.npy,6,Aorta,2,2,0.5222607618563403,586121
873_refined.npy,6,Aorta,2,2,0.585251367931228,443553
771_refined.npy,6,Aorta,2,2,0.522633639244188,584484
191_refined.npy,6,Aorta,2,2,0.6566841707089137,449420
181_refined.npy,6,Aorta,2,2,0.5870199680358515,680137
736_refined.npy,6,Aorta,2,2,0.5311730464160787,753295
866_refined.npy,6,Aorta,2,2,0.5172980715107087,538297
187_refined.npy,6,Aorta,2,2,0.5499682734812668,754889
63_refined.npy,6,Aorta,2,2,0.5587918718810138,459885
359_refined.npy,6,Aorta,2,2,0.6650952227974986,507389
991_refined.npy,6,Aorta,2,2,0.500167163758897,454644
512_refined.npy,6,Aorta,2,2,0.6223473034183346,510424
646_refined.npy,6,Aorta,2,2,0.5241912259625625,586845
387_refined.npy,6,Aorta,2,2,0.6063935394111194,536917
588_refined.npy,6,Aorta,2,2,0.5209293323308495,671665
474_refined.npy,6,Aorta,2,2,0.5461680898876404,556250
615_refined.npy,6,Aorta,2,2,0.6403324239743694,538108
795_refined.npy,6,Aorta,2,2,0.5568392722119702,567363
511_refined.npy,6,Aorta,2,2,0.5272948691347203,515683
786_refined.npy,6,Aorta,2,2,0.576689265102118,493987
999_refined.npy,6,Aorta,2,2,0.5512633501729961,532671
214_refined.npy,6,Aorta,2,2,0.5896712002101732,494830
270_refined.npy,6,Aorta,2,2,0.5255074979949677,544879
289_refined.npy,6,Aorta,2,2,0.5781136616331517,491969
766_refined.npy,6,Aorta,2,2,0.5615013012756314,577126
717_refined.npy,6,Aorta,2,2,0.5437149411652986,600241
587_refined.npy,6,Aorta,2,2,0.65873070426961,611016
905_refined.npy,6,Aorta,2,2,0.5804336333352442,627996
913_refined.npy,6,Aorta,2,2,0.5348785187959086,603509
182_refined.npy,6,Aorta,2,2,0.5023603320534417,528951
855_refined.npy,6,Aorta,2,2,0.5360635335854438,457207
609_refined.npy,6,Aorta,2,2,0.6988982537321655,363060
296_refined.npy,6,Aorta,2,2,0.5788748105741708,380096
80_refined.npy,6,Aorta,2,2,0.508085755250786,560059
377_refined.npy,6,Aorta,2,2,0.5691726969803972,648529
56_refined.npy,6,Aorta,2,2,0.5907658005915714,801932
133_refined.npy,6,Aorta,2,2,0.5392617709825236,490146
382_refined.npy,6,Aorta,2,2,0.5168837605820893,504390
746_refined.npy,6,Aorta,2,2,0.6481436507871953,860587
444_refined.npy,6,Aorta,2,2,0.6528334200976287,530172
799_refined.npy,6,Aorta,2,2,0.6066985144677017,477270
79_refined.npy,6,Aorta,2,2,0.5508290946722515,875473
315_refined.npy,6,Aorta,2,2,0.6145634070876096,927901
236_refined.npy,6,Aorta,2,2,0.5307823244170294,621558
1000_refined.npy,6,Aorta,2,2,0.5387527932178773,553573
554_refined.npy,6,Aorta,2,2,0.5906693015279454,413431
977_refined.npy,6,Aorta,2,2,0.6685736655756551,403601
453_refined.npy,6,Aorta,2,2,0.5120437687411227,475225
225_refined.npy,6,Aorta,2,2,0.5140980231889323,660660
645_refined.npy,6,Aorta,2,2,0.6067832426880398,475112
251_refined.npy,6,Aorta,2,2,0.625888711800984,505085
486_refined.npy,6,Aorta,2,2,0.5514482768342667,567502
301_refined.npy,6,Aorta,2,2,0.6053663321338476,347649
374_refined.npy,6,Aorta,2,2,0.5307250365067016,521822
740_refined.npy,6,Aorta,2,2,0.5073701452648821,579975
934_refined.npy,6,Aorta,2,2,0.6611815198668168,415668
237_refined.npy,6,Aorta,2,2,0.5354248748523833,478435
520_refined.npy,6,Aorta,2,2,0.5152443977696599,597039
796_refined.npy,6,Aorta,2,2,0.5004949913014437,586879
487_refined.npy,6,Aorta,2,2,0.5723877180180567,559128
499_refined.npy,6,Aorta,2,2,0.5887403218618905,455537
894_refined.npy,6,Aorta,2,2,0.5099901351578533,630522
131_refined.npy,6,Aorta,2,2,0.5917434252414939,659644
728_refined.npy,6,Aorta,2,2,0.5958300526921446,594396
950_refined.npy,6,Aorta,2,2,0.54032359499171,612185
338_refined.npy,6,Aorta,2,2,0.5364062718863757,592549
641_refined.npy,6,Aorta,2,2,0.5208255737789137,700749
901_refined.npy,6,Aorta,2,2,0.5180727521462114,650565
163_refined.npy,6,Aorta,2,2,0.5118939161993235,535652
9_refined.npy,6,Aorta,2,2,0.5277093485658552,557754
546_refined.npy,6,Aorta,2,2,0.5867871360933173,610390
730_refined.npy,6,Aorta,2,2,0.56692486673843,540666
86_refined.npy,6,Aorta,2,2,0.6001526077658008,465245
665_refined.npy,6,Aorta,2,2,0.5501520392261203,526180
710_refined.npy,6,Aorta,2,2,0.5512078173062684,533483
418_refined.npy,6,Aorta,2,2,0.5261678062496006,438172
734_refined.npy,6,Aorta,2,2,0.6503425020813711,622186
756_refined.npy,6,Aorta,2,2,0.519510310464522,412833
896_refined.npy,6,Aorta,2,2,0.5000173765760098,546713
403_refined.npy,6,Aorta,2,2,0.5296006129980609,639480
908_refined.npy,6,Aorta,2,2,0.5617848654026865,723640
466_refined.npy,6,Aorta,2,2,0.5127092129580545,481029
82_refined.npy,6,Aorta,2,2,0.5654323222821563,508151
947_refined.npy,6,Aorta,2,2,0.5811357728664602,570519
701_refined.npy,6,Aorta,2,2,0.532190543942213,438576
987_refined.npy,6,Aorta,2,2,0.5653414722508937,585172
137_refined.npy,6,Aorta,2,2,0.528957330271482,621846
384_refined.npy,6,Aorta,2,2,0.6114293679320517,437627
614_refined.npy,6,Aorta,2,2,0.527351673295987,480190
968_refined.npy,6,Aorta,2,2,0.5740278366967658,495030
391_refined.npy,6,Aorta,2,2,0.5391350860476556,581422
986_refined.npy,6,Aorta,2,2,0.5388800987921121,699651
400_refined.npy,6,Aorta,2,2,0.5200603167462281,600165
477_refined.npy,6,Aorta,2,2,0.5559908399910912,525327
801_refined.npy,6,Aorta,2,2,0.567170393548643,554798
247_refined.npy,6,Aorta,2,2,0.6007386620607652,745131
119_refined.npy,6,Aorta,2,2,0.5091701617821766,691918
341_refined.npy,6,Aorta,2,2,0.5553383517326856,538153
211_refined.npy,6,Aorta,2,2,0.5050862336443648,660705
216_refined.npy,6,Aorta,2,2,0.585137814128103,835328
536_refined.npy,6,Aorta,2,2,0.5714987340485889,590465
426_refined.npy,6,Aorta,2,2,0.5591363137267804,486334
604_refined.npy,6,Aorta,2,2,0.583099997723555,614994
21_refined.npy,6,Aorta,2,2,0.5842586703614084,555023
983_refined.npy,6,Aorta,2,2,0.520826536523007,600772
924_refined.npy,6,Aorta,2,2,0.6720837879118481,343725
353_refined.npy,6,Aorta,2,2,0.5273307430622988,748699
779_refined.npy,6,Aorta,2,2,0.5718358345435963,390411
842_refined.npy,6,Aorta,2,2,0.5941096288888301,415967
283_refined.npy,6,Aorta,2,2,0.5366807662219883,577796
124_refined.npy,6,Aorta,2,2,0.5218847616858006,726373
501_refined.npy,6,Aorta,2,2,0.5504984301739717,600385
752_refined.npy,6,Aorta,2,2,0.674460332357975,724520
929_refined.npy,6,Aorta,2,2,0.5307607758256252,591370
19_refined.npy,6,Aorta,2,2,0.5702529466156963,572097
223_refined.npy,6,Aorta,2,2,0.5459166866206636,689085
938_refined.npy,6,Aorta,2,2,0.6088901609501266,387822
677_refined.npy,6,Aorta,2,2,0.6237305712884826,850481
861_refined.npy,6,Aorta,2,2,0.5453123438145848,370153
52_refined.npy,6,Aorta,2,2,0.5124614638208789,523534
235_refined.npy,6,Aorta,2,2,0.5244384207826428,528287
813_refined.npy,6,Aorta,2,2,0.5461986537390369,635538
867_refined.npy,6,Aorta,2,2,0.5238188454681251,664096
277_refined.npy,6,Aorta,2,2,0.5151088873096988,412307
774_refined.npy,6,Aorta,2,2,0.5126090820355181,617769
103_refined.npy,6,Aorta,2,2,0.5336194025955043,478905
720_refined.npy,6,Aorta,2,2,0.5538678562924826,445182
149_refined.npy,6,Aorta,2,2,0.5869213493999179,579754
642_refined.npy,6,Aorta,2,2,0.5445452214884946,678726
396_refined.npy,6,Aorta,2,2,0.5106007988791844,536752
468_refined.npy,6,Aorta,2,2,0.5862759866328344,410259
680_refined.npy,6,Aorta,2,2,0.6277931218433529,464892
105_refined.npy,6,Aorta,2,2,0.5824714099112308,750260
508_refined.npy,6,Aorta,2,2,0.5020720202537149,662397
24_refined.npy,6,Aorta,2,2,0.5397121667486927,705061
992_refined.npy,6,Aorta,2,2,0.5372861122164744,515165
87_refined.npy,6,Aorta,2,2,0.520073486154259,484445
942_refined.npy,6,Aorta,2,2,0.5098016242515432,486501
185_refined.npy,6,Aorta,2,2,0.5253351156659611,538620
127_refined.npy,6,Aorta,2,2,0.545531671343335,394868
375_refined.npy,6,Aorta,2,2,0.5188328860341594,712424
781_refined.npy,6,Aorta,2,2,0.546630146238052,533035
916_refined.npy,6,Aorta,2,2,0.5871029578831881,411071
7_refined.npy,6,Aorta,2,2,0.6061233832948248,653103
971_refined.npy,6,Aorta,2,2,0.5302469481116829,643536
491_refined.npy,6,Aorta,2,2,0.5085415330448354,665747
551_refined.npy,6,Aorta,2,2,0.5111390573238984,865154
975_refined.npy,6,Aorta,2,2,0.5567086310536463,564288
672_refined.npy,6,Aorta,2,2,0.5973459444110796,397957
493_refined.npy,6,Aorta,2,2,0.5380011202382705,523103
892_refined.npy,6,Aorta,2,2,0.5171674333717085,626273
502_refined.npy,6,Aorta,2,2,0.6024903034732315,365337
878_refined.npy,6,Aorta,2,2,0.5298128707041404,696310
178_refined.npy,6,Aorta,2,2,0.5743207589838576,557166
207_refined.npy,6,Aorta,2,2,0.5949722671261386,516535
360_refined.npy,6,Aorta,2,2,0.5405676563057924,574115
5_refined.npy,6,Aorta,2,2,0.5994482007958019,554912
656_refined.npy,6,Aorta,2,2,0.5674817000921948,593309
874_refined.npy,6,Aorta,2,2,0.617128036701074,690552
791_refined.npy,6,Aorta,2,2,0.563291202038858,705493
154_refined.npy,6,Aorta,2,2,0.5062576062708217,506983
421_refined.npy,6,Aorta,2,2,0.5305190246642018,641010
770_refined.npy,6,Aorta,2,2,0.664230176035739,470075
750_refined.npy,6,Aorta,2,2,0.5198017159048443,505739
195_refined.npy,6,Aorta,2,2,0.5395131703697597,485180
895_refined.npy,6,Aorta,2,2,0.5141256121098581,599974
904_refined.npy,6,Aorta,2,2,0.5446344811918458,510603
324_refined.npy,6,Aorta,2,2,0.5519810926769706,533973
794_refined.npy,6,Aorta,2,2,0.6193666691309058,622234
337_refined.npy,6,Aorta,2,2,0.5282232798040424,772412
522_refined.npy,6,Aorta,2,2,0.5497286975592234,528930
363_refined.npy,6,Aorta,2,2,0.5129833822326968,665312
964_refined.npy,6,Aorta,2,2,0.6294226540099658,431076
951_refined.npy,6,Aorta,2,2,0.5125995844046067,709825
75_refined.npy,6,Aorta,2,2,0.5844429832997121,670707
12_refined.npy,6,Aorta,2,2,0.5075759648831935,621241
260_refined.npy,6,Aorta,2,2,0.5334422132313822,404115
378_refined.npy,6,Aorta,2,2,0.5074806775031299,579894
803_refined.npy,6,Aorta,2,2,0.5898279217062841,655225
201_refined.npy,6,Aorta,2,2,0.5912971259026901,647786
788_refined.npy,6,Aorta,2,2,0.635290600514893,464951
911_refined.npy,6,Aorta,2,2,0.5621637564365833,450938
649_refined.npy,6,Aorta,2,2,0.5288890270462454,514711
727_refined.npy,6,Aorta,2,2,0.5367529373177727,634167
624_refined.npy,6,Aorta,2,2,0.5424468430694214,597194
62_refined.npy,6,Aorta,2,2,0.5936251874261905,602904
460_refined.npy,6,Aorta,2,2,0.5777723043417671,617122
167_refined.npy,6,Aorta,2,2,0.5366529073941134,557200
909_refined.npy,6,Aorta,2,2,0.5440838806565492,586643
298_refined.npy,6,Aorta,2,2,0.5020366243703899,630946
293_refined.npy,6,Aorta,2,2,0.5480858787285363,460603
311_refined.npy,6,Aorta,2,2,0.5969486444024849,693790
213_refined.npy,6,Aorta,2,2,0.5719876354845741,504670
342_refined.npy,6,Aorta,2,2,0.5465520421559728,552994
69_refined.npy,6,Aorta,2,2,0.5164841227778326,598121
559_refined.npy,6,Aorta,2,2,0.5534022655769247,576895
169_refined.npy,6,Aorta,2,2,0.5685880810954015,609603
815_refined.npy,6,Aorta,2,2,0.5410635935482595,1061853
560_refined.npy,6,Aorta,2,2,0.5434794767107826,590037
748_refined.npy,6,Aorta,2,2,0.5119691886204364,503710
202_refined.npy,6,Aorta,2,2,0.51755235332609,490561
666_refined.npy,6,Aorta,2,2,0.5015418974450598,559700
229_refined.npy,6,Aorta,1,1,1.0,455971
685_refined.npy,6,Aorta,2,2,0.506518062076413,516718
271_refined.npy,6,Aorta,2,2,0.6185156889997515,543215
632_refined.npy,6,Aorta,2,2,0.5316112771168372,630835
660_refined.npy,6,Aorta,2,2,0.5972329687519676,714701
78_refined.npy,6,Aorta,2,2,0.5422420155557097,475581
529_refined.npy,6,Aorta,2,2,0.5206995684761284,508199
108_refined.npy,6,Aorta,2,2,0.5999775514141978,792923
100_refined.npy,6,Aorta,2,2,0.5411283818174699,638525
392_refined.npy,6,Aorta,2,2,0.504021423482654,553038
222_refined.npy,6,Aorta,2,2,0.5410276130174149,474595
989_refined.npy,6,Aorta,2,2,0.6318955067300813,539518
49_refined.npy,6,Aorta,2,2,0.5089554196287629,632857
937_refined.npy,6,Aorta,2,2,0.5653161249217034,464579
859_refined.npy,6,Aorta,2,2,0.5621367629223014,570564
395_refined.npy,6,Aorta,2,2,0.5192747864359837,680241
707_refined.npy,6,Aorta,2,2,0.6280643420871027,796990
475_refined.npy,6,Aorta,2,2,0.513299875219191,545757
713_refined.npy,6,Aorta,2,2,0.5914323934315718,569634
472_refined.npy,6,Aorta,2,2,0.5911847503818394,400692
34_refined.npy,6,Aorta,2,2,0.5660149743592803,670613
233_refined.npy,6,Aorta,2,2,0.5591455488664523,509286
777_refined.npy,6,Aorta,2,2,0.5767263154907192,563744
388_refined.npy,6,Aorta,2,2,0.5380346460732313,545805
268_refined.npy,6,Aorta,2,2,0.5703362647953498,531248
492_refined.npy,6,Aorta,2,2,0.538520061390046,456100
389_refined.npy,6,Aorta,2,2,0.5952677719527905,478971
749_refined.npy,6,Aorta,2,2,0.5257866238594682,601145
860_refined.npy,6,Aorta,2,2,0.5702280871180608,582979
918_refined.npy,6,Aorta,2,2,0.5581717561652441,503062
945_refined.npy,6,Aorta,2,2,0.5894052729561193,417906
451_refined.npy,6,Aorta,2,2,0.5574277361553005,635207
948_refined.npy,6,Aorta,2,2,0.5406064540059348,539200
390_refined.npy,6,Aorta,2,2,0.5199604652069023,564566
764_refined.npy,6,Aorta,2,2,0.5053332867279527,715225
329_refined.npy,6,Aorta,2,2,0.5935286161318114,896068
519_refined.npy,6,Aorta,2,2,0.607187663248475,486222
85_refined.npy,6,Aorta,2,2,0.5959856379883722,422782
643_refined.npy,6,Aorta,2,2,0.5295390506793589,662242
35_refined.npy,6,Aorta,2,2,0.5391005612503551,556258
471_refined.npy,6,Aorta,2,2,0.5532486460997671,559864
372_refined.npy,6,Aorta,2,2,0.5374669223090209,504872
303_refined.npy,6,Aorta,2,2,0.6040294093403004,497393
114_refined.npy,6,Aorta,2,2,0.5748638969275632,450945
759_refined.npy,6,Aorta,2,2,0.5650041269163719,529451
490_refined.npy,6,Aorta,2,2,0.5124276520760436,636162
370_refined.npy,6,Aorta,2,2,0.638871760965173,538432
494_refined.npy,6,Aorta,2,2,0.5216004710658895,485707
373_refined.npy,6,Aorta,2,2,0.5378627598920374,514252
792_refined.npy,6,Aorta,2,2,0.6295411798769794,849614
762_refined.npy,6,Aorta,2,2,0.605673267819095,522838
57_refined.npy,6,Aorta,2,2,0.5165654403970682,597177
452_refined.npy,6,Aorta,2,2,0.5402731263343505,484318
620_refined.npy,6,Aorta,2,2,0.5007279231313173,480820
851_refined.npy,6,Aorta,2,2,0.561471756052864,484564
61_refined.npy,6,Aorta,2,2,0.5931650281844592,415832
381_refined.npy,6,Aorta,2,2,0.531608240771501,415398
134_refined.npy,6,Aorta,2,2,0.5730007939844005,535275
761_refined.npy,6,Aorta,2,2,0.5372416228304466,552245
651_refined.npy,6,Aorta,2,2,0.5171262438903812,517831
557_refined.npy,6,Aorta,2,2,0.5347549940395286,670249
465_refined.npy,6,Aorta,2,2,0.6346769159691538,610383
282_refined.npy,6,Aorta,2,2,0.5747736497034031,736690
275_refined.npy,6,Aorta,2,2,0.5371289352907567,589823
566_refined.npy,6,Aorta,2,2,0.5849261627464414,525480
115_refined.npy,6,Aorta,2,2,0.5456426854381518,487548
644_refined.npy,6,Aorta,2,2,0.6390913863510642,567634
264_refined.npy,6,Aorta,2,2,0.6104899829666238,667513
206_refined.npy,6,Aorta,2,2,0.5396303067816163,699553
259_refined.npy,6,Aorta,2,2,0.6383112767587714,528565
121_refined.npy,6,Aorta,2,2,0.5902968613291599,486894
4_refined.npy,6,Aorta,2,2,0.5219812125306756,632017
111_refined.npy,6,Aorta,2,2,0.5196405376674141,576639
514_refined.npy,6,Aorta,2,2,0.5470073162134512,465268
428_refined.npy,6,Aorta,2,2,0.6764601666347008,922857
354_refined.npy,6,Aorta,2,2,0.5461683588560382,494527
120_refined.npy,6,Aorta,2,2,0.5025049506971807,489830
825_refined.npy,6,Aorta,2,2,0.5922883244819901,726820
595_refined.npy,6,Aorta,2,2,0.6655226263591548,343228
433_refined.npy,6,Aorta,2,2,0.5786268888780914,514525
613_refined.npy,6,Aorta,2,2,0.5968778314650471,650061
362_refined.npy,6,Aorta,2,2,0.550970648820524,528667
590_refined.npy,6,Aorta,2,2,0.5576813426545689,484056
923_refined.npy,6,Aorta,2,2,0.5215673129886378,468394
470_refined.npy,6,Aorta,2,2,0.5196727692472888,745040
242_refined.npy,6,Aorta,2,2,0.55875000812654,615268
517_refined.npy,6,Aorta,2,2,0.5190994350758731,688057
352_refined.npy,6,Aorta,1,1,1.0,739321
416_refined.npy,6,Aorta,2,2,0.5421898207060659,507658
928_refined.npy,6,Aorta,2,2,0.5206806404495428,537435
330_refined.npy,6,Aorta,2,2,0.5540044762020484,510254
58_refined.npy,6,Aorta,2,2,0.5248607709408795,663475
955_refined.npy,6,Aorta,2,2,0.5696300904631263,490255
139_refined.npy,6,Aorta,2,2,0.5141422031163589,526191
405_refined.npy,6,Aorta,2,2,0.5371841391258867,642411
46_refined.npy,6,Aorta,2,2,0.5040487076328211,568453
258_refined.npy,6,Aorta,2,2,0.6171086033544325,721672
254_refined.npy,6,Aorta,2,2,0.5189450639139808,597913
700_refined.npy,6,Aorta,2,2,0.6037868954752413,540073
671_refined.npy,6,Aorta,2,2,0.5062934868417827,611823
507_refined.npy,6,Aorta,2,2,0.6703572107163215,526300
943_refined.npy,6,Aorta,2,2,0.570313785726041,364580
553_refined.npy,6,Aorta,2,2,0.6211238737064407,659131
640_refined.npy,6,Aorta,2,2,0.5186608953110418,621460
612_refined.npy,6,Aorta,2,2,0.5411402799150887,657628
417_refined.npy,6,Aorta,2,2,0.5083819006944936,635715
932_refined.npy,6,Aorta,2,2,0.5115241721383592,520558
478_refined.npy,6,Aorta,2,2,0.6366708905950247,509794
358_refined.npy,6,Aorta,2,2,0.5084775954075638,668055
626_refined.npy,6,Aorta,2,2,0.5390288941798274,553987
821_refined.npy,6,Aorta,2,2,0.5583980683403759,505265
165_refined.npy,6,Aorta,2,2,0.5413481171441549,706719
833_refined.npy,6,Aorta,2,2,0.5007865606153734,657292
308_refined.npy,6,Aorta,2,2,0.5393429876744181,549183
461_refined.npy,6,Aorta,2,2,0.5095225548513479,698342
818_refined.npy,6,Aorta,2,2,0.5310670945016768,414490
434_refined.npy,6,Aorta,2,2,0.5747478160449117,630393
757_refined.npy,6,Aorta,2,2,0.6226861105132069,520336
636_refined.npy,6,Aorta,2,2,0.5603159689727494,540686
420_refined.npy,6,Aorta,2,2,0.6083898143382382,623661
305_refined.npy,6,Aorta,2,2,0.6408307294297044,613822
118_refined.npy,6,Aorta,2,2,0.5175419474992429,683533
599_refined.npy,6,Aorta,2,2,0.555527445492485,501995
563_refined.npy,6,Aorta,2,2,0.7335638423412792,423700
505_refined.npy,6,Aorta,2,2,0.5524282347093228,490871
745_refined.npy,6,Aorta,2,2,0.5196565646355913,534249
240_refined.npy,6,Aorta,2,2,0.5801870875089267,509708
944_refined.npy,6,Aorta,2,2,0.5152106311692367,531569
616_refined.npy,6,Aorta,2,2,0.5031266380211202,599046
726_refined.npy,6,Aorta,2,2,0.5544842399961384,497208
893_refined.npy,6,Aorta,2,2,0.5199306704680685,636958
447_refined.npy,6,Aorta,2,2,0.5141053984826203,513385
776_refined.npy,6,Aorta,2,2,0.5924411752607925,559161
402_refined.npy,6,Aorta,2,2,0.5127893857938148,513199
351_refined.npy,6,Aorta,2,2,0.5065114465029624,643559
998_refined.npy,6,Aorta,2,2,0.5030834463236519,672624
83_refined.npy,6,Aorta,2,2,0.5433030536111253,568147
304_refined.npy,6,Aorta,2,2,0.5097271841506983,492640
828_refined.npy,6,Aorta,2,2,0.5668978722465016,724896
323_refined.npy,6,Aorta,2,2,0.5356996884057408,643465
820_refined.npy,6,Aorta,2,2,0.5487023916547527,505006
561_refined.npy,6,Aorta,2,2,0.542653890977741,568893
564_refined.npy,6,Aorta,2,2,0.517069213879138,357515
409_refined.npy,6,Aorta,2,2,0.6154138824395492,565088
635_refined.npy,6,Aorta,2,2,0.5774873425173672,467115
543_refined.npy,6,Aorta,2,2,0.5179261110646443,609753
638_refined.npy,6,Aorta,2,2,0.6248048655601763,560511
467_refined.npy,6,Aorta,2,2,0.5929516001506663,589382
593_refined.npy,6,Aorta,2,2,0.5021971782203772,600543
857_refined.npy,6,Aorta,2,2,0.5767937132121947,639818
144_refined.npy,6,Aorta,1,1,1.0,637320
272_refined.npy,6,Aorta,2,2,0.528257933449863,624161
690_refined.npy,6,Aorta,2,2,0.6079498508289753,606351
435_refined.npy,6,Aorta,2,2,0.5124014073314614,641782
93_refined.npy,6,Aorta,2,2,0.536360312934123,547080
332_refined.npy,6,Aorta,2,2,0.5227622323766494,486925
336_refined.npy,6,Aorta,2,2,0.5318069329323333,497423
376_refined.npy,6,Aorta,2,2,0.5810091705696284,539334
101_refined.npy,6,Aorta,2,2,0.5657627398857511,459698
331_refined.npy,6,Aorta,2,2,0.5648448459985557,555287
176_refined.npy,6,Aorta,2,2,0.5346394836059297,444002
854_refined.npy,6,Aorta,2,2,0.5270067942252674,696621
162_refined.npy,6,Aorta,2,2,0.6378580648064951,622129
436_refined.npy,6,Aorta,2,2,0.577950921723764,373485
174_refined.npy,6,Aorta,2,2,0.5083088741135234,550917
631_refined.npy,6,Aorta,2,2,0.601722443559097,753000
834_refined.npy,6,Aorta,2,2,0.5941965858728582,564771
747_refined.npy,6,Aorta,2,2,0.5432682514950253,574405
138_refined.npy,6,Aorta,2,2,0.5082907450043402,563339
170_refined.npy,6,Aorta,2,2,0.606061562912792,760068
725_refined.npy,6,Aorta,2,2,0.5709532338458693,529849
840_refined.npy,6,Aorta,1,1,1.0,514084
385_refined.npy,6,Aorta,2,2,0.6370392524541392,508223
88_refined.npy,6,Aorta,2,2,0.573034258868761,611754
625_refined.npy,6,Aorta,2,2,0.5074999875456866,602201
805_refined.npy,6,Aorta,2,2,0.5919471064556868,403830
881_refined.npy,6,Aorta,2,2,0.5316354226954197,623747
28_refined.npy,6,Aorta,2,2,0.5795963134267447,588080
449_refined.npy,6,Aorta,2,2,0.5816583864468294,449666
939_refined.npy,6,Aorta,2,2,0.6029969135802469,648000
344_refined.npy,6,Aorta,2,2,0.5505705949367278,667987
699_refined.npy,6,Aorta,2,2,0.5225974308883673,569224
295_refined.npy,6,Aorta,2,2,0.5864021998635743,469120
960_refined.npy,6,Aorta,2,2,0.5027768349287727,480223
166_refined.npy,6,Aorta,2,2,0.5305870012396638,734070
485_refined.npy,6,Aorta,2,2,0.5673206285965152,423674
349_refined.npy,6,Aorta,2,2,0.5178292924284972,498197
702_refined.npy,6,Aorta,2,2,0.5244531017152414,707947
958_refined.npy,6,Aorta,2,2,0.6219739292364991,479541
509_refined.npy,6,Aorta,2,2,0.5313809502041178,721887
102_refined.npy,6,Aorta,2,2,0.5204233093623551,555811
538_refined.npy,6,Aorta,2,2,0.5545574370425506,644880
280_refined.npy,6,Aorta,2,2,0.5205700761473554,485900
684_refined.npy,6,Aorta,2,2,0.5420796490793995,476917
150_refined.npy,6,Aorta,2,2,0.556322150194205,738910
676_refined.npy,6,Aorta,2,2,0.507255896521898,706391
18_refined.npy,6,Aorta,2,2,0.6457038151953406,550116
814_refined.npy,6,Aorta,2,2,0.5123621068965336,572273
829_refined.npy,6,Aorta,2,2,0.5578795629795936,639604
933_refined.npy,6,Aorta,2,2,0.5592505251951894,458401
782_refined.npy,6,Aorta,2,2,0.5079801110760518,484893
621_refined.npy,6,Aorta,2,2,0.5135265820273756,483936
77_refined.npy,6,Aorta,2,2,0.5616395131221982,551432
686_refined.npy,6,Aorta,2,2,0.5428178667164164,509215
348_refined.npy,6,Aorta,2,2,0.6343681996642904,349707
785_refined.npy,6,Aorta,2,2,0.502481972274718,445009
797_refined.npy,6,Aorta,2,2,0.5094787664162413,557984
23_refined.npy,6,Aorta,2,2,0.643078193292109,692796
215_refined.npy,6,Aorta,2,2,0.596027505345309,489214
67_refined.npy,6,Aorta,2,2,0.5339740783604111,564239
691_refined.npy,6,Aorta,2,2,0.5114687810150567,543083
622_refined.npy,6,Aorta,2,2,0.5947048737117143,440896
113_refined.npy,6,Aorta,2,2,0.5405765275981438,760033
313_refined.npy,6,Aorta,2,2,0.5860934911044536,597490
70_refined.npy,6,Aorta,2,2,0.637085422046686,592470
852_refined.npy,6,Aorta,2,2,0.510451107252444,672656
956_refined.npy,6,Aorta,2,2,0.5889936008780086,440998
440_refined.npy,6,Aorta,2,2,0.5419526334240475,553386
25_refined.npy,6,Aorta,2,2,0.586276365122519,450216
970_refined.npy,6,Aorta,2,2,0.5745328186366213,446347
875_refined.npy,6,Aorta,2,2,0.5465292457604323,658027
68_refined.npy,6,Aorta,2,2,0.521028275708454,480377
192_refined.npy,6,Aorta,2,2,0.5244114386250455,607031
8_refined.npy,6,Aorta,2,2,0.5663570684991799,640723
683_refined.npy,6,Aorta,2,2,0.5922035653524669,500203
540_refined.npy,6,Aorta,2,2,0.5255626210386507,673855
531_refined.npy,6,Aorta,2,2,0.5500820217966834,430983
870_refined.npy,6,Aorta,2,2,0.518206736430215,722727
190_refined.npy,6,Aorta,2,2,0.5366419354575002,856273
27_refined.npy,6,Aorta,2,2,0.5643415380513107,472533
371_refined.npy,6,Aorta,2,2,0.5467031081057888,466136
179_refined.npy,6,Aorta,2,2,0.5449757885809646,438636
743_refined.npy,6,Aorta,2,2,0.5495964562137955,513575
880_refined.npy,6,Aorta,2,2,0.5307271940055155,512738
367_refined.npy,6,Aorta,2,2,0.513415959273356,666296
931_refined.npy,6,Aorta,2,2,0.5784766008553043,492924
724_refined.npy,6,Aorta,2,2,0.5138692511794857,613191
142_refined.npy,6,Aorta,2,2,0.5190659167979053,575923
29_refined.npy,6,Aorta,2,2,0.5392259132635207,594352
883_refined.npy,6,Aorta,2,2,0.5571476203280452,464875
927_refined.npy,6,Aorta,2,2,0.5179728637616268,597651
602_refined.npy,7,PA,2,2,0.9447260115042194,245649
552_refined.npy,7,PA,2,2,0.9389214767003206,137577
31_refined.npy,7,PA,2,2,0.9367626943779206,214209
462_refined.npy,7,PA,2,2,0.515745172163355,161097
321_refined.npy,7,PA,1,1,1.0,219035
816_refined.npy,7,PA,2,2,0.799928750658282,64562
26_refined.npy,7,PA,2,2,0.9464228911476404,204341
130_refined.npy,7,PA,1,1,1.0,291269
555_refined.npy,7,PA,2,2,0.9366593110039777,142294
808_refined.npy,7,PA,1,1,1.0,320531
96_refined.npy,7,PA,2,2,0.9069747674672755,164708
706_refined.npy,7,PA,2,1,0.973875401101895,198204
758_refined.npy,7,PA,2,2,0.8835253615851124,187646
281_refined.npy,7,PA,2,1,0.9700194026747974,288620
45_refined.npy,7,PA,2,1,0.9637986563070424,313911
639_refined.npy,7,PA,2,2,0.6124502162386688,163708
972_refined.npy,7,PA,1,1,1.0,259482
910_refined.npy,7,PA,1,1,1.0,279050
610_refined.npy,7,PA,2,2,0.5913408010533552,103289
3_refined.npy,7,PA,1,1,1.0,225764
208_refined.npy,7,PA,1,1,1.0,325950
605_refined.npy,7,PA,1,1,1.0,238516
481_refined.npy,7,PA,2,2,0.9484923904882056,262369
594_refined.npy,7,PA,1,1,1.0,280949
17_refined.npy,7,PA,1,1,1.0,251751
637_refined.npy,7,PA,1,1,1.0,504647
482_refined.npy,7,PA,2,2,0.9213701282982328,206550
128_refined.npy,7,PA,2,1,0.9832176838563844,152184
59_refined.npy,7,PA,1,1,1.0,347722
456_refined.npy,7,PA,2,1,0.972125535358744,209439
811_refined.npy,7,PA,1,1,1.0,273602
299_refined.npy,7,PA,2,1,0.9705260732156966,303760
322_refined.npy,7,PA,2,1,0.981122873552242,293212
982_refined.npy,7,PA,1,1,1.0,363580
10_refined.npy,7,PA,1,1,1.0,317063
334_refined.npy,7,PA,2,2,0.7928298400391297,55201
476_refined.npy,7,PA,1,1,1.0,111255
819_refined.npy,7,PA,1,1,1.0,180934
266_refined.npy,7,PA,1,1,1.0,237487
419_refined.npy,7,PA,2,2,0.5266601611369665,79932
669_refined.npy,7,PA,1,1,1.0,236358
822_refined.npy,7,PA,1,1,1.0,379649
267_refined.npy,7,PA,1,1,1.0,299863
489_refined.npy,7,PA,2,1,0.9513914856775176,296841
617_refined.npy,7,PA,1,1,1.0,292534
868_refined.npy,7,PA,1,1,1.0,226456
393_refined.npy,7,PA,2,2,0.930324698247696,266278
404_refined.npy,7,PA,1,1,1.0,166850
662_refined.npy,7,PA,1,1,1.0,234922
437_refined.npy,7,PA,2,2,0.7685725085855377,124337
125_refined.npy,7,PA,1,1,1.0,326081
922_refined.npy,7,PA,1,1,1.0,270214
735_refined.npy,7,PA,2,1,0.9840842161233588,195592
596_refined.npy,7,PA,2,2,0.9125799165422457,156726
249_refined.npy,7,PA,2,1,0.9737472662478543,229538
319_refined.npy,7,PA,2,1,0.9515148743701881,240548
678_refined.npy,7,PA,2,2,0.6920441416676626,25101
123_refined.npy,7,PA,1,1,1.0,217758
244_refined.npy,7,PA,1,1,1.0,317040
44_refined.npy,7,PA,2,2,0.792254049190162,133360
407_refined.npy,7,PA,1,1,1.0,246061
930_refined.npy,7,PA,2,1,0.9690817435998814,202340
844_refined.npy,7,PA,1,1,1.0,322132
689_refined.npy,7,PA,2,1,0.9586604303086997,133625
694_refined.npy,7,PA,1,1,1.0,95859
657_refined.npy,7,PA,2,2,0.7619463430791003,99633
525_refined.npy,7,PA,1,1,1.0,214055
135_refined.npy,7,PA,1,1,1.0,131432
415_refined.npy,7,PA,2,2,0.7601634385442567,63143
99_refined.npy,7,PA,1,1,1.0,184826
530_refined.npy,7,PA,2,2,0.5615696640991751,109705
985_refined.npy,7,PA,1,1,1.0,102127
339_refined.npy,7,PA,2,1,0.9835731392077853,210448
667_refined.npy,7,PA,1,1,1.0,253462
148_refined.npy,7,PA,2,2,0.909263434004001,165457
584_refined.npy,7,PA,2,1,0.9751097882307017,204940
212_refined.npy,7,PA,2,1,0.9881574011777104,167953
38_refined.npy,7,PA,1,1,1.0,259950
515_refined.npy,7,PA,1,1,1.0,232648
335_refined.npy,7,PA,2,2,0.9378412378382729,236089
682_refined.npy,7,PA,2,1,0.9828200157361517,123283
262_refined.npy,7,PA,1,1,1.0,264647
862_refined.npy,7,PA,1,1,1.0,187431
688_refined.npy,7,PA,2,2,0.8952367247085912,97286
633_refined.npy,7,PA,1,1,1.0,227934
189_refined.npy,7,PA,2,1,0.9876493474241881,181205
889_refined.npy,7,PA,2,2,0.9086476721154474,183772
37_refined.npy,7,PA,1,1,1.0,249513
887_refined.npy,7,PA,2,2,0.9227415895992495,298440
841_refined.npy,7,PA,2,2,0.9336579010525594,233336
623_refined.npy,7,PA,2,1,0.963640265833839,270244
431_refined.npy,7,PA,2,2,0.5203472120052964,101955
917_refined.npy,7,PA,1,1,1.0,295279
545_refined.npy,7,PA,2,1,0.9576762312460877,297138
716_refined.npy,7,PA,1,1,1.0,251029
122_refined.npy,7,PA,2,1,0.9817860896414042,198859
627_refined.npy,7,PA,1,1,1.0,299742
265_refined.npy,7,PA,2,2,0.8429799059769507,124863
484_refined.npy,7,PA,1,1,1.0,256668
824_refined.npy,7,PA,1,1,1.0,313292
350_refined.npy,7,PA,1,1,1.0,252504
598_refined.npy,7,PA,1,1,1.0,258467
581_refined.npy,7,PA,1,1,1.0,273034
652_refined.npy,7,PA,1,1,1.0,255731
132_refined.npy,7,PA,1,1,1.0,305027
72_refined.npy,7,PA,2,1,0.9614529461078329,246919
835_refined.npy,7,PA,1,1,1.0,243838
789_refined.npy,7,PA,1,1,1.0,222364
14_refined.npy,7,PA,2,2,0.6987862855864422,89395
129_refined.npy,7,PA,2,1,0.9898971370518266,283484
976_refined.npy,7,PA,2,1,0.9712718742486565,153891
279_refined.npy,7,PA,1,1,1.0,243500
674_refined.npy,7,PA,1,1,1.0,234081
64_refined.npy,7,PA,1,1,1.0,350254
364_refined.npy,7,PA,1,1,1.0,422428
524_refined.npy,7,PA,1,1,1.0,312709
547_refined.npy,7,PA,2,2,0.7741155213615434,68628
40_refined.npy,7,PA,2,2,0.9414132541015373,193525
732_refined.npy,7,PA,1,1,1.0,449416
903_refined.npy,7,PA,1,1,1.0,276658
567_refined.npy,7,PA,2,1,0.9829742649466309,137439
219_refined.npy,7,PA,2,1,0.9599124367218498,219270
845_refined.npy,7,PA,2,2,0.8544271808311494,106840
200_refined.npy,7,PA,2,1,0.9588513137795049,156457
104_refined.npy,7,PA,2,1,0.9728203890601077,252763
765_refined.npy,7,PA,2,1,0.9662990718739211,246195
333_refined.npy,7,PA,2,2,0.8328395839899149,31730
898_refined.npy,7,PA,1,1,1.0,211644
234_refined.npy,7,PA,1,1,1.0,258425
287_refined.npy,7,PA,1,1,1.0,168035
168_refined.npy,7,PA,1,1,1.0,280208
533_refined.npy,7,PA,2,2,0.942603401066436,277560
291_refined.npy,7,PA,2,2,0.8610013364153097,174347
784_refined.npy,7,PA,2,2,0.646063454759107,106375
823_refined.npy,7,PA,1,1,1.0,319148
954_refined.npy,7,PA,2,2,0.5574640957677183,115446
673_refined.npy,7,PA,1,1,1.0,205017
155_refined.npy,7,PA,2,2,0.8893447987675329,198626
863_refined.npy,7,PA,1,1,1.0,153450
399_refined.npy,7,PA,1,1,1.0,195689
731_refined.npy,7,PA,1,1,1.0,258454
246_refined.npy,7,PA,2,1,0.9823843894000627,268228
775_refined.npy,7,PA,2,2,0.9369365076844073,188889
979_refined.npy,7,PA,2,2,0.5787764300391065,90522
583_refined.npy,7,PA,2,2,0.872147844321036,216985
368_refined.npy,7,PA,1,1,1.0,178327
592_refined.npy,7,PA,2,2,0.9485334064603588,193271
458_refined.npy,7,PA,1,1,1.0,297468
783_refined.npy,7,PA,2,2,0.7317437957600738,57501
210_refined.npy,7,PA,2,2,0.5936767132806393,57565
580_refined.npy,7,PA,2,2,0.6046271851030259,64013
410_refined.npy,7,PA,1,1,1.0,151610
920_refined.npy,7,PA,1,1,1.0,229874
357_refined.npy,7,PA,2,2,0.9301472652083607,213764
534_refined.npy,7,PA,2,1,0.953730704618213,126196
722_refined.npy,7,PA,1,1,1.0,235651
935_refined.npy,7,PA,1,1,1.0,268118
153_refined.npy,7,PA,1,1,1.0,243803
98_refined.npy,7,PA,1,1,1.0,411630
589_refined.npy,7,PA,1,1,1.0,278424
228_refined.npy,7,PA,2,2,0.7013123886477127,79702
231_refined.npy,7,PA,1,1,1.0,196411
107_refined.npy,7,PA,1,1,1.0,291558
205_refined.npy,7,PA,2,2,0.9273719662730808,126783
175_refined.npy,7,PA,2,1,0.9714542026354099,186157
542_refined.npy,7,PA,2,2,0.9452380147406857,118312
343_refined.npy,7,PA,1,1,1.0,244143
217_refined.npy,7,PA,1,1,1.0,204140
284_refined.npy,7,PA,2,2,0.9193423962422642,116666
224_refined.npy,7,PA,2,2,0.6491780076211214,91850
832_refined.npy,7,PA,1,1,1.0,161804
398_refined.npy,7,PA,2,2,0.6869570427176322,100146
245_refined.npy,7,PA,1,1,1.0,319512
687_refined.npy,7,PA,1,1,1.0,213227
386_refined.npy,7,PA,1,1,1.0,193105
241_refined.npy,7,PA,2,1,0.9571076087372327,313692
763_refined.npy,7,PA,1,1,1.0,342911
912_refined.npy,7,PA,1,1,1.0,237723
891_refined.npy,7,PA,1,1,1.0,315939
618_refined.npy,7,PA,2,1,0.9796515956126854,161192
535_refined.npy,7,PA,2,1,0.9711395332494298,313058
446_refined.npy,7,PA,2,1,0.9833319554128909,278197
263_refined.npy,7,PA,2,2,0.9016654992606429,179886
869_refined.npy,7,PA,1,1,1.0,279852
54_refined.npy,7,PA,2,1,0.9679313359294286,314575
550_refined.npy,7,PA,1,1,1.0,274943
544_refined.npy,7,PA,2,1,0.9585800053515285,239184
659_refined.npy,7,PA,2,1,0.9621041860231524,318584
365_refined.npy,7,PA,2,1,0.979660380673967,250398
591_refined.npy,7,PA,1,1,1.0,242813
252_refined.npy,7,PA,1,1,1.0,308416
804_refined.npy,7,PA,2,1,0.9798961036558006,216177
297_refined.npy,7,PA,2,2,0.9462856301639586,163029
812_refined.npy,7,PA,1,1,1.0,209795
16_refined.npy,7,PA,2,1,0.9856220401069408,240507
941_refined.npy,7,PA,1,1,1.0,206985
994_refined.npy,7,PA,2,1,0.9737304665351205,176364
850_refined.npy,7,PA,1,1,1.0,310902
463_refined.npy,7,PA,2,1,0.9671890564017852,282101
422_refined.npy,7,PA,1,1,1.0,211066
670_refined.npy,7,PA,1,1,1.0,285112
136_refined.npy,7,PA,1,1,1.0,280089
292_refined.npy,7,PA,2,1,0.9754485491707608,221046
43_refined.npy,7,PA,2,1,0.9773809374254092,318404
886_refined.npy,7,PA,1,1,1.0,298738
172_refined.npy,7,PA,1,1,1.0,226898
256_refined.npy,7,PA,1,1,1.0,144206
973_refined.npy,7,PA,1,1,1.0,268561
290_refined.npy,7,PA,1,1,1.0,320704
425_refined.npy,7,PA,1,1,1.0,287520
513_refined.npy,7,PA,1,1,1.0,227590
47_refined.npy,7,PA,2,1,0.9845567126961843,143169
442_refined.npy,7,PA,2,1,0.9588569241564074,188124
858_refined.npy,7,PA,1,1,1.0,210747
562_refined.npy,7,PA,1,1,1.0,262373
312_refined.npy,7,PA,2,2,0.941095268286322,222393
15_refined.npy,7,PA,2,2,0.8502099755215702,44529
232_refined.npy,7,PA,2,2,0.604369321647565,62298
443_refined.npy,7,PA,2,2,0.9412120711947402,290808
575_refined.npy,7,PA,2,2,0.9431401064006038,271615
709_refined.npy,7,PA,2,2,0.9398248569900827,198238
261_refined.npy,7,PA,1,1,1.0,334234
988_refined.npy,7,PA,1,1,1.0,189074
140_refined.npy,7,PA,1,1,1.0,249967
53_refined.npy,7,PA,1,1,1.0,277260
294_refined.npy,7,PA,2,1,0.9870764165180409,182225
780_refined.npy,7,PA,1,1,1.0,276686
209_refined.npy,7,PA,2,2,0.7988271120626604,75199
523_refined.npy,7,PA,1,1,1.0,357702
648_refined.npy,7,PA,1,1,1.0,229601
681_refined.npy,7,PA,2,2,0.7989978836170252,110566
6_refined.npy,7,PA,1,1,1.0,325124
838_refined.npy,7,PA,2,1,0.9645060674361952,263538
739_refined.npy,7,PA,2,2,0.6872136859970862,66579
2_refined.npy,7,PA,2,2,0.656667222963952,47936
577_refined.npy,7,PA,1,1,1.0,285224
413_refined.npy,7,PA,1,1,1.0,329892
996_refined.npy,7,PA,2,1,0.979456179535458,262366
158_refined.npy,7,PA,2,1,0.9869091180334255,241313
981_refined.npy,7,PA,2,2,0.9411412514712986,146979
50_refined.npy,7,PA,1,1,1.0,226406
110_refined.npy,7,PA,1,1,1.0,295739
915_refined.npy,7,PA,1,1,1.0,217975
307_refined.npy,7,PA,2,2,0.9358354398626093,259115
807_refined.npy,7,PA,2,2,0.8233784071027976,122318
126_refined.npy,7,PA,2,2,0.9250221188864427,194404
532_refined.npy,7,PA,1,1,1.0,217287
274_refined.npy,7,PA,2,2,0.8276767733014079,107751
218_refined.npy,7,PA,1,1,1.0,251824
558_refined.npy,7,PA,2,1,0.9740484064626208,189892
541_refined.npy,7,PA,1,1,1.0,306885
961_refined.npy,7,PA,2,2,0.6315045351391718,137923
984_refined.npy,7,PA,2,2,0.9407092893246227,216442
32_refined.npy,7,PA,2,1,0.9838504200231803,208798
704_refined.npy,7,PA,1,1,1.0,208492
459_refined.npy,7,PA,2,1,0.9729190721108428,304864
309_refined.npy,7,PA,1,1,1.0,294136
769_refined.npy,7,PA,1,1,1.0,368138
455_refined.npy,7,PA,2,2,0.8866545294052742,108756
412_refined.npy,7,PA,2,1,0.9765068936339655,200910
221_refined.npy,7,PA,2,2,0.5072145212181374,112828
790_refined.npy,7,PA,2,2,0.8556013218273794,63851
719_refined.npy,7,PA,2,2,0.8745575921503179,139012
810_refined.npy,7,PA,1,1,1.0,291393
703_refined.npy,7,PA,1,1,1.0,268187
518_refined.npy,7,PA,1,1,1.0,284792
152_refined.npy,7,PA,1,1,1.0,206994
340_refined.npy,7,PA,1,1,1.0,270959
73_refined.npy,7,PA,2,2,0.7156006748157575,67574
411_refined.npy,7,PA,1,1,1.0,383971
355_refined.npy,7,PA,2,1,0.982932861612042,183159
721_refined.npy,7,PA,2,1,0.9520987309998605,215130
423_refined.npy,7,PA,1,1,1.0,320753
537_refined.npy,7,PA,1,1,1.0,159814
164_refined.npy,7,PA,2,2,0.6329313929313929,60125
1_refined.npy,7,PA,1,1,1.0,278402
693_refined.npy,7,PA,2,2,0.6038132556028097,146489
802_refined.npy,7,PA,1,1,1.0,273486
959_refined.npy,7,PA,2,1,0.9705249499414232,214249
692_refined.npy,7,PA,2,2,0.7174668364915564,115413
967_refined.npy,7,PA,2,2,0.9199433294882902,208927
500_refined.npy,7,PA,1,1,1.0,171523
314_refined.npy,7,PA,1,1,1.0,254929
109_refined.npy,7,PA,2,2,0.9425489300397062,227672
990_refined.npy,7,PA,2,1,0.9851150459236815,158415
55_refined.npy,7,PA,1,1,1.0,330433
310_refined.npy,7,PA,2,2,0.6044483029476209,48378
741_refined.npy,7,PA,1,1,1.0,282492
521_refined.npy,7,PA,2,2,0.916593316359383,169279
496_refined.npy,7,PA,2,2,0.9399089580010632,180576
839_refined.npy,7,PA,2,2,0.9319490090628424,200820
51_refined.npy,7,PA,1,1,1.0,283464
159_refined.npy,7,PA,1,1,1.0,232362
906_refined.npy,7,PA,1,1,1.0,354905
925_refined.npy,7,PA,1,1,1.0,298785
441_refined.npy,7,PA,2,1,0.983401727200343,195924
285_refined.npy,7,PA,1,1,1.0,379770
628_refined.npy,7,PA,1,1,1.0,263829
993_refined.npy,7,PA,1,1,1.0,298760
661_refined.npy,7,PA,1,1,1.0,267232
91_refined.npy,7,PA,1,1,1.0,301188
197_refined.npy,7,PA,1,1,1.0,211580
568_refined.npy,7,PA,2,1,0.9737592996149591,210627
276_refined.npy,7,PA,1,1,1.0,295254
199_refined.npy,7,PA,1,1,1.0,384677
383_refined.npy,7,PA,1,1,1.0,262429
751_refined.npy,7,PA,2,2,0.5794021606332329,135053
793_refined.npy,7,PA,2,2,0.693269475290328,70782
611_refined.npy,7,PA,2,1,0.9704694562240375,207751
243_refined.npy,7,PA,1,1,1.0,375351
809_refined.npy,7,PA,1,1,1.0,180044
346_refined.npy,7,PA,1,1,1.0,270175
483_refined.npy,7,PA,2,1,0.9814806959797077,235754
729_refined.npy,7,PA,2,1,0.9742525003927318,190970
117_refined.npy,7,PA,1,1,1.0,281955
926_refined.npy,7,PA,2,1,0.9666378805475319,201486
448_refined.npy,7,PA,1,1,1.0,276492
306_refined.npy,7,PA,1,1,1.0,310990
430_refined.npy,7,PA,2,2,0.9049171963689704,235195
173_refined.npy,7,PA,2,1,0.9568493430299354,171469
320_refined.npy,7,PA,2,1,0.9887160919051929,306011
754_refined.npy,7,PA,1,1,1.0,268982
495_refined.npy,7,PA,2,1,0.9582618093966558,157290
733_refined.npy,7,PA,1,1,1.0,256412
876_refined.npy,7,PA,1,1,1.0,184816
995_refined.npy,7,PA,1,1,1.0,228735
316_refined.npy,7,PA,1,1,1.0,288625
539_refined.npy,7,PA,2,1,0.9869568525987368,328525
300_refined.npy,7,PA,2,2,0.7701691406602975,121733
585_refined.npy,7,PA,1,1,1.0,186202
969_refined.npy,7,PA,1,1,1.0,204370
445_refined.npy,7,PA,2,2,0.5488265409570154,78912
347_refined.npy,7,PA,1,1,1.0,280514
361_refined.npy,7,PA,1,1,1.0,397142
565_refined.npy,7,PA,1,1,1.0,51806
570_refined.npy,7,PA,1,1,1.0,247988
705_refined.npy,7,PA,2,1,0.9783338338091021,263083
572_refined.npy,7,PA,1,1,1.0,214087
664_refined.npy,7,PA,2,2,0.5202147936368301,163692
921_refined.npy,7,PA,2,1,0.9529156050026258,205652
248_refined.npy,7,PA,1,1,1.0,233577
238_refined.npy,7,PA,2,2,0.8292228687296129,90744
480_refined.npy,7,PA,1,1,1.0,228837
571_refined.npy,7,PA,1,1,1.0,331032
974_refined.npy,7,PA,2,1,0.9773891498809447,310780
302_refined.npy,7,PA,2,1,0.9788817275979274,258023
715_refined.npy,7,PA,1,1,1.0,258853
253_refined.npy,7,PA,2,1,0.9639701334275869,271608
97_refined.npy,7,PA,2,2,0.9229690305206463,35648
582_refined.npy,7,PA,1,1,1.0,72662
325_refined.npy,7,PA,2,1,0.9756082258939095,223149
65_refined.npy,7,PA,2,2,0.8959928370756396,186516
369_refined.npy,7,PA,2,1,0.970432152730194,211615
454_refined.npy,7,PA,2,1,0.9659064611250047,133955
946_refined.npy,7,PA,1,1,1.0,281846
884_refined.npy,7,PA,2,2,0.9347931361195916,94990
33_refined.npy,7,PA,1,1,1.0,421370
798_refined.npy,7,PA,2,1,0.9656410404887269,241771
230_refined.npy,7,PA,1,1,1.0,274264
379_refined.npy,7,PA,1,1,1.0,242136
831_refined.npy,7,PA,1,1,1.0,259946
675_refined.npy,7,PA,1,1,1.0,241970
36_refined.npy,7,PA,1,1,1.0,171573
328_refined.npy,7,PA,2,1,0.9676693139891189,207883
914_refined.npy,7,PA,2,1,0.9778671639948274,153889
744_refined.npy,7,PA,2,1,0.9685277147073201,218891
738_refined.npy,7,PA,1,1,1.0,263096
826_refined.npy,7,PA,2,1,0.970894903893829,276309
965_refined.npy,7,PA,1,1,1.0,242163
817_refined.npy,7,PA,1,1,1.0,170261
286_refined.npy,7,PA,2,1,0.9757548669469264,237161
188_refined.npy,7,PA,2,2,0.8981559075314718,215987
836_refined.npy,7,PA,1,1,1.0,293430
116_refined.npy,7,PA,2,1,0.9608632900345718,29793
556_refined.npy,7,PA,1,1,1.0,181136
655_refined.npy,7,PA,1,1,1.0,230796
156_refined.npy,7,PA,2,2,0.552574451171039,65412
288_refined.npy,7,PA,2,2,0.6835515363561976,141764
424_refined.npy,7,PA,1,1,1.0,275525
619_refined.npy,7,PA,1,1,1.0,284596
872_refined.npy,7,PA,1,1,1.0,340950
401_refined.npy,7,PA,1,1,1.0,311778
606_refined.npy,7,PA,2,1,0.9889429432322356,186849
668_refined.npy,7,PA,1,1,1.0,227410
318_refined.npy,7,PA,1,1,1.0,202350
843_refined.npy,7,PA,2,1,0.9648289768733893,239032
962_refined.npy,7,PA,1,1,1.0,263225
800_refined.npy,7,PA,2,1,0.9574642219771975,175946
356_refined.npy,7,PA,2,2,0.9258388999400631,230242
220_refined.npy,7,PA,1,1,1.0,280464
151_refined.npy,7,PA,2,2,0.9415724218604252,198331
650_refined.npy,7,PA,1,1,1.0,258318
145_refined.npy,7,PA,2,2,0.5125767974111651,63967
940_refined.npy,7,PA,1,1,1.0,310453
742_refined.npy,7,PA,1,1,1.0,149714
600_refined.npy,7,PA,2,2,0.6865907598742181,115756
578_refined.npy,7,PA,2,2,0.9409458862472545,160717
630_refined.npy,7,PA,1,1,1.0,289701
787_refined.npy,7,PA,1,1,1.0,265028
432_refined.npy,7,PA,1,1,1.0,300360
597_refined.npy,7,PA,2,2,0.7562142719506713,31138
697_refined.npy,7,PA,2,2,0.819966301600674,71220
20_refined.npy,7,PA,2,2,0.9347045256909524,264490
708_refined.npy,7,PA,1,1,1.0,208286
579_refined.npy,7,PA,1,1,1.0,239101
957_refined.npy,7,PA,2,1,0.9726063898367729,232682
196_refined.npy,7,PA,1,1,1.0,370647
629_refined.npy,7,PA,1,1,1.0,302913
767_refined.npy,7,PA,2,1,0.9619666295884316,224750
885_refined.npy,7,PA,2,1,0.9560863437430458,188734
877_refined.npy,7,PA,2,2,0.8880155313827003,137528
718_refined.npy,7,PA,2,1,0.969580102387367,219363
13_refined.npy,7,PA,1,1,1.0,167443
345_refined.npy,7,PA,1,1,1.0,194178
516_refined.npy,7,PA,1,1,1.0,271473
439_refined.npy,7,PA,2,1,0.9650762461023525,240209
711_refined.npy,7,PA,1,1,1.0,300870
963_refined.npy,7,PA,2,2,0.8879366983746108,245049
608_refined.npy,7,PA,1,1,1.0,177539
949_refined.npy,7,PA,2,1,0.9617269313474014,221827
723_refined.npy,7,PA,1,1,1.0,272902
647_refined.npy,7,PA,1,1,1.0,122917
574_refined.npy,7,PA,2,1,0.9899251106789689,193352
94_refined.npy,7,PA,1,1,1.0,140212
879_refined.npy,7,PA,1,1,1.0,218772
498_refined.npy,7,PA,2,1,0.9704841488947769,53971
473_refined.npy,7,PA,2,2,0.9224579628488423,340770
95_refined.npy,7,PA,1,1,1.0,267330
60_refined.npy,7,PA,1,1,1.0,251949
184_refined.npy,7,PA,1,1,1.0,293565
907_refined.npy,7,PA,2,1,0.9514730181452687,262658
479_refined.npy,7,PA,1,1,1.0,231609
41_refined.npy,7,PA,1,1,1.0,224171
737_refined.npy,7,PA,2,2,0.6487722601396407,127470
573_refined.npy,7,PA,1,1,1.0,249076
772_refined.npy,7,PA,2,1,0.9848161078673328,199356
157_refined.npy,7,PA,1,1,1.0,312221
663_refined.npy,7,PA,2,1,0.9821499429982301,317534
438_refined.npy,7,PA,1,1,1.0,253604
326_refined.npy,7,PA,2,1,0.9827687324929972,228480
919_refined.npy,7,PA,2,2,0.9411715925299367,180882
980_refined.npy,7,PA,1,1,1.0,250433
269_refined.npy,7,PA,1,1,1.0,169083
806_refined.npy,7,PA,1,1,1.0,343535
450_refined.npy,7,PA,1,1,1.0,291958
714_refined.npy,7,PA,2,2,0.5870239224722147,118048
528_refined.npy,7,PA,1,1,1.0,179731
427_refined.npy,7,PA,1,1,1.0,303242
239_refined.npy,7,PA,1,1,1.0,334334
81_refined.npy,7,PA,2,2,0.7044134578482794,78170
273_refined.npy,7,PA,2,1,0.9730113235537173,248067
658_refined.npy,7,PA,1,1,1.0,325596
250_refined.npy,7,PA,1,1,1.0,282522
74_refined.npy,7,PA,2,1,0.9566067319635913,196436
39_refined.npy,7,PA,2,1,0.9875744383185914,217294
712_refined.npy,7,PA,2,2,0.9327951231567675,60695
177_refined.npy,7,PA,1,1,1.0,278770
366_refined.npy,7,PA,2,2,0.9476252408631769,312937
76_refined.npy,7,PA,1,1,1.0,205761
143_refined.npy,7,PA,1,1,1.0,272931
112_refined.npy,7,PA,2,2,0.6396517805969918,64557
510_refined.npy,7,PA,2,1,0.954309130277578,240617
527_refined.npy,7,PA,1,1,1.0,189385
773_refined.npy,7,PA,1,1,1.0,70520
204_refined.npy,7,PA,1,1,1.0,271559
882_refined.npy,7,PA,2,2,0.9233336213671732,243027
394_refined.npy,7,PA,2,2,0.8338799606428338,103666
457_refined.npy,7,PA,1,1,1.0,333499
227_refined.npy,7,PA,1,1,1.0,270148
607_refined.npy,7,PA,1,1,1.0,230746
278_refined.npy,7,PA,1,1,1.0,270592
753_refined.npy,7,PA,2,1,0.9738153201607881,176630
146_refined.npy,7,PA,1,1,1.0,335476
755_refined.npy,7,PA,1,1,1.0,287198
576_refined.npy,7,PA,1,1,1.0,227229
548_refined.npy,7,PA,1,1,1.0,274164
183_refined.npy,7,PA,1,1,1.0,261159
30_refined.npy,7,PA,2,1,0.9716854813250454,183722
186_refined.npy,7,PA,2,1,0.9856205756026545,234919
900_refined.npy,7,PA,1,1,1.0,38925
488_refined.npy,7,PA,2,2,0.7530297016324496,236822
406_refined.npy,7,PA,1,1,1.0,233130
856_refined.npy,7,PA,1,1,1.0,327622
952_refined.npy,7,PA,1,1,1.0,121680
66_refined.npy,7,PA,1,1,1.0,278314
778_refined.npy,7,PA,2,2,0.9486723720820263,236851
760_refined.npy,7,PA,2,2,0.9412372910563501,203105
953_refined.npy,7,PA,1,1,1.0,210234
380_refined.npy,7,PA,2,2,0.7220691148902482,133893
497_refined.npy,7,PA,2,2,0.9393160967472894,179850
695_refined.npy,7,PA,2,2,0.5137373892559021,78108
198_refined.npy,7,PA,2,1,0.986376715411085,219991
526_refined.npy,7,PA,2,1,0.9886821572494212,314901
504_refined.npy,7,PA,1,1,1.0,253308
106_refined.npy,7,PA,2,2,0.7132610039032861,127841
506_refined.npy,7,PA,2,1,0.9545716713556732,227127
160_refined.npy,7,PA,2,2,0.6527922677507165,83391
601_refined.npy,7,PA,2,2,0.9284779383962072,68762
48_refined.npy,7,PA,2,1,0.9885211889426384,184601
936_refined.npy,7,PA,1,1,1.0,303228
89_refined.npy,7,PA,1,1,1.0,340063
147_refined.npy,7,PA,1,1,1.0,218701
549_refined.npy,7,PA,2,2,0.9238862997465179,188179
22_refined.npy,7,PA,1,1,1.0,183969
11_refined.npy,7,PA,1,1,1.0,270384
408_refined.npy,7,PA,2,1,0.950854642041232,145324
634_refined.npy,7,PA,1,1,1.0,368514
653_refined.npy,7,PA,1,1,1.0,282664
888_refined.npy,7,PA,1,1,1.0,193266
503_refined.npy,7,PA,1,1,1.0,292994
414_refined.npy,7,PA,1,1,1.0,249460
849_refined.npy,7,PA,1,1,1.0,381439
997_refined.npy,7,PA,2,2,0.8854261176499832,160918
255_refined.npy,7,PA,1,1,1.0,347250
890_refined.npy,7,PA,2,2,0.5198834211164246,181508
899_refined.npy,7,PA,2,2,0.6177341632366228,79688
586_refined.npy,7,PA,2,2,0.6367720243986327,142467
327_refined.npy,7,PA,2,2,0.937822402737975,242515
161_refined.npy,7,PA,2,2,0.9120199277211752,146931
226_refined.npy,7,PA,1,1,1.0,226892
317_refined.npy,7,PA,2,1,0.9639208915745321,90357
847_refined.npy,7,PA,2,1,0.9807082058453959,281726
679_refined.npy,7,PA,2,1,0.9813818307386838,139004
853_refined.npy,7,PA,1,1,1.0,227058
180_refined.npy,7,PA,2,2,0.9188549741208151,204991
966_refined.npy,7,PA,1,1,1.0,276839
830_refined.npy,7,PA,1,1,1.0,110282
42_refined.npy,7,PA,2,2,0.5808834903540886,135757
397_refined.npy,7,PA,2,1,0.9896629065742195,395469
848_refined.npy,7,PA,2,2,0.7357514002977849,98729
978_refined.npy,7,PA,1,1,1.0,290463
654_refined.npy,7,PA,1,1,1.0,307728
837_refined.npy,7,PA,1,1,1.0,217111
71_refined.npy,7,PA,1,1,1.0,203532
92_refined.npy,7,PA,2,1,0.9585652816626642,181973
429_refined.npy,7,PA,1,1,1.0,203740
603_refined.npy,7,PA,2,2,0.5507922300215135,63681
768_refined.npy,7,PA,1,1,1.0,265006
171_refined.npy,7,PA,2,1,0.9595342644055624,267362
846_refined.npy,7,PA,2,2,0.7045373980857852,101556
902_refined.npy,7,PA,1,1,1.0,166882
469_refined.npy,7,PA,1,1,1.0,354813
203_refined.npy,7,PA,2,2,0.9025771168363564,264404
84_refined.npy,7,PA,2,1,0.9853638203319864,148741
827_refined.npy,7,PA,2,2,0.792401985786664,117636
698_refined.npy,7,PA,1,1,1.0,283412
696_refined.npy,7,PA,1,1,1.0,129481
864_refined.npy,7,PA,1,1,1.0,242960
569_refined.npy,7,PA,1,1,1.0,277615
865_refined.npy,7,PA,1,1,1.0,161272
257_refined.npy,7,PA,1,1,1.0,340803
193_refined.npy,7,PA,2,1,0.9666818394548053,155981
871_refined.npy,7,PA,2,1,0.9598165562402848,272127
194_refined.npy,7,PA,1,1,1.0,263521
897_refined.npy,7,PA,1,1,1.0,291294
873_refined.npy,7,PA,2,2,0.8518789308829272,120361
464_refined.npy,7,PA,1,1,1.0,305410
181_refined.npy,7,PA,2,1,0.9708299659962489,196743
771_refined.npy,7,PA,1,1,1.0,362834
191_refined.npy,7,PA,2,2,0.6318589854880053,97919
736_refined.npy,7,PA,1,1,1.0,382788
866_refined.npy,7,PA,2,1,0.9838975419404329,149915
187_refined.npy,7,PA,1,1,1.0,399099
359_refined.npy,7,PA,1,1,1.0,120822
63_refined.npy,7,PA,2,2,0.6597370443097413,117130
991_refined.npy,7,PA,2,1,0.9612708874242727,180252
511_refined.npy,7,PA,1,1,1.0,188818
646_refined.npy,7,PA,1,1,1.0,270614
512_refined.npy,7,PA,2,1,0.9851924910841422,153098
588_refined.npy,7,PA,2,1,0.9650701188859752,289437
387_refined.npy,7,PA,2,2,0.939436609112746,132803
786_refined.npy,7,PA,2,2,0.6356506935335324,71662
615_refined.npy,7,PA,2,2,0.938842400283614,149499
474_refined.npy,7,PA,1,1,1.0,243251
999_refined.npy,7,PA,2,2,0.915437295706848,196103
214_refined.npy,7,PA,2,2,0.7418456073602074,118801
795_refined.npy,7,PA,2,1,0.9616766115293268,238314
270_refined.npy,7,PA,1,1,1.0,349069
289_refined.npy,7,PA,2,2,0.624154197528229,93698
766_refined.npy,7,PA,2,1,0.9662597766388821,190633
717_refined.npy,7,PA,1,1,1.0,270416
587_refined.npy,7,PA,2,1,0.9721703228503861,153074
905_refined.npy,7,PA,2,1,0.9864889367523998,181999
182_refined.npy,7,PA,1,1,1.0,216717
609_refined.npy,7,PA,2,2,0.587778907378672,18689
913_refined.npy,7,PA,2,1,0.9580773794628803,247766
855_refined.npy,7,PA,1,1,1.0,232635
377_refined.npy,7,PA,1,1,1.0,259939
80_refined.npy,7,PA,1,1,1.0,281221
296_refined.npy,7,PA,1,1,1.0,213690
56_refined.npy,7,PA,1,1,1.0,230119
382_refined.npy,7,PA,1,1,1.0,245411
133_refined.npy,7,PA,2,1,0.9662577047946173,170024
444_refined.npy,7,PA,2,2,0.7379073249172874,54103
799_refined.npy,7,PA,2,2,0.8960901772181797,152411
746_refined.npy,7,PA,1,1,1.0,266594
79_refined.npy,7,PA,1,1,1.0,329157
236_refined.npy,7,PA,1,1,1.0,221892
315_refined.npy,7,PA,2,1,0.9829509304355171,177605
453_refined.npy,7,PA,2,2,0.9312251777364685,193123
554_refined.npy,7,PA,2,2,0.9334901886599116,253737
1000_refined.npy,7,PA,2,2,0.8970548591454374,178056
977_refined.npy,7,PA,2,2,0.9071132235534741,172102
486_refined.npy,7,PA,2,2,0.9432216070058711,263322
225_refined.npy,7,PA,2,1,0.9585328074125329,284707
251_refined.npy,7,PA,2,2,0.5436798224480558,68487
645_refined.npy,7,PA,2,2,0.6788015930485156,55240
301_refined.npy,7,PA,1,1,1.0,253913
740_refined.npy,7,PA,1,1,1.0,248320
374_refined.npy,7,PA,1,1,1.0,236693
934_refined.npy,7,PA,2,2,0.8939630137158519,159086
237_refined.npy,7,PA,2,2,0.533552159969817,132525
520_refined.npy,7,PA,1,1,1.0,245162
796_refined.npy,7,PA,1,1,1.0,344726
487_refined.npy,7,PA,2,1,0.9886676058610696,161131
499_refined.npy,7,PA,2,2,0.906123159318913,178127
131_refined.npy,7,PA,2,2,0.929243470585181,192590
894_refined.npy,7,PA,1,1,1.0,254101
950_refined.npy,7,PA,1,1,1.0,254477
728_refined.npy,7,PA,2,2,0.7010094902406111,135613
338_refined.npy,7,PA,2,2,0.6137228817028244,97720
641_refined.npy,7,PA,2,1,0.9755523457978923,243009
730_refined.npy,7,PA,2,2,0.8968759624268555,103904
163_refined.npy,7,PA,1,1,1.0,246976
901_refined.npy,7,PA,1,1,1.0,114989
546_refined.npy,7,PA,2,1,0.9827278367050493,132178
9_refined.npy,7,PA,2,2,0.8435086881588862,134033
665_refined.npy,7,PA,2,2,0.5481566210552373,117149
86_refined.npy,7,PA,1,1,1.0,230658
710_refined.npy,7,PA,2,1,0.9683320580056364,267905
418_refined.npy,7,PA,2,2,0.8566687021096382,101534
734_refined.npy,7,PA,1,1,1.0,255686
896_refined.npy,7,PA,1,1,1.0,234629
403_refined.npy,7,PA,1,1,1.0,256918
756_refined.npy,7,PA,2,2,0.5717243367431621,114473
908_refined.npy,7,PA,1,1,1.0,330690
466_refined.npy,7,PA,2,2,0.942766587472038,201613
82_refined.npy,7,PA,2,1,0.9797821591630326,195372
947_refined.npy,7,PA,2,2,0.9480827085128671,193789
987_refined.npy,7,PA,2,1,0.9705305735894815,225963
137_refined.npy,7,PA,1,1,1.0,311807
701_refined.npy,7,PA,2,2,0.7733598226686166,108723
384_refined.npy,7,PA,2,2,0.9345902319201199,156735
614_refined.npy,7,PA,1,1,1.0,263251
968_refined.npy,7,PA,2,1,0.9629668140624316,182728
986_refined.npy,7,PA,1,1,1.0,151758
391_refined.npy,7,PA,1,1,1.0,234592
400_refined.npy,7,PA,1,1,1.0,260973
477_refined.npy,7,PA,2,1,0.9895738330155045,96488
119_refined.npy,7,PA,1,1,1.0,296621
801_refined.npy,7,PA,1,1,1.0,246498
247_refined.npy,7,PA,1,1,1.0,308593
341_refined.npy,7,PA,2,1,0.9534547376179451,143817
211_refined.npy,7,PA,1,1,1.0,316467
216_refined.npy,7,PA,2,1,0.960321721518449,188113
426_refined.npy,7,PA,2,1,0.9676590080879315,186327
604_refined.npy,7,PA,2,2,0.9465968797384502,198509
536_refined.npy,7,PA,1,1,1.0,270143
983_refined.npy,7,PA,2,1,0.9707718592040523,282707
21_refined.npy,7,PA,1,1,1.0,220693
779_refined.npy,7,PA,2,2,0.8706355007141799,209331
924_refined.npy,7,PA,2,2,0.6325256512549168,71439
842_refined.npy,7,PA,2,2,0.946548962268388,200389
353_refined.npy,7,PA,2,2,0.9287524199458224,274283
283_refined.npy,7,PA,2,2,0.9455348634875916,193096
124_refined.npy,7,PA,1,1,1.0,192249
501_refined.npy,7,PA,2,1,0.9852449029644691,126397
752_refined.npy,7,PA,2,2,0.8498364172700456,93225
929_refined.npy,7,PA,2,2,0.9410284436084492,236046
19_refined.npy,7,PA,1,1,1.0,263874
938_refined.npy,7,PA,2,1,0.9896686721779481,107537
223_refined.npy,7,PA,2,1,0.9533082145652451,274695
677_refined.npy,7,PA,1,1,1.0,109316
861_refined.npy,7,PA,1,1,1.0,241464
52_refined.npy,7,PA,1,1,1.0,332844
235_refined.npy,7,PA,1,1,1.0,218687
867_refined.npy,7,PA,1,1,1.0,290334
813_refined.npy,7,PA,1,1,1.0,290583
277_refined.npy,7,PA,1,1,1.0,271198
774_refined.npy,7,PA,2,2,0.8462828587075575,87648
149_refined.npy,7,PA,1,1,1.0,458820
103_refined.npy,7,PA,2,2,0.7662932516655921,74448
720_refined.npy,7,PA,1,1,1.0,318147
396_refined.npy,7,PA,2,2,0.9294879939016644,149549
642_refined.npy,7,PA,1,1,1.0,299461
468_refined.npy,7,PA,1,1,1.0,299357
105_refined.npy,7,PA,2,1,0.9669440689422102,236720
508_refined.npy,7,PA,1,1,1.0,229689
24_refined.npy,7,PA,1,1,1.0,300101
680_refined.npy,7,PA,2,2,0.8913725441952588,162574
992_refined.npy,7,PA,2,1,0.9645748987854251,180804
942_refined.npy,7,PA,1,1,1.0,169792
87_refined.npy,7,PA,2,1,0.9730285268464431,199952
185_refined.npy,7,PA,1,1,1.0,313452
127_refined.npy,7,PA,2,2,0.8977556507655361,125337
375_refined.npy,7,PA,1,1,1.0,391055
781_refined.npy,7,PA,1,1,1.0,248767
7_refined.npy,7,PA,2,2,0.6871859631648688,112447
916_refined.npy,7,PA,1,1,1.0,235602
971_refined.npy,7,PA,2,1,0.986689272058293,249498
551_refined.npy,7,PA,1,1,1.0,328074
491_refined.npy,7,PA,2,1,0.9899472793771806,284898
672_refined.npy,7,PA,2,2,0.7561146869514336,42725
892_refined.npy,7,PA,1,1,1.0,336551
975_refined.npy,7,PA,1,1,1.0,220634
493_refined.npy,7,PA,2,2,0.9435259222501664,177338
502_refined.npy,7,PA,2,2,0.6461497350020042,89812
878_refined.npy,7,PA,1,1,1.0,276188
178_refined.npy,7,PA,1,1,1.0,62677
207_refined.npy,7,PA,1,1,1.0,219896
360_refined.npy,7,PA,2,1,0.9827463091016729,163849
5_refined.npy,7,PA,2,2,0.5264978799815733,106367
656_refined.npy,7,PA,2,1,0.9887091015179357,229654
791_refined.npy,7,PA,1,1,1.0,287534
874_refined.npy,7,PA,1,1,1.0,295339
154_refined.npy,7,PA,2,1,0.981263307310149,190215
421_refined.npy,7,PA,1,1,1.0,306556
770_refined.npy,7,PA,1,1,1.0,96926
895_refined.npy,7,PA,2,2,0.9240029260225177,314420
750_refined.npy,7,PA,2,1,0.9805378968995928,238001
195_refined.npy,7,PA,2,2,0.9343907714491708,203889
324_refined.npy,7,PA,2,2,0.9406891823282577,230447
904_refined.npy,7,PA,1,1,1.0,102567
522_refined.npy,7,PA,2,2,0.9399696940892291,178843
794_refined.npy,7,PA,2,2,0.7305850769401085,72264
337_refined.npy,7,PA,2,2,0.9498011009289826,254149
363_refined.npy,7,PA,1,1,1.0,225893
964_refined.npy,7,PA,2,2,0.9142556937058167,108497
951_refined.npy,7,PA,1,1,1.0,264531
75_refined.npy,7,PA,1,1,1.0,224891
12_refined.npy,7,PA,1,1,1.0,294576
378_refined.npy,7,PA,1,1,1.0,220961
260_refined.npy,7,PA,2,2,0.9324525948680047,216485
788_refined.npy,7,PA,2,2,0.6524514428290559,113423
803_refined.npy,7,PA,2,2,0.9280170810381113,196241
727_refined.npy,7,PA,2,1,0.952660325175467,158007
911_refined.npy,7,PA,1,1,1.0,116989
201_refined.npy,7,PA,1,1,1.0,188943
649_refined.npy,7,PA,2,2,0.8960650547154876,245086
460_refined.npy,7,PA,1,1,1.0,312407
62_refined.npy,7,PA,1,1,1.0,135911
624_refined.npy,7,PA,2,1,0.957010721431398,270393
167_refined.npy,7,PA,1,1,1.0,236303
311_refined.npy,7,PA,2,1,0.9885678593736058,280175
909_refined.npy,7,PA,1,1,1.0,261385
298_refined.npy,7,PA,1,1,1.0,233206
293_refined.npy,7,PA,1,1,1.0,237786
342_refined.npy,7,PA,2,2,0.9412316487172907,226006
169_refined.npy,7,PA,2,2,0.5324544347731279,110062
213_refined.npy,7,PA,2,1,0.9578566293519565,194740
559_refined.npy,7,PA,2,2,0.9443240735548271,196153
69_refined.npy,7,PA,2,1,0.9550263916504963,250458
815_refined.npy,7,PA,2,2,0.8959013921054381,195603
748_refined.npy,7,PA,2,1,0.9605074343621313,213939
560_refined.npy,7,PA,2,1,0.9694169990179771,199588
202_refined.npy,7,PA,2,2,0.9331441240909428,228671
666_refined.npy,7,PA,1,1,1.0,219090
229_refined.npy,7,PA,1,1,1.0,304348
271_refined.npy,7,PA,2,1,0.9667397559884456,181057
685_refined.npy,7,PA,1,1,1.0,289206
632_refined.npy,7,PA,2,2,0.7848405645582854,133910
660_refined.npy,7,PA,1,1,1.0,280810
78_refined.npy,7,PA,2,2,0.9404758328577008,199734
529_refined.npy,7,PA,1,1,1.0,232680
108_refined.npy,7,PA,1,1,1.0,293487
100_refined.npy,7,PA,1,1,1.0,208985
392_refined.npy,7,PA,2,2,0.9130813301616754,227431
49_refined.npy,7,PA,1,1,1.0,327303
222_refined.npy,7,PA,2,1,0.9889745927696592,202895
989_refined.npy,7,PA,1,1,1.0,126533
937_refined.npy,7,PA,2,1,0.9848224377677891,190215
859_refined.npy,7,PA,2,2,0.9269730736335127,164857
395_refined.npy,7,PA,1,1,1.0,393711
707_refined.npy,7,PA,1,1,1.0,250986
713_refined.npy,7,PA,2,2,0.9373258879713461,160816
475_refined.npy,7,PA,1,1,1.0,256970
472_refined.npy,7,PA,2,2,0.9333209024799553,160890
233_refined.npy,7,PA,2,1,0.9503560716976305,140702
34_refined.npy,7,PA,1,1,1.0,335847
777_refined.npy,7,PA,1,1,1.0,295618
268_refined.npy,7,PA,1,1,1.0,243485
388_refined.npy,7,PA,2,2,0.9375895799323631,230939
492_refined.npy,7,PA,2,2,0.7679827790254494,107311
389_refined.npy,7,PA,2,1,0.9874485865378337,183804
860_refined.npy,7,PA,1,1,1.0,238563
749_refined.npy,7,PA,2,2,0.925735373120759,241986
945_refined.npy,7,PA,1,1,1.0,263401
918_refined.npy,7,PA,2,1,0.9737435196562214,152191
948_refined.npy,7,PA,1,1,1.0,294610
390_refined.npy,7,PA,2,1,0.9820170797898008,225881
451_refined.npy,7,PA,2,2,0.9496292535927028,185167
764_refined.npy,7,PA,1,1,1.0,300880
329_refined.npy,7,PA,1,1,1.0,329955
519_refined.npy,7,PA,2,2,0.7367403015293394,55318
85_refined.npy,7,PA,2,2,0.9397464527036774,173301
471_refined.npy,7,PA,1,1,1.0,239234
643_refined.npy,7,PA,1,1,1.0,442410
372_refined.npy,7,PA,1,1,1.0,200079
114_refined.npy,7,PA,1,1,1.0,274915
303_refined.npy,7,PA,2,2,0.6051008501416902,89985
759_refined.npy,7,PA,1,1,1.0,263899
35_refined.npy,7,PA,2,1,0.955964833079554,130691
490_refined.npy,7,PA,2,1,0.9638477588957945,268863
370_refined.npy,7,PA,2,2,0.8422252850519985,119715
494_refined.npy,7,PA,1,1,1.0,264520
792_refined.npy,7,PA,2,1,0.9588316112397192,265665
373_refined.npy,7,PA,1,1,1.0,280650
762_refined.npy,7,PA,1,1,1.0,275886
620_refined.npy,7,PA,1,1,1.0,302205
57_refined.npy,7,PA,1,1,1.0,283491
452_refined.npy,7,PA,2,2,0.9341009093575828,204540
61_refined.npy,7,PA,1,1,1.0,233365
134_refined.npy,7,PA,2,1,0.9800491556483303,207911
851_refined.npy,7,PA,2,2,0.626142518618822,47264
651_refined.npy,7,PA,1,1,1.0,335733
381_refined.npy,7,PA,1,1,1.0,257192
761_refined.npy,7,PA,1,1,1.0,306307
557_refined.npy,7,PA,1,1,1.0,230525
282_refined.npy,7,PA,2,2,0.9481245154218392,224422
275_refined.npy,7,PA,1,1,1.0,239629
465_refined.npy,7,PA,2,1,0.9658915922389898,116892
115_refined.npy,7,PA,1,1,1.0,259384
644_refined.npy,7,PA,2,2,0.8494692107843981,174363
264_refined.npy,7,PA,2,2,0.9463630978112941,374742
206_refined.npy,7,PA,1,1,1.0,290046
566_refined.npy,7,PA,1,1,1.0,292862
259_refined.npy,7,PA,1,1,1.0,85314
121_refined.npy,7,PA,1,1,1.0,210960
4_refined.npy,7,PA,2,2,0.9391002644472233,195124
111_refined.npy,7,PA,1,1,1.0,234698
428_refined.npy,7,PA,1,1,1.0,281775
514_refined.npy,7,PA,1,1,1.0,249245
354_refined.npy,7,PA,1,1,1.0,262100
120_refined.npy,7,PA,1,1,1.0,256695
825_refined.npy,7,PA,1,1,1.0,299674
595_refined.npy,7,PA,2,2,0.890610147183253,95731
433_refined.npy,7,PA,1,1,1.0,279169
362_refined.npy,7,PA,2,2,0.927875127905277,218912
613_refined.npy,7,PA,1,1,1.0,280116
590_refined.npy,7,PA,1,1,1.0,288421
470_refined.npy,7,PA,1,1,1.0,272199
242_refined.npy,7,PA,1,1,1.0,272042
923_refined.npy,7,PA,1,1,1.0,238828
352_refined.npy,7,PA,1,1,1.0,250400
517_refined.npy,7,PA,1,1,1.0,271593
416_refined.npy,7,PA,1,1,1.0,133421
330_refined.npy,7,PA,2,1,0.9818118270174354,223167
58_refined.npy,7,PA,2,2,0.5172520952094238,102973
928_refined.npy,7,PA,1,1,1.0,338286
955_refined.npy,7,PA,1,1,1.0,261453
139_refined.npy,7,PA,1,1,1.0,219583
405_refined.npy,7,PA,2,1,0.9703187578866517,164043
46_refined.npy,7,PA,1,1,1.0,375051
254_refined.npy,7,PA,2,1,0.9658537740877166,253293
258_refined.npy,7,PA,1,1,1.0,352269
700_refined.npy,7,PA,2,2,0.5171380667735822,137180
671_refined.npy,7,PA,2,1,0.9635498720778679,227873
507_refined.npy,7,PA,2,1,0.979160932361761,138058
943_refined.npy,7,PA,2,1,0.9767713707307516,153130
553_refined.npy,7,PA,1,1,1.0,304601
640_refined.npy,7,PA,1,1,1.0,283095
612_refined.npy,7,PA,2,1,0.9896882666233231,264553
417_refined.npy,7,PA,2,1,0.9578815652413178,152641
932_refined.npy,7,PA,2,1,0.9844743029529374,183309
478_refined.npy,7,PA,2,1,0.9775824709908669,197524
358_refined.npy,7,PA,2,2,0.9480595870968892,224411
165_refined.npy,7,PA,2,2,0.9365849684612341,257778
821_refined.npy,7,PA,1,1,1.0,159416
626_refined.npy,7,PA,2,1,0.9890966523351452,216539
833_refined.npy,7,PA,1,1,1.0,287635
308_refined.npy,7,PA,2,2,0.9442412143812573,197368
461_refined.npy,7,PA,1,1,1.0,234979
818_refined.npy,7,PA,2,1,0.9855990377432071,212833
434_refined.npy,7,PA,1,1,1.0,365823
757_refined.npy,7,PA,2,1,0.9628546429670918,123434
636_refined.npy,7,PA,1,1,1.0,352439
420_refined.npy,7,PA,1,1,1.0,309810
305_refined.npy,7,PA,2,1,0.9895719176916636,293822
118_refined.npy,7,PA,1,1,1.0,338173
563_refined.npy,7,PA,2,2,0.6212343710665436,47668
599_refined.npy,7,PA,2,2,0.9276243236946335,193145
505_refined.npy,7,PA,1,1,1.0,221113
745_refined.npy,7,PA,1,1,1.0,232476
240_refined.npy,7,PA,2,2,0.7020319000625707,91097
893_refined.npy,7,PA,1,1,1.0,128518
944_refined.npy,7,PA,1,1,1.0,283359
726_refined.npy,7,PA,2,1,0.9860639516717009,48005
616_refined.npy,7,PA,1,1,1.0,194683
402_refined.npy,7,PA,1,1,1.0,282893
447_refined.npy,7,PA,1,1,1.0,188465
776_refined.npy,7,PA,1,1,1.0,118029
83_refined.npy,7,PA,1,1,1.0,268765
351_refined.npy,7,PA,2,2,0.7972763027138998,142894
998_refined.npy,7,PA,2,1,0.9702158083099837,241974
304_refined.npy,7,PA,1,1,1.0,235957
828_refined.npy,7,PA,2,2,0.9160779853128991,100224
323_refined.npy,7,PA,1,1,1.0,329372
409_refined.npy,7,PA,2,2,0.8755283239477936,242039
638_refined.npy,7,PA,2,2,0.7842259364783425,76163
564_refined.npy,7,PA,1,1,1.0,252850
820_refined.npy,7,PA,2,2,0.9372082788373923,161327
543_refined.npy,7,PA,2,2,0.9371945357308661,273559
561_refined.npy,7,PA,1,1,1.0,254693
635_refined.npy,7,PA,2,1,0.9674345447201244,163394
467_refined.npy,7,PA,2,1,0.9520595218831424,302813
857_refined.npy,7,PA,1,1,1.0,319320
593_refined.npy,7,PA,1,1,1.0,305348
144_refined.npy,7,PA,1,1,1.0,330998
272_refined.npy,7,PA,1,1,1.0,313489
435_refined.npy,7,PA,2,2,0.9462287791621078,226664
93_refined.npy,7,PA,2,1,0.9867030174114075,200271
336_refined.npy,7,PA,1,1,1.0,142294
690_refined.npy,7,PA,2,2,0.8272772077602043,66957
376_refined.npy,7,PA,1,1,1.0,111528
332_refined.npy,7,PA,2,2,0.9499007208115994,156629
101_refined.npy,7,PA,1,1,1.0,173276
331_refined.npy,7,PA,1,1,1.0,266538
176_refined.npy,7,PA,2,1,0.9515126419859113,195618
854_refined.npy,7,PA,1,1,1.0,345074
162_refined.npy,7,PA,2,1,0.9825387559916033,178166
436_refined.npy,7,PA,2,2,0.901126186583372,163916
174_refined.npy,7,PA,1,1,1.0,250431
631_refined.npy,7,PA,1,1,1.0,275536
834_refined.npy,7,PA,2,2,0.9431087345182141,247226
747_refined.npy,7,PA,1,1,1.0,213221
840_refined.npy,7,PA,1,1,1.0,251416
725_refined.npy,7,PA,2,2,0.613289803718597,125585
138_refined.npy,7,PA,2,2,0.9481934327201073,247652
170_refined.npy,7,PA,2,1,0.9812480819874535,280238
385_refined.npy,7,PA,2,2,0.6311935964843444,127430
88_refined.npy,7,PA,1,1,1.0,241479
625_refined.npy,7,PA,1,1,1.0,182194
805_refined.npy,7,PA,1,1,1.0,253402
881_refined.npy,7,PA,2,1,0.9719749133809921,205209
449_refined.npy,7,PA,1,1,1.0,199019
28_refined.npy,7,PA,1,1,1.0,291622
344_refined.npy,7,PA,2,1,0.9815592653708506,186652
939_refined.npy,7,PA,2,1,0.9535010427038909,266135
699_refined.npy,7,PA,1,1,1.0,294138
295_refined.npy,7,PA,2,1,0.984247912859651,223272
349_refined.npy,7,PA,1,1,1.0,269650
958_refined.npy,7,PA,2,2,0.6697454206768084,103072
702_refined.npy,7,PA,1,1,1.0,235315
166_refined.npy,7,PA,1,1,1.0,132997
485_refined.npy,7,PA,2,1,0.9606561694912464,242986
960_refined.npy,7,PA,1,1,1.0,217179
509_refined.npy,7,PA,1,1,1.0,198229
102_refined.npy,7,PA,2,2,0.9479119519628255,132564
538_refined.npy,7,PA,1,1,1.0,303015
684_refined.npy,7,PA,1,1,1.0,129276
280_refined.npy,7,PA,1,1,1.0,306058
150_refined.npy,7,PA,1,1,1.0,351350
676_refined.npy,7,PA,1,1,1.0,249870
18_refined.npy,7,PA,2,2,0.9276736634620874,297803
814_refined.npy,7,PA,2,1,0.9708574324727207,134168
829_refined.npy,7,PA,1,1,1.0,256661
933_refined.npy,7,PA,2,1,0.9752349108933397,272763
782_refined.npy,7,PA,1,1,1.0,260018
621_refined.npy,7,PA,1,1,1.0,269457
686_refined.npy,7,PA,1,1,1.0,239645
77_refined.npy,7,PA,2,1,0.96007473355221,202854
348_refined.npy,7,PA,2,2,0.6491287123585614,77242
785_refined.npy,7,PA,2,2,0.8473285703606404,93639
797_refined.npy,7,PA,2,1,0.9766187131090514,222785
23_refined.npy,7,PA,1,1,1.0,292976
215_refined.npy,7,PA,1,1,1.0,203017
67_refined.npy,7,PA,1,1,1.0,309914
691_refined.npy,7,PA,2,2,0.8412061535942026,97699
622_refined.npy,7,PA,1,1,1.0,169132
313_refined.npy,7,PA,2,1,0.9581270162802911,106632
113_refined.npy,7,PA,1,1,1.0,219793
70_refined.npy,7,PA,1,1,1.0,395136
956_refined.npy,7,PA,2,2,0.5306461419821744,67431
852_refined.npy,7,PA,1,1,1.0,239903
440_refined.npy,7,PA,1,1,1.0,240092
875_refined.npy,7,PA,2,2,0.9017028429437989,177879
970_refined.npy,7,PA,2,1,0.9808200723432919,256831
25_refined.npy,7,PA,2,2,0.6699864132227045,75809
68_refined.npy,7,PA,2,2,0.6969191381641401,139052
192_refined.npy,7,PA,2,2,0.938246146538691,172637
8_refined.npy,7,PA,1,1,1.0,328019
540_refined.npy,7,PA,1,1,1.0,300358
683_refined.npy,7,PA,2,2,0.76725910693302,13616
531_refined.npy,7,PA,1,1,1.0,228355
870_refined.npy,7,PA,1,1,1.0,304640
27_refined.npy,7,PA,2,2,0.6227906909636555,138618
190_refined.npy,7,PA,2,1,0.981993831929661,156613
371_refined.npy,7,PA,2,1,0.9819194240574625,121401
179_refined.npy,7,PA,2,2,0.945632758129922,242407
743_refined.npy,7,PA,1,1,1.0,245099
880_refined.npy,7,PA,2,2,0.8132793291183702,182208
367_refined.npy,7,PA,1,1,1.0,239696
931_refined.npy,7,PA,2,1,0.9609091791817711,247168
724_refined.npy,7,PA,1,1,1.0,333261
29_refined.npy,7,PA,1,1,1.0,178775
883_refined.npy,7,PA,2,1,0.950692141813713,172508
552_refined.npy,8,LAA,1,1,1.0,81289
142_refined.npy,7,PA,1,1,1.0,337594
927_refined.npy,7,PA,1,1,1.0,282518
602_refined.npy,8,LAA,1,1,1.0,52869
31_refined.npy,8,LAA,1,1,1.0,53715
321_refined.npy,8,LAA,1,1,1.0,62609
462_refined.npy,8,LAA,1,1,1.0,34504
816_refined.npy,8,LAA,1,1,1.0,43224
26_refined.npy,8,LAA,1,1,1.0,25637
130_refined.npy,8,LAA,1,1,1.0,83303
555_refined.npy,8,LAA,1,1,1.0,65138
808_refined.npy,8,LAA,1,1,1.0,48402
96_refined.npy,8,LAA,1,1,1.0,62108
281_refined.npy,8,LAA,1,1,1.0,56819
706_refined.npy,8,LAA,1,1,1.0,64102
758_refined.npy,8,LAA,1,1,1.0,68323
972_refined.npy,8,LAA,1,1,1.0,58864
639_refined.npy,8,LAA,1,1,1.0,68607
45_refined.npy,8,LAA,1,1,1.0,34871
610_refined.npy,8,LAA,1,1,1.0,74817
910_refined.npy,8,LAA,1,1,1.0,33813
3_refined.npy,8,LAA,1,1,1.0,61255
208_refined.npy,8,LAA,1,1,1.0,21462
605_refined.npy,8,LAA,1,1,1.0,48054
481_refined.npy,8,LAA,1,1,1.0,62825
17_refined.npy,8,LAA,1,1,1.0,51447
594_refined.npy,8,LAA,1,1,1.0,54488
637_refined.npy,8,LAA,1,1,1.0,72148
482_refined.npy,8,LAA,1,1,1.0,50358
128_refined.npy,8,LAA,1,1,1.0,45779
456_refined.npy,8,LAA,1,1,1.0,31944
59_refined.npy,8,LAA,1,1,1.0,90573
811_refined.npy,8,LAA,1,1,1.0,71119
299_refined.npy,8,LAA,1,1,1.0,76025
982_refined.npy,8,LAA,1,1,1.0,84718
322_refined.npy,8,LAA,1,1,1.0,65179
334_refined.npy,8,LAA,1,1,1.0,49981
10_refined.npy,8,LAA,1,1,1.0,89028
819_refined.npy,8,LAA,1,1,1.0,40592
266_refined.npy,8,LAA,1,1,1.0,47742
669_refined.npy,8,LAA,1,1,1.0,47208
476_refined.npy,8,LAA,1,1,1.0,63582
419_refined.npy,8,LAA,1,1,1.0,46819
489_refined.npy,8,LAA,1,1,1.0,48727
822_refined.npy,8,LAA,1,1,1.0,38863
267_refined.npy,8,LAA,1,1,1.0,66195
868_refined.npy,8,LAA,1,1,1.0,37125
617_refined.npy,8,LAA,1,1,1.0,56309
393_refined.npy,8,LAA,1,1,1.0,64569
662_refined.npy,8,LAA,1,1,1.0,55940
125_refined.npy,8,LAA,1,1,1.0,104169
437_refined.npy,8,LAA,1,1,1.0,43645
922_refined.npy,8,LAA,1,1,1.0,88291
404_refined.npy,8,LAA,1,1,1.0,64299
319_refined.npy,8,LAA,1,1,1.0,80271
735_refined.npy,8,LAA,1,1,1.0,71934
678_refined.npy,8,LAA,1,1,1.0,30623
596_refined.npy,8,LAA,1,1,1.0,71626
249_refined.npy,8,LAA,1,1,1.0,51228
244_refined.npy,8,LAA,1,1,1.0,93652
123_refined.npy,8,LAA,1,1,1.0,83009
44_refined.npy,8,LAA,1,1,1.0,46530
407_refined.npy,8,LAA,1,1,1.0,65019
930_refined.npy,8,LAA,1,1,1.0,84345
689_refined.npy,8,LAA,1,1,1.0,84812
844_refined.npy,8,LAA,1,1,1.0,45862
657_refined.npy,8,LAA,1,1,1.0,70361
694_refined.npy,8,LAA,1,1,1.0,75399
415_refined.npy,8,LAA,1,1,1.0,32083
99_refined.npy,8,LAA,1,1,1.0,30392
525_refined.npy,8,LAA,1,1,1.0,33372
135_refined.npy,8,LAA,1,1,1.0,52717
530_refined.npy,8,LAA,1,1,1.0,45401
985_refined.npy,8,LAA,1,1,1.0,67822
339_refined.npy,8,LAA,1,1,1.0,42010
667_refined.npy,8,LAA,1,1,1.0,45905
148_refined.npy,8,LAA,1,1,1.0,71123
584_refined.npy,8,LAA,1,1,1.0,95777
212_refined.npy,8,LAA,1,1,1.0,70423
515_refined.npy,8,LAA,1,1,1.0,32214
38_refined.npy,8,LAA,1,1,1.0,24205
335_refined.npy,8,LAA,1,1,1.0,65769
262_refined.npy,8,LAA,1,1,1.0,33542
682_refined.npy,8,LAA,1,1,1.0,63503
688_refined.npy,8,LAA,1,1,1.0,71852
862_refined.npy,8,LAA,1,1,1.0,38637
633_refined.npy,8,LAA,1,1,1.0,48417
37_refined.npy,8,LAA,1,1,1.0,41649
189_refined.npy,8,LAA,1,1,1.0,101408
889_refined.npy,8,LAA,1,1,1.0,84737
841_refined.npy,8,LAA,1,1,1.0,53873
431_refined.npy,8,LAA,1,1,1.0,59152
623_refined.npy,8,LAA,1,1,1.0,162601
887_refined.npy,8,LAA,1,1,1.0,40246
917_refined.npy,8,LAA,1,1,1.0,85242
122_refined.npy,8,LAA,1,1,1.0,65250
716_refined.npy,8,LAA,1,1,1.0,35050
545_refined.npy,8,LAA,1,1,1.0,77036
627_refined.npy,8,LAA,1,1,1.0,66254
484_refined.npy,8,LAA,1,1,1.0,91768
265_refined.npy,8,LAA,1,1,1.0,55144
824_refined.npy,8,LAA,1,1,1.0,73961
350_refined.npy,8,LAA,1,1,1.0,38410
598_refined.npy,8,LAA,1,1,1.0,39690
581_refined.npy,8,LAA,1,1,1.0,86134
652_refined.npy,8,LAA,1,1,1.0,23572
72_refined.npy,8,LAA,1,1,1.0,53801
835_refined.npy,8,LAA,1,1,1.0,46985
132_refined.npy,8,LAA,1,1,1.0,52561
789_refined.npy,8,LAA,1,1,1.0,43360
14_refined.npy,8,LAA,1,1,1.0,46608
129_refined.npy,8,LAA,1,1,1.0,31909
976_refined.npy,8,LAA,1,1,1.0,88537
279_refined.npy,8,LAA,1,1,1.0,26524
364_refined.npy,8,LAA,1,1,1.0,76193
524_refined.npy,8,LAA,1,1,1.0,117654
674_refined.npy,8,LAA,1,1,1.0,52689
64_refined.npy,8,LAA,1,1,1.0,55540
547_refined.npy,8,LAA,1,1,1.0,45353
732_refined.npy,8,LAA,1,1,1.0,50586
40_refined.npy,8,LAA,1,1,1.0,34836
903_refined.npy,8,LAA,1,1,1.0,50805
567_refined.npy,8,LAA,1,1,1.0,37108
219_refined.npy,8,LAA,1,1,1.0,57417
845_refined.npy,8,LAA,1,1,1.0,58637
200_refined.npy,8,LAA,1,1,1.0,37821
104_refined.npy,8,LAA,1,1,1.0,41250
765_refined.npy,8,LAA,1,1,1.0,70377
333_refined.npy,8,LAA,1,1,1.0,52245
287_refined.npy,8,LAA,1,1,1.0,49704
898_refined.npy,8,LAA,1,1,1.0,22409
168_refined.npy,8,LAA,1,1,1.0,64456
533_refined.npy,8,LAA,1,1,1.0,45560
234_refined.npy,8,LAA,1,1,1.0,54261
784_refined.npy,8,LAA,1,1,1.0,57139
823_refined.npy,8,LAA,1,1,1.0,55240
291_refined.npy,8,LAA,1,1,1.0,45199
954_refined.npy,8,LAA,1,1,1.0,55694
155_refined.npy,8,LAA,1,1,1.0,50889
673_refined.npy,8,LAA,1,1,1.0,32060
399_refined.npy,8,LAA,1,1,1.0,88648
246_refined.npy,8,LAA,1,1,1.0,65016
731_refined.npy,8,LAA,1,1,1.0,47875
863_refined.npy,8,LAA,1,1,1.0,39621
775_refined.npy,8,LAA,1,1,1.0,45768
979_refined.npy,8,LAA,1,1,1.0,59166
368_refined.npy,8,LAA,1,1,1.0,55124
583_refined.npy,8,LAA,1,1,1.0,71317
458_refined.npy,8,LAA,1,1,1.0,29547
592_refined.npy,8,LAA,1,1,1.0,57216
210_refined.npy,8,LAA,1,1,1.0,19997
783_refined.npy,8,LAA,1,1,1.0,60652
580_refined.npy,8,LAA,1,1,1.0,58550
920_refined.npy,8,LAA,1,1,1.0,46147
722_refined.npy,8,LAA,1,1,1.0,33190
410_refined.npy,8,LAA,1,1,1.0,51327
357_refined.npy,8,LAA,1,1,1.0,47060
935_refined.npy,8,LAA,1,1,1.0,36299
534_refined.npy,8,LAA,1,1,1.0,52574
153_refined.npy,8,LAA,1,1,1.0,22468
231_refined.npy,8,LAA,1,1,1.0,81907
98_refined.npy,8,LAA,1,1,1.0,32195
107_refined.npy,8,LAA,1,1,1.0,81265
589_refined.npy,8,LAA,1,1,1.0,70572
228_refined.npy,8,LAA,1,1,1.0,61179
205_refined.npy,8,LAA,1,1,1.0,50957
175_refined.npy,8,LAA,1,1,1.0,61356
542_refined.npy,8,LAA,1,1,1.0,24921
343_refined.npy,8,LAA,1,1,1.0,68036
217_refined.npy,8,LAA,1,1,1.0,50677
284_refined.npy,8,LAA,1,1,1.0,38955
224_refined.npy,8,LAA,1,1,1.0,42736
832_refined.npy,8,LAA,1,1,1.0,30026
398_refined.npy,8,LAA,1,1,1.0,44614
687_refined.npy,8,LAA,1,1,1.0,65003
245_refined.npy,8,LAA,1,1,1.0,41113
241_refined.npy,8,LAA,1,1,1.0,73766
763_refined.npy,8,LAA,1,1,1.0,47475
386_refined.npy,8,LAA,1,1,1.0,74254
618_refined.npy,8,LAA,1,1,1.0,68514
891_refined.npy,8,LAA,1,1,1.0,52393
912_refined.npy,8,LAA,1,1,1.0,51082
535_refined.npy,8,LAA,1,1,1.0,48582
263_refined.npy,8,LAA,1,1,1.0,48676
446_refined.npy,8,LAA,1,1,1.0,45814
869_refined.npy,8,LAA,1,1,1.0,44813
54_refined.npy,8,LAA,1,1,1.0,38386
550_refined.npy,8,LAA,1,1,1.0,85946
544_refined.npy,8,LAA,1,1,1.0,72181
659_refined.npy,8,LAA,1,1,1.0,58937
365_refined.npy,8,LAA,1,1,1.0,69782
591_refined.npy,8,LAA,1,1,1.0,45852
252_refined.npy,8,LAA,1,1,1.0,76663
804_refined.npy,8,LAA,1,1,1.0,63952
297_refined.npy,8,LAA,1,1,1.0,33563
812_refined.npy,8,LAA,1,1,1.0,32901
16_refined.npy,8,LAA,1,1,1.0,81097
941_refined.npy,8,LAA,1,1,1.0,36917
994_refined.npy,8,LAA,1,1,1.0,43887
850_refined.npy,8,LAA,1,1,1.0,77922
463_refined.npy,8,LAA,1,1,1.0,57867
422_refined.npy,8,LAA,1,1,1.0,89348
670_refined.npy,8,LAA,1,1,1.0,60352
136_refined.npy,8,LAA,1,1,1.0,56884
43_refined.npy,8,LAA,1,1,1.0,92466
292_refined.npy,8,LAA,1,1,1.0,22835
886_refined.npy,8,LAA,1,1,1.0,34760
172_refined.npy,8,LAA,1,1,1.0,35036
256_refined.npy,8,LAA,1,1,1.0,55358
290_refined.npy,8,LAA,1,1,1.0,29936
973_refined.npy,8,LAA,1,1,1.0,39739
425_refined.npy,8,LAA,1,1,1.0,23417
47_refined.npy,8,LAA,1,1,1.0,52749
513_refined.npy,8,LAA,1,1,1.0,92587
858_refined.npy,8,LAA,1,1,1.0,33652
442_refined.npy,8,LAA,1,1,1.0,78649
562_refined.npy,8,LAA,1,1,1.0,123675
15_refined.npy,8,LAA,1,1,1.0,50334
443_refined.npy,8,LAA,1,1,1.0,77372
312_refined.npy,8,LAA,1,1,1.0,21796
575_refined.npy,8,LAA,1,1,1.0,39819
232_refined.npy,8,LAA,1,1,1.0,50383
261_refined.npy,8,LAA,1,1,1.0,72462
709_refined.npy,8,LAA,1,1,1.0,67942
140_refined.npy,8,LAA,1,1,1.0,67270
988_refined.npy,8,LAA,1,1,1.0,54347
53_refined.npy,8,LAA,1,1,1.0,37186
294_refined.npy,8,LAA,1,1,1.0,30863
209_refined.npy,8,LAA,1,1,1.0,51746
780_refined.npy,8,LAA,1,1,1.0,34254
523_refined.npy,8,LAA,1,1,1.0,106892
648_refined.npy,8,LAA,1,1,1.0,36104
681_refined.npy,8,LAA,1,1,1.0,83774
2_refined.npy,8,LAA,1,1,1.0,8376
6_refined.npy,8,LAA,1,1,1.0,53610
739_refined.npy,8,LAA,1,1,1.0,31471
838_refined.npy,8,LAA,1,1,1.0,71583
577_refined.npy,8,LAA,1,1,1.0,22674
158_refined.npy,8,LAA,1,1,1.0,49040
996_refined.npy,8,LAA,1,1,1.0,71602
413_refined.npy,8,LAA,1,1,1.0,43961
981_refined.npy,8,LAA,1,1,1.0,57929
110_refined.npy,8,LAA,1,1,1.0,86945
50_refined.npy,8,LAA,1,1,1.0,46566
915_refined.npy,8,LAA,1,1,1.0,69176
307_refined.npy,8,LAA,1,1,1.0,73122
807_refined.npy,8,LAA,1,1,1.0,58762
126_refined.npy,8,LAA,1,1,1.0,43802
532_refined.npy,8,LAA,1,1,1.0,42303
218_refined.npy,8,LAA,1,1,1.0,41157
274_refined.npy,8,LAA,1,1,1.0,65458
961_refined.npy,8,LAA,1,1,1.0,53499
558_refined.npy,8,LAA,1,1,1.0,55273
32_refined.npy,8,LAA,1,1,1.0,62794
541_refined.npy,8,LAA,1,1,1.0,35737
984_refined.npy,8,LAA,1,1,1.0,48032
704_refined.npy,8,LAA,1,1,1.0,48966
459_refined.npy,8,LAA,1,1,1.0,52652
309_refined.npy,8,LAA,1,1,1.0,40968
769_refined.npy,8,LAA,1,1,1.0,144140
455_refined.npy,8,LAA,1,1,1.0,62218
412_refined.npy,8,LAA,1,1,1.0,81842
719_refined.npy,8,LAA,1,1,1.0,37392
221_refined.npy,8,LAA,1,1,1.0,49210
790_refined.npy,8,LAA,1,1,1.0,47803
810_refined.npy,8,LAA,1,1,1.0,72250
518_refined.npy,8,LAA,1,1,1.0,73594
703_refined.npy,8,LAA,1,1,1.0,43796
152_refined.npy,8,LAA,1,1,1.0,60750
340_refined.npy,8,LAA,1,1,1.0,51019
73_refined.npy,8,LAA,1,1,1.0,60098
411_refined.npy,8,LAA,1,1,1.0,56546
537_refined.npy,8,LAA,1,1,1.0,47606
355_refined.npy,8,LAA,1,1,1.0,72002
423_refined.npy,8,LAA,1,1,1.0,49335
721_refined.npy,8,LAA,1,1,1.0,43382
1_refined.npy,8,LAA,1,1,1.0,44250
164_refined.npy,8,LAA,1,1,1.0,41139
693_refined.npy,8,LAA,1,1,1.0,44683
802_refined.npy,8,LAA,1,1,1.0,94813
959_refined.npy,8,LAA,1,1,1.0,14969
692_refined.npy,8,LAA,1,1,1.0,56935
314_refined.npy,8,LAA,1,1,1.0,81400
967_refined.npy,8,LAA,1,1,1.0,56376
500_refined.npy,8,LAA,1,1,1.0,60467
109_refined.npy,8,LAA,1,1,1.0,66614
55_refined.npy,8,LAA,1,1,1.0,46164
990_refined.npy,8,LAA,1,1,1.0,60839
310_refined.npy,8,LAA,1,1,1.0,13997
521_refined.npy,8,LAA,1,1,1.0,48508
741_refined.npy,8,LAA,1,1,1.0,33786
496_refined.npy,8,LAA,1,1,1.0,43659
839_refined.npy,8,LAA,1,1,1.0,47784
51_refined.npy,8,LAA,1,1,1.0,51011
159_refined.npy,8,LAA,1,1,1.0,42406
906_refined.npy,8,LAA,1,1,1.0,49757
925_refined.npy,8,LAA,1,1,1.0,46660
285_refined.npy,8,LAA,1,1,1.0,83018
441_refined.npy,8,LAA,1,1,1.0,83428
993_refined.npy,8,LAA,1,1,1.0,43052
628_refined.npy,8,LAA,1,1,1.0,29938
661_refined.npy,8,LAA,1,1,1.0,31955
91_refined.npy,8,LAA,1,1,1.0,44147
197_refined.npy,8,LAA,1,1,1.0,35732
276_refined.npy,8,LAA,1,1,1.0,17101
568_refined.npy,8,LAA,1,1,1.0,32006
199_refined.npy,8,LAA,1,1,1.0,61879
383_refined.npy,8,LAA,1,1,1.0,51672
751_refined.npy,8,LAA,1,1,1.0,67609
611_refined.npy,8,LAA,1,1,1.0,96573
793_refined.npy,8,LAA,1,1,1.0,30519
243_refined.npy,8,LAA,1,1,1.0,43372
809_refined.npy,8,LAA,1,1,1.0,45587
346_refined.npy,8,LAA,1,1,1.0,76645
483_refined.npy,8,LAA,1,1,1.0,75641
729_refined.npy,8,LAA,1,1,1.0,53188
117_refined.npy,8,LAA,1,1,1.0,55565
926_refined.npy,8,LAA,1,1,1.0,76016
448_refined.npy,8,LAA,1,1,1.0,53554
306_refined.npy,8,LAA,1,1,1.0,42772
430_refined.npy,8,LAA,1,1,1.0,49872
320_refined.npy,8,LAA,1,1,1.0,59566
173_refined.npy,8,LAA,1,1,1.0,78041
733_refined.npy,8,LAA,1,1,1.0,42601
754_refined.npy,8,LAA,1,1,1.0,73482
495_refined.npy,8,LAA,1,1,1.0,58541
539_refined.npy,8,LAA,1,1,1.0,113317
876_refined.npy,8,LAA,1,1,1.0,71254
316_refined.npy,8,LAA,1,1,1.0,50024
995_refined.npy,8,LAA,1,1,1.0,60279
300_refined.npy,8,LAA,1,1,1.0,38515
969_refined.npy,8,LAA,1,1,1.0,156203
445_refined.npy,8,LAA,1,1,1.0,35382
585_refined.npy,8,LAA,1,1,1.0,38838
347_refined.npy,8,LAA,1,1,1.0,35460
361_refined.npy,8,LAA,1,1,1.0,140571
565_refined.npy,8,LAA,1,1,1.0,30585
570_refined.npy,8,LAA,1,1,1.0,27958
572_refined.npy,8,LAA,1,1,1.0,43417
664_refined.npy,8,LAA,1,1,1.0,52632
705_refined.npy,8,LAA,1,1,1.0,95057
921_refined.npy,8,LAA,1,1,1.0,51058
248_refined.npy,8,LAA,1,1,1.0,40095
571_refined.npy,8,LAA,1,1,1.0,102577
238_refined.npy,8,LAA,1,1,1.0,20914
480_refined.npy,8,LAA,1,1,1.0,62161
974_refined.npy,8,LAA,1,1,1.0,55164
302_refined.npy,8,LAA,1,1,1.0,77699
253_refined.npy,8,LAA,1,1,1.0,54367
715_refined.npy,8,LAA,1,1,1.0,146268
97_refined.npy,8,LAA,1,1,1.0,34369
369_refined.npy,8,LAA,1,1,1.0,48528
325_refined.npy,8,LAA,1,1,1.0,53614
582_refined.npy,8,LAA,1,1,1.0,43705
65_refined.npy,8,LAA,1,1,1.0,62063
454_refined.npy,8,LAA,1,1,1.0,40115
798_refined.npy,8,LAA,1,1,1.0,51665
884_refined.npy,8,LAA,1,1,1.0,81966
946_refined.npy,8,LAA,1,1,1.0,51608
230_refined.npy,8,LAA,1,1,1.0,76461
33_refined.npy,8,LAA,1,1,1.0,77416
379_refined.npy,8,LAA,1,1,1.0,54604
831_refined.npy,8,LAA,1,1,1.0,32864
675_refined.npy,8,LAA,1,1,1.0,64189
36_refined.npy,8,LAA,1,1,1.0,78125
328_refined.npy,8,LAA,1,1,1.0,28916
914_refined.npy,8,LAA,1,1,1.0,43955
744_refined.npy,8,LAA,1,1,1.0,52061
738_refined.npy,8,LAA,1,1,1.0,75946
826_refined.npy,8,LAA,1,1,1.0,46676
965_refined.npy,8,LAA,1,1,1.0,31490
817_refined.npy,8,LAA,1,1,1.0,100781
286_refined.npy,8,LAA,1,1,1.0,63354
188_refined.npy,8,LAA,1,1,1.0,56507
836_refined.npy,8,LAA,1,1,1.0,67316
116_refined.npy,8,LAA,1,1,1.0,38021
556_refined.npy,8,LAA,1,1,1.0,36102
655_refined.npy,8,LAA,1,1,1.0,69793
156_refined.npy,8,LAA,1,1,1.0,33883
424_refined.npy,8,LAA,1,1,1.0,45843
619_refined.npy,8,LAA,1,1,1.0,70667
288_refined.npy,8,LAA,1,1,1.0,42658
401_refined.npy,8,LAA,1,1,1.0,44249
872_refined.npy,8,LAA,1,1,1.0,52261
606_refined.npy,8,LAA,1,1,1.0,68973
318_refined.npy,8,LAA,1,1,1.0,41373
962_refined.npy,8,LAA,1,1,1.0,44553
843_refined.npy,8,LAA,1,1,1.0,45144
800_refined.npy,8,LAA,1,1,1.0,106656
668_refined.npy,8,LAA,1,1,1.0,26722
220_refined.npy,8,LAA,1,1,1.0,29312
356_refined.npy,8,LAA,1,1,1.0,93656
151_refined.npy,8,LAA,1,1,1.0,59295
145_refined.npy,8,LAA,1,1,1.0,45642
650_refined.npy,8,LAA,1,1,1.0,43740
940_refined.npy,8,LAA,1,1,1.0,78448
600_refined.npy,8,LAA,1,1,1.0,32359
742_refined.npy,8,LAA,1,1,1.0,69832
432_refined.npy,8,LAA,1,1,1.0,79743
578_refined.npy,8,LAA,1,1,1.0,75239
630_refined.npy,8,LAA,1,1,1.0,60546
708_refined.npy,8,LAA,1,1,1.0,76167
20_refined.npy,8,LAA,1,1,1.0,37333
597_refined.npy,8,LAA,1,1,1.0,29996
787_refined.npy,8,LAA,1,1,1.0,72900
697_refined.npy,8,LAA,1,1,1.0,61947
579_refined.npy,8,LAA,1,1,1.0,54823
196_refined.npy,8,LAA,1,1,1.0,56318
957_refined.npy,8,LAA,1,1,1.0,71143
629_refined.npy,8,LAA,1,1,1.0,73191
767_refined.npy,8,LAA,1,1,1.0,86237
885_refined.npy,8,LAA,1,1,1.0,90710
877_refined.npy,8,LAA,1,1,1.0,88218
718_refined.npy,8,LAA,1,1,1.0,62169
13_refined.npy,8,LAA,1,1,1.0,67975
345_refined.npy,8,LAA,1,1,1.0,36951
516_refined.npy,8,LAA,1,1,1.0,77776
711_refined.npy,8,LAA,1,1,1.0,58216
963_refined.npy,8,LAA,1,1,1.0,48247
608_refined.npy,8,LAA,1,1,1.0,83572
723_refined.npy,8,LAA,1,1,1.0,42179
439_refined.npy,8,LAA,1,1,1.0,84775
949_refined.npy,8,LAA,1,1,1.0,58679
647_refined.npy,8,LAA,1,1,1.0,60299
498_refined.npy,8,LAA,1,1,1.0,41304
879_refined.npy,8,LAA,1,1,1.0,44600
574_refined.npy,8,LAA,1,1,1.0,81035
94_refined.npy,8,LAA,1,1,1.0,59745
473_refined.npy,8,LAA,1,1,1.0,32741
60_refined.npy,8,LAA,1,1,1.0,46589
95_refined.npy,8,LAA,1,1,1.0,28760
907_refined.npy,8,LAA,1,1,1.0,49581
479_refined.npy,8,LAA,1,1,1.0,49532
737_refined.npy,8,LAA,1,1,1.0,50537
41_refined.npy,8,LAA,1,1,1.0,82627
184_refined.npy,8,LAA,1,1,1.0,59024
573_refined.npy,8,LAA,1,1,1.0,50082
772_refined.npy,8,LAA,1,1,1.0,78792
157_refined.npy,8,LAA,1,1,1.0,53838
663_refined.npy,8,LAA,1,1,1.0,147303
438_refined.npy,8,LAA,1,1,1.0,71984
980_refined.npy,8,LAA,1,1,1.0,51153
326_refined.npy,8,LAA,1,1,1.0,50077
269_refined.npy,8,LAA,1,1,1.0,26955
919_refined.npy,8,LAA,1,1,1.0,73089
806_refined.npy,8,LAA,1,1,1.0,84032
450_refined.npy,8,LAA,1,1,1.0,63703
714_refined.npy,8,LAA,1,1,1.0,41062
528_refined.npy,8,LAA,1,1,1.0,58595
427_refined.npy,8,LAA,1,1,1.0,43694
239_refined.npy,8,LAA,1,1,1.0,67566
273_refined.npy,8,LAA,1,1,1.0,43682
658_refined.npy,8,LAA,1,1,1.0,50249
81_refined.npy,8,LAA,1,1,1.0,72535
250_refined.npy,8,LAA,1,1,1.0,37288
39_refined.npy,8,LAA,1,1,1.0,48543
74_refined.npy,8,LAA,1,1,1.0,82267
712_refined.npy,8,LAA,1,1,1.0,87590
366_refined.npy,8,LAA,1,1,1.0,60704
112_refined.npy,8,LAA,1,1,1.0,72432
143_refined.npy,8,LAA,1,1,1.0,39154
177_refined.npy,8,LAA,1,1,1.0,39654
510_refined.npy,8,LAA,1,1,1.0,57876
76_refined.npy,8,LAA,1,1,1.0,42092
882_refined.npy,8,LAA,1,1,1.0,45608
773_refined.npy,8,LAA,1,1,1.0,70688
527_refined.npy,8,LAA,1,1,1.0,6215
204_refined.npy,8,LAA,1,1,1.0,48991
457_refined.npy,8,LAA,1,1,1.0,87193
394_refined.npy,8,LAA,1,1,1.0,77768
227_refined.npy,8,LAA,1,1,1.0,71581
607_refined.npy,8,LAA,1,1,1.0,78777
278_refined.npy,8,LAA,1,1,1.0,53416
753_refined.npy,8,LAA,1,1,1.0,31484
576_refined.npy,8,LAA,1,1,1.0,61373
146_refined.npy,8,LAA,1,1,1.0,62522
755_refined.npy,8,LAA,1,1,1.0,32977
183_refined.npy,8,LAA,1,1,1.0,44734
548_refined.npy,8,LAA,1,1,1.0,42882
186_refined.npy,8,LAA,1,1,1.0,46059
30_refined.npy,8,LAA,1,1,1.0,56246
488_refined.npy,8,LAA,1,1,1.0,49941
900_refined.npy,8,LAA,1,1,1.0,32464
406_refined.npy,8,LAA,1,1,1.0,51444
856_refined.npy,8,LAA,1,1,1.0,61556
952_refined.npy,8,LAA,1,1,1.0,54213
66_refined.npy,8,LAA,1,1,1.0,52882
778_refined.npy,8,LAA,1,1,1.0,63674
760_refined.npy,8,LAA,1,1,1.0,69597
695_refined.npy,8,LAA,1,1,1.0,47440
380_refined.npy,8,LAA,1,1,1.0,112885
953_refined.npy,8,LAA,1,1,1.0,74287
198_refined.npy,8,LAA,1,1,1.0,49997
497_refined.npy,8,LAA,1,1,1.0,43364
526_refined.npy,8,LAA,1,1,1.0,40499
504_refined.npy,8,LAA,1,1,1.0,75464
106_refined.npy,8,LAA,1,1,1.0,67147
506_refined.npy,8,LAA,1,1,1.0,39456
160_refined.npy,8,LAA,1,1,1.0,60017
601_refined.npy,8,LAA,1,1,1.0,45699
48_refined.npy,8,LAA,1,1,1.0,78250
936_refined.npy,8,LAA,1,1,1.0,98032
89_refined.npy,8,LAA,1,1,1.0,56598
147_refined.npy,8,LAA,1,1,1.0,60767
653_refined.npy,8,LAA,1,1,1.0,58984
549_refined.npy,8,LAA,1,1,1.0,53428
22_refined.npy,8,LAA,1,1,1.0,40905
11_refined.npy,8,LAA,1,1,1.0,80608
408_refined.npy,8,LAA,1,1,1.0,81038
888_refined.npy,8,LAA,1,1,1.0,35999
634_refined.npy,8,LAA,1,1,1.0,80686
414_refined.npy,8,LAA,1,1,1.0,23650
849_refined.npy,8,LAA,1,1,1.0,53822
503_refined.npy,8,LAA,1,1,1.0,23981
890_refined.npy,8,LAA,1,1,1.0,34643
997_refined.npy,8,LAA,1,1,1.0,55141
255_refined.npy,8,LAA,1,1,1.0,59882
586_refined.npy,8,LAA,1,1,1.0,73475
899_refined.npy,8,LAA,1,1,1.0,58000
327_refined.npy,8,LAA,1,1,1.0,53189
847_refined.npy,8,LAA,1,1,1.0,69748
161_refined.npy,8,LAA,1,1,1.0,39446
317_refined.npy,8,LAA,1,1,1.0,68710
226_refined.npy,8,LAA,1,1,1.0,89827
853_refined.npy,8,LAA,1,1,1.0,54995
679_refined.npy,8,LAA,1,1,1.0,71891
966_refined.npy,8,LAA,1,1,1.0,51992
42_refined.npy,8,LAA,1,1,1.0,58062
180_refined.npy,8,LAA,1,1,1.0,58690
830_refined.npy,8,LAA,1,1,1.0,60142
397_refined.npy,8,LAA,1,1,1.0,120765
848_refined.npy,8,LAA,1,1,1.0,65943
978_refined.npy,8,LAA,1,1,1.0,72831
837_refined.npy,8,LAA,1,1,1.0,46963
654_refined.npy,8,LAA,1,1,1.0,57991
71_refined.npy,8,LAA,1,1,1.0,52018
92_refined.npy,8,LAA,1,1,1.0,34027
603_refined.npy,8,LAA,1,1,1.0,26887
768_refined.npy,8,LAA,1,1,1.0,32211
429_refined.npy,8,LAA,1,1,1.0,45177
469_refined.npy,8,LAA,1,1,1.0,43264
171_refined.npy,8,LAA,1,1,1.0,40852
902_refined.npy,8,LAA,1,1,1.0,98411
846_refined.npy,8,LAA,1,1,1.0,79029
84_refined.npy,8,LAA,1,1,1.0,82853
203_refined.npy,8,LAA,1,1,1.0,82416
827_refined.npy,8,LAA,1,1,1.0,80831
696_refined.npy,8,LAA,1,1,1.0,79364
864_refined.npy,8,LAA,1,1,1.0,79692
698_refined.npy,8,LAA,1,1,1.0,34026
865_refined.npy,8,LAA,1,1,1.0,37519
569_refined.npy,8,LAA,1,1,1.0,57305
257_refined.npy,8,LAA,1,1,1.0,38891
897_refined.npy,8,LAA,1,1,1.0,40649
193_refined.npy,8,LAA,1,1,1.0,26586
871_refined.npy,8,LAA,1,1,1.0,53696
464_refined.npy,8,LAA,1,1,1.0,66107
771_refined.npy,8,LAA,1,1,1.0,46664
873_refined.npy,8,LAA,1,1,1.0,46352
191_refined.npy,8,LAA,1,1,1.0,39691
181_refined.npy,8,LAA,1,1,1.0,64186
194_refined.npy,8,LAA,1,1,1.0,52463
866_refined.npy,8,LAA,1,1,1.0,24291
736_refined.npy,8,LAA,1,1,1.0,59480
187_refined.npy,8,LAA,1,1,1.0,67029
359_refined.npy,8,LAA,1,1,1.0,47202
63_refined.npy,8,LAA,1,1,1.0,58043
991_refined.npy,8,LAA,1,1,1.0,49383
512_refined.npy,8,LAA,1,1,1.0,41061
588_refined.npy,8,LAA,1,1,1.0,63578
646_refined.npy,8,LAA,1,1,1.0,44476
387_refined.npy,8,LAA,1,1,1.0,29524
511_refined.npy,8,LAA,1,1,1.0,31288
615_refined.npy,8,LAA,1,1,1.0,50229
474_refined.npy,8,LAA,1,1,1.0,33011
795_refined.npy,8,LAA,1,1,1.0,78604
786_refined.npy,8,LAA,1,1,1.0,44307
999_refined.npy,8,LAA,1,1,1.0,56621
214_refined.npy,8,LAA,1,1,1.0,45169
270_refined.npy,8,LAA,1,1,1.0,81642
289_refined.npy,8,LAA,1,1,1.0,67151
717_refined.npy,8,LAA,1,1,1.0,38452
766_refined.npy,8,LAA,1,1,1.0,81060
587_refined.npy,8,LAA,1,1,1.0,51552
905_refined.npy,8,LAA,1,1,1.0,83085
182_refined.npy,8,LAA,1,1,1.0,42421
609_refined.npy,8,LAA,1,1,1.0,32953
913_refined.npy,8,LAA,1,1,1.0,67441
855_refined.npy,8,LAA,1,1,1.0,25538
80_refined.npy,8,LAA,1,1,1.0,38448
377_refined.npy,8,LAA,1,1,1.0,52796
56_refined.npy,8,LAA,1,1,1.0,79295
296_refined.npy,8,LAA,1,1,1.0,40452
382_refined.npy,8,LAA,1,1,1.0,37066
133_refined.npy,8,LAA,1,1,1.0,68015
444_refined.npy,8,LAA,1,1,1.0,48692
799_refined.npy,8,LAA,1,1,1.0,70977
746_refined.npy,8,LAA,1,1,1.0,45322
79_refined.npy,8,LAA,1,1,1.0,66942
236_refined.npy,8,LAA,1,1,1.0,57297
315_refined.npy,8,LAA,1,1,1.0,83726
453_refined.npy,8,LAA,1,1,1.0,59238
554_refined.npy,8,LAA,1,1,1.0,57650
1000_refined.npy,8,LAA,1,1,1.0,74485
977_refined.npy,8,LAA,1,1,1.0,58865
225_refined.npy,8,LAA,1,1,1.0,44725
486_refined.npy,8,LAA,1,1,1.0,67721
251_refined.npy,8,LAA,1,1,1.0,74576
645_refined.npy,8,LAA,1,1,1.0,35404
301_refined.npy,8,LAA,1,1,1.0,38604
374_refined.npy,8,LAA,1,1,1.0,94181
740_refined.npy,8,LAA,1,1,1.0,53217
934_refined.npy,8,LAA,1,1,1.0,50626
237_refined.npy,8,LAA,1,1,1.0,75170
520_refined.npy,8,LAA,1,1,1.0,51563
796_refined.npy,8,LAA,1,1,1.0,72099
487_refined.npy,8,LAA,1,1,1.0,76293
894_refined.npy,8,LAA,1,1,1.0,52523
131_refined.npy,8,LAA,1,1,1.0,50231
499_refined.npy,8,LAA,1,1,1.0,74028
950_refined.npy,8,LAA,1,1,1.0,42817
728_refined.npy,8,LAA,1,1,1.0,77770
641_refined.npy,8,LAA,1,1,1.0,66558
338_refined.npy,8,LAA,1,1,1.0,42870
901_refined.npy,8,LAA,1,1,1.0,105849
546_refined.npy,8,LAA,1,1,1.0,63994
730_refined.npy,8,LAA,1,1,1.0,46441
163_refined.npy,8,LAA,1,1,1.0,32279
9_refined.npy,8,LAA,1,1,1.0,86700
86_refined.npy,8,LAA,1,1,1.0,81077
665_refined.npy,8,LAA,1,1,1.0,30326
710_refined.npy,8,LAA,1,1,1.0,57400
418_refined.npy,8,LAA,1,1,1.0,35492
756_refined.npy,8,LAA,1,1,1.0,61090
734_refined.npy,8,LAA,1,1,1.0,25747
896_refined.npy,8,LAA,1,1,1.0,50779
466_refined.npy,8,LAA,1,1,1.0,25513
908_refined.npy,8,LAA,1,1,1.0,57646
403_refined.npy,8,LAA,1,1,1.0,47985
82_refined.npy,8,LAA,1,1,1.0,60996
947_refined.npy,8,LAA,1,1,1.0,43077
137_refined.npy,8,LAA,1,1,1.0,18923
987_refined.npy,8,LAA,1,1,1.0,65360
384_refined.npy,8,LAA,1,1,1.0,55268
701_refined.npy,8,LAA,1,1,1.0,43496
614_refined.npy,8,LAA,1,1,1.0,41570
968_refined.npy,8,LAA,1,1,1.0,47193
986_refined.npy,8,LAA,1,1,1.0,59490
391_refined.npy,8,LAA,1,1,1.0,65049
400_refined.npy,8,LAA,1,1,1.0,37662
801_refined.npy,8,LAA,1,1,1.0,39059
477_refined.npy,8,LAA,1,1,1.0,19301
119_refined.npy,8,LAA,1,1,1.0,54641
341_refined.npy,8,LAA,1,1,1.0,55474
247_refined.npy,8,LAA,1,1,1.0,37195
211_refined.npy,8,LAA,1,1,1.0,73579
216_refined.npy,8,LAA,1,1,1.0,65437
536_refined.npy,8,LAA,1,1,1.0,63118
426_refined.npy,8,LAA,1,1,1.0,64974
604_refined.npy,8,LAA,1,1,1.0,38694
353_refined.npy,8,LAA,1,1,1.0,92420
21_refined.npy,8,LAA,1,1,1.0,71058
983_refined.npy,8,LAA,1,1,1.0,62850
779_refined.npy,8,LAA,1,1,1.0,43040
283_refined.npy,8,LAA,1,1,1.0,72539
842_refined.npy,8,LAA,1,1,1.0,56795
924_refined.npy,8,LAA,1,1,1.0,78359
124_refined.npy,8,LAA,1,1,1.0,95329
501_refined.npy,8,LAA,1,1,1.0,69886
929_refined.npy,8,LAA,1,1,1.0,31640
752_refined.npy,8,LAA,1,1,1.0,50849
19_refined.npy,8,LAA,1,1,1.0,46646
223_refined.npy,8,LAA,1,1,1.0,88880
938_refined.npy,8,LAA,1,1,1.0,45748
677_refined.npy,8,LAA,1,1,1.0,67867
861_refined.npy,8,LAA,1,1,1.0,21598
52_refined.npy,8,LAA,1,1,1.0,66183
235_refined.npy,8,LAA,1,1,1.0,49292
813_refined.npy,8,LAA,1,1,1.0,47489
867_refined.npy,8,LAA,1,1,1.0,41135
774_refined.npy,8,LAA,1,1,1.0,60958
277_refined.npy,8,LAA,1,1,1.0,37530
720_refined.npy,8,LAA,1,1,1.0,49841
149_refined.npy,8,LAA,1,1,1.0,34877
103_refined.npy,8,LAA,1,1,1.0,39158
396_refined.npy,8,LAA,1,1,1.0,128778
642_refined.npy,8,LAA,1,1,1.0,61669
468_refined.npy,8,LAA,1,1,1.0,60222
680_refined.npy,8,LAA,1,1,1.0,98926
105_refined.npy,8,LAA,1,1,1.0,100135
508_refined.npy,8,LAA,1,1,1.0,39369
24_refined.npy,8,LAA,1,1,1.0,106913
992_refined.npy,8,LAA,1,1,1.0,53728
942_refined.npy,8,LAA,1,1,1.0,61898
87_refined.npy,8,LAA,1,1,1.0,49673
185_refined.npy,8,LAA,1,1,1.0,51958
127_refined.npy,8,LAA,1,1,1.0,38656
375_refined.npy,8,LAA,1,1,1.0,42063
781_refined.npy,8,LAA,1,1,1.0,65739
916_refined.npy,8,LAA,1,1,1.0,34424
7_refined.npy,8,LAA,1,1,1.0,57842
491_refined.npy,8,LAA,1,1,1.0,87648
551_refined.npy,8,LAA,1,1,1.0,70907
975_refined.npy,8,LAA,1,1,1.0,55962
971_refined.npy,8,LAA,1,1,1.0,79252
672_refined.npy,8,LAA,1,1,1.0,44998
892_refined.npy,8,LAA,1,1,1.0,27856
493_refined.npy,8,LAA,1,1,1.0,50600
502_refined.npy,8,LAA,1,1,1.0,75304
878_refined.npy,8,LAA,1,1,1.0,89566
178_refined.npy,8,LAA,1,1,1.0,63687
360_refined.npy,8,LAA,1,1,1.0,77500
207_refined.npy,8,LAA,1,1,1.0,38516
5_refined.npy,8,LAA,1,1,1.0,42581
656_refined.npy,8,LAA,1,1,1.0,43951
874_refined.npy,8,LAA,1,1,1.0,61034
791_refined.npy,8,LAA,1,1,1.0,58672
421_refined.npy,8,LAA,1,1,1.0,47815
154_refined.npy,8,LAA,1,1,1.0,48994
770_refined.npy,8,LAA,1,1,1.0,44793
195_refined.npy,8,LAA,1,1,1.0,75966
750_refined.npy,8,LAA,1,1,1.0,68854
324_refined.npy,8,LAA,1,1,1.0,37499
895_refined.npy,8,LAA,1,1,1.0,67202
794_refined.npy,8,LAA,1,1,1.0,73470
904_refined.npy,8,LAA,1,1,1.0,27711
337_refined.npy,8,LAA,1,1,1.0,53021
522_refined.npy,8,LAA,1,1,1.0,55935
964_refined.npy,8,LAA,1,1,1.0,61846
363_refined.npy,8,LAA,1,1,1.0,48079
951_refined.npy,8,LAA,1,1,1.0,45467
75_refined.npy,8,LAA,1,1,1.0,11355
12_refined.npy,8,LAA,1,1,1.0,62829
260_refined.npy,8,LAA,1,1,1.0,48476
378_refined.npy,8,LAA,1,1,1.0,34862
803_refined.npy,8,LAA,1,1,1.0,38584
201_refined.npy,8,LAA,1,1,1.0,53628
788_refined.npy,8,LAA,1,1,1.0,67732
727_refined.npy,8,LAA,1,1,1.0,52962
911_refined.npy,8,LAA,1,1,1.0,26111
649_refined.npy,8,LAA,1,1,1.0,48923
460_refined.npy,8,LAA,1,1,1.0,62358
624_refined.npy,8,LAA,1,1,1.0,51120
62_refined.npy,8,LAA,1,1,1.0,59334
311_refined.npy,8,LAA,1,1,1.0,47987
909_refined.npy,8,LAA,1,1,1.0,61534
298_refined.npy,8,LAA,1,1,1.0,68937
167_refined.npy,8,LAA,1,1,1.0,77544
293_refined.npy,8,LAA,1,1,1.0,23151
342_refined.npy,8,LAA,1,1,1.0,71357
213_refined.npy,8,LAA,1,1,1.0,38612
169_refined.npy,8,LAA,1,1,1.0,43064
69_refined.npy,8,LAA,1,1,1.0,39757
559_refined.npy,8,LAA,1,1,1.0,46088
748_refined.npy,8,LAA,1,1,1.0,65201
815_refined.npy,8,LAA,1,1,1.0,82278
202_refined.npy,8,LAA,1,1,1.0,100160
560_refined.npy,8,LAA,1,1,1.0,65973
666_refined.npy,8,LAA,1,1,1.0,35515
271_refined.npy,8,LAA,1,1,1.0,51252
632_refined.npy,8,LAA,1,1,1.0,105831
229_refined.npy,8,LAA,1,1,1.0,87219
685_refined.npy,8,LAA,1,1,1.0,36669
660_refined.npy,8,LAA,1,1,1.0,53517
78_refined.npy,8,LAA,1,1,1.0,49046
529_refined.npy,8,LAA,1,1,1.0,62543
108_refined.npy,8,LAA,1,1,1.0,54691
222_refined.npy,8,LAA,1,1,1.0,71941
392_refined.npy,8,LAA,1,1,1.0,73288
100_refined.npy,8,LAA,1,1,1.0,103200
989_refined.npy,8,LAA,1,1,1.0,73673
49_refined.npy,8,LAA,1,1,1.0,44893
937_refined.npy,8,LAA,1,1,1.0,38587
395_refined.npy,8,LAA,1,1,1.0,87609
859_refined.npy,8,LAA,1,1,1.0,75423
707_refined.npy,8,LAA,1,1,1.0,90857
713_refined.npy,8,LAA,1,1,1.0,48213
475_refined.npy,8,LAA,1,1,1.0,53301
233_refined.npy,8,LAA,1,1,1.0,45279
472_refined.npy,8,LAA,1,1,1.0,90260
34_refined.npy,8,LAA,1,1,1.0,106002
777_refined.npy,8,LAA,1,1,1.0,60610
268_refined.npy,8,LAA,1,1,1.0,40362
492_refined.npy,8,LAA,1,1,1.0,27006
388_refined.npy,8,LAA,1,1,1.0,54655
860_refined.npy,8,LAA,1,1,1.0,36452
389_refined.npy,8,LAA,1,1,1.0,56614
749_refined.npy,8,LAA,1,1,1.0,63301
918_refined.npy,8,LAA,1,1,1.0,74029
945_refined.npy,8,LAA,1,1,1.0,56282
948_refined.npy,8,LAA,1,1,1.0,23533
451_refined.npy,8,LAA,1,1,1.0,69828
390_refined.npy,8,LAA,1,1,1.0,50414
329_refined.npy,8,LAA,1,1,1.0,64941
764_refined.npy,8,LAA,1,1,1.0,61662
519_refined.npy,8,LAA,1,1,1.0,74306
85_refined.npy,8,LAA,1,1,1.0,69884
372_refined.npy,8,LAA,1,1,1.0,39990
643_refined.npy,8,LAA,1,1,1.0,63259
471_refined.npy,8,LAA,1,1,1.0,50534
35_refined.npy,8,LAA,1,1,1.0,43179
303_refined.npy,8,LAA,1,1,1.0,88808
114_refined.npy,8,LAA,1,1,1.0,78833
759_refined.npy,8,LAA,1,1,1.0,50368
490_refined.npy,8,LAA,1,1,1.0,58906
494_refined.npy,8,LAA,1,1,1.0,49407
370_refined.npy,8,LAA,1,1,1.0,69812
373_refined.npy,8,LAA,1,1,1.0,92058
762_refined.npy,8,LAA,1,1,1.0,53945
792_refined.npy,8,LAA,1,1,1.0,59887
620_refined.npy,8,LAA,1,1,1.0,50459
57_refined.npy,8,LAA,1,1,1.0,61678
452_refined.npy,8,LAA,1,1,1.0,65752
851_refined.npy,8,LAA,1,1,1.0,37576
61_refined.npy,8,LAA,1,1,1.0,37278
134_refined.npy,8,LAA,1,1,1.0,90204
557_refined.npy,8,LAA,1,1,1.0,42079
381_refined.npy,8,LAA,1,1,1.0,25977
761_refined.npy,8,LAA,1,1,1.0,84464
651_refined.npy,8,LAA,1,1,1.0,43854
465_refined.npy,8,LAA,1,1,1.0,77488
282_refined.npy,8,LAA,1,1,1.0,55168
275_refined.npy,8,LAA,1,1,1.0,54471
115_refined.npy,8,LAA,1,1,1.0,72119
264_refined.npy,8,LAA,1,1,1.0,115326
644_refined.npy,8,LAA,1,1,1.0,68620
566_refined.npy,8,LAA,1,1,1.0,25439
206_refined.npy,8,LAA,1,1,1.0,47266
259_refined.npy,8,LAA,1,1,1.0,53320
111_refined.npy,8,LAA,1,1,1.0,85984
121_refined.npy,8,LAA,1,1,1.0,58954
514_refined.npy,8,LAA,1,1,1.0,57867
4_refined.npy,8,LAA,1,1,1.0,41053
428_refined.npy,8,LAA,1,1,1.0,25064
354_refined.npy,8,LAA,1,1,1.0,70085
120_refined.npy,8,LAA,1,1,1.0,45515
825_refined.npy,8,LAA,1,1,1.0,71516
595_refined.npy,8,LAA,1,1,1.0,37320
433_refined.npy,8,LAA,1,1,1.0,98271
362_refined.npy,8,LAA,1,1,1.0,68510
590_refined.npy,8,LAA,1,1,1.0,65655
613_refined.npy,8,LAA,1,1,1.0,43036
470_refined.npy,8,LAA,1,1,1.0,27395
923_refined.npy,8,LAA,1,1,1.0,30257
242_refined.npy,8,LAA,1,1,1.0,35031
352_refined.npy,8,LAA,1,1,1.0,32566
517_refined.npy,8,LAA,1,1,1.0,54497
416_refined.npy,8,LAA,1,1,1.0,58244
330_refined.npy,8,LAA,1,1,1.0,51218
928_refined.npy,8,LAA,1,1,1.0,106727
58_refined.npy,8,LAA,1,1,1.0,53094
955_refined.npy,8,LAA,1,1,1.0,52294
139_refined.npy,8,LAA,1,1,1.0,54755
405_refined.npy,8,LAA,1,1,1.0,68617
46_refined.npy,8,LAA,1,1,1.0,11335
254_refined.npy,8,LAA,1,1,1.0,51892
700_refined.npy,8,LAA,1,1,1.0,46042
258_refined.npy,8,LAA,1,1,1.0,30977
671_refined.npy,8,LAA,1,1,1.0,66703
507_refined.npy,8,LAA,1,1,1.0,53143
943_refined.npy,8,LAA,1,1,1.0,24521
553_refined.npy,8,LAA,1,1,1.0,36278
932_refined.npy,8,LAA,1,1,1.0,74516
417_refined.npy,8,LAA,1,1,1.0,72248
640_refined.npy,8,LAA,1,1,1.0,46396
612_refined.npy,8,LAA,1,1,1.0,78900
358_refined.npy,8,LAA,1,1,1.0,49418
478_refined.npy,8,LAA,1,1,1.0,65758
626_refined.npy,8,LAA,1,1,1.0,30891
821_refined.npy,8,LAA,1,1,1.0,130861
165_refined.npy,8,LAA,1,1,1.0,25445
833_refined.npy,8,LAA,1,1,1.0,93932
308_refined.npy,8,LAA,1,1,1.0,54390
461_refined.npy,8,LAA,1,1,1.0,35132
818_refined.npy,8,LAA,1,1,1.0,43287
434_refined.npy,8,LAA,1,1,1.0,38009
757_refined.npy,8,LAA,1,1,1.0,34700
305_refined.npy,8,LAA,1,1,1.0,44193
420_refined.npy,8,LAA,1,1,1.0,61530
118_refined.npy,8,LAA,1,1,1.0,48634
636_refined.npy,8,LAA,1,1,1.0,48278
563_refined.npy,8,LAA,1,1,1.0,18134
599_refined.npy,8,LAA,1,1,1.0,43318
745_refined.npy,8,LAA,1,1,1.0,43737
240_refined.npy,8,LAA,1,1,1.0,127401
505_refined.npy,8,LAA,1,1,1.0,83023
893_refined.npy,8,LAA,1,1,1.0,75427
944_refined.npy,8,LAA,1,1,1.0,42335
726_refined.npy,8,LAA,1,1,1.0,31655
616_refined.npy,8,LAA,1,1,1.0,44468
402_refined.npy,8,LAA,1,1,1.0,36185
447_refined.npy,8,LAA,1,1,1.0,109712
776_refined.npy,8,LAA,1,1,1.0,45381
83_refined.npy,8,LAA,1,1,1.0,49399
998_refined.npy,8,LAA,1,1,1.0,84768
351_refined.npy,8,LAA,1,1,1.0,65316
323_refined.npy,8,LAA,1,1,1.0,68720
828_refined.npy,8,LAA,1,1,1.0,58417
304_refined.npy,8,LAA,1,1,1.0,42349
820_refined.npy,8,LAA,1,1,1.0,42118
561_refined.npy,8,LAA,1,1,1.0,39982
564_refined.npy,8,LAA,1,1,1.0,43389
409_refined.npy,8,LAA,1,1,1.0,66335
638_refined.npy,8,LAA,1,1,1.0,61870
543_refined.npy,8,LAA,1,1,1.0,45490
635_refined.npy,8,LAA,1,1,1.0,64420
467_refined.npy,8,LAA,1,1,1.0,43613
857_refined.npy,8,LAA,1,1,1.0,52463
593_refined.npy,8,LAA,1,1,1.0,55812
435_refined.npy,8,LAA,1,1,1.0,68608
272_refined.npy,8,LAA,1,1,1.0,49275
144_refined.npy,8,LAA,1,1,1.0,42469
690_refined.npy,8,LAA,1,1,1.0,79846
336_refined.npy,8,LAA,1,1,1.0,61346
93_refined.npy,8,LAA,1,1,1.0,33685
332_refined.npy,8,LAA,1,1,1.0,40967
376_refined.npy,8,LAA,1,1,1.0,32205
101_refined.npy,8,LAA,1,1,1.0,34832
331_refined.npy,8,LAA,1,1,1.0,84740
176_refined.npy,8,LAA,1,1,1.0,35442
854_refined.npy,8,LAA,1,1,1.0,57349
436_refined.npy,8,LAA,1,1,1.0,62438
162_refined.npy,8,LAA,1,1,1.0,75200
174_refined.npy,8,LAA,1,1,1.0,71714
631_refined.npy,8,LAA,1,1,1.0,36840
834_refined.npy,8,LAA,1,1,1.0,45100
747_refined.npy,8,LAA,1,1,1.0,37011
725_refined.npy,8,LAA,1,1,1.0,77673
170_refined.npy,8,LAA,1,1,1.0,39841
840_refined.npy,8,LAA,1,1,1.0,51180
138_refined.npy,8,LAA,1,1,1.0,63358
625_refined.npy,8,LAA,1,1,1.0,71214
385_refined.npy,8,LAA,1,1,1.0,40094
88_refined.npy,8,LAA,1,1,1.0,37412
805_refined.npy,8,LAA,1,1,1.0,49397
449_refined.npy,8,LAA,1,1,1.0,32229
28_refined.npy,8,LAA,1,1,1.0,58652
939_refined.npy,8,LAA,1,1,1.0,81418
881_refined.npy,8,LAA,1,1,1.0,106777
344_refined.npy,8,LAA,1,1,1.0,35691
699_refined.npy,8,LAA,1,1,1.0,61364
295_refined.npy,8,LAA,1,1,1.0,64306
702_refined.npy,8,LAA,1,1,1.0,55218
166_refined.npy,8,LAA,1,1,1.0,67685
958_refined.npy,8,LAA,1,1,1.0,30411
349_refined.npy,8,LAA,1,1,1.0,45117
960_refined.npy,8,LAA,1,1,1.0,39197
485_refined.npy,8,LAA,1,1,1.0,49387
509_refined.npy,8,LAA,1,1,1.0,53296
102_refined.npy,8,LAA,1,1,1.0,45535
538_refined.npy,8,LAA,1,1,1.0,79792
676_refined.npy,8,LAA,1,1,1.0,56346
684_refined.npy,8,LAA,1,1,1.0,25680
280_refined.npy,8,LAA,1,1,1.0,50164
150_refined.npy,8,LAA,1,1,1.0,47370
18_refined.npy,8,LAA,1,1,1.0,117372
814_refined.npy,8,LAA,1,1,1.0,44401
829_refined.npy,8,LAA,1,1,1.0,31554
933_refined.npy,8,LAA,1,1,1.0,58820
782_refined.npy,8,LAA,1,1,1.0,53731
621_refined.npy,8,LAA,1,1,1.0,41207
686_refined.npy,8,LAA,1,1,1.0,47012
785_refined.npy,8,LAA,1,1,1.0,55974
348_refined.npy,8,LAA,1,1,1.0,13812
77_refined.npy,8,LAA,1,1,1.0,69624
23_refined.npy,8,LAA,1,1,1.0,52079
797_refined.npy,8,LAA,1,1,1.0,85450
215_refined.npy,8,LAA,1,1,1.0,43440
622_refined.npy,8,LAA,1,1,1.0,81190
691_refined.npy,8,LAA,1,1,1.0,74875
67_refined.npy,8,LAA,1,1,1.0,39494
113_refined.npy,8,LAA,1,1,1.0,29475
313_refined.npy,8,LAA,1,1,1.0,51168
70_refined.npy,8,LAA,1,1,1.0,77081
956_refined.npy,8,LAA,1,1,1.0,33006
440_refined.npy,8,LAA,1,1,1.0,51284
852_refined.npy,8,LAA,1,1,1.0,56210
970_refined.npy,8,LAA,1,1,1.0,103593
25_refined.npy,8,LAA,1,1,1.0,42107
875_refined.npy,8,LAA,1,1,1.0,79710
68_refined.npy,8,LAA,1,1,1.0,63257
192_refined.npy,8,LAA,1,1,1.0,71154
8_refined.npy,8,LAA,1,1,1.0,65648
683_refined.npy,8,LAA,1,1,1.0,41478
531_refined.npy,8,LAA,1,1,1.0,55773
540_refined.npy,8,LAA,1,1,1.0,70586
870_refined.npy,8,LAA,1,1,1.0,50072
27_refined.npy,8,LAA,1,1,1.0,40642
190_refined.npy,8,LAA,1,1,1.0,64083
371_refined.npy,8,LAA,1,1,1.0,55519
880_refined.npy,8,LAA,1,1,1.0,49118
179_refined.npy,8,LAA,1,1,1.0,63108
367_refined.npy,8,LAA,1,1,1.0,73200
743_refined.npy,8,LAA,1,1,1.0,77179
931_refined.npy,8,LAA,1,1,1.0,28968
29_refined.npy,8,LAA,1,1,1.0,65411
142_refined.npy,8,LAA,1,1,1.0,17521
883_refined.npy,8,LAA,1,1,1.0,26648
724_refined.npy,8,LAA,1,1,1.0,57106
927_refined.npy,8,LAA,1,1,1.0,62469
552_refined.npy,9,Coronary,2,2,0.8193072402150806,15994
602_refined.npy,9,Coronary,2,2,0.8654776299879081,13232
31_refined.npy,9,Coronary,2,2,0.7556747650292605,22556
462_refined.npy,9,Coronary,1,1,1.0,20720
321_refined.npy,9,Coronary,2,1,0.9781359808132076,17929
816_refined.npy,9,Coronary,1,1,1.0,23991
26_refined.npy,9,Coronary,2,2,0.9121762908155059,18651
555_refined.npy,9,Coronary,1,1,1.0,18540
808_refined.npy,9,Coronary,2,2,0.7948773605383113,4607
130_refined.npy,9,Coronary,2,1,0.9630035026269702,13704
96_refined.npy,9,Coronary,2,2,0.607258681631017,27443
281_refined.npy,9,Coronary,2,1,0.9627103228740337,24189
45_refined.npy,9,Coronary,2,2,0.7842260153031195,16990
706_refined.npy,9,Coronary,2,1,0.9758995016044241,29294
758_refined.npy,9,Coronary,2,2,0.8530682437817205,23841
639_refined.npy,9,Coronary,2,1,0.9687826600627073,22007
972_refined.npy,9,Coronary,2,1,0.954485049833887,15050
910_refined.npy,9,Coronary,2,2,0.8937402334773417,10879
610_refined.npy,9,Coronary,2,2,0.8315412186379928,29016
3_refined.npy,9,Coronary,1,1,1.0,15271
208_refined.npy,9,Coronary,2,2,0.6193134031653796,13079
605_refined.npy,9,Coronary,1,1,1.0,11171
481_refined.npy,9,Coronary,1,1,1.0,16191
594_refined.npy,9,Coronary,2,2,0.9054658479266167,13191
17_refined.npy,9,Coronary,2,1,0.98384083691388,10706
637_refined.npy,9,Coronary,2,1,0.9872265004278206,32724
482_refined.npy,9,Coronary,2,2,0.6306163673090571,18317
456_refined.npy,9,Coronary,2,2,0.8827228266294042,20038
59_refined.npy,9,Coronary,2,2,0.8548100816471423,22536
128_refined.npy,9,Coronary,2,2,0.6129619101762365,17590
811_refined.npy,9,Coronary,2,1,0.9790794979079498,29636
299_refined.npy,9,Coronary,2,1,0.9676341479394615,15263
982_refined.npy,9,Coronary,2,2,0.8021647624774504,8315
334_refined.npy,9,Coronary,2,1,0.986377129844252,24591
10_refined.npy,9,Coronary,1,1,1.0,18914
322_refined.npy,9,Coronary,2,2,0.9420347924805502,29949
819_refined.npy,9,Coronary,2,2,0.5229063233938818,33637
266_refined.npy,9,Coronary,2,1,0.9870310668229777,27296
669_refined.npy,9,Coronary,1,1,1.0,17388
476_refined.npy,9,Coronary,2,2,0.8430075593952484,14816
419_refined.npy,9,Coronary,2,2,0.8203459568393652,23818
822_refined.npy,9,Coronary,2,1,0.9600418695671961,21973
489_refined.npy,9,Coronary,2,2,0.854334882962238,12261
267_refined.npy,9,Coronary,2,1,0.9831768953068593,13850
617_refined.npy,9,Coronary,1,1,1.0,20242
125_refined.npy,9,Coronary,2,2,0.9307432432432432,13024
868_refined.npy,9,Coronary,1,1,1.0,14562
662_refined.npy,9,Coronary,2,1,0.9623455579525397,10198
393_refined.npy,9,Coronary,2,1,0.9801693643477328,18658
437_refined.npy,9,Coronary,2,2,0.9081319417313166,17917
404_refined.npy,9,Coronary,2,2,0.7734801430453604,10626
922_refined.npy,9,Coronary,2,1,0.9788749692950135,16284
319_refined.npy,9,Coronary,2,2,0.89821083172147,16544
735_refined.npy,9,Coronary,1,1,1.0,16962
678_refined.npy,9,Coronary,2,2,0.8827175352027922,16618
596_refined.npy,9,Coronary,2,2,0.8365253522041161,15403
249_refined.npy,9,Coronary,1,1,1.0,28212
244_refined.npy,9,Coronary,2,2,0.8899183763512023,9066
123_refined.npy,9,Coronary,2,2,0.9049465877389944,14697
44_refined.npy,9,Coronary,2,2,0.589899356242633,33087
407_refined.npy,9,Coronary,2,1,0.9726565190440113,14519
844_refined.npy,9,Coronary,2,1,0.9579967689822294,8666
930_refined.npy,9,Coronary,1,1,1.0,25325
657_refined.npy,9,Coronary,2,2,0.9324668435013262,18850
689_refined.npy,9,Coronary,1,1,1.0,19780
415_refined.npy,9,Coronary,2,1,0.9722959771554531,19961
694_refined.npy,9,Coronary,2,1,0.9594148770619358,16065
99_refined.npy,9,Coronary,2,2,0.824128545087365,11389
135_refined.npy,9,Coronary,2,2,0.9163946886037466,22367
525_refined.npy,9,Coronary,2,1,0.9799421009098428,9672
530_refined.npy,9,Coronary,1,1,1.0,17833
985_refined.npy,9,Coronary,1,1,1.0,13523
339_refined.npy,9,Coronary,2,2,0.8818269572727735,19683
667_refined.npy,9,Coronary,2,2,0.9296271288168655,13329
148_refined.npy,9,Coronary,2,2,0.9458880850435553,13546
584_refined.npy,9,Coronary,2,2,0.8293055800552713,17007
212_refined.npy,9,Coronary,2,2,0.9438058748403576,13311
515_refined.npy,9,Coronary,2,2,0.929733829816577,14502
38_refined.npy,9,Coronary,2,2,0.8855070983556327,9791
335_refined.npy,9,Coronary,2,2,0.9426447379350444,24078
262_refined.npy,9,Coronary,2,2,0.9292964957189513,11329
682_refined.npy,9,Coronary,2,2,0.7572502087392151,17965
688_refined.npy,9,Coronary,2,2,0.66973677832178,41258
633_refined.npy,9,Coronary,1,1,1.0,15233
889_refined.npy,9,Coronary,2,2,0.932196844312038,18126
862_refined.npy,9,Coronary,2,2,0.5836899193949646,20098
37_refined.npy,9,Coronary,2,1,0.9668636218460556,12524
189_refined.npy,9,Coronary,2,2,0.8885791339656374,33001
887_refined.npy,9,Coronary,2,2,0.9410795672944924,18211
841_refined.npy,9,Coronary,2,2,0.6919038243541554,16761
623_refined.npy,9,Coronary,2,1,0.9890051895505322,11369
431_refined.npy,9,Coronary,2,2,0.9461881408827463,22430
917_refined.npy,9,Coronary,2,2,0.9123959482499248,19942
716_refined.npy,9,Coronary,2,1,0.9551509599603039,26199
545_refined.npy,9,Coronary,2,2,0.8943723702664796,22816
627_refined.npy,9,Coronary,2,2,0.7575537964098562,17938
122_refined.npy,9,Coronary,2,2,0.7595957011258956,7816
265_refined.npy,9,Coronary,2,2,0.9486801977074351,9509
484_refined.npy,9,Coronary,2,2,0.7662038197403379,19949
824_refined.npy,9,Coronary,1,1,1.0,14900
350_refined.npy,9,Coronary,1,1,1.0,15520
598_refined.npy,9,Coronary,2,2,0.9364174851915723,13337
652_refined.npy,9,Coronary,2,2,0.7651317878691648,15745
72_refined.npy,9,Coronary,2,2,0.9290636400486421,24670
581_refined.npy,9,Coronary,2,1,0.9841830065359477,15300
132_refined.npy,9,Coronary,2,1,0.9824525327301391,14589
789_refined.npy,9,Coronary,1,1,1.0,21017
835_refined.npy,9,Coronary,2,1,0.9706635452483723,13669
14_refined.npy,9,Coronary,2,2,0.6000060960741282,32808
129_refined.npy,9,Coronary,2,2,0.5597073086248701,23096
976_refined.npy,9,Coronary,2,1,0.9865556216537775,16810
279_refined.npy,9,Coronary,2,1,0.9866196147625349,13602
64_refined.npy,9,Coronary,2,1,0.9564465697995218,27185
674_refined.npy,9,Coronary,2,2,0.8315254237288136,14750
524_refined.npy,9,Coronary,2,1,0.9744493392070485,6810
364_refined.npy,9,Coronary,2,1,0.9846532333645736,17072
732_refined.npy,9,Coronary,2,2,0.6011650889420577,9613
40_refined.npy,9,Coronary,2,2,0.9265002136621696,16381
567_refined.npy,9,Coronary,2,2,0.8513071895424836,15300
547_refined.npy,9,Coronary,2,1,0.9668242010200739,21371
903_refined.npy,9,Coronary,2,2,0.9494413288240079,23359
219_refined.npy,9,Coronary,2,1,0.9808207435979857,9333
845_refined.npy,9,Coronary,2,1,0.9832277301528141,18781
200_refined.npy,9,Coronary,2,2,0.946047678795483,11158
104_refined.npy,9,Coronary,1,1,1.0,12115
333_refined.npy,9,Coronary,2,1,0.9510425557858798,16402
765_refined.npy,9,Coronary,1,1,1.0,15762
898_refined.npy,9,Coronary,2,2,0.9106190298970351,16122
287_refined.npy,9,Coronary,2,1,0.9770623537788627,19662
533_refined.npy,9,Coronary,2,2,0.7067553735926305,11724
234_refined.npy,9,Coronary,2,2,0.9170827002387671,13821
168_refined.npy,9,Coronary,2,2,0.9367180563403019,12389
954_refined.npy,9,Coronary,2,1,0.95613788675308,24919
784_refined.npy,9,Coronary,2,2,0.6367342597844583,28208
291_refined.npy,9,Coronary,2,2,0.7692014795474326,18384
863_refined.npy,9,Coronary,1,1,1.0,12038
673_refined.npy,9,Coronary,1,1,1.0,9343
823_refined.npy,9,Coronary,2,1,0.97637582441345,18498
399_refined.npy,9,Coronary,2,2,0.935582154515778,22975
155_refined.npy,9,Coronary,1,1,1.0,13790
731_refined.npy,9,Coronary,1,1,1.0,24960
775_refined.npy,9,Coronary,2,2,0.5541286149162862,21024
246_refined.npy,9,Coronary,2,2,0.9128692392217698,15471
979_refined.npy,9,Coronary,2,1,0.9618698285421821,23446
368_refined.npy,9,Coronary,2,1,0.9641584942169841,22739
592_refined.npy,9,Coronary,2,2,0.8772750125691302,19890
583_refined.npy,9,Coronary,1,1,1.0,17903
458_refined.npy,9,Coronary,2,2,0.7914596949891067,11475
722_refined.npy,9,Coronary,2,1,0.9542256075444323,13785
210_refined.npy,9,Coronary,2,2,0.710277464295443,25697
783_refined.npy,9,Coronary,2,2,0.7884078212290503,25776
580_refined.npy,9,Coronary,2,2,0.9286542272744269,26743
534_refined.npy,9,Coronary,2,2,0.7058938234290449,20513
410_refined.npy,9,Coronary,2,2,0.6629201162344427,18239
357_refined.npy,9,Coronary,2,2,0.9334768812330009,17648
920_refined.npy,9,Coronary,2,1,0.9635835416525911,14801
935_refined.npy,9,Coronary,2,1,0.9653101377239308,9657
231_refined.npy,9,Coronary,2,2,0.7531718569780853,20808
98_refined.npy,9,Coronary,1,1,1.0,28116
153_refined.npy,9,Coronary,2,2,0.8466920625048588,12863
107_refined.npy,9,Coronary,1,1,1.0,13110
228_refined.npy,9,Coronary,2,2,0.9297391304347826,20125
589_refined.npy,9,Coronary,2,1,0.9818955698099634,16681
205_refined.npy,9,Coronary,2,2,0.5985723863233032,25357
175_refined.npy,9,Coronary,2,1,0.9666386023994948,19004
542_refined.npy,9,Coronary,2,2,0.6695474452554745,17125
343_refined.npy,9,Coronary,2,2,0.6854888139748697,13052
217_refined.npy,9,Coronary,2,2,0.5013908205841446,24446
284_refined.npy,9,Coronary,1,1,1.0,25552
224_refined.npy,9,Coronary,2,2,0.9363903586125808,17010
832_refined.npy,9,Coronary,2,2,0.7662564570039502,13164
398_refined.npy,9,Coronary,2,1,0.9752681499867033,22562
245_refined.npy,9,Coronary,1,1,1.0,21379
687_refined.npy,9,Coronary,2,2,0.8961522965350524,19856
386_refined.npy,9,Coronary,2,2,0.708895927098961,17997
241_refined.npy,9,Coronary,2,2,0.7261549559001934,30499
763_refined.npy,9,Coronary,2,2,0.8501857480580884,14805
912_refined.npy,9,Coronary,2,1,0.9892084232631395,17143
891_refined.npy,9,Coronary,1,1,1.0,14809
618_refined.npy,9,Coronary,2,1,0.9777727246887613,17591
535_refined.npy,9,Coronary,2,1,0.983817123962738,31453
263_refined.npy,9,Coronary,2,1,0.9751849035736504,14467
869_refined.npy,9,Coronary,2,1,0.979826175220453,15763
446_refined.npy,9,Coronary,2,2,0.9418038111736683,18472
544_refined.npy,9,Coronary,2,1,0.9513674397708766,17807
659_refined.npy,9,Coronary,2,2,0.8250416127242464,16221
550_refined.npy,9,Coronary,2,2,0.8786015460295151,5692
54_refined.npy,9,Coronary,2,1,0.9803584581389639,12219
365_refined.npy,9,Coronary,2,2,0.8596409780253791,19386
252_refined.npy,9,Coronary,2,2,0.9059082165430064,18195
591_refined.npy,9,Coronary,1,1,1.0,15894
804_refined.npy,9,Coronary,2,1,0.9623611179090598,20431
297_refined.npy,9,Coronary,2,2,0.833107803337844,13302
812_refined.npy,9,Coronary,2,2,0.6223526044647968,20964
16_refined.npy,9,Coronary,2,2,0.5978911201943012,16881
941_refined.npy,9,Coronary,2,1,0.986224795368337,10018
994_refined.npy,9,Coronary,2,2,0.6318741664705421,25494
850_refined.npy,9,Coronary,2,2,0.8935386675594241,5974
463_refined.npy,9,Coronary,2,2,0.9188163884673748,14498
422_refined.npy,9,Coronary,2,1,0.9599162067437457,24823
670_refined.npy,9,Coronary,2,2,0.7903502326720548,12249
136_refined.npy,9,Coronary,2,2,0.9354463506833381,17195
292_refined.npy,9,Coronary,2,2,0.8573423023226298,7879
43_refined.npy,9,Coronary,2,2,0.9387887334680032,26237
886_refined.npy,9,Coronary,2,2,0.9443865466603505,10555
973_refined.npy,9,Coronary,2,2,0.7965990843688685,19877
256_refined.npy,9,Coronary,2,2,0.5671159573931042,39618
290_refined.npy,9,Coronary,2,1,0.9792473511143588,13685
172_refined.npy,9,Coronary,2,2,0.8977106051909954,15681
425_refined.npy,9,Coronary,2,2,0.5381978452497551,22462
513_refined.npy,9,Coronary,2,1,0.962276583477473,12141
47_refined.npy,9,Coronary,2,2,0.8612480160387603,11971
858_refined.npy,9,Coronary,2,2,0.6056371387967788,8444
442_refined.npy,9,Coronary,2,1,0.9621487911882759,21426
562_refined.npy,9,Coronary,2,1,0.987135308982311,13059
312_refined.npy,9,Coronary,1,1,1.0,22342
15_refined.npy,9,Coronary,2,1,0.9730642646804089,23092
443_refined.npy,9,Coronary,2,1,0.9880822325950939,30207
232_refined.npy,9,Coronary,2,2,0.7876445137953046,28198
261_refined.npy,9,Coronary,2,2,0.9237803371064208,20231
709_refined.npy,9,Coronary,2,2,0.6992031872509961,21084
575_refined.npy,9,Coronary,2,2,0.9485742379547689,20340
140_refined.npy,9,Coronary,2,2,0.7629703534777651,21048
294_refined.npy,9,Coronary,2,2,0.641811431773606,28552
988_refined.npy,9,Coronary,2,1,0.9515611550199546,12779
53_refined.npy,9,Coronary,2,1,0.9635805626598466,9775
780_refined.npy,9,Coronary,2,1,0.98339819995135,16444
209_refined.npy,9,Coronary,1,1,1.0,15075
523_refined.npy,9,Coronary,1,1,1.0,28524
681_refined.npy,9,Coronary,2,1,0.9895644986309862,19357
648_refined.npy,9,Coronary,2,2,0.7684434968017058,23450
6_refined.npy,9,Coronary,2,2,0.807280915744042,10658
2_refined.npy,9,Coronary,2,2,0.6245052903642678,12381
739_refined.npy,9,Coronary,2,2,0.528696365127084,7318
158_refined.npy,9,Coronary,2,2,0.5089022334597556,18984
577_refined.npy,9,Coronary,2,1,0.98990454295567,20009
838_refined.npy,9,Coronary,2,1,0.9651483781918565,20286
413_refined.npy,9,Coronary,2,1,0.9893745290128109,13270
110_refined.npy,9,Coronary,2,1,0.9614056469632338,9846
981_refined.npy,9,Coronary,2,2,0.5143379096545616,18064
996_refined.npy,9,Coronary,2,2,0.9058963252759537,14314
50_refined.npy,9,Coronary,2,2,0.6023992683845285,18589
915_refined.npy,9,Coronary,2,2,0.8677219696554747,18257
307_refined.npy,9,Coronary,2,1,0.960156326811523,40684
807_refined.npy,9,Coronary,1,1,1.0,12948
532_refined.npy,9,Coronary,1,1,1.0,14604
126_refined.npy,9,Coronary,2,2,0.510215221459763,38472
274_refined.npy,9,Coronary,2,2,0.7620012854105898,20227
218_refined.npy,9,Coronary,2,2,0.6988782168780703,13639
961_refined.npy,9,Coronary,2,2,0.9095259948862519,15253
558_refined.npy,9,Coronary,1,1,1.0,16391
984_refined.npy,9,Coronary,1,1,1.0,12560
541_refined.npy,9,Coronary,2,1,0.9604726231804617,16419
32_refined.npy,9,Coronary,2,2,0.9351324085750315,19825
704_refined.npy,9,Coronary,1,1,1.0,17086
459_refined.npy,9,Coronary,2,2,0.9397384542884072,16976
309_refined.npy,9,Coronary,2,2,0.7618825722273999,17168
769_refined.npy,9,Coronary,2,2,0.9056569889254714,16705
455_refined.npy,9,Coronary,1,1,1.0,18287
412_refined.npy,9,Coronary,1,1,1.0,26516
719_refined.npy,9,Coronary,2,2,0.7982187956932075,15046
221_refined.npy,9,Coronary,2,1,0.9716502196109749,17531
790_refined.npy,9,Coronary,2,2,0.8657877525730612,29051
810_refined.npy,9,Coronary,2,1,0.9573436344209748,12167
518_refined.npy,9,Coronary,2,2,0.7643898070503948,12283
703_refined.npy,9,Coronary,2,2,0.7566608605896393,31002
152_refined.npy,9,Coronary,2,2,0.7755561928954808,24407
340_refined.npy,9,Coronary,2,2,0.8804587108995034,19533
73_refined.npy,9,Coronary,2,2,0.9486190458862487,27481
411_refined.npy,9,Coronary,2,1,0.9749301768852241,15038
537_refined.npy,9,Coronary,2,2,0.7966866356038754,13521
355_refined.npy,9,Coronary,2,1,0.9546336452864643,17524
721_refined.npy,9,Coronary,2,2,0.8435969995059066,22263
423_refined.npy,9,Coronary,1,1,1.0,14542
1_refined.npy,9,Coronary,1,1,1.0,10476
164_refined.npy,9,Coronary,2,2,0.89483499554042,12333
693_refined.npy,9,Coronary,1,1,1.0,17616
959_refined.npy,9,Coronary,2,2,0.5101647247890719,12445
802_refined.npy,9,Coronary,2,1,0.9860891928224911,17109
967_refined.npy,9,Coronary,1,1,1.0,17945
692_refined.npy,9,Coronary,1,1,1.0,24181
500_refined.npy,9,Coronary,2,2,0.6526938970120788,50336
109_refined.npy,9,Coronary,2,2,0.8523384130320546,7612
314_refined.npy,9,Coronary,2,2,0.8939735064663071,19099
990_refined.npy,9,Coronary,2,1,0.981569640914037,14704
55_refined.npy,9,Coronary,2,2,0.7746130030959752,9690
310_refined.npy,9,Coronary,2,1,0.9838999184117487,18385
496_refined.npy,9,Coronary,1,1,1.0,23146
741_refined.npy,9,Coronary,1,1,1.0,6697
521_refined.npy,9,Coronary,2,2,0.8210829730286184,14571
839_refined.npy,9,Coronary,2,2,0.7399624538242596,16513
51_refined.npy,9,Coronary,2,1,0.9765898483080513,13712
159_refined.npy,9,Coronary,2,1,0.9606937291729779,13204
925_refined.npy,9,Coronary,2,1,0.9674485399712781,12534
906_refined.npy,9,Coronary,1,1,1.0,20472
285_refined.npy,9,Coronary,2,1,0.9743070694487699,12844
441_refined.npy,9,Coronary,1,1,1.0,29612
993_refined.npy,9,Coronary,2,2,0.9314028206626054,11983
628_refined.npy,9,Coronary,1,1,1.0,9251
661_refined.npy,9,Coronary,1,1,1.0,14809
91_refined.npy,9,Coronary,2,2,0.7456564818655238,21699
197_refined.npy,9,Coronary,1,1,1.0,20744
568_refined.npy,9,Coronary,2,2,0.6736146415861718,19670
276_refined.npy,9,Coronary,2,2,0.890550893834367,10964
199_refined.npy,9,Coronary,2,2,0.9173931482964988,21221
383_refined.npy,9,Coronary,2,1,0.9529688418577308,10206
751_refined.npy,9,Coronary,2,2,0.7585710595268849,27097
793_refined.npy,9,Coronary,2,2,0.7756754589914214,12473
611_refined.npy,9,Coronary,2,2,0.528167703019697,26857
809_refined.npy,9,Coronary,2,2,0.9351618855896662,11922
243_refined.npy,9,Coronary,1,1,1.0,21166
346_refined.npy,9,Coronary,2,1,0.9744385026737968,18700
483_refined.npy,9,Coronary,2,1,0.9869669104337122,13811
117_refined.npy,9,Coronary,2,1,0.967930029154519,29841
729_refined.npy,9,Coronary,2,1,0.9830024961369309,8413
926_refined.npy,9,Coronary,2,1,0.9776172494937887,18273
448_refined.npy,9,Coronary,2,1,0.9589915181697922,12851
306_refined.npy,9,Coronary,2,1,0.958674562177145,23811
430_refined.npy,9,Coronary,2,1,0.9757820383451059,25766
173_refined.npy,9,Coronary,2,2,0.9157054125998225,12397
754_refined.npy,9,Coronary,2,2,0.9494396084211697,35957
320_refined.npy,9,Coronary,2,2,0.5700281609810003,28053
733_refined.npy,9,Coronary,2,2,0.7012850337875263,18054
495_refined.npy,9,Coronary,1,1,1.0,19956
876_refined.npy,9,Coronary,2,1,0.9793549125014297,17486
539_refined.npy,9,Coronary,2,1,0.9572363172171693,12534
316_refined.npy,9,Coronary,2,2,0.8295065113091158,11672
300_refined.npy,9,Coronary,2,2,0.7832854864433811,15675
995_refined.npy,9,Coronary,2,2,0.5372274419429179,11282
969_refined.npy,9,Coronary,2,2,0.7478092426897888,32523
585_refined.npy,9,Coronary,2,2,0.7193946880790612,16190
445_refined.npy,9,Coronary,2,2,0.9348008134944371,16718
347_refined.npy,9,Coronary,2,2,0.8101466328747284,22096
565_refined.npy,9,Coronary,2,1,0.9750257670657259,25226
361_refined.npy,9,Coronary,2,1,0.975112729795352,11532
570_refined.npy,9,Coronary,2,2,0.5574623360670544,27679
572_refined.npy,9,Coronary,2,1,0.9727855416622886,9517
705_refined.npy,9,Coronary,2,1,0.9859924359153943,7139
664_refined.npy,9,Coronary,2,2,0.6729032069459467,34207
921_refined.npy,9,Coronary,2,2,0.9283802452080815,23164
248_refined.npy,9,Coronary,1,1,1.0,15360
571_refined.npy,9,Coronary,2,1,0.9609442805068564,28805
238_refined.npy,9,Coronary,2,2,0.7743317535545023,26375
480_refined.npy,9,Coronary,2,2,0.8597469810235767,17390
302_refined.npy,9,Coronary,2,1,0.9581496502674426,17013
974_refined.npy,9,Coronary,2,2,0.7476186727544675,25406
715_refined.npy,9,Coronary,2,1,0.9512596352697875,21276
369_refined.npy,9,Coronary,2,1,0.9546434345248788,11134
253_refined.npy,9,Coronary,1,1,1.0,8530
97_refined.npy,9,Coronary,1,1,1.0,18644
325_refined.npy,9,Coronary,2,1,0.9818762191877992,28195
582_refined.npy,9,Coronary,2,1,0.9664321761737269,13078
65_refined.npy,9,Coronary,2,2,0.8901530996402577,23906
454_refined.npy,9,Coronary,2,2,0.8352952435639774,10449
946_refined.npy,9,Coronary,1,1,1.0,14514
798_refined.npy,9,Coronary,2,1,0.9669909105405836,18813
884_refined.npy,9,Coronary,1,1,1.0,10483
33_refined.npy,9,Coronary,2,1,0.9646924829157175,11414
230_refined.npy,9,Coronary,1,1,1.0,11275
379_refined.npy,9,Coronary,2,1,0.9813105413105413,8775
831_refined.npy,9,Coronary,2,2,0.8857662757784068,14838
675_refined.npy,9,Coronary,1,1,1.0,10376
36_refined.npy,9,Coronary,2,1,0.9827422340053024,19991
914_refined.npy,9,Coronary,2,1,0.984606179286336,18384
328_refined.npy,9,Coronary,2,2,0.5891751395153276,13081
744_refined.npy,9,Coronary,2,2,0.8931553730321697,14610
738_refined.npy,9,Coronary,2,2,0.9472766299973169,22362
826_refined.npy,9,Coronary,1,1,1.0,14228
965_refined.npy,9,Coronary,2,2,0.6066812831756289,17332
817_refined.npy,9,Coronary,1,1,1.0,25209
286_refined.npy,9,Coronary,2,1,0.9588667937891583,29368
836_refined.npy,9,Coronary,2,2,0.8088492990654206,13696
188_refined.npy,9,Coronary,1,1,1.0,14606
116_refined.npy,9,Coronary,2,2,0.5376911625389091,14778
556_refined.npy,9,Coronary,2,2,0.9438574447427037,17509
156_refined.npy,9,Coronary,2,2,0.880410237109522,21256
655_refined.npy,9,Coronary,2,2,0.6171403962101637,9288
288_refined.npy,9,Coronary,2,1,0.9579268292682926,18040
424_refined.npy,9,Coronary,2,2,0.56125712292127,34396
872_refined.npy,9,Coronary,1,1,1.0,10036
401_refined.npy,9,Coronary,2,1,0.982648551317728,12218
619_refined.npy,9,Coronary,2,1,0.9738310952920239,24724
318_refined.npy,9,Coronary,2,2,0.9467475794354289,14666
606_refined.npy,9,Coronary,2,1,0.9751724796485951,41889
668_refined.npy,9,Coronary,2,1,0.9792633410672854,20688
843_refined.npy,9,Coronary,2,2,0.911297852474323,16065
800_refined.npy,9,Coronary,1,1,1.0,26446
962_refined.npy,9,Coronary,2,2,0.9007051957526141,12337
356_refined.npy,9,Coronary,2,2,0.841559339614487,23138
220_refined.npy,9,Coronary,2,1,0.98642472201378,14659
151_refined.npy,9,Coronary,2,1,0.9685223201706719,24843
650_refined.npy,9,Coronary,2,2,0.7772017707362535,17168
145_refined.npy,9,Coronary,2,2,0.5564558285415577,26782
940_refined.npy,9,Coronary,1,1,1.0,12806
742_refined.npy,9,Coronary,2,2,0.7789678675754625,13351
600_refined.npy,9,Coronary,2,1,0.9765792064084722,29461
578_refined.npy,9,Coronary,1,1,1.0,13562
787_refined.npy,9,Coronary,2,2,0.6680115273775216,22555
432_refined.npy,9,Coronary,2,2,0.8643482375207002,21135
630_refined.npy,9,Coronary,2,2,0.5100192964227401,6737
597_refined.npy,9,Coronary,2,2,0.7885866925692083,20590
697_refined.npy,9,Coronary,2,2,0.7947171789998033,15257
708_refined.npy,9,Coronary,1,1,1.0,18632
20_refined.npy,9,Coronary,2,2,0.8146558704453442,12350
579_refined.npy,9,Coronary,2,2,0.7730659025787966,12215
957_refined.npy,9,Coronary,1,1,1.0,16330
196_refined.npy,9,Coronary,2,2,0.8827287139792969,21446
767_refined.npy,9,Coronary,2,2,0.8299607554574442,32616
885_refined.npy,9,Coronary,2,2,0.9213383339913146,10132
629_refined.npy,9,Coronary,2,2,0.9257053677769107,24349
877_refined.npy,9,Coronary,1,1,1.0,19369
718_refined.npy,9,Coronary,2,2,0.944661592264966,14583
13_refined.npy,9,Coronary,2,2,0.5936907814067551,17942
439_refined.npy,9,Coronary,2,1,0.9586248778813403,37873
345_refined.npy,9,Coronary,2,2,0.5374875174755342,25035
516_refined.npy,9,Coronary,2,1,0.9693703360483832,20503
711_refined.npy,9,Coronary,2,1,0.9854077998783983,11513
963_refined.npy,9,Coronary,2,2,0.9080332163950442,22519
608_refined.npy,9,Coronary,2,1,0.970639323135541,17847
949_refined.npy,9,Coronary,1,1,1.0,11645
723_refined.npy,9,Coronary,2,2,0.93192654966014,9857
574_refined.npy,9,Coronary,2,1,0.9735923795152316,21206
647_refined.npy,9,Coronary,2,2,0.9214758751182592,21140
498_refined.npy,9,Coronary,2,1,0.9719014049297535,20001
879_refined.npy,9,Coronary,2,2,0.6433732013842511,16471
473_refined.npy,9,Coronary,1,1,1.0,17661
60_refined.npy,9,Coronary,1,1,1.0,21501
94_refined.npy,9,Coronary,2,2,0.9074922296744643,12226
95_refined.npy,9,Coronary,1,1,1.0,14414
907_refined.npy,9,Coronary,2,1,0.9766922616130262,18363
479_refined.npy,9,Coronary,2,1,0.9788473186413829,21463
737_refined.npy,9,Coronary,2,2,0.8180756843800322,24840
184_refined.npy,9,Coronary,1,1,1.0,10637
41_refined.npy,9,Coronary,2,1,0.9576920620729293,31318
573_refined.npy,9,Coronary,2,2,0.8528669624989124,11493
157_refined.npy,9,Coronary,1,1,1.0,17719
772_refined.npy,9,Coronary,2,1,0.9515936114824457,14213
663_refined.npy,9,Coronary,1,1,1.0,24041
438_refined.npy,9,Coronary,2,1,0.9544363103953147,17075
326_refined.npy,9,Coronary,2,2,0.912465564738292,14520
980_refined.npy,9,Coronary,2,2,0.862290800038696,20674
919_refined.npy,9,Coronary,2,1,0.957555356861095,19013
269_refined.npy,9,Coronary,1,1,1.0,10043
806_refined.npy,9,Coronary,2,1,0.972197442759441,13452
450_refined.npy,9,Coronary,2,2,0.521309239686328,11732
714_refined.npy,9,Coronary,2,1,0.9569610778443114,16032
528_refined.npy,9,Coronary,2,1,0.9711940298507463,20100
239_refined.npy,9,Coronary,1,1,1.0,22067
81_refined.npy,9,Coronary,2,2,0.8631643249847282,19644
427_refined.npy,9,Coronary,2,2,0.8332176327664006,11524
273_refined.npy,9,Coronary,1,1,1.0,19501
250_refined.npy,9,Coronary,1,1,1.0,8264
658_refined.npy,9,Coronary,2,1,0.9677022454629345,13004
74_refined.npy,9,Coronary,2,2,0.7791323054858372,27890
39_refined.npy,9,Coronary,2,1,0.9717675941080196,19552
366_refined.npy,9,Coronary,2,2,0.7137767220902613,31154
712_refined.npy,9,Coronary,2,2,0.578143930215653,33016
112_refined.npy,9,Coronary,2,2,0.8461347971439185,24229
76_refined.npy,9,Coronary,2,1,0.9712734141350543,12706
143_refined.npy,9,Coronary,2,1,0.9704033525405972,15272
177_refined.npy,9,Coronary,2,2,0.860898379970545,13580
527_refined.npy,9,Coronary,2,2,0.6170171761701717,41511
204_refined.npy,9,Coronary,2,2,0.536123993165731,16388
773_refined.npy,9,Coronary,2,2,0.8669183294385523,16689
510_refined.npy,9,Coronary,2,2,0.8694540703289212,17603
882_refined.npy,9,Coronary,2,1,0.9845201238390093,22287
394_refined.npy,9,Coronary,2,1,0.9660556687033266,19149
457_refined.npy,9,Coronary,2,1,0.9594641614474599,11496
227_refined.npy,9,Coronary,2,1,0.9783746629302597,18913
278_refined.npy,9,Coronary,2,2,0.9386075066275987,14334
607_refined.npy,9,Coronary,2,2,0.6935838355193193,14105
753_refined.npy,9,Coronary,2,2,0.6967160334835801,17083
576_refined.npy,9,Coronary,2,1,0.9684650455927052,21056
755_refined.npy,9,Coronary,2,2,0.8828316242143566,15115
183_refined.npy,9,Coronary,2,1,0.9693745591347285,17012
146_refined.npy,9,Coronary,1,1,1.0,10587
548_refined.npy,9,Coronary,2,2,0.9154433792690234,13352
30_refined.npy,9,Coronary,1,1,1.0,11590
488_refined.npy,9,Coronary,1,1,1.0,21396
186_refined.npy,9,Coronary,2,2,0.9457023769291427,17754
900_refined.npy,9,Coronary,2,2,0.8593389383448731,24264
406_refined.npy,9,Coronary,1,1,1.0,21614
856_refined.npy,9,Coronary,1,1,1.0,13557
952_refined.npy,9,Coronary,2,2,0.886308844055323,7881
66_refined.npy,9,Coronary,2,2,0.9160612817377545,13903
778_refined.npy,9,Coronary,1,1,1.0,14200
760_refined.npy,9,Coronary,2,1,0.9771055203992386,19437
695_refined.npy,9,Coronary,2,2,0.6958020050125313,12768
953_refined.npy,9,Coronary,2,1,0.9658017355619203,23393
380_refined.npy,9,Coronary,1,1,1.0,38092
198_refined.npy,9,Coronary,2,1,0.9762347767253045,11824
497_refined.npy,9,Coronary,2,1,0.9581475622033655,13906
526_refined.npy,9,Coronary,2,2,0.8527169505271696,12330
504_refined.npy,9,Coronary,1,1,1.0,6490
106_refined.npy,9,Coronary,2,2,0.620533767813296,43577
506_refined.npy,9,Coronary,2,1,0.9630000370741112,26973
160_refined.npy,9,Coronary,2,2,0.7888322147651007,37250
48_refined.npy,9,Coronary,2,1,0.9763002364066193,33840
601_refined.npy,9,Coronary,1,1,1.0,29361
936_refined.npy,9,Coronary,2,2,0.5115501283347593,25714
89_refined.npy,9,Coronary,2,2,0.9469159252224333,10003
147_refined.npy,9,Coronary,2,2,0.8768111949754834,18151
549_refined.npy,9,Coronary,2,2,0.9022580761335398,27767
22_refined.npy,9,Coronary,2,2,0.8196126842064656,12961
653_refined.npy,9,Coronary,2,1,0.9621369294605809,13496
11_refined.npy,9,Coronary,2,1,0.9736903922950435,8514
634_refined.npy,9,Coronary,2,1,0.9699241786015165,11870
408_refined.npy,9,Coronary,2,2,0.9427939168510758,21239
888_refined.npy,9,Coronary,2,2,0.7483490234649431,14234
414_refined.npy,9,Coronary,1,1,1.0,7392
503_refined.npy,9,Coronary,2,2,0.9266328660900686,10059
849_refined.npy,9,Coronary,2,1,0.9636370111831327,28078
997_refined.npy,9,Coronary,2,2,0.9437663313884812,27937
890_refined.npy,9,Coronary,2,2,0.6427206725257929,15702
255_refined.npy,9,Coronary,1,1,1.0,14914
586_refined.npy,9,Coronary,2,2,0.9002199380582612,22279
899_refined.npy,9,Coronary,2,2,0.5140608313886802,25283
327_refined.npy,9,Coronary,2,2,0.6470613562970936,23225
161_refined.npy,9,Coronary,2,2,0.6810807164299929,29647
847_refined.npy,9,Coronary,1,1,1.0,22885
317_refined.npy,9,Coronary,2,2,0.8632757404795487,11344
226_refined.npy,9,Coronary,2,2,0.8988545816733068,20080
853_refined.npy,9,Coronary,2,2,0.8892494051481722,13869
679_refined.npy,9,Coronary,1,1,1.0,21175
180_refined.npy,9,Coronary,2,2,0.8931448004295687,11174
966_refined.npy,9,Coronary,2,2,0.7827312909617437,13122
830_refined.npy,9,Coronary,2,2,0.9311970534069982,13575
42_refined.npy,9,Coronary,2,2,0.5669921756535452,16487
397_refined.npy,9,Coronary,1,1,1.0,30487
978_refined.npy,9,Coronary,2,2,0.7047963800904977,11050
848_refined.npy,9,Coronary,2,1,0.9558750311177495,16068
837_refined.npy,9,Coronary,2,2,0.6836703092509844,22603
654_refined.npy,9,Coronary,2,1,0.9833007025221697,8683
71_refined.npy,9,Coronary,2,2,0.589304162868429,16455
92_refined.npy,9,Coronary,1,1,1.0,17420
603_refined.npy,9,Coronary,2,2,0.9182517724364516,23132
429_refined.npy,9,Coronary,2,1,0.9624669453211635,11723
768_refined.npy,9,Coronary,2,2,0.5227609947177874,16849
846_refined.npy,9,Coronary,2,1,0.9578496256916568,18434
171_refined.npy,9,Coronary,2,1,0.9779013610420021,20499
469_refined.npy,9,Coronary,2,1,0.9676053263479589,22905
902_refined.npy,9,Coronary,2,1,0.9785262793315439,23098
203_refined.npy,9,Coronary,2,2,0.7649484536082474,23280
84_refined.npy,9,Coronary,2,2,0.8721132356592998,16108
696_refined.npy,9,Coronary,2,2,0.9448629945867515,17919
698_refined.npy,9,Coronary,2,2,0.9482410268599952,16828
827_refined.npy,9,Coronary,2,1,0.9814175467099919,19696
864_refined.npy,9,Coronary,2,2,0.633772309824987,11542
865_refined.npy,9,Coronary,2,2,0.796607009694258,16092
569_refined.npy,9,Coronary,2,2,0.8743634414366122,14924
257_refined.npy,9,Coronary,2,1,0.9665343676709364,11086
193_refined.npy,9,Coronary,2,1,0.9874833799458989,21811
871_refined.npy,9,Coronary,2,1,0.9841213623753026,16941
897_refined.npy,9,Coronary,2,2,0.8130580357142857,17920
194_refined.npy,9,Coronary,1,1,1.0,11719
771_refined.npy,9,Coronary,2,2,0.9372059529524724,10415
464_refined.npy,9,Coronary,2,2,0.8998790810157195,16540
873_refined.npy,9,Coronary,2,2,0.5056669572798606,30969
191_refined.npy,9,Coronary,2,1,0.9800590841949779,17602
866_refined.npy,9,Coronary,2,2,0.6111067256078307,25336
181_refined.npy,9,Coronary,2,1,0.97404035858918,28891
736_refined.npy,9,Coronary,2,1,0.9609165863582825,18678
187_refined.npy,9,Coronary,2,1,0.96405029296875,16384
359_refined.npy,9,Coronary,1,1,1.0,10341
63_refined.npy,9,Coronary,2,1,0.9636409227683049,23928
991_refined.npy,9,Coronary,2,2,0.5902674591381872,21536
512_refined.npy,9,Coronary,2,2,0.9451325962257877,12029
588_refined.npy,9,Coronary,2,1,0.9755845942228336,29080
387_refined.npy,9,Coronary,2,1,0.9507955609038642,14958
646_refined.npy,9,Coronary,2,1,0.9627534832390675,14498
786_refined.npy,9,Coronary,2,1,0.9566913772922356,15378
511_refined.npy,9,Coronary,2,2,0.6630962155706501,26794
615_refined.npy,9,Coronary,1,1,1.0,24749
474_refined.npy,9,Coronary,2,2,0.9369041554472018,13741
795_refined.npy,9,Coronary,2,1,0.960167316284818,10519
999_refined.npy,9,Coronary,2,2,0.9288241586439562,12153
214_refined.npy,9,Coronary,2,1,0.9881325047890482,21403
289_refined.npy,9,Coronary,1,1,1.0,12611
270_refined.npy,9,Coronary,1,1,1.0,11001
766_refined.npy,9,Coronary,2,1,0.9727350042523388,19989
717_refined.npy,9,Coronary,1,1,1.0,23734
587_refined.npy,9,Coronary,1,1,1.0,21020
905_refined.npy,9,Coronary,1,1,1.0,19675
182_refined.npy,9,Coronary,2,1,0.9609472372247612,12035
609_refined.npy,9,Coronary,2,1,0.9816312181402707,22756
913_refined.npy,9,Coronary,2,2,0.8703287890938252,12470
855_refined.npy,9,Coronary,2,1,0.9605110336817654,11193
296_refined.npy,9,Coronary,2,2,0.831783945172016,14737
80_refined.npy,9,Coronary,2,2,0.6952043228638973,11844
377_refined.npy,9,Coronary,1,1,1.0,15407
56_refined.npy,9,Coronary,2,2,0.8442472460220318,13072
382_refined.npy,9,Coronary,2,2,0.942514020970495,16404
133_refined.npy,9,Coronary,2,1,0.9512406459235919,12695
444_refined.npy,9,Coronary,2,1,0.966733084986572,23086
799_refined.npy,9,Coronary,2,2,0.8910182545939718,16489
746_refined.npy,9,Coronary,2,2,0.9349980737575736,28553
79_refined.npy,9,Coronary,2,1,0.9847187990141161,22315
236_refined.npy,9,Coronary,2,1,0.9656284219491422,16438
315_refined.npy,9,Coronary,2,1,0.9522966743496872,24296
453_refined.npy,9,Coronary,2,2,0.8981281497480201,19446
554_refined.npy,9,Coronary,2,2,0.8928423379853531,14474
1000_refined.npy,9,Coronary,2,2,0.869867693645568,16099
486_refined.npy,9,Coronary,2,2,0.7201592527371564,13061
251_refined.npy,9,Coronary,2,2,0.6746558218607287,29999
977_refined.npy,9,Coronary,2,2,0.6863662700004457,22437
225_refined.npy,9,Coronary,1,1,1.0,18485
301_refined.npy,9,Coronary,2,2,0.9211588541666667,15360
645_refined.npy,9,Coronary,2,2,0.8392881218821626,22251
374_refined.npy,9,Coronary,1,1,1.0,24879
934_refined.npy,9,Coronary,1,1,1.0,22855
740_refined.npy,9,Coronary,1,1,1.0,8846
237_refined.npy,9,Coronary,1,1,1.0,33837
520_refined.npy,9,Coronary,1,1,1.0,16571
796_refined.npy,9,Coronary,1,1,1.0,12786
487_refined.npy,9,Coronary,2,2,0.8885587757161276,17839
894_refined.npy,9,Coronary,2,2,0.5780323054331865,17025
499_refined.npy,9,Coronary,2,2,0.5609451627284886,22430
131_refined.npy,9,Coronary,2,2,0.6541734197730956,14808
728_refined.npy,9,Coronary,2,1,0.9690906702858894,22841
950_refined.npy,9,Coronary,2,2,0.8184293649929202,9181
338_refined.npy,9,Coronary,2,1,0.9659060688261263,18801
641_refined.npy,9,Coronary,1,1,1.0,12506
901_refined.npy,9,Coronary,2,2,0.9421290322580645,15500
730_refined.npy,9,Coronary,2,2,0.5095558766596691,36679
163_refined.npy,9,Coronary,1,1,1.0,18730
546_refined.npy,9,Coronary,2,1,0.9598096245372819,17019
9_refined.npy,9,Coronary,1,1,1.0,21255
86_refined.npy,9,Coronary,2,2,0.6043664691826781,30551
665_refined.npy,9,Coronary,1,1,1.0,18572
418_refined.npy,9,Coronary,2,2,0.7486702522806288,33653
734_refined.npy,9,Coronary,2,2,0.8633631887092397,25791
710_refined.npy,9,Coronary,1,1,1.0,13950
756_refined.npy,9,Coronary,2,1,0.9628636845926174,17907
896_refined.npy,9,Coronary,1,1,1.0,9328
403_refined.npy,9,Coronary,2,2,0.9390084190832554,10690
466_refined.npy,9,Coronary,2,2,0.718077519379845,16125
908_refined.npy,9,Coronary,1,1,1.0,13036
947_refined.npy,9,Coronary,2,2,0.5424373058916238,21573
82_refined.npy,9,Coronary,2,2,0.6685326815422219,12683
987_refined.npy,9,Coronary,1,1,1.0,24374
384_refined.npy,9,Coronary,2,2,0.6960069950451764,27448
614_refined.npy,9,Coronary,2,1,0.9713399050748448,16434
137_refined.npy,9,Coronary,2,2,0.9472365742915296,12774
701_refined.npy,9,Coronary,2,1,0.9506051538564602,22391
968_refined.npy,9,Coronary,2,2,0.7933779722676227,18967
986_refined.npy,9,Coronary,1,1,1.0,28680
391_refined.npy,9,Coronary,2,2,0.8028692879914984,20702
400_refined.npy,9,Coronary,2,2,0.5226106256068803,14418
477_refined.npy,9,Coronary,2,2,0.8384548485287723,13798
801_refined.npy,9,Coronary,2,2,0.9452783257569259,11659
119_refined.npy,9,Coronary,1,1,1.0,13875
341_refined.npy,9,Coronary,2,2,0.6175179720015135,26430
247_refined.npy,9,Coronary,1,1,1.0,16450
536_refined.npy,9,Coronary,2,2,0.8975171295955205,13573
211_refined.npy,9,Coronary,2,2,0.8538833037650305,20292
216_refined.npy,9,Coronary,2,1,0.9746674330760388,24356
426_refined.npy,9,Coronary,2,2,0.6462103740765353,25583
21_refined.npy,9,Coronary,2,2,0.931500162707452,12292
604_refined.npy,9,Coronary,2,2,0.522431453236123,22357
353_refined.npy,9,Coronary,2,1,0.9881147861443428,25578
983_refined.npy,9,Coronary,2,2,0.9265036537380551,21348
779_refined.npy,9,Coronary,2,2,0.8187035240866473,12372
842_refined.npy,9,Coronary,2,2,0.7939577709573642,27043
924_refined.npy,9,Coronary,2,2,0.8590258976672956,36567
283_refined.npy,9,Coronary,2,2,0.8796952827424553,17065
124_refined.npy,9,Coronary,2,2,0.6520415926959168,11829
501_refined.npy,9,Coronary,2,2,0.8665234001910219,16752
929_refined.npy,9,Coronary,1,1,1.0,10518
752_refined.npy,9,Coronary,1,1,1.0,28411
19_refined.npy,9,Coronary,2,2,0.8341500506928016,23672
223_refined.npy,9,Coronary,2,2,0.9257046494820526,20755
938_refined.npy,9,Coronary,2,2,0.5260489198357436,28005
677_refined.npy,9,Coronary,2,1,0.9782628662400882,32663
861_refined.npy,9,Coronary,2,2,0.6042982164617259,18054
813_refined.npy,9,Coronary,1,1,1.0,11239
235_refined.npy,9,Coronary,2,1,0.9759743173737443,28969
52_refined.npy,9,Coronary,2,1,0.9829295774647887,17750
867_refined.npy,9,Coronary,2,2,0.803561491374513,17970
774_refined.npy,9,Coronary,2,1,0.9861907101140768,18321
277_refined.npy,9,Coronary,2,1,0.9702549575070821,16238
149_refined.npy,9,Coronary,2,2,0.9365853658536586,15170
642_refined.npy,9,Coronary,2,2,0.8380554384081585,26083
396_refined.npy,9,Coronary,2,2,0.7668437832093518,18820
103_refined.npy,9,Coronary,2,1,0.9649836413475993,11309
468_refined.npy,9,Coronary,2,2,0.7892579210672596,14392
680_refined.npy,9,Coronary,2,2,0.8415413858648695,17361
720_refined.npy,9,Coronary,2,2,0.5907460996477101,31792
105_refined.npy,9,Coronary,2,2,0.8576474743906747,16986
942_refined.npy,9,Coronary,2,1,0.9889159232224926,7398
992_refined.npy,9,Coronary,2,2,0.8471118890534536,14854
508_refined.npy,9,Coronary,2,1,0.9764777363076121,11521
24_refined.npy,9,Coronary,2,1,0.976363444935776,18996
87_refined.npy,9,Coronary,2,1,0.9741626109361581,13972
185_refined.npy,9,Coronary,2,1,0.9704816460135609,17108
127_refined.npy,9,Coronary,2,2,0.8224506578947368,12160
375_refined.npy,9,Coronary,2,2,0.5368817783247443,26002
916_refined.npy,9,Coronary,2,2,0.7843609154159191,22853
781_refined.npy,9,Coronary,2,2,0.9359396167989162,10334
491_refined.npy,9,Coronary,2,1,0.9668735728298974,31093
7_refined.npy,9,Coronary,2,2,0.5890895648500212,18936
551_refined.npy,9,Coronary,2,1,0.9857074655367906,33514
971_refined.npy,9,Coronary,2,1,0.9525207531889046,19756
672_refined.npy,9,Coronary,2,2,0.9295168984747699,14883
975_refined.npy,9,Coronary,2,2,0.6472709656583056,18578
892_refined.npy,9,Coronary,2,1,0.9753150516826355,21187
493_refined.npy,9,Coronary,2,2,0.5267424524785688,21464
878_refined.npy,9,Coronary,2,2,0.9219862435139375,16574
178_refined.npy,9,Coronary,2,2,0.7392521708311182,28215
502_refined.npy,9,Coronary,2,2,0.6535521425064871,28518
207_refined.npy,9,Coronary,2,2,0.9005303957568339,12255
360_refined.npy,9,Coronary,2,2,0.8522618414050026,18790
656_refined.npy,9,Coronary,2,2,0.9195766525128335,15779
5_refined.npy,9,Coronary,2,2,0.938829623234877,16217
874_refined.npy,9,Coronary,2,1,0.986567553468962,7668
421_refined.npy,9,Coronary,2,1,0.9723502304147466,11067
154_refined.npy,9,Coronary,2,1,0.9660789669729327,20135
791_refined.npy,9,Coronary,2,2,0.7144619813891316,19451
750_refined.npy,9,Coronary,2,2,0.9402912621359223,10300
770_refined.npy,9,Coronary,2,1,0.970785166533135,34948
195_refined.npy,9,Coronary,1,1,1.0,21590
895_refined.npy,9,Coronary,2,1,0.9865206402695872,15431
324_refined.npy,9,Coronary,1,1,1.0,18119
904_refined.npy,9,Coronary,2,1,0.9698328720086893,28541
794_refined.npy,9,Coronary,2,2,0.5881420139194785,34053
337_refined.npy,9,Coronary,2,2,0.5821534291522522,28039
522_refined.npy,9,Coronary,2,2,0.9381713387477076,15268
363_refined.npy,9,Coronary,2,1,0.9676767676767677,12375
964_refined.npy,9,Coronary,2,2,0.5634566204816978,26199
951_refined.npy,9,Coronary,2,2,0.9424648129076554,14565
75_refined.npy,9,Coronary,2,2,0.7298864460014496,20695
12_refined.npy,9,Coronary,2,2,0.9269000703729767,11368
260_refined.npy,9,Coronary,2,1,0.958450184501845,13550
803_refined.npy,9,Coronary,1,1,1.0,16352
201_refined.npy,9,Coronary,2,2,0.6129854481416257,21578
378_refined.npy,9,Coronary,2,1,0.9642370299093898,12471
788_refined.npy,9,Coronary,1,1,1.0,30422
727_refined.npy,9,Coronary,2,2,0.7638144742103159,25010
911_refined.npy,9,Coronary,2,2,0.7630633328342566,13358
649_refined.npy,9,Coronary,2,2,0.934727017005498,15642
460_refined.npy,9,Coronary,2,2,0.9160915613255893,14635
624_refined.npy,9,Coronary,2,2,0.6978258529759983,18582
62_refined.npy,9,Coronary,1,1,1.0,17465
909_refined.npy,9,Coronary,2,1,0.964347773982863,16689
167_refined.npy,9,Coronary,2,1,0.9567878199865661,13399
311_refined.npy,9,Coronary,2,2,0.6536976927800684,22798
298_refined.npy,9,Coronary,2,1,0.9853821768228249,11356
293_refined.npy,9,Coronary,2,2,0.9437209725890174,21962
213_refined.npy,9,Coronary,2,2,0.7009415078953222,13489
342_refined.npy,9,Coronary,2,2,0.9408017502091243,15541
559_refined.npy,9,Coronary,2,2,0.9126836036553275,20901
169_refined.npy,9,Coronary,2,2,0.8064024390243902,19680
69_refined.npy,9,Coronary,2,2,0.5536684982223137,34033
748_refined.npy,9,Coronary,2,2,0.9470599239259213,16037
815_refined.npy,9,Coronary,2,1,0.9516776490191623,26406
202_refined.npy,9,Coronary,2,2,0.5412115193644489,14098
666_refined.npy,9,Coronary,2,2,0.912488950625079,15838
560_refined.npy,9,Coronary,2,2,0.8443626583622337,14129
229_refined.npy,9,Coronary,2,2,0.6222703639514732,23080
685_refined.npy,9,Coronary,1,1,1.0,21527
271_refined.npy,9,Coronary,1,1,1.0,24526
632_refined.npy,9,Coronary,2,1,0.9641364240927228,21052
660_refined.npy,9,Coronary,2,1,0.9680629112502006,12462
78_refined.npy,9,Coronary,2,1,0.9895165482585341,11542
529_refined.npy,9,Coronary,1,1,1.0,19028
108_refined.npy,9,Coronary,2,1,0.9579763361893104,9804
222_refined.npy,9,Coronary,2,2,0.8482429670008761,10273
49_refined.npy,9,Coronary,1,1,1.0,21679
392_refined.npy,9,Coronary,2,1,0.9839813800657174,14608
989_refined.npy,9,Coronary,2,2,0.9261471230881282,13730
100_refined.npy,9,Coronary,2,1,0.965321955003879,25780
937_refined.npy,9,Coronary,1,1,1.0,19333
395_refined.npy,9,Coronary,2,1,0.9519627798778715,17195
859_refined.npy,9,Coronary,2,2,0.9053979293448194,25306
707_refined.npy,9,Coronary,2,2,0.9233320068974665,22617
713_refined.npy,9,Coronary,2,2,0.8127365161882191,26161
475_refined.npy,9,Coronary,2,2,0.8145989453233416,10809
472_refined.npy,9,Coronary,2,1,0.9774617517198891,19478
233_refined.npy,9,Coronary,1,1,1.0,13733
777_refined.npy,9,Coronary,2,2,0.6466976046500726,21333
34_refined.npy,9,Coronary,2,2,0.9490727704251981,24859
268_refined.npy,9,Coronary,2,2,0.939153904828962,17043
388_refined.npy,9,Coronary,2,1,0.9641819941916747,12396
492_refined.npy,9,Coronary,2,2,0.9386634116570034,13108
749_refined.npy,9,Coronary,2,1,0.963720073664825,16290
389_refined.npy,9,Coronary,2,1,0.9735411177756601,17839
860_refined.npy,9,Coronary,1,1,1.0,11796
918_refined.npy,9,Coronary,2,2,0.6949570619404348,21892
948_refined.npy,9,Coronary,2,2,0.8761878402066612,10839
945_refined.npy,9,Coronary,2,2,0.8164343697350284,13058
451_refined.npy,9,Coronary,2,2,0.7365048714122707,22786
329_refined.npy,9,Coronary,2,1,0.9740411599625819,12828
519_refined.npy,9,Coronary,2,2,0.9408014039192747,17095
390_refined.npy,9,Coronary,2,2,0.5092053931969064,14611
764_refined.npy,9,Coronary,2,1,0.9512899152083709,33258
85_refined.npy,9,Coronary,2,2,0.9354093771868439,14290
643_refined.npy,9,Coronary,1,1,1.0,18740
372_refined.npy,9,Coronary,2,2,0.7587339504329651,6698
471_refined.npy,9,Coronary,2,2,0.6329019697663766,17464
303_refined.npy,9,Coronary,2,2,0.8935458833363186,16749
35_refined.npy,9,Coronary,2,2,0.8822682859090565,39607
759_refined.npy,9,Coronary,2,1,0.9508324477506199,14115
114_refined.npy,9,Coronary,2,2,0.8669971333014811,16744
370_refined.npy,9,Coronary,1,1,1.0,25283
490_refined.npy,9,Coronary,2,1,0.9588744588744589,13860
494_refined.npy,9,Coronary,2,2,0.8062648609531686,19346
373_refined.npy,9,Coronary,2,1,0.9896427685437856,16124
851_refined.npy,9,Coronary,2,2,0.9442693229100996,23793
452_refined.npy,9,Coronary,2,1,0.9680470885011562,19028
792_refined.npy,9,Coronary,2,2,0.8333726600597766,25428
762_refined.npy,9,Coronary,2,2,0.7526035455918595,12579
620_refined.npy,9,Coronary,2,1,0.9507546356188012,11595
57_refined.npy,9,Coronary,2,1,0.9841596222679156,13131
134_refined.npy,9,Coronary,2,1,0.9870116894794685,20018
61_refined.npy,9,Coronary,2,1,0.9652019650655022,14656
381_refined.npy,9,Coronary,1,1,1.0,14321
557_refined.npy,9,Coronary,2,2,0.6532749838582395,13939
761_refined.npy,9,Coronary,1,1,1.0,10361
651_refined.npy,9,Coronary,1,1,1.0,7590
465_refined.npy,9,Coronary,2,2,0.8192382182052937,21686
282_refined.npy,9,Coronary,2,1,0.9545887583359797,25192
275_refined.npy,9,Coronary,2,1,0.9727720180123574,9549
115_refined.npy,9,Coronary,2,1,0.9509809432795547,17789
264_refined.npy,9,Coronary,1,1,1.0,31070
644_refined.npy,9,Coronary,2,1,0.9539345063538612,16368
206_refined.npy,9,Coronary,2,2,0.74626767076232,15138
259_refined.npy,9,Coronary,1,1,1.0,15625
121_refined.npy,9,Coronary,2,2,0.8351071181755356,14470
566_refined.npy,9,Coronary,2,2,0.8057006811718802,15121
4_refined.npy,9,Coronary,2,1,0.9705270457697642,17304
111_refined.npy,9,Coronary,2,1,0.9640319436584293,15903
514_refined.npy,9,Coronary,2,1,0.9559130313847295,21571
354_refined.npy,9,Coronary,2,2,0.8816191178018739,18998
428_refined.npy,9,Coronary,2,2,0.5591960088266335,20846
120_refined.npy,9,Coronary,2,2,0.9351120791360378,11019
825_refined.npy,9,Coronary,2,2,0.8536369176222924,18051
595_refined.npy,9,Coronary,2,2,0.8457588827274595,14607
433_refined.npy,9,Coronary,2,2,0.8720844586300025,20365
362_refined.npy,9,Coronary,2,2,0.8901406771578445,16776
613_refined.npy,9,Coronary,2,2,0.8274652826483377,7129
590_refined.npy,9,Coronary,2,1,0.9855715871254163,11713
923_refined.npy,9,Coronary,2,2,0.7977234753550543,19152
470_refined.npy,9,Coronary,1,1,1.0,10866
242_refined.npy,9,Coronary,2,2,0.88168755732192,16355
517_refined.npy,9,Coronary,2,1,0.9696164071401443,21064
352_refined.npy,9,Coronary,2,2,0.9370015948963317,8778
416_refined.npy,9,Coronary,2,2,0.9143349553933495,29592
928_refined.npy,9,Coronary,2,2,0.9471119133574007,16620
58_refined.npy,9,Coronary,2,2,0.9045535996626963,18974
330_refined.npy,9,Coronary,2,2,0.8461733584577475,27596
955_refined.npy,9,Coronary,2,1,0.9824182300363422,20362
139_refined.npy,9,Coronary,2,2,0.9351050214559964,13283
405_refined.npy,9,Coronary,2,2,0.9401519458369941,19349
46_refined.npy,9,Coronary,2,2,0.7315171763899597,23346
254_refined.npy,9,Coronary,1,1,1.0,14633
258_refined.npy,9,Coronary,2,2,0.6526872374330002,27612
507_refined.npy,9,Coronary,2,2,0.7983355071113596,16101
700_refined.npy,9,Coronary,2,2,0.8286246952531192,20919
943_refined.npy,9,Coronary,2,2,0.9206659589921224,17899
671_refined.npy,9,Coronary,1,1,1.0,21781
553_refined.npy,9,Coronary,2,2,0.7739992072929053,12615
640_refined.npy,9,Coronary,2,2,0.5164790996784566,29856
612_refined.npy,9,Coronary,1,1,1.0,26318
417_refined.npy,9,Coronary,2,2,0.8757877489286614,15868
932_refined.npy,9,Coronary,2,2,0.8926139918301255,27173
358_refined.npy,9,Coronary,2,1,0.9809826557358764,17931
478_refined.npy,9,Coronary,1,1,1.0,18029
626_refined.npy,9,Coronary,1,1,1.0,46103
821_refined.npy,9,Coronary,2,2,0.9157388663967612,7904
833_refined.npy,9,Coronary,2,2,0.9264082779537041,22421
165_refined.npy,9,Coronary,1,1,1.0,28151
461_refined.npy,9,Coronary,2,2,0.8122957824360327,19893
434_refined.npy,9,Coronary,2,2,0.7350270479134466,10352
818_refined.npy,9,Coronary,2,2,0.7042439225381129,12135
757_refined.npy,9,Coronary,2,2,0.8738500523329478,18153
308_refined.npy,9,Coronary,2,1,0.968777707409753,15790
420_refined.npy,9,Coronary,2,2,0.9324927764644076,15228
636_refined.npy,9,Coronary,2,2,0.7010278711207748,10118
305_refined.npy,9,Coronary,2,1,0.9687197231833911,14450
118_refined.npy,9,Coronary,1,1,1.0,21339
599_refined.npy,9,Coronary,2,2,0.9037868162692847,14260
563_refined.npy,9,Coronary,1,1,1.0,7082
505_refined.npy,9,Coronary,2,2,0.6389348025711662,10890
745_refined.npy,9,Coronary,1,1,1.0,15401
240_refined.npy,9,Coronary,2,1,0.9787010255061793,26621
893_refined.npy,9,Coronary,1,1,1.0,21632
944_refined.npy,9,Coronary,2,1,0.9851529773582904,18859
616_refined.npy,9,Coronary,2,2,0.6601283880171184,16824
726_refined.npy,9,Coronary,1,1,1.0,19492
402_refined.npy,9,Coronary,1,1,1.0,19812
447_refined.npy,9,Coronary,2,2,0.7513527012403229,12013
351_refined.npy,9,Coronary,2,2,0.637742624524038,32303
83_refined.npy,9,Coronary,2,1,0.9804328888293239,14923
776_refined.npy,9,Coronary,2,1,0.9732363861386139,25856
998_refined.npy,9,Coronary,2,1,0.9792954368899247,29607
323_refined.npy,9,Coronary,2,1,0.9807162534435262,11616
820_refined.npy,9,Coronary,2,2,0.9249896963868663,14558
304_refined.npy,9,Coronary,2,2,0.9275177025963808,20336
828_refined.npy,9,Coronary,2,2,0.6291759985069055,42864
561_refined.npy,9,Coronary,1,1,1.0,14195
564_refined.npy,9,Coronary,2,2,0.742693166117547,9409
409_refined.npy,9,Coronary,2,1,0.9827023498694517,18384
635_refined.npy,9,Coronary,2,2,0.9438455447956635,16419
638_refined.npy,9,Coronary,2,2,0.9471538577683829,39738
543_refined.npy,9,Coronary,2,2,0.9462512060843408,17619
467_refined.npy,9,Coronary,2,1,0.9719444083647227,15398
857_refined.npy,9,Coronary,2,2,0.9098837209302325,17888
593_refined.npy,9,Coronary,2,2,0.9194204372140315,15736
144_refined.npy,9,Coronary,2,2,0.9155071900505247,12865
272_refined.npy,9,Coronary,2,2,0.9291690877396862,17210
435_refined.npy,9,Coronary,2,1,0.9694124550722512,13633
690_refined.npy,9,Coronary,2,2,0.7330668997960118,24021
93_refined.npy,9,Coronary,2,2,0.9399307676644268,19644
336_refined.npy,9,Coronary,2,2,0.6604107096438784,19235
376_refined.npy,9,Coronary,2,2,0.5273290024148839,29401
332_refined.npy,9,Coronary,2,2,0.507299574539084,23974
101_refined.npy,9,Coronary,2,2,0.8891538356724349,14678
331_refined.npy,9,Coronary,2,1,0.9547707000630687,11099
176_refined.npy,9,Coronary,2,1,0.9817465130382049,16490
162_refined.npy,9,Coronary,2,2,0.7751963758779769,24061
854_refined.npy,9,Coronary,2,2,0.9478319783197832,11808
436_refined.npy,9,Coronary,2,2,0.9260972716488731,16860
174_refined.npy,9,Coronary,1,1,1.0,7755
834_refined.npy,9,Coronary,2,2,0.8656283955088736,13805
631_refined.npy,9,Coronary,2,2,0.8189954814042405,11508
747_refined.npy,9,Coronary,2,2,0.812532728224821,17187
840_refined.npy,9,Coronary,2,1,0.9738984250575119,11302
725_refined.npy,9,Coronary,2,2,0.8117148646159513,27145
385_refined.npy,9,Coronary,2,2,0.8708782239634345,30630
138_refined.npy,9,Coronary,2,2,0.6738278187235377,19131
170_refined.npy,9,Coronary,2,1,0.9774029092770112,50803
625_refined.npy,9,Coronary,2,1,0.9724656638325703,15290
88_refined.npy,9,Coronary,1,1,1.0,16433
805_refined.npy,9,Coronary,2,2,0.856062154978532,14673
881_refined.npy,9,Coronary,2,2,0.9443184849293145,14996
449_refined.npy,9,Coronary,1,1,1.0,11898
28_refined.npy,9,Coronary,2,2,0.8844651070775014,20219
939_refined.npy,9,Coronary,2,2,0.7387983706720977,13748
344_refined.npy,9,Coronary,2,1,0.9813186813186813,16380
699_refined.npy,9,Coronary,2,2,0.795561035758323,36495
295_refined.npy,9,Coronary,1,1,1.0,14469
349_refined.npy,9,Coronary,2,1,0.9735759290214736,15554
958_refined.npy,9,Coronary,1,1,1.0,21934
702_refined.npy,9,Coronary,2,2,0.8351626940313048,15397
960_refined.npy,9,Coronary,2,2,0.5436952288218111,16432
166_refined.npy,9,Coronary,1,1,1.0,13216
485_refined.npy,9,Coronary,2,2,0.6590052609977239,26801
509_refined.npy,9,Coronary,2,2,0.7791572380894135,16351
102_refined.npy,9,Coronary,2,2,0.923779674579888,14996
538_refined.npy,9,Coronary,2,2,0.61671388101983,24710
280_refined.npy,9,Coronary,1,1,1.0,8947
150_refined.npy,9,Coronary,2,1,0.965930981341846,18169
684_refined.npy,9,Coronary,2,1,0.9874573960463531,14670
676_refined.npy,9,Coronary,1,1,1.0,11605
18_refined.npy,9,Coronary,2,2,0.8191251271617498,14745
814_refined.npy,9,Coronary,2,2,0.7100464783696818,19579
829_refined.npy,9,Coronary,2,2,0.9029815105410384,14657
933_refined.npy,9,Coronary,2,2,0.9392236171665703,19037
782_refined.npy,9,Coronary,2,2,0.7272412599515403,8667
686_refined.npy,9,Coronary,2,2,0.929556503621391,20158
621_refined.npy,9,Coronary,1,1,1.0,17252
77_refined.npy,9,Coronary,2,2,0.9133924209644776,14329
785_refined.npy,9,Coronary,1,1,1.0,15898
797_refined.npy,9,Coronary,1,1,1.0,13722
348_refined.npy,9,Coronary,2,2,0.8527641778865769,19608
23_refined.npy,9,Coronary,2,2,0.5115531444645369,19908
215_refined.npy,9,Coronary,1,1,1.0,9030
691_refined.npy,9,Coronary,2,1,0.9589581279510195,19273
622_refined.npy,9,Coronary,2,2,0.9215365287242547,26267
67_refined.npy,9,Coronary,2,1,0.9666961717194069,9038
113_refined.npy,9,Coronary,2,1,0.9808757154157555,21491
852_refined.npy,9,Coronary,2,2,0.9434180775381901,18133
956_refined.npy,9,Coronary,2,2,0.7736030828516378,10380
70_refined.npy,9,Coronary,2,2,0.6704756842944459,15052
313_refined.npy,9,Coronary,2,2,0.927904206632813,15951
25_refined.npy,9,Coronary,2,2,0.8839418470180076,12106
970_refined.npy,9,Coronary,2,1,0.9790359107085086,15455
68_refined.npy,9,Coronary,2,2,0.6702650415941188,25845
875_refined.npy,9,Coronary,1,1,1.0,28006
440_refined.npy,9,Coronary,2,1,0.9836065573770492,8906
192_refined.npy,9,Coronary,2,1,0.9563993531772175,16697
8_refined.npy,9,Coronary,2,2,0.6676364643945691,14436
683_refined.npy,9,Coronary,2,1,0.9663328979828762,13782
531_refined.npy,9,Coronary,2,2,0.947696825105524,10898
540_refined.npy,9,Coronary,2,1,0.9791078115761119,15221
870_refined.npy,9,Coronary,2,2,0.8645604657821896,10477
190_refined.npy,9,Coronary,2,1,0.9688037061944258,26766
371_refined.npy,9,Coronary,2,2,0.9174443200199079,16074
179_refined.npy,9,Coronary,1,1,1.0,20859
27_refined.npy,9,Coronary,2,2,0.937107434623753,24359
743_refined.npy,9,Coronary,2,1,0.9625348542458808,19725
880_refined.npy,9,Coronary,2,1,0.9649498951293405,21455
931_refined.npy,9,Coronary,1,1,1.0,8382
367_refined.npy,9,Coronary,2,2,0.8825751734772552,25940
724_refined.npy,9,Coronary,2,1,0.9716908460649634,15578
142_refined.npy,9,Coronary,2,2,0.7297768848472032,18914
29_refined.npy,9,Coronary,2,2,0.910915171784737,26312
883_refined.npy,9,Coronary,2,2,0.8987721435935889,10669
927_refined.npy,9,Coronary,2,1,0.9704847941521274,14501
552_refined.npy,10,PV,3,3,0.5385561157549902,121187
31_refined.npy,10,PV,3,3,0.5729510764323955,140464
462_refined.npy,10,PV,3,3,0.4733474493994508,108151
602_refined.npy,10,PV,3,3,0.5087587262865596,115599
321_refined.npy,10,PV,2,2,0.5858021196341279,125399
555_refined.npy,10,PV,4,4,0.358262756788445,80173
26_refined.npy,10,PV,3,3,0.5416663088193615,116437
130_refined.npy,10,PV,2,2,0.5193634416123815,114365
816_refined.npy,10,PV,3,3,0.40129499005245073,138225
96_refined.npy,10,PV,2,2,0.5121604177668251,136344
808_refined.npy,10,PV,2,2,0.5391954983791718,147147
281_refined.npy,10,PV,3,3,0.5335772753230821,141837
706_refined.npy,10,PV,3,3,0.49832101508095866,117035
758_refined.npy,10,PV,3,3,0.5040068180285352,163097
972_refined.npy,10,PV,2,2,0.50036721089204,106206
639_refined.npy,10,PV,3,3,0.4875724817156677,102957
910_refined.npy,10,PV,3,3,0.5250185554688027,103743
610_refined.npy,10,PV,3,3,0.4978343645882913,126060
45_refined.npy,10,PV,3,3,0.3923637277066064,115449
3_refined.npy,10,PV,3,3,0.5884838281477645,123548
605_refined.npy,10,PV,3,3,0.5577817531305903,103415
208_refined.npy,10,PV,2,2,0.5036731004277857,157088
17_refined.npy,10,PV,3,3,0.4793457274539113,128448
594_refined.npy,10,PV,1,1,1.0,117911
481_refined.npy,10,PV,2,2,0.532575707593851,121256
637_refined.npy,10,PV,2,2,0.5621567452875081,178621
482_refined.npy,10,PV,2,2,0.5126729868148633,91770
128_refined.npy,10,PV,3,3,0.5052947039118518,144484
456_refined.npy,10,PV,2,2,0.5356875353952393,109478
59_refined.npy,10,PV,2,2,0.5537061363833017,127127
811_refined.npy,10,PV,3,3,0.4697185226678066,135677
299_refined.npy,10,PV,2,2,0.5959873591680863,157901
334_refined.npy,10,PV,2,2,0.5426048345676557,120714
322_refined.npy,10,PV,2,2,0.5954095758903543,115937
10_refined.npy,10,PV,2,2,0.5048862048018684,169559
982_refined.npy,10,PV,2,2,0.5154240695302569,135308
476_refined.npy,10,PV,3,3,0.5019706655997548,117473
819_refined.npy,10,PV,2,2,0.5686458612775344,134196
266_refined.npy,10,PV,3,3,0.5644288472879063,172966
669_refined.npy,10,PV,2,2,0.5893898332922723,133947
419_refined.npy,10,PV,3,3,0.3890877073392411,105624
822_refined.npy,10,PV,3,3,0.5517289295848814,136732
489_refined.npy,10,PV,2,2,0.5089080433448443,109171
267_refined.npy,10,PV,2,2,0.7359375952221342,114863
617_refined.npy,10,PV,3,3,0.45665446688051187,119401
868_refined.npy,10,PV,2,2,0.5342145670605515,104853
393_refined.npy,10,PV,3,3,0.5815565701838897,143238
662_refined.npy,10,PV,3,3,0.5511840020554104,116765
922_refined.npy,10,PV,3,3,0.468043893129771,104800
125_refined.npy,10,PV,2,2,0.5059277054584055,89495
437_refined.npy,10,PV,2,2,0.615350698684032,147420
404_refined.npy,10,PV,2,2,0.628072207137771,127799
319_refined.npy,10,PV,2,2,0.5635777546235999,153560
596_refined.npy,10,PV,3,3,0.4830559920011427,112016
678_refined.npy,10,PV,3,3,0.37180859195841615,117738
735_refined.npy,10,PV,2,2,0.5073415838752121,104882
249_refined.npy,10,PV,2,2,0.5042039562762128,151405
44_refined.npy,10,PV,3,3,0.3751151064775164,155291
123_refined.npy,10,PV,3,3,0.5333178972147453,103653
244_refined.npy,10,PV,2,2,0.5178347328790776,118729
930_refined.npy,10,PV,2,2,0.537318785714855,125473
407_refined.npy,10,PV,3,2,0.642859594330233,87411
844_refined.npy,10,PV,3,3,0.5002849205783888,112312
689_refined.npy,10,PV,2,2,0.5062515234503822,139486
657_refined.npy,10,PV,3,3,0.4733643700749843,104822
415_refined.npy,10,PV,3,3,0.5022503859933591,167749
694_refined.npy,10,PV,2,2,0.7192207545777506,94861
99_refined.npy,10,PV,3,3,0.5900829344776366,96944
525_refined.npy,10,PV,4,4,0.3456021308572534,134406
135_refined.npy,10,PV,3,2,0.75019286189315,112775
530_refined.npy,10,PV,2,2,0.5614748352726763,121261
985_refined.npy,10,PV,2,2,0.6056025811948281,126763
667_refined.npy,10,PV,3,3,0.567942833904607,103278
339_refined.npy,10,PV,2,2,0.5352237741841397,154285
148_refined.npy,10,PV,3,3,0.5154720576335778,153244
584_refined.npy,10,PV,2,2,0.5065823092833678,123285
212_refined.npy,10,PV,3,3,0.4593600044379929,108157
38_refined.npy,10,PV,3,3,0.47312421825506407,123122
515_refined.npy,10,PV,3,3,0.4539808316353483,132510
335_refined.npy,10,PV,2,2,0.547298527188838,126357
688_refined.npy,10,PV,2,2,0.5846984178557568,110799
633_refined.npy,10,PV,3,3,0.4762524175466822,116854
262_refined.npy,10,PV,2,2,0.5301051106666338,121491
682_refined.npy,10,PV,3,2,0.6439591652295803,108437
862_refined.npy,10,PV,3,2,0.5694344140788323,105236
189_refined.npy,10,PV,4,3,0.4486811791809676,148883
889_refined.npy,10,PV,3,3,0.5399361250124756,140274
37_refined.npy,10,PV,2,2,0.5333947372868466,118342
887_refined.npy,10,PV,2,2,0.5112117635801091,156755
623_refined.npy,10,PV,2,2,0.5483102214068598,111198
841_refined.npy,10,PV,3,3,0.5161847327457347,155208
431_refined.npy,10,PV,2,2,0.5601130092368949,136626
917_refined.npy,10,PV,3,3,0.5664535018106172,129790
545_refined.npy,10,PV,2,2,0.5073626407338099,130388
716_refined.npy,10,PV,3,3,0.4785108545595218,131834
122_refined.npy,10,PV,3,3,0.5746754037660471,123153
627_refined.npy,10,PV,2,2,0.5561201886743283,115119
265_refined.npy,10,PV,3,3,0.4527886991250835,128698
484_refined.npy,10,PV,2,2,0.5267016454295607,140085
350_refined.npy,10,PV,3,3,0.4712785847835467,104295
824_refined.npy,10,PV,2,2,0.5768667735137113,158482
598_refined.npy,10,PV,3,3,0.5585163078234918,121966
581_refined.npy,10,PV,2,2,0.5726934738384555,128299
72_refined.npy,10,PV,2,2,0.5446561304755719,138570
132_refined.npy,10,PV,2,2,0.5668477570449637,133819
652_refined.npy,10,PV,3,3,0.512234332618041,141201
789_refined.npy,10,PV,2,2,0.5547431677194458,123641
835_refined.npy,10,PV,3,3,0.480004857119728,98824
14_refined.npy,10,PV,3,3,0.38162484134360725,100059
129_refined.npy,10,PV,3,3,0.547418689547926,90671
976_refined.npy,10,PV,2,2,0.5509453023524318,110864
279_refined.npy,10,PV,2,2,0.5473759910194345,114024
64_refined.npy,10,PV,2,2,0.5633873308753607,119882
364_refined.npy,10,PV,2,2,0.5536359218838238,152286
524_refined.npy,10,PV,2,2,0.5896801897468492,129014
674_refined.npy,10,PV,2,2,0.5703014212088083,160075
40_refined.npy,10,PV,3,3,0.6070089870387932,88572
732_refined.npy,10,PV,2,2,0.5815684395463984,93915
219_refined.npy,10,PV,4,3,0.5392617044402399,124205
903_refined.npy,10,PV,3,3,0.5369153212941101,141039
845_refined.npy,10,PV,3,3,0.451983349260597,123478
547_refined.npy,10,PV,3,3,0.5085423152192762,121103
200_refined.npy,10,PV,2,2,0.5067678424938474,117024
567_refined.npy,10,PV,3,3,0.6027544858148325,115085
104_refined.npy,10,PV,3,3,0.4516250152809067,114522
765_refined.npy,10,PV,3,3,0.4886967998222849,153054
333_refined.npy,10,PV,4,3,0.42266172396936613,98192
287_refined.npy,10,PV,2,2,0.5008543114249915,140464
898_refined.npy,10,PV,4,4,0.2765855169687971,93613
234_refined.npy,10,PV,2,2,0.5441232672063371,115132
784_refined.npy,10,PV,3,3,0.3801185750891825,119418
168_refined.npy,10,PV,2,2,0.5364756649101697,120505
533_refined.npy,10,PV,2,2,0.593176324557392,122456
954_refined.npy,10,PV,2,2,0.7104399503281887,112740
291_refined.npy,10,PV,3,3,0.4897898441948341,154552
673_refined.npy,10,PV,3,3,0.4198744635880356,124904
863_refined.npy,10,PV,2,2,0.5331167046575165,123714
823_refined.npy,10,PV,2,2,0.5746663793501516,129938
155_refined.npy,10,PV,3,3,0.48618886496462627,113785
399_refined.npy,10,PV,3,2,0.554099596470223,135306
731_refined.npy,10,PV,3,3,0.40782965954588674,114641
246_refined.npy,10,PV,2,2,0.5500781780098534,101691
775_refined.npy,10,PV,3,3,0.4642169634090716,129349
979_refined.npy,10,PV,3,3,0.441887312404573,107412
368_refined.npy,10,PV,2,2,0.5339477836112919,112187
592_refined.npy,10,PV,2,2,0.5876544519901905,169632
583_refined.npy,10,PV,3,3,0.5227923483310705,148778
210_refined.npy,10,PV,3,3,0.4844989030213516,139474
458_refined.npy,10,PV,2,2,0.5189862968466238,121140
580_refined.npy,10,PV,2,2,0.5384794576923972,128783
783_refined.npy,10,PV,2,2,0.7156046220079885,102899
920_refined.npy,10,PV,2,2,0.5881173138162178,113678
410_refined.npy,10,PV,3,3,0.4968166050448959,140102
722_refined.npy,10,PV,3,3,0.5100591388934947,108558
534_refined.npy,10,PV,3,3,0.47490405544735936,139664
357_refined.npy,10,PV,2,2,0.5649972380777021,108620
935_refined.npy,10,PV,2,2,0.539258638993974,133754
153_refined.npy,10,PV,3,3,0.5145788824361328,99699
231_refined.npy,10,PV,2,2,0.5064538635967207,103194
98_refined.npy,10,PV,2,2,0.5615750663400694,156768
107_refined.npy,10,PV,3,3,0.46547857548664895,100329
589_refined.npy,10,PV,2,2,0.5717933973751861,118256
228_refined.npy,10,PV,4,3,0.42923051573570603,109242
205_refined.npy,10,PV,2,2,0.5654334660958588,140853
175_refined.npy,10,PV,4,3,0.49217161001448617,136682
542_refined.npy,10,PV,2,2,0.557118655821833,100939
343_refined.npy,10,PV,3,3,0.5069003425186477,110067
284_refined.npy,10,PV,2,2,0.6501870608632174,109590
217_refined.npy,10,PV,4,3,0.5650946332498407,134942
398_refined.npy,10,PV,2,2,0.6371307537677028,88051
224_refined.npy,10,PV,4,3,0.5067884885040842,89858
832_refined.npy,10,PV,2,2,0.5806946296053697,129767
245_refined.npy,10,PV,3,3,0.5863168153331799,147758
687_refined.npy,10,PV,2,2,0.5508341700248944,145414
386_refined.npy,10,PV,3,3,0.4888621683700997,129738
241_refined.npy,10,PV,2,2,0.5781973347994227,160063
763_refined.npy,10,PV,2,2,0.5083423560943574,112678
891_refined.npy,10,PV,3,3,0.5101550305094367,112752
912_refined.npy,10,PV,3,3,0.5526112931200616,134914
618_refined.npy,10,PV,2,2,0.5523043228965945,106387
535_refined.npy,10,PV,3,3,0.4647071166852291,123906
263_refined.npy,10,PV,2,2,0.507998447300141,146841
869_refined.npy,10,PV,3,3,0.5203791630503225,117522
446_refined.npy,10,PV,3,3,0.5565312339425971,108984
550_refined.npy,10,PV,2,2,0.5297309737514687,82557
544_refined.npy,10,PV,3,3,0.42208271787296897,102904
54_refined.npy,10,PV,3,3,0.5289928148241523,126928
659_refined.npy,10,PV,2,2,0.5289675638282053,154673
365_refined.npy,10,PV,2,2,0.5027205997704624,121113
591_refined.npy,10,PV,3,3,0.46252074497510604,108460
252_refined.npy,10,PV,2,2,0.5048207118599215,113365
297_refined.npy,10,PV,3,3,0.4765732462173315,116320
804_refined.npy,10,PV,2,2,0.5709649855506591,104157
941_refined.npy,10,PV,3,3,0.5336492644638123,115426
16_refined.npy,10,PV,3,3,0.37755032940243205,103369
812_refined.npy,10,PV,2,2,0.6762973168011547,76215
994_refined.npy,10,PV,2,2,0.5556840047762829,131483
850_refined.npy,10,PV,3,3,0.5117109896574951,117283
463_refined.npy,10,PV,2,2,0.539733361726076,131489
422_refined.npy,10,PV,4,3,0.575426235501346,120356
670_refined.npy,10,PV,4,3,0.4863989696051665,110249
136_refined.npy,10,PV,2,2,0.5555564812423457,120031
292_refined.npy,10,PV,2,2,0.5341013106900111,102694
43_refined.npy,10,PV,2,2,0.5840202772132532,131379
886_refined.npy,10,PV,3,3,0.5483813444091926,134587
172_refined.npy,10,PV,3,3,0.536157041490892,123738
290_refined.npy,10,PV,2,2,0.5721895073111543,145873
256_refined.npy,10,PV,3,3,0.40398151066288474,114228
973_refined.npy,10,PV,3,3,0.4362683866669695,132093
425_refined.npy,10,PV,2,2,0.5230193244613021,122332
513_refined.npy,10,PV,2,2,0.500415469480513,99887
858_refined.npy,10,PV,3,3,0.5517287809569608,103975
47_refined.npy,10,PV,2,2,0.5622239377322902,125651
312_refined.npy,10,PV,3,3,0.47498091591932823,171609
15_refined.npy,10,PV,3,3,0.41296420523934846,116274
443_refined.npy,10,PV,2,2,0.5477628528786003,157455
442_refined.npy,10,PV,3,3,0.4799046383748333,109478
232_refined.npy,10,PV,3,3,0.5462628359986956,150261
562_refined.npy,10,PV,3,3,0.48976410880267635,157827
261_refined.npy,10,PV,2,2,0.5388941263270074,121985
575_refined.npy,10,PV,2,2,0.5416057242388013,164773
709_refined.npy,10,PV,2,2,0.5731436155543298,116032
780_refined.npy,10,PV,3,3,0.582834633066273,112459
209_refined.npy,10,PV,2,2,0.5752930764320121,137848
140_refined.npy,10,PV,3,3,0.5779558745728298,139874
53_refined.npy,10,PV,2,2,0.5413278222681478,96775
988_refined.npy,10,PV,2,2,0.6781882839585163,67207
523_refined.npy,10,PV,3,3,0.4934022297652765,138759
294_refined.npy,10,PV,3,3,0.4910475406462235,121475
681_refined.npy,10,PV,2,2,0.5300864760989671,166520
838_refined.npy,10,PV,3,3,0.5339493829981719,140032
739_refined.npy,10,PV,3,3,0.4461265117825527,96244
648_refined.npy,10,PV,3,3,0.43508908363991666,100299
2_refined.npy,10,PV,3,3,0.39945909803099705,100203
6_refined.npy,10,PV,2,2,0.5503622445796983,112217
577_refined.npy,10,PV,3,3,0.4918591802203115,115836
158_refined.npy,10,PV,3,3,0.5102505878835385,123749
413_refined.npy,10,PV,3,3,0.5137245342155667,143575
996_refined.npy,10,PV,3,3,0.5654070289652001,139167
110_refined.npy,10,PV,3,3,0.6191810344827586,134560
981_refined.npy,10,PV,4,3,0.41076112837483353,198232
50_refined.npy,10,PV,2,2,0.5663610487319954,139826
307_refined.npy,10,PV,3,3,0.47985760560369634,121634
807_refined.npy,10,PV,3,3,0.5299740615412974,151898
915_refined.npy,10,PV,4,4,0.2719180979778323,118190
126_refined.npy,10,PV,2,2,0.5293397926621584,120962
532_refined.npy,10,PV,2,2,0.5750892149088025,121056
274_refined.npy,10,PV,2,2,0.5398566097675076,91917
218_refined.npy,10,PV,2,2,0.5082482384988815,131422
961_refined.npy,10,PV,2,2,0.5307593283406782,106423
558_refined.npy,10,PV,2,2,0.6160275364574275,109237
32_refined.npy,10,PV,3,2,0.6462561268671727,94461
541_refined.npy,10,PV,3,3,0.47947198835879845,115452
984_refined.npy,10,PV,2,2,0.5542007826518301,163291
704_refined.npy,10,PV,4,4,0.33254221461364875,102808
459_refined.npy,10,PV,2,2,0.5970916621645957,111060
309_refined.npy,10,PV,2,2,0.5174804289786868,110495
769_refined.npy,10,PV,2,2,0.5283284532552521,187497
455_refined.npy,10,PV,3,3,0.37750019904282517,113041
719_refined.npy,10,PV,3,3,0.5463398043480207,111729
412_refined.npy,10,PV,4,3,0.46892470694319205,88720
221_refined.npy,10,PV,4,3,0.3805743905588019,104563
810_refined.npy,10,PV,3,3,0.4582120794404452,117522
518_refined.npy,10,PV,3,3,0.5136050508391699,139066
790_refined.npy,10,PV,4,3,0.4667527372445405,99918
703_refined.npy,10,PV,3,3,0.4200498609646179,104290
152_refined.npy,10,PV,2,2,0.5415960108124444,119122
73_refined.npy,10,PV,3,3,0.40310262855893764,146392
340_refined.npy,10,PV,3,3,0.43638901754088416,153299
411_refined.npy,10,PV,3,3,0.4954580064809732,112946
537_refined.npy,10,PV,3,3,0.531632696662821,117015
721_refined.npy,10,PV,2,2,0.508669161095095,97818
355_refined.npy,10,PV,2,2,0.5885033423848793,139571
423_refined.npy,10,PV,3,3,0.5518094236650548,135043
1_refined.npy,10,PV,3,3,0.5274230509090542,99059
164_refined.npy,10,PV,2,2,0.5743025228281662,138535
693_refined.npy,10,PV,3,3,0.4530004837436668,157108
802_refined.npy,10,PV,2,2,0.5274112887467161,138173
959_refined.npy,10,PV,2,2,0.6220221749962193,125637
500_refined.npy,10,PV,2,2,0.507714620749244,97218
967_refined.npy,10,PV,3,3,0.5703679106320297,117447
692_refined.npy,10,PV,2,2,0.5764771228216344,115224
314_refined.npy,10,PV,3,3,0.5655337361530715,119160
109_refined.npy,10,PV,2,2,0.5373355790824511,149616
990_refined.npy,10,PV,3,3,0.44366596009773307,123602
55_refined.npy,10,PV,3,2,0.5276780166992469,131982
521_refined.npy,10,PV,2,2,0.5363227771116038,115919
496_refined.npy,10,PV,4,3,0.5663525270134836,118737
839_refined.npy,10,PV,2,2,0.5172464648217229,115270
741_refined.npy,10,PV,2,2,0.5335605705700854,123806
310_refined.npy,10,PV,3,3,0.38618842881735094,120247
51_refined.npy,10,PV,3,3,0.4374869243293886,109937
159_refined.npy,10,PV,3,3,0.4623849887705571,138030
906_refined.npy,10,PV,2,2,0.6135076124159093,135568
925_refined.npy,10,PV,3,3,0.47440025914140355,104962
441_refined.npy,10,PV,2,2,0.5090427629725618,124243
628_refined.npy,10,PV,2,2,0.5356635632002524,139414
285_refined.npy,10,PV,3,3,0.5035775227577318,136547
91_refined.npy,10,PV,3,3,0.4645243517295023,106707
197_refined.npy,10,PV,2,2,0.5165124028137726,108040
993_refined.npy,10,PV,2,2,0.5551970708239949,121809
661_refined.npy,10,PV,3,3,0.48080866740467854,110206
568_refined.npy,10,PV,2,2,0.5492265062772496,152296
383_refined.npy,10,PV,2,2,0.5270397648299331,125186
793_refined.npy,10,PV,2,2,0.7114532475385129,110807
276_refined.npy,10,PV,3,3,0.5426131368526814,119435
751_refined.npy,10,PV,3,3,0.5005168081926025,125772
199_refined.npy,10,PV,3,2,0.5286494202499311,79862
243_refined.npy,10,PV,3,3,0.5170229936941743,146214
611_refined.npy,10,PV,3,3,0.52547311041145,148961
809_refined.npy,10,PV,2,2,0.5561599440990795,166008
346_refined.npy,10,PV,2,2,0.5481566476214428,127241
483_refined.npy,10,PV,3,3,0.5747051704603976,155344
729_refined.npy,10,PV,2,2,0.6212170821834511,85516
926_refined.npy,10,PV,3,3,0.5070425985351396,163292
117_refined.npy,10,PV,3,3,0.5622092846502296,131572
448_refined.npy,10,PV,3,3,0.5455636771061196,149944
306_refined.npy,10,PV,2,2,0.564141206557976,87588
173_refined.npy,10,PV,2,2,0.51494702320888,142704
320_refined.npy,10,PV,2,2,0.529199213560763,131733
430_refined.npy,10,PV,3,3,0.49951610769562826,143627
733_refined.npy,10,PV,2,2,0.5329586990576125,120651
495_refined.npy,10,PV,3,3,0.49571910621652926,119134
754_refined.npy,10,PV,3,3,0.5800397011119539,123926
876_refined.npy,10,PV,2,2,0.5404228047036095,107662
539_refined.npy,10,PV,2,2,0.5375422122349574,159314
995_refined.npy,10,PV,3,3,0.5496312924171064,95333
316_refined.npy,10,PV,2,2,0.6382799088171559,106599
300_refined.npy,10,PV,2,2,0.5165666837041222,111519
969_refined.npy,10,PV,2,2,0.5029022774863753,146609
445_refined.npy,10,PV,3,2,0.5197856905789199,105455
347_refined.npy,10,PV,2,2,0.5930024174298983,131131
585_refined.npy,10,PV,3,3,0.4604025697152921,140249
361_refined.npy,10,PV,2,2,0.5117558588916177,157581
565_refined.npy,10,PV,2,2,0.668178803954666,66352
570_refined.npy,10,PV,3,3,0.5932574829336601,142825
572_refined.npy,10,PV,2,2,0.5050157131261837,96098
664_refined.npy,10,PV,3,3,0.4016577607052731,151771
921_refined.npy,10,PV,3,3,0.414483449274844,111838
705_refined.npy,10,PV,4,3,0.5201304196652912,152431
248_refined.npy,10,PV,3,3,0.5368442866158643,106163
238_refined.npy,10,PV,2,2,0.712575866475004,100176
571_refined.npy,10,PV,2,2,0.5200006434954674,124321
480_refined.npy,10,PV,3,3,0.5242075417365044,135433
974_refined.npy,10,PV,2,2,0.5499346954006904,128628
302_refined.npy,10,PV,2,2,0.5161092310053226,123811
715_refined.npy,10,PV,3,3,0.41542543410302885,152268
97_refined.npy,10,PV,2,2,0.5284569305338875,83969
253_refined.npy,10,PV,2,2,0.5663497688576913,176082
369_refined.npy,10,PV,4,3,0.5729301409871541,122919
582_refined.npy,10,PV,3,3,0.41219355243745487,127428
325_refined.npy,10,PV,3,3,0.44660270217348735,153210
454_refined.npy,10,PV,2,2,0.582559219693451,120568
65_refined.npy,10,PV,2,2,0.5847487461542779,195997
946_refined.npy,10,PV,2,2,0.5531486653080736,119241
798_refined.npy,10,PV,3,3,0.5566371681415929,96050
884_refined.npy,10,PV,3,3,0.5344729301990669,133322
33_refined.npy,10,PV,3,2,0.5566014153586236,116013
230_refined.npy,10,PV,4,4,0.3585613241134864,126394
379_refined.npy,10,PV,3,3,0.48191183424155276,129007
831_refined.npy,10,PV,3,3,0.5391498520745834,124049
675_refined.npy,10,PV,3,3,0.5363547685150446,119943
36_refined.npy,10,PV,2,2,0.5070429179285425,105993
328_refined.npy,10,PV,2,2,0.5270460010179546,113954
744_refined.npy,10,PV,2,2,0.5092037163071177,126362
914_refined.npy,10,PV,2,2,0.5124041335109639,111092
738_refined.npy,10,PV,2,2,0.5235942717891633,132956
826_refined.npy,10,PV,2,2,0.5518865175480517,85793
817_refined.npy,10,PV,2,2,0.562880629215938,109851
965_refined.npy,10,PV,3,3,0.48275170477336543,109692
286_refined.npy,10,PV,3,3,0.4472310580887429,154987
836_refined.npy,10,PV,3,3,0.5484420533512665,133830
116_refined.npy,10,PV,2,2,0.5744879081096189,75133
188_refined.npy,10,PV,3,3,0.5055611019249369,128212
556_refined.npy,10,PV,3,3,0.4962929298330036,112218
655_refined.npy,10,PV,3,3,0.37213606191306475,65382
156_refined.npy,10,PV,3,3,0.4677069818503258,140278
288_refined.npy,10,PV,3,3,0.5107467690262941,100821
424_refined.npy,10,PV,3,3,0.487632572031549,111826
619_refined.npy,10,PV,3,3,0.47817800792698667,131702
401_refined.npy,10,PV,3,3,0.45303808124659545,121162
872_refined.npy,10,PV,2,2,0.6058803520186999,114653
606_refined.npy,10,PV,2,2,0.5672629640036215,128124
318_refined.npy,10,PV,3,3,0.5695006414684693,121596
668_refined.npy,10,PV,3,3,0.5410274074625754,107416
843_refined.npy,10,PV,2,2,0.5060686848844144,114028
800_refined.npy,10,PV,3,3,0.6011133925857839,134903
962_refined.npy,10,PV,2,2,0.5958242918303912,85255
356_refined.npy,10,PV,3,3,0.6163508277122943,160261
220_refined.npy,10,PV,2,2,0.5453066309643348,107556
151_refined.npy,10,PV,3,3,0.5520002696235381,148355
145_refined.npy,10,PV,3,3,0.4465293162676808,111491
650_refined.npy,10,PV,3,3,0.5394828116082012,113885
940_refined.npy,10,PV,3,3,0.42377775081887664,123645
578_refined.npy,10,PV,2,2,0.5091861111270244,174557
432_refined.npy,10,PV,2,2,0.6058449793526541,160069
600_refined.npy,10,PV,3,3,0.5067966145165427,93576
742_refined.npy,10,PV,2,2,0.6004479044470513,93770
787_refined.npy,10,PV,3,3,0.5693504097931121,143121
630_refined.npy,10,PV,2,2,0.5096406586511557,117938
597_refined.npy,10,PV,4,3,0.39615061127632095,133164
708_refined.npy,10,PV,3,3,0.5272202297732661,164510
697_refined.npy,10,PV,2,2,0.5591690948397405,159585
20_refined.npy,10,PV,2,2,0.5826265512007857,89608
579_refined.npy,10,PV,3,3,0.5373269910481286,121092
957_refined.npy,10,PV,2,2,0.5283707233573413,137871
629_refined.npy,10,PV,2,2,0.5384032339565437,118740
196_refined.npy,10,PV,3,3,0.4934127869842005,142473
767_refined.npy,10,PV,3,3,0.49453819496760587,159288
885_refined.npy,10,PV,2,2,0.5643701888758127,103666
877_refined.npy,10,PV,3,3,0.5110000799424415,125090
516_refined.npy,10,PV,3,3,0.5436601395150618,133749
718_refined.npy,10,PV,3,3,0.515224320852562,126114
13_refined.npy,10,PV,2,2,0.5546353758498719,94426
439_refined.npy,10,PV,2,2,0.5699343362744476,141783
345_refined.npy,10,PV,3,3,0.4907644167844048,115369
963_refined.npy,10,PV,3,3,0.48515697795301055,129859
711_refined.npy,10,PV,3,3,0.5003154187183486,114134
608_refined.npy,10,PV,2,2,0.5173789989187814,125784
723_refined.npy,10,PV,3,2,0.49974078512361575,117663
949_refined.npy,10,PV,3,3,0.5180668136340512,147425
647_refined.npy,10,PV,2,2,0.7219645906353914,111270
574_refined.npy,10,PV,2,2,0.5232859192713207,128232
498_refined.npy,10,PV,3,3,0.4024450150720107,89570
879_refined.npy,10,PV,3,3,0.48667249211037533,138473
94_refined.npy,10,PV,2,2,0.5475421472937001,112700
473_refined.npy,10,PV,3,3,0.5255560512395641,125528
60_refined.npy,10,PV,3,3,0.435733647806468,122109
95_refined.npy,10,PV,2,2,0.5285893134358255,99845
479_refined.npy,10,PV,2,2,0.5509935710111046,95816
907_refined.npy,10,PV,2,2,0.5221292322199957,144221
737_refined.npy,10,PV,3,3,0.45658228287668856,143985
184_refined.npy,10,PV,3,3,0.5646506368476434,127346
41_refined.npy,10,PV,3,3,0.3957413508265141,103507
573_refined.npy,10,PV,2,2,0.5156865024663267,120422
772_refined.npy,10,PV,2,2,0.5892475023511292,146738
663_refined.npy,10,PV,2,2,0.5263031197843112,124624
438_refined.npy,10,PV,2,2,0.5077329087236646,135654
157_refined.npy,10,PV,3,3,0.40425388762268405,118903
326_refined.npy,10,PV,2,2,0.5539300935221192,133979
980_refined.npy,10,PV,3,3,0.5244301386060566,152230
269_refined.npy,10,PV,2,2,0.628679480681508,102596
919_refined.npy,10,PV,2,2,0.5116465863453815,159360
806_refined.npy,10,PV,2,2,0.5708444225108835,113474
450_refined.npy,10,PV,2,2,0.5321055165772458,116304
714_refined.npy,10,PV,2,2,0.5917918196042876,136766
528_refined.npy,10,PV,3,3,0.3914141752542782,149246
427_refined.npy,10,PV,2,2,0.5431017170398634,119508
239_refined.npy,10,PV,2,2,0.7154059985369422,102525
81_refined.npy,10,PV,3,3,0.378573024265183,94003
658_refined.npy,10,PV,2,2,0.5156392085541376,127564
273_refined.npy,10,PV,2,2,0.56845492212146,111263
74_refined.npy,10,PV,2,2,0.5259466589454043,124332
39_refined.npy,10,PV,3,3,0.4689335798792361,122222
250_refined.npy,10,PV,2,2,0.5353943034626346,117194
712_refined.npy,10,PV,3,3,0.3849089106332689,99847
366_refined.npy,10,PV,2,2,0.6376577493057656,145484
112_refined.npy,10,PV,2,2,0.5284798656234805,113115
177_refined.npy,10,PV,2,2,0.6020394430353538,96595
143_refined.npy,10,PV,2,2,0.5415088151808837,88427
76_refined.npy,10,PV,3,3,0.49552877396723316,150518
510_refined.npy,10,PV,2,2,0.5307599197759381,113183
527_refined.npy,10,PV,2,2,0.5166989546757073,99108
882_refined.npy,10,PV,3,3,0.4111005142091117,149939
773_refined.npy,10,PV,4,3,0.34084554355665775,101213
204_refined.npy,10,PV,3,3,0.43266083567777036,91351
394_refined.npy,10,PV,2,2,0.5203744991112048,132764
227_refined.npy,10,PV,3,3,0.5300935081078026,141592
457_refined.npy,10,PV,2,2,0.5430042338349003,100618
278_refined.npy,10,PV,3,3,0.5297571353576659,144772
607_refined.npy,10,PV,3,3,0.454861187314825,182260
753_refined.npy,10,PV,3,3,0.4633819308052576,105904
146_refined.npy,10,PV,3,3,0.5260713890849712,117581
576_refined.npy,10,PV,2,2,0.6639826571694023,71038
755_refined.npy,10,PV,2,2,0.5494955429683556,108929
183_refined.npy,10,PV,2,2,0.5113111745681674,121517
548_refined.npy,10,PV,2,2,0.5262597957069249,143813
186_refined.npy,10,PV,2,2,0.5174059152262305,161583
900_refined.npy,10,PV,2,2,0.5242263639103788,79624
488_refined.npy,10,PV,3,3,0.5193009622829333,117533
30_refined.npy,10,PV,4,4,0.2967562391525525,100254
406_refined.npy,10,PV,2,2,0.5305590244619114,136130
856_refined.npy,10,PV,2,2,0.5920704500978473,127750
66_refined.npy,10,PV,2,2,0.5510059117364007,130926
952_refined.npy,10,PV,4,3,0.4317153138744502,125050
778_refined.npy,10,PV,2,2,0.5692949407965554,133776
760_refined.npy,10,PV,4,3,0.5483284528336622,173821
695_refined.npy,10,PV,3,2,0.5033724799665736,134026
953_refined.npy,10,PV,2,2,0.5973749526734256,118855
380_refined.npy,10,PV,2,2,0.6243623352699448,169368
497_refined.npy,10,PV,2,2,0.5581725366197451,104998
198_refined.npy,10,PV,2,2,0.6486075132797774,99211
504_refined.npy,10,PV,2,2,0.5052247383898849,133978
526_refined.npy,10,PV,3,3,0.4350215002388915,104650
106_refined.npy,10,PV,2,2,0.5792375112267336,161445
506_refined.npy,10,PV,3,3,0.4685475330176925,128416
160_refined.npy,10,PV,3,3,0.4398580121703854,147900
601_refined.npy,10,PV,3,3,0.42529139439929425,128091
89_refined.npy,10,PV,2,2,0.5266674387321497,112253
936_refined.npy,10,PV,3,3,0.5930376619377385,139637
147_refined.npy,10,PV,2,2,0.536250022838976,109462
48_refined.npy,10,PV,2,2,0.5569027758686798,138227
549_refined.npy,10,PV,2,2,0.5831367100471074,121637
653_refined.npy,10,PV,3,3,0.49711304163576653,113268
22_refined.npy,10,PV,2,2,0.5072322107362539,101283
11_refined.npy,10,PV,2,2,0.5088808765906193,127859
408_refined.npy,10,PV,2,2,0.5633814086535577,99982
634_refined.npy,10,PV,3,3,0.4115897024942402,99830
503_refined.npy,10,PV,2,2,0.5448885450960785,106007
849_refined.npy,10,PV,2,2,0.5076056989724113,155607
888_refined.npy,10,PV,2,2,0.552654537523401,110038
414_refined.npy,10,PV,3,3,0.5248816647316246,111970
997_refined.npy,10,PV,3,3,0.5633517914485827,158196
890_refined.npy,10,PV,3,3,0.41136800778869215,126337
255_refined.npy,10,PV,2,2,0.5099577113528753,110668
586_refined.npy,10,PV,2,2,0.5529359738716707,187689
161_refined.npy,10,PV,3,3,0.5587704677541185,160191
899_refined.npy,10,PV,3,3,0.45337495322887356,195099
327_refined.npy,10,PV,3,3,0.5733910654355122,115014
847_refined.npy,10,PV,3,3,0.5337399472866121,177564
317_refined.npy,10,PV,3,3,0.38538330494037476,88050
853_refined.npy,10,PV,3,3,0.5070570294502547,92461
226_refined.npy,10,PV,3,3,0.4363668626271043,129618
679_refined.npy,10,PV,4,3,0.5097577440586692,130358
966_refined.npy,10,PV,3,3,0.4653197147046398,120717
42_refined.npy,10,PV,3,3,0.49813128688483743,140471
180_refined.npy,10,PV,2,2,0.5693080365184934,138779
830_refined.npy,10,PV,4,3,0.5338967872890246,117253
397_refined.npy,10,PV,2,2,0.5068601690323978,147664
848_refined.npy,10,PV,3,3,0.4862092624356775,174900
837_refined.npy,10,PV,3,3,0.62528719687183,115339
978_refined.npy,10,PV,2,2,0.514535653262099,83106
654_refined.npy,10,PV,2,2,0.5580604553339781,130278
71_refined.npy,10,PV,2,2,0.5091925748100729,101223
92_refined.npy,10,PV,2,2,0.5031490616524382,109874
603_refined.npy,10,PV,3,2,0.4959465081723626,168250
429_refined.npy,10,PV,2,2,0.5251871207759422,112895
768_refined.npy,10,PV,2,2,0.5318340051300843,109160
846_refined.npy,10,PV,4,4,0.3306339840810993,101012
171_refined.npy,10,PV,4,4,0.3035803903012575,139482
469_refined.npy,10,PV,2,2,0.5253002075360789,166718
203_refined.npy,10,PV,3,3,0.5839584438796883,179035
84_refined.npy,10,PV,3,3,0.43165874281820577,129146
902_refined.npy,10,PV,3,3,0.44635313451592634,103445
827_refined.npy,10,PV,4,3,0.481895757530639,107461
698_refined.npy,10,PV,2,2,0.5878235246688706,136427
865_refined.npy,10,PV,2,2,0.5167547387595361,110894
864_refined.npy,10,PV,3,2,0.6257487706750112,156590
696_refined.npy,10,PV,3,3,0.5181763523167333,154679
569_refined.npy,10,PV,2,2,0.5533531091458512,108213
257_refined.npy,10,PV,3,3,0.5274297324754487,147650
193_refined.npy,10,PV,2,2,0.5301008703866136,118568
464_refined.npy,10,PV,3,3,0.5260843933292699,100079
871_refined.npy,10,PV,3,3,0.5015451953047284,150790
897_refined.npy,10,PV,2,2,0.5201373712144864,124917
194_refined.npy,10,PV,3,3,0.4943260448380847,115616
771_refined.npy,10,PV,2,2,0.521049873692937,127863
873_refined.npy,10,PV,3,3,0.42123071542082013,131517
181_refined.npy,10,PV,3,3,0.5126043109135859,137929
191_refined.npy,10,PV,2,2,0.5196024505434061,158169
866_refined.npy,10,PV,3,3,0.4794007490636704,120951
736_refined.npy,10,PV,2,2,0.5397193329543861,135463
187_refined.npy,10,PV,3,3,0.4352837492223681,115736
359_refined.npy,10,PV,2,2,0.5570892592269435,114610
63_refined.npy,10,PV,2,2,0.5129364366283429,174739
991_refined.npy,10,PV,2,2,0.5225277461339591,146597
588_refined.npy,10,PV,3,3,0.4545164639572827,134840
512_refined.npy,10,PV,3,3,0.5108129206489862,94794
646_refined.npy,10,PV,3,3,0.4408812436391212,100222
387_refined.npy,10,PV,2,2,0.5105992165389013,106706
511_refined.npy,10,PV,3,3,0.5579799276253632,112194
615_refined.npy,10,PV,3,3,0.5423290751788112,128068
474_refined.npy,10,PV,3,3,0.5976743472524775,130372
795_refined.npy,10,PV,3,3,0.549066777270842,144660
786_refined.npy,10,PV,3,3,0.45040710275055856,119503
999_refined.npy,10,PV,3,3,0.609673755613675,95971
214_refined.npy,10,PV,4,4,0.4574885068161888,150524
270_refined.npy,10,PV,3,3,0.5486187009231079,118946
289_refined.npy,10,PV,2,2,0.5479621756340712,136420
766_refined.npy,10,PV,4,3,0.4662657380937899,131528
717_refined.npy,10,PV,2,2,0.5519428463642365,127236
905_refined.npy,10,PV,2,2,0.5114339597608014,105519
587_refined.npy,10,PV,3,3,0.5066280691225531,113306
182_refined.npy,10,PV,3,3,0.5354738259552264,95056
609_refined.npy,10,PV,2,2,0.5630419929573763,95135
855_refined.npy,10,PV,2,2,0.5884921523522586,98246
913_refined.npy,10,PV,4,3,0.522499092778517,115738
296_refined.npy,10,PV,2,2,0.5032731328557334,116555
80_refined.npy,10,PV,2,2,0.5381543845061151,115452
377_refined.npy,10,PV,3,3,0.5436445515096493,111251
382_refined.npy,10,PV,4,3,0.5756502916681954,109028
56_refined.npy,10,PV,2,2,0.5374733540553485,106489
133_refined.npy,10,PV,2,2,0.5296180965675221,111756
444_refined.npy,10,PV,2,2,0.5591299486710373,98385
799_refined.npy,10,PV,3,3,0.5260679955937165,132538
746_refined.npy,10,PV,3,3,0.5586063245597425,116182
79_refined.npy,10,PV,2,2,0.5158145542774355,114578
236_refined.npy,10,PV,2,2,0.5579882799922725,93174
315_refined.npy,10,PV,3,3,0.48670342007808703,119354
453_refined.npy,10,PV,2,2,0.5010344827586207,136300
554_refined.npy,10,PV,3,3,0.4614693564794631,151386
1000_refined.npy,10,PV,3,3,0.5009911466967656,141755
977_refined.npy,10,PV,3,3,0.5080609479564183,144648
225_refined.npy,10,PV,2,2,0.5251809739689968,109408
486_refined.npy,10,PV,2,2,0.6362312714292424,63873
251_refined.npy,10,PV,2,2,0.6495076305595744,107135
645_refined.npy,10,PV,3,3,0.4649339464747079,123082
301_refined.npy,10,PV,3,3,0.599783364841863,148637
374_refined.npy,10,PV,3,3,0.48646546068047614,106690
740_refined.npy,10,PV,2,2,0.5254447093343114,109060
934_refined.npy,10,PV,3,3,0.52211176393584,129863
237_refined.npy,10,PV,4,3,0.5732079747281854,133271
796_refined.npy,10,PV,2,2,0.511980117924725,239814
520_refined.npy,10,PV,3,3,0.6135222211693357,147742
487_refined.npy,10,PV,2,2,0.53919081606329,139548
894_refined.npy,10,PV,2,2,0.5290159404224758,128102
131_refined.npy,10,PV,2,2,0.5487264395497801,119586
499_refined.npy,10,PV,2,2,0.5536551835678474,148392
950_refined.npy,10,PV,3,3,0.5842162605990747,126662
338_refined.npy,10,PV,2,2,0.5786822687520635,130239
728_refined.npy,10,PV,3,3,0.5039583552147884,152336
730_refined.npy,10,PV,3,3,0.49890803727809374,138741
641_refined.npy,10,PV,2,2,0.5234139810794618,135197
163_refined.npy,10,PV,2,2,0.5281074229580923,126230
901_refined.npy,10,PV,2,2,0.7480012945138981,83429
546_refined.npy,10,PV,2,2,0.5070115144369466,119589
9_refined.npy,10,PV,3,3,0.44460057545429343,104613
86_refined.npy,10,PV,3,3,0.5223619926909021,129975
665_refined.npy,10,PV,2,2,0.5369982621076655,191036
418_refined.npy,10,PV,3,3,0.46819133829165016,154219
710_refined.npy,10,PV,3,3,0.4944890143116307,124025
734_refined.npy,10,PV,4,4,0.2755727586567633,95590
896_refined.npy,10,PV,3,3,0.5091710396450803,102333
756_refined.npy,10,PV,4,3,0.5319285301152085,127942
403_refined.npy,10,PV,2,2,0.5388170530056384,97367
908_refined.npy,10,PV,2,2,0.5125439797165088,108857
82_refined.npy,10,PV,3,3,0.4970347712091891,112133
466_refined.npy,10,PV,2,2,0.5561886880330684,137412
987_refined.npy,10,PV,2,2,0.5274259951587752,153267
947_refined.npy,10,PV,2,2,0.5264827954677248,153477
137_refined.npy,10,PV,2,2,0.5481916480238628,85824
614_refined.npy,10,PV,3,3,0.48881838582372517,155076
701_refined.npy,10,PV,2,2,0.5768400411045432,106071
968_refined.npy,10,PV,3,3,0.45091059675586137,113497
384_refined.npy,10,PV,2,2,0.5314038383790339,126147
391_refined.npy,10,PV,2,2,0.5247274529236868,100900
986_refined.npy,10,PV,2,2,0.5088511581772566,85695
400_refined.npy,10,PV,3,3,0.5195301165348435,106835
477_refined.npy,10,PV,3,3,0.48434167593284605,109718
801_refined.npy,10,PV,3,3,0.5430044277127762,93502
119_refined.npy,10,PV,3,3,0.48760738619531946,81016
247_refined.npy,10,PV,2,2,0.5498176109341091,108285
211_refined.npy,10,PV,2,2,0.5357142857142857,118440
341_refined.npy,10,PV,3,3,0.46248831931651313,134838
536_refined.npy,10,PV,2,2,0.5507577040719744,100369
426_refined.npy,10,PV,3,2,0.5183936672452685,119253
216_refined.npy,10,PV,2,2,0.559415395687436,144508
604_refined.npy,10,PV,3,3,0.4882141349998995,149289
21_refined.npy,10,PV,2,2,0.5439489163740466,89422
353_refined.npy,10,PV,3,3,0.5371071474365463,148179
983_refined.npy,10,PV,2,2,0.6074871264900308,112246
779_refined.npy,10,PV,2,2,0.6062717522551317,140790
924_refined.npy,10,PV,2,2,0.5317225436930371,135834
842_refined.npy,10,PV,3,2,0.5034035457018275,146318
283_refined.npy,10,PV,4,3,0.5339239218268339,133652
124_refined.npy,10,PV,2,2,0.5992136385213928,96902
501_refined.npy,10,PV,2,2,0.5620886391366362,116382
752_refined.npy,10,PV,3,3,0.46293008557326987,112652
19_refined.npy,10,PV,3,3,0.5699788218005791,115685
929_refined.npy,10,PV,3,2,0.5276270567648207,158866
223_refined.npy,10,PV,2,2,0.5151258107134278,133216
938_refined.npy,10,PV,3,3,0.45893046240734203,113320
677_refined.npy,10,PV,3,2,0.618809970221683,72536
861_refined.npy,10,PV,3,3,0.5508900781902376,105384
52_refined.npy,10,PV,3,3,0.5877679038159959,153040
235_refined.npy,10,PV,3,3,0.5136980666392431,97240
867_refined.npy,10,PV,2,2,0.59257866241723,101033
813_refined.npy,10,PV,3,3,0.5241824497018153,122072
774_refined.npy,10,PV,4,3,0.4138428621187242,100485
277_refined.npy,10,PV,3,3,0.5016550063943429,132930
149_refined.npy,10,PV,2,2,0.5347897677682901,111139
720_refined.npy,10,PV,2,2,0.5758484459041363,126054
103_refined.npy,10,PV,3,3,0.42963665829757575,119089
396_refined.npy,10,PV,2,2,0.5164312791727197,116333
642_refined.npy,10,PV,3,3,0.5404485784120711,134603
468_refined.npy,10,PV,3,3,0.5477998435628898,144467
680_refined.npy,10,PV,3,3,0.5550808721162981,167363
105_refined.npy,10,PV,2,2,0.6038481611100878,130296
508_refined.npy,10,PV,3,3,0.5341785485873368,106324
24_refined.npy,10,PV,3,2,0.5658883336205411,116060
942_refined.npy,10,PV,3,3,0.5068683407508034,98641
992_refined.npy,10,PV,3,2,0.533059886705947,105566
87_refined.npy,10,PV,4,4,0.3427815805849409,96420
185_refined.npy,10,PV,2,2,0.5409281523264836,114701
127_refined.npy,10,PV,3,3,0.49144627262962903,128482
375_refined.npy,10,PV,2,2,0.512631468604773,114476
781_refined.npy,10,PV,2,2,0.5110756397713815,97105
916_refined.npy,10,PV,3,3,0.5021700678681907,128337
7_refined.npy,10,PV,3,3,0.45995966127557997,132379
971_refined.npy,10,PV,2,2,0.5419973678473674,123853
491_refined.npy,10,PV,2,2,0.5129539942964022,140613
551_refined.npy,10,PV,2,2,0.508995809976785,141288
672_refined.npy,10,PV,3,3,0.40447617600891184,98745
975_refined.npy,10,PV,3,3,0.4746129716412034,157482
892_refined.npy,10,PV,2,2,0.5619252238865909,99604
493_refined.npy,10,PV,3,3,0.5381000616912543,131299
878_refined.npy,10,PV,3,3,0.5077295987072448,129955
502_refined.npy,10,PV,4,4,0.35693099064831146,101479
178_refined.npy,10,PV,3,3,0.40294111277153316,92346
207_refined.npy,10,PV,3,3,0.5033762763971745,109292
360_refined.npy,10,PV,2,2,0.6280819816710763,104316
656_refined.npy,10,PV,2,2,0.5639616416591685,123363
5_refined.npy,10,PV,2,2,0.6121986866753124,145737
874_refined.npy,10,PV,2,2,0.5288793199782464,134231
421_refined.npy,10,PV,2,2,0.5942850758358705,143204
791_refined.npy,10,PV,3,3,0.4625432932825929,93548
154_refined.npy,10,PV,2,2,0.5201016913810941,124691
770_refined.npy,10,PV,2,2,0.508696572319896,127579
195_refined.npy,10,PV,2,2,0.5338299520991828,170352
750_refined.npy,10,PV,2,2,0.6312203791469194,108032
324_refined.npy,10,PV,3,3,0.5857582516382247,115674
895_refined.npy,10,PV,2,2,0.5578490516904648,115205
904_refined.npy,10,PV,3,3,0.46112115732368897,111706
794_refined.npy,10,PV,2,2,0.7846240918917414,107779
337_refined.npy,10,PV,2,2,0.5181803826995679,139326
522_refined.npy,10,PV,2,2,0.5261140848193077,94719
363_refined.npy,10,PV,3,3,0.5260211212279091,120921
964_refined.npy,10,PV,2,2,0.5641739130434783,97750
951_refined.npy,10,PV,2,2,0.5782823882053606,114764
75_refined.npy,10,PV,2,2,0.5207405498914204,108676
12_refined.npy,10,PV,3,3,0.44112268273432537,103894
260_refined.npy,10,PV,2,2,0.5980414746543778,86800
378_refined.npy,10,PV,3,3,0.5530327678363932,86060
803_refined.npy,10,PV,3,3,0.4591003418879981,133962
201_refined.npy,10,PV,3,3,0.506859762028902,128503
788_refined.npy,10,PV,3,3,0.44417124422355914,114690
911_refined.npy,10,PV,3,3,0.48745455434729446,122674
649_refined.npy,10,PV,3,3,0.6257577535296648,127845
727_refined.npy,10,PV,3,3,0.5431048471220937,129417
460_refined.npy,10,PV,3,3,0.4285583019388036,108830
624_refined.npy,10,PV,2,2,0.5190127523773983,155422
167_refined.npy,10,PV,3,3,0.578710494732631,119984
62_refined.npy,10,PV,3,3,0.387374725006111,98184
311_refined.npy,10,PV,2,2,0.512485705019885,117174
909_refined.npy,10,PV,3,3,0.6357451262593222,99359
298_refined.npy,10,PV,2,2,0.5180404482302966,133949
342_refined.npy,10,PV,3,3,0.46838829341370763,168213
293_refined.npy,10,PV,3,3,0.5630386360190789,85749
169_refined.npy,10,PV,2,2,0.5948944156026379,114032
213_refined.npy,10,PV,3,3,0.508319918971224,110578
559_refined.npy,10,PV,3,3,0.4491086908499401,149387
69_refined.npy,10,PV,3,3,0.5015570086101541,144829
560_refined.npy,10,PV,3,3,0.4912658886493719,107624
748_refined.npy,10,PV,3,3,0.49541552014156953,102847
815_refined.npy,10,PV,2,2,0.6481794838419577,84509
202_refined.npy,10,PV,2,2,0.5793512001049272,137238
666_refined.npy,10,PV,2,2,0.511264153145792,111371
229_refined.npy,10,PV,3,3,0.4917551238400427,89874
271_refined.npy,10,PV,2,2,0.5059502277701821,163103
685_refined.npy,10,PV,3,3,0.4879034603082291,103170
632_refined.npy,10,PV,2,2,0.6603465788420696,97467
660_refined.npy,10,PV,3,3,0.565676528127121,100188
78_refined.npy,10,PV,2,2,0.5138565971933904,96344
222_refined.npy,10,PV,2,2,0.6142345182224023,113569
108_refined.npy,10,PV,2,2,0.5218389766062057,132813
529_refined.npy,10,PV,4,4,0.3829660359999659,117389
100_refined.npy,10,PV,3,3,0.5130307634966599,139516
989_refined.npy,10,PV,3,3,0.45500973941020845,103189
392_refined.npy,10,PV,2,2,0.5218344641235576,135451
937_refined.npy,10,PV,3,3,0.5301503855805689,109186
49_refined.npy,10,PV,2,2,0.6159107824258391,169294
859_refined.npy,10,PV,2,2,0.5067809024926198,135159
395_refined.npy,10,PV,2,2,0.5909694004477983,120590
707_refined.npy,10,PV,2,2,0.5302681554673444,175085
475_refined.npy,10,PV,3,2,0.5483691309296075,123891
233_refined.npy,10,PV,2,2,0.5959287472711227,86116
713_refined.npy,10,PV,2,2,0.568646279608017,121842
472_refined.npy,10,PV,3,3,0.5173308002191052,144223
34_refined.npy,10,PV,3,3,0.5163251876131058,158038
777_refined.npy,10,PV,3,3,0.5373615247611094,135313
388_refined.npy,10,PV,3,3,0.5024994340903947,106024
268_refined.npy,10,PV,2,2,0.5065780350828538,115384
492_refined.npy,10,PV,3,3,0.4812592997193604,106186
389_refined.npy,10,PV,3,3,0.5440912921756483,103229
860_refined.npy,10,PV,3,3,0.5186067050552867,141535
749_refined.npy,10,PV,3,3,0.4539771464141212,112455
918_refined.npy,10,PV,3,3,0.482325965477708,124731
945_refined.npy,10,PV,2,2,0.518052942321417,123304
948_refined.npy,10,PV,3,3,0.5222742637139436,131946
451_refined.npy,10,PV,3,3,0.5571583469440975,145718
329_refined.npy,10,PV,2,2,0.5556043098825021,102555
764_refined.npy,10,PV,2,2,0.5029894299980546,154210
390_refined.npy,10,PV,3,3,0.5922140578629128,126022
519_refined.npy,10,PV,3,3,0.38462665384791467,109215
85_refined.npy,10,PV,3,3,0.5686976530883169,124291
643_refined.npy,10,PV,3,3,0.5435841998695906,116556
372_refined.npy,10,PV,3,3,0.4758015551246646,102114
35_refined.npy,10,PV,3,3,0.4458889599488368,100072
471_refined.npy,10,PV,2,2,0.524315291585238,105921
303_refined.npy,10,PV,2,2,0.5736309015065505,156782
114_refined.npy,10,PV,4,4,0.33425773897721356,99884
490_refined.npy,10,PV,2,2,0.5414021342698906,103642
759_refined.npy,10,PV,3,3,0.4668445655317839,107177
370_refined.npy,10,PV,3,3,0.4206304281024082,123662
494_refined.npy,10,PV,3,3,0.49650182924322767,121635
373_refined.npy,10,PV,3,2,0.5645636335451868,129020
792_refined.npy,10,PV,2,2,0.5188843056949645,136489
57_refined.npy,10,PV,3,3,0.5407923315801756,111418
620_refined.npy,10,PV,2,2,0.5737329883494862,136818
762_refined.npy,10,PV,2,2,0.527130137934216,108385
452_refined.npy,10,PV,4,3,0.5513494662992416,146243
851_refined.npy,10,PV,2,2,0.6538578474427403,118408
134_refined.npy,10,PV,3,3,0.5448355887528721,130131
61_refined.npy,10,PV,2,2,0.5750391313390033,91359
381_refined.npy,10,PV,2,2,0.5114859294578997,89762
761_refined.npy,10,PV,2,2,0.5671567773324934,149218
557_refined.npy,10,PV,2,2,0.6352886675545776,86345
651_refined.npy,10,PV,2,2,0.6533502211332821,96322
282_refined.npy,10,PV,2,2,0.5710316434663811,108332
275_refined.npy,10,PV,2,2,0.6203929611164151,84843
465_refined.npy,10,PV,3,3,0.41511225022544973,105345
115_refined.npy,10,PV,3,3,0.543940663101298,139677
644_refined.npy,10,PV,3,3,0.4411466049639605,120146
566_refined.npy,10,PV,3,3,0.5419504274688152,129951
264_refined.npy,10,PV,2,2,0.576448452080508,222686
206_refined.npy,10,PV,2,2,0.5971735398618707,125245
259_refined.npy,10,PV,3,3,0.44857584371482534,104834
121_refined.npy,10,PV,3,3,0.5695342677894218,113649
4_refined.npy,10,PV,3,3,0.5044483442031833,114537
514_refined.npy,10,PV,3,3,0.5747888846682055,136892
428_refined.npy,10,PV,2,2,0.5059347864121476,108597
111_refined.npy,10,PV,3,3,0.5605739204850648,109841
354_refined.npy,10,PV,2,2,0.5500517090504097,113133
120_refined.npy,10,PV,2,2,0.550100891420398,117453
825_refined.npy,10,PV,3,3,0.450020226255074,143378
595_refined.npy,10,PV,3,3,0.4867479519562114,109983
433_refined.npy,10,PV,2,2,0.5402071390929329,92981
362_refined.npy,10,PV,3,3,0.6227219149514915,154406
613_refined.npy,10,PV,2,2,0.5162798092209857,125800
590_refined.npy,10,PV,3,3,0.4111595080816531,104001
923_refined.npy,10,PV,3,3,0.6114082477939853,111060
470_refined.npy,10,PV,2,2,0.5494949494949495,128205
242_refined.npy,10,PV,3,3,0.47694419635473523,120924
352_refined.npy,10,PV,2,2,0.5082862246119285,108614
517_refined.npy,10,PV,2,2,0.5070001230582823,105641
416_refined.npy,10,PV,2,2,0.579082326751041,121285
928_refined.npy,10,PV,2,2,0.5277120471157386,152136
58_refined.npy,10,PV,2,2,0.6432479526049835,114780
330_refined.npy,10,PV,2,2,0.5317584167606975,124959
955_refined.npy,10,PV,3,3,0.4882982129224505,121819
139_refined.npy,10,PV,2,2,0.632562210829061,119955
46_refined.npy,10,PV,2,2,0.5567590863381698,174025
254_refined.npy,10,PV,2,2,0.5012477139487582,117014
405_refined.npy,10,PV,2,2,0.5369273330339943,138082
258_refined.npy,10,PV,2,2,0.533319730964578,137231
700_refined.npy,10,PV,3,3,0.6223678122085038,136151
671_refined.npy,10,PV,2,2,0.5748156500838292,134798
507_refined.npy,10,PV,4,3,0.4392894526199126,129928
943_refined.npy,10,PV,2,2,0.500956388676358,130700
553_refined.npy,10,PV,2,2,0.5052048065556461,87131
640_refined.npy,10,PV,3,3,0.5576678541778324,95157
612_refined.npy,10,PV,3,3,0.5411892216585379,153159
417_refined.npy,10,PV,2,2,0.5401630854719122,121654
932_refined.npy,10,PV,2,2,0.5220770369982045,152602
358_refined.npy,10,PV,2,2,0.5245478401720223,141377
478_refined.npy,10,PV,3,3,0.526126423502228,90885
165_refined.npy,10,PV,2,2,0.5195362892537155,113174
626_refined.npy,10,PV,3,3,0.47032929339126456,69968
821_refined.npy,10,PV,2,2,0.6144133215703573,235768
833_refined.npy,10,PV,2,2,0.5265979756179399,143056
461_refined.npy,10,PV,2,2,0.5419132196142052,106637
308_refined.npy,10,PV,2,2,0.5417644101876675,143232
757_refined.npy,10,PV,3,3,0.5254083895198878,110495
818_refined.npy,10,PV,2,2,0.5445900273160794,107995
434_refined.npy,10,PV,2,2,0.5146123561477892,145288
636_refined.npy,10,PV,2,2,0.5168873617163929,119320
420_refined.npy,10,PV,3,3,0.4438587468929459,116670
305_refined.npy,10,PV,2,2,0.7218313970459455,137032
118_refined.npy,10,PV,3,3,0.4250691442227652,148964
599_refined.npy,10,PV,3,3,0.5263794345031861,147198
563_refined.npy,10,PV,2,2,0.5941400207041746,85973
505_refined.npy,10,PV,2,2,0.5506106812057057,144347
745_refined.npy,10,PV,2,2,0.5337272966978425,128946
240_refined.npy,10,PV,2,2,0.6534562102946918,169058
893_refined.npy,10,PV,2,2,0.6740111859425055,94583
944_refined.npy,10,PV,3,3,0.49943821313031517,103242
726_refined.npy,10,PV,2,2,0.5514118389828664,91866
616_refined.npy,10,PV,3,3,0.4864192827135366,99737
402_refined.npy,10,PV,2,2,0.5035898908673176,125352
447_refined.npy,10,PV,2,2,0.5512383651069782,111518
776_refined.npy,10,PV,4,3,0.497942309263064,159159
351_refined.npy,10,PV,3,3,0.5706635828613098,135763
83_refined.npy,10,PV,3,3,0.48930487369962594,131789
998_refined.npy,10,PV,3,3,0.5615259672066875,142834
323_refined.npy,10,PV,3,3,0.5096335722085314,167591
304_refined.npy,10,PV,3,3,0.522571694750486,98752
828_refined.npy,10,PV,4,3,0.4426995564837119,96727
820_refined.npy,10,PV,3,3,0.5376117039327325,106084
561_refined.npy,10,PV,2,2,0.5425979659137048,100979
564_refined.npy,10,PV,3,3,0.5329122946607655,120654
409_refined.npy,10,PV,3,3,0.534699517817241,170060
638_refined.npy,10,PV,4,3,0.3972922199909309,108059
635_refined.npy,10,PV,3,3,0.5198380333720339,104219
543_refined.npy,10,PV,3,3,0.48690201960679275,112002
467_refined.npy,10,PV,3,3,0.5171209553524763,126278
857_refined.npy,10,PV,2,2,0.5699872584965026,115371
593_refined.npy,10,PV,2,2,0.5022088522383036,142608
144_refined.npy,10,PV,2,2,0.6402570437342304,76096
272_refined.npy,10,PV,1,1,1.0,149960
435_refined.npy,10,PV,2,2,0.5753676652391926,101111
93_refined.npy,10,PV,2,2,0.5313834361844983,132554
690_refined.npy,10,PV,2,2,0.6392770797828069,126155
336_refined.npy,10,PV,2,2,0.6124268148639117,117681
376_refined.npy,10,PV,2,2,0.5143271607149253,111676
332_refined.npy,10,PV,3,3,0.5506082748797596,102503
101_refined.npy,10,PV,2,2,0.5456583456601832,108841
331_refined.npy,10,PV,3,3,0.5857431007609792,109070
176_refined.npy,10,PV,3,2,0.5416346672952483,131513
854_refined.npy,10,PV,2,2,0.5086620898071806,152215
162_refined.npy,10,PV,3,3,0.5299961677789748,138301
436_refined.npy,10,PV,3,3,0.5226255889298981,168526
174_refined.npy,10,PV,3,3,0.48167586518101985,144045
631_refined.npy,10,PV,2,2,0.6047686802052343,115965
834_refined.npy,10,PV,3,3,0.4796873400505989,136762
747_refined.npy,10,PV,3,3,0.5292556040088746,130710
840_refined.npy,10,PV,3,3,0.4517649426781506,119239
725_refined.npy,10,PV,2,2,0.5357217013528407,125218
170_refined.npy,10,PV,3,3,0.5287429498847771,111523
138_refined.npy,10,PV,3,2,0.5035615338905224,129579
625_refined.npy,10,PV,3,3,0.44871858261227854,121350
385_refined.npy,10,PV,3,3,0.475301759971129,155173
88_refined.npy,10,PV,3,3,0.5203442879499217,145692
805_refined.npy,10,PV,2,2,0.5104098590234338,128532
881_refined.npy,10,PV,2,2,0.5204799941642047,137085
449_refined.npy,10,PV,3,3,0.4517945821072955,118607
28_refined.npy,10,PV,3,3,0.5168885849524653,149154
939_refined.npy,10,PV,2,2,0.5366908933904221,111172
344_refined.npy,10,PV,3,3,0.484966131745238,109985
699_refined.npy,10,PV,3,2,0.649333245638555,121634
295_refined.npy,10,PV,3,3,0.4883354447980719,129452
958_refined.npy,10,PV,3,3,0.5139038282892485,163624
702_refined.npy,10,PV,2,2,0.5126206313199277,104036
349_refined.npy,10,PV,3,3,0.5546742658117628,126330
960_refined.npy,10,PV,3,3,0.43780713098097174,108260
166_refined.npy,10,PV,2,2,0.6365523513990691,93455
485_refined.npy,10,PV,3,3,0.5394586176888196,109165
509_refined.npy,10,PV,2,2,0.6354820143884892,104250
102_refined.npy,10,PV,3,3,0.5298843064150364,104068
538_refined.npy,10,PV,2,2,0.5171484294480473,126134
280_refined.npy,10,PV,2,2,0.5327448699141754,118614
684_refined.npy,10,PV,2,2,0.6255679045811873,92225
150_refined.npy,10,PV,2,2,0.5107024273878985,124084
676_refined.npy,10,PV,2,2,0.5282182571201633,141008
18_refined.npy,10,PV,2,2,0.5441936144550895,175772
814_refined.npy,10,PV,3,3,0.4856503984158116,105543
829_refined.npy,10,PV,2,2,0.5327519772865544,108482
782_refined.npy,10,PV,3,3,0.5192462751971955,114100
933_refined.npy,10,PV,2,2,0.5537280773376009,153095
621_refined.npy,10,PV,3,3,0.5453966889551942,120989
686_refined.npy,10,PV,3,3,0.5823128854078382,102651
77_refined.npy,10,PV,2,2,0.5163642567838227,134806
348_refined.npy,10,PV,3,3,0.5062012814890929,152791
785_refined.npy,10,PV,3,3,0.45913917171276647,119234
797_refined.npy,10,PV,2,2,0.5192694575162256,114326
23_refined.npy,10,PV,2,2,0.5139782133735422,129988
215_refined.npy,10,PV,3,3,0.514366744519244,101902
691_refined.npy,10,PV,2,2,0.7090857743539859,127474
67_refined.npy,10,PV,3,3,0.5455469865752642,87525
622_refined.npy,10,PV,2,2,0.5214581693296538,115597
313_refined.npy,10,PV,2,2,0.5794982498086401,116273
113_refined.npy,10,PV,3,3,0.6240830414613668,117917
70_refined.npy,10,PV,3,3,0.5230599842535184,162576
852_refined.npy,10,PV,2,2,0.5523300292024843,121565
956_refined.npy,10,PV,3,3,0.40661640062155674,113264
440_refined.npy,10,PV,2,2,0.6230633418635562,100818
970_refined.npy,10,PV,3,3,0.5080709872415545,149548
25_refined.npy,10,PV,2,2,0.621357129071444,88083
68_refined.npy,10,PV,3,2,0.5631556829608729,133258
875_refined.npy,10,PV,2,2,0.5046218981535928,127545
192_refined.npy,10,PV,2,2,0.510970205713874,138785
8_refined.npy,10,PV,4,3,0.5470297278044767,199342
683_refined.npy,10,PV,3,3,0.44081341896419307,89843
531_refined.npy,10,PV,2,2,0.6325993424738628,94597
540_refined.npy,10,PV,3,3,0.4854887108966381,130967
870_refined.npy,10,PV,3,3,0.4728524212968831,102569
190_refined.npy,10,PV,3,3,0.45864716874892897,122543
27_refined.npy,10,PV,4,3,0.4513117774625381,122658
371_refined.npy,10,PV,3,3,0.399470749724054,141332
179_refined.npy,10,PV,3,3,0.5164558814115754,109353
743_refined.npy,10,PV,2,2,0.5872120660344675,124117
880_refined.npy,10,PV,2,2,0.5323213208271625,145848
367_refined.npy,10,PV,2,2,0.5656721605651791,123713
931_refined.npy,10,PV,2,2,0.5353060973682825,113918
724_refined.npy,10,PV,3,3,0.49891894910683654,125341
142_refined.npy,10,PV,3,3,0.46614813792431536,123169
29_refined.npy,10,PV,2,2,0.5468130161643255,141670
883_refined.npy,10,PV,3,3,0.5146712476794769,108273
927_refined.npy,10,PV,3,3,0.4717708489679198,126589
