case_id,class_id,class_name,HD95,ASD
655,1,Myocardium,1.7320508075688772,0.49481966869053307
655,2,LA,2.0,0.6496058143130496
655,3,LV,1.4142135623730951,0.3589028392862099
655,4,RA,1.4142135623730951,0.5566352878556398
655,5,RV,4.58257569495584,1.6659370514060248
655,6,Aorta,2.0,0.5963940646044621
655,7,PA,5.656854249492381,1.3728898227082766
655,8,LAA,4.69041575982343,1.5545018888758042
655,9,Coronary,22.825424421026653,2.511575981486324
655,10,PV,5.830951894845301,1.1186679376432356
827,1,Myocardium,1.7320508075688772,0.5179659715938796
827,2,LA,1.4142135623730951,0.4650753205277621
827,3,LV,1.4142135623730951,0.43647450713378466
827,4,RA,1.4142135623730951,0.46539010545414916
827,5,RV,4.123105625617661,1.2246271993589948
827,6,Aorta,2.0,0.5992370020934525
827,7,PA,4.123105625617661,1.2816728539204882
827,8,LAA,6.557438524302,1.8843695320836873
827,9,Coronary,104.2401074443038,16.34573107886296
827,10,PV,4.58257569495584,1.1525903582511923
359,1,Myocardium,1.4142135623730951,0.4719762994839508
359,2,LA,1.4142135623730951,0.5767057608567476
359,3,LV,1.4142135623730951,0.3575835517304157
359,4,RA,1.4142135623730951,0.549495151171202
359,5,RV,3.0,1.047849478868773
359,6,Aorta,2.0,0.6349229050041257
359,7,PA,79.5361553005927,4.327202324129558
359,8,LAA,3.1622776601683795,0.9898385545266282
359,9,Coronary,102.31813133555558,14.600543658186119
359,10,PV,4.242640687119285,1.033037218791888
317,1,Myocardium,1.4142135623730951,0.5146287523829631
317,2,LA,1.4142135623730951,0.4987118111469159
317,3,LV,1.4142135623730951,0.3912895234693521
317,4,RA,1.4142135623730951,0.5048427975228994
317,5,RV,4.123105625617661,1.6619757473291057
317,6,Aorta,2.0,0.7214293573175591
317,7,PA,5.744562646538029,1.429128906199494
317,8,LAA,6.708203932499369,1.6762394669017295
317,9,Coronary,159.20427129948493,41.246677493420414
317,10,PV,4.123105625617661,1.035320856762876
120,1,Myocardium,1.4142135623730951,0.47097667432934465
120,2,LA,1.4142135623730951,0.44338026454566093
120,3,LV,1.4142135623730951,0.4167174970263834
120,4,RA,1.4142135623730951,0.6209109649566403
120,5,RV,3.3166247903554,1.1052701777107847
120,6,Aorta,2.0,0.6192548576639636
120,7,PA,3.0,1.0076737942763003
120,8,LAA,6.4031242374328485,2.1850285566084136
120,9,Coronary,136.31214179228496,27.220229421372302
120,10,PV,2.8284271247461903,0.7515575511044654
471,1,Myocardium,2.0,0.5590427575835775
471,2,LA,1.4142135623730951,0.5129446982119175
471,3,LV,1.4142135623730951,0.44265725915518883
471,4,RA,1.4142135623730951,0.4144887959506784
471,5,RV,4.58257569495584,1.305254195088367
471,6,Aorta,2.0,0.687283552820541
471,7,PA,3.0,0.8954538049229448
471,8,LAA,5.0990195135927845,1.6410024701375971
471,9,Coronary,49.57822102496216,5.085627923076231
471,10,PV,7.280109889280518,1.0227647894222691
20,1,Myocardium,2.0,0.5761291407342295
20,2,LA,1.4142135623730951,0.5388080531093506
20,3,LV,1.4142135623730951,0.4081291567343599
20,4,RA,1.4142135623730951,0.529811920835749
20,5,RV,4.242640687119285,1.7419555408981682
20,6,Aorta,2.0,0.6475624050880081
20,7,PA,110.53053876644228,6.420792213691421
20,8,LAA,17.11724276862369,3.0507153850204047
20,9,Coronary,123.32072007574396,25.247935653048135
20,10,PV,3.605551275463989,0.9469648077650109
149,1,Myocardium,2.0,0.5207405108740244
149,2,LA,1.4142135623730951,0.46532742029140933
149,3,LV,1.0,0.3194043418141642
149,4,RA,1.4142135623730951,0.614598799117776
149,5,RV,4.0,1.1577246031672783
149,6,Aorta,2.23606797749979,0.8118463971353586
149,7,PA,4.123105625617661,1.2807282681863563
149,8,LAA,8.660254037844387,2.8313985505728914
149,9,Coronary,109.754270987511,18.95778635426629
149,10,PV,3.0,0.9307484992588576
683,1,Myocardium,2.23606797749979,0.6799864542479939
683,2,LA,2.0,0.6566392542397117
683,3,LV,1.4142135623730951,0.4355894822864297
683,4,RA,1.7320508075688772,0.7501763425180126
683,5,RV,2.8284271247461903,0.8506196431851978
683,6,Aorta,2.0,0.7381911835975429
683,7,PA,4.58257569495584,1.2457565377764848
683,8,LAA,3.605551275463989,1.1059700728282706
683,9,Coronary,160.15617378046966,44.166002379360194
683,10,PV,4.123105625617661,1.0857266127081915
865,1,Myocardium,2.0,0.5749699183789095
865,2,LA,1.4142135623730951,0.6145561264845807
865,3,LV,1.4142135623730951,0.46522830351001543
865,4,RA,1.4142135623730951,0.477228246343637
865,5,RV,4.0,1.2342889888497781
865,6,Aorta,2.0,0.7056476465959789
865,7,PA,84.32081593533118,5.520230046660588
865,8,LAA,5.0990195135927845,1.328423361702425
865,9,Coronary,138.50992744204294,18.35395382145754
865,10,PV,3.7416573867739413,1.1108406806390936
223,1,Myocardium,2.0,0.5403097004786521
223,2,LA,2.0,0.6110063487734745
223,3,LV,1.4142135623730951,0.3755749070412089
223,4,RA,1.4142135623730951,0.5820164178251203
223,5,RV,3.7416573867739413,1.1494428411282152
223,6,Aorta,2.0,0.6861156168772264
223,7,PA,4.47213595499958,1.2195855763307661
223,8,LAA,5.385164807134504,1.8113851310620657
223,9,Coronary,138.4088147481944,23.057905885854964
223,10,PV,3.0,0.8188279765936456
258,1,Myocardium,2.0,0.5440127354571216
258,2,LA,1.4142135623730951,0.538318672920238
258,3,LV,1.4142135623730951,0.4372073811610364
258,4,RA,2.23606797749979,0.7894270760440396
258,5,RV,3.1622776601683795,1.1647420062343572
258,6,Aorta,2.0,0.8108157124689204
258,7,PA,3.605551275463989,1.0214578502662204
258,8,LAA,10.04987562112089,3.1521113477157803
258,9,Coronary,71.87489130426563,7.1226341840223695
258,10,PV,3.0,0.8320522310690388
158,1,Myocardium,1.4142135623730951,0.4248800363425378
158,2,LA,1.7320508075688772,0.5962183134904818
158,3,LV,1.4142135623730951,0.4113423104143207
158,4,RA,1.4142135623730951,0.570412686156288
158,5,RV,3.3166247903554,1.2586125015907457
158,6,Aorta,2.0,0.6748731383411533
158,7,PA,5.477225575051661,1.2933276268956
158,8,LAA,5.385164807134504,1.7466661613396548
158,9,Coronary,129.86531484580476,27.681484403290856
158,10,PV,3.3166247903554,0.9576179983811688
453,1,Myocardium,1.4142135623730951,0.448496408912214
453,2,LA,1.4142135623730951,0.5843884501962466
453,3,LV,1.4142135623730951,0.42489569683085654
453,4,RA,1.4142135623730951,0.46153181764176676
453,5,RV,4.242640687119285,1.1814226108915973
453,6,Aorta,2.0,0.7105559060366973
453,7,PA,3.605551275463989,1.1911272199049594
453,8,LAA,4.358898943540674,1.3983283830745639
453,9,Coronary,131.24023773218335,28.498485323726232
453,10,PV,3.1622776601683795,0.9862641432510656
678,1,Myocardium,2.449489742783178,0.6713049493403247
678,2,LA,2.0,0.6688206249726205
678,3,LV,1.0,0.3634261237234229
678,4,RA,1.4142135623730951,0.40066796879162253
678,5,RV,3.7416573867739413,1.1743393658681032
678,6,Aorta,2.0,0.6355388970535396
678,7,PA,8.774964387392123,1.8542255877643323
678,8,LAA,9.899494936611665,1.4573104859847787
678,9,Coronary,161.53637361288014,23.498196809111086
678,10,PV,3.0,0.9843149859746563
708,1,Myocardium,2.0,0.5070212292153257
708,2,LA,1.4142135623730951,0.5901317937773822
708,3,LV,1.0,0.3535011951020726
708,4,RA,1.4142135623730951,0.5402000457578207
708,5,RV,6.782329983125268,1.3705038085223582
708,6,Aorta,2.23606797749979,0.8256475432085643
708,7,PA,101.80864403379509,6.4614369973688515
708,8,LAA,6.782329983125268,1.5194388371473329
708,9,Coronary,151.82226450688975,28.67204305747701
708,10,PV,3.1622776601683795,1.030903880783963
65,1,Myocardium,2.0,0.5032961394765298
65,2,LA,1.4142135623730951,0.5617678369269694
65,3,LV,1.0,0.3339270328927548
65,4,RA,1.4142135623730951,0.5331312265569481
65,5,RV,4.123105625617661,0.9766371359536148
65,6,Aorta,2.0,0.6772143406683737
65,7,PA,4.123105625617661,1.2640910004248127
65,8,LAA,4.69041575982343,1.4700959721797124
65,9,Coronary,126.38433447227548,18.059336634675446
65,10,PV,8.306623862918075,1.460771413001224
676,1,Myocardium,2.23606797749979,0.5659660523103889
676,2,LA,1.4142135623730951,0.48700211869750654
676,3,LV,1.0,0.3624929322961076
676,4,RA,1.4142135623730951,0.46507919043184276
676,5,RV,3.605551275463989,1.1081439972601246
676,6,Aorta,2.0,0.6453217106560529
676,7,PA,3.4641016151377544,1.0279435438566926
676,8,LAA,7.810249675906654,3.3273054936037747
676,9,Coronary,123.78610584391126,22.10202713181386
676,10,PV,3.0,0.8556835476236602
674,1,Myocardium,1.7320508075688772,0.5130236410052826
674,2,LA,1.4142135623730951,0.5475763766949877
674,3,LV,1.0,0.3561578617175064
674,4,RA,1.4142135623730951,0.4262258577109473
674,5,RV,3.7416573867739413,1.1002159090096955
674,6,Aorta,2.0,0.6132057431457125
674,7,PA,4.898979485566356,1.5102137809578278
674,8,LAA,4.123105625617661,1.2518711930108053
674,9,Coronary,146.52303573158727,35.1870088472177
674,10,PV,3.0,0.8912854046558728
565,1,Myocardium,1.7320508075688772,0.5797031065614092
565,2,LA,2.0,0.6706734770354388
565,3,LV,1.4142135623730951,0.465613429622741
565,4,RA,2.0,0.6336357401042219
565,5,RV,3.605551275463989,1.3412041587443535
565,6,Aorta,2.0,0.704290288773308
565,7,PA,131.26309458488322,5.503285320264104
565,8,LAA,7.0710678118654755,1.2677777643750832
565,9,Coronary,143.6384349678038,33.5277354022358
565,10,PV,3.1622776601683795,0.8737619368851317
272,1,Myocardium,2.0,0.5372447691099734
272,2,LA,1.4142135623730951,0.5049449421732287
272,3,LV,1.0,0.3839507527357482
272,4,RA,1.7320508075688772,0.6462241003973239
272,5,RV,4.0,1.1384607569622935
272,6,Aorta,2.0,0.7702156742840838
272,7,PA,4.242640687119285,1.2959472169358666
272,8,LAA,4.898979485566356,1.6160446552999856
272,9,Coronary,140.95744038538726,35.72373553138752
272,10,PV,2.23606797749979,0.6755949113636153
791,1,Myocardium,1.4142135623730951,0.4911784821329688
791,2,LA,1.4142135623730951,0.5960791282931519
791,3,LV,1.0,0.35806444285960726
791,4,RA,1.4142135623730951,0.47352159227118273
791,5,RV,3.7416573867739413,1.2102566774269417
791,6,Aorta,2.0,0.6950849900717969
791,7,PA,3.0,0.9812285869223509
791,8,LAA,5.656854249492381,1.4655977659292851
791,9,Coronary,133.42038824707413,27.59384361116665
791,10,PV,2.449489742783178,0.7551664647549867
432,1,Myocardium,2.0,0.5204513074909467
432,2,LA,1.4142135623730951,0.4541173976037869
432,3,LV,1.4142135623730951,0.37330765155921236
432,4,RA,1.7320508075688772,0.6511931668044733
432,5,RV,2.449489742783178,0.8751825082471083
432,6,Aorta,2.0,0.6227709525764981
432,7,PA,5.916079783099616,1.358120357518424
432,8,LAA,5.830951894845301,1.7793748250191141
432,9,Coronary,148.04728974216312,34.936655141338534
432,10,PV,3.1622776601683795,0.946905089060792
301,1,Myocardium,1.7320508075688772,0.4723674482936018
301,2,LA,1.4142135623730951,0.5815037127764062
301,3,LV,1.0,0.3700940161590805
301,4,RA,1.4142135623730951,0.42812467840584845
301,5,RV,4.123105625617661,1.071061016222194
301,6,Aorta,2.0,0.6597686772094197
301,7,PA,4.358898943540674,1.3657324974008636
301,8,LAA,3.3166247903554,1.0566014776107777
301,9,Coronary,126.83059567785685,18.722900196916243
301,10,PV,3.3166247903554,0.9054117537138913
975,1,Myocardium,3.0,0.6996659622649468
975,2,LA,1.4142135623730951,0.469762928216179
975,3,LV,1.4142135623730951,0.36316697659904645
975,4,RA,1.4142135623730951,0.6014948326088032
975,5,RV,4.47213595499958,1.4381038399895196
975,6,Aorta,2.0,0.6917910676472911
975,7,PA,3.1622776601683795,1.0668621202599264
975,8,LAA,4.358898943540674,1.2636936893084085
975,9,Coronary,143.34224778480348,34.07079100907724
975,10,PV,3.0,0.8455918013755959
101,1,Myocardium,1.4142135623730951,0.42742365449805464
101,2,LA,1.4142135623730951,0.473511366074005
101,3,LV,1.4142135623730951,0.3631859312950996
101,4,RA,1.7320508075688772,0.6679022594268184
101,5,RV,4.47213595499958,1.408157237903752
101,6,Aorta,2.0,0.6728764958036282
101,7,PA,6.324555320336759,2.755129060080962
101,8,LAA,7.0,1.595845687861732
101,9,Coronary,120.6731121667126,22.939921249345392
101,10,PV,8.602325267042627,1.7410827717969621
960,1,Myocardium,1.4142135623730951,0.4250795006403022
960,2,LA,1.4142135623730951,0.5786568042500819
960,3,LV,1.4142135623730951,0.3857313864736689
960,4,RA,1.4142135623730951,0.4107656300858694
960,5,RV,3.1622776601683795,1.145451759470634
960,6,Aorta,2.0,0.5667429138180495
960,7,PA,3.7416573867739413,1.095245780141964
960,8,LAA,5.0990195135927845,1.3898955514570104
960,9,Coronary,145.2205219657332,39.66140997133376
960,10,PV,3.4641016151377544,1.0655828525285476
165,1,Myocardium,2.449489742783178,0.7361312630515099
165,2,LA,1.4142135623730951,0.5488803612894532
165,3,LV,1.4142135623730951,0.5597763431653497
165,4,RA,1.4142135623730951,0.4537479421819798
165,5,RV,3.7416573867739413,1.3647424333453975
165,6,Aorta,2.0,0.6662610739416726
165,7,PA,4.58257569495584,1.4390472777626497
165,8,LAA,3.605551275463989,1.228200395434525
165,9,Coronary,120.92146211487851,16.28053854194271
165,10,PV,3.0,0.8101062977427075
900,1,Myocardium,2.23606797749979,0.6788040905021486
900,2,LA,2.0,0.7186996103893529
900,3,LV,1.4142135623730951,0.45131313331066936
900,4,RA,1.7320508075688772,0.6563889514407356
900,5,RV,4.123105625617661,1.2419412812133763
900,6,Aorta,2.0,0.6839356818535509
900,7,PA,113.21219015636082,11.934607453297064
900,8,LAA,3.1622776601683795,1.0869454460979016
900,9,Coronary,146.84345405907612,23.363618174943294
900,10,PV,5.744562646538029,1.1792205898841897
687,1,Myocardium,2.0,0.5692555818996353
687,2,LA,1.7320508075688772,0.6469625432715167
687,3,LV,1.4142135623730951,0.42203528034376303
687,4,RA,1.4142135623730951,0.4837083062344108
687,5,RV,4.0,1.133038279350243
687,6,Aorta,2.0,0.6105908114531843
687,7,PA,4.47213595499958,1.3294831153907474
687,8,LAA,6.0,1.87573880861526
687,9,Coronary,139.8177385026664,19.592915825916158
687,10,PV,3.1622776601683795,0.8726264515826929
451,1,Myocardium,2.0,0.6103245682014872
451,2,LA,1.4142135623730951,0.5335266304009165
451,3,LV,1.4142135623730951,0.41416179874852077
451,4,RA,1.7320508075688772,0.7037305161253692
451,5,RV,4.0,1.1518482396765979
451,6,Aorta,2.0,0.636647500124307
451,7,PA,3.4641016151377544,1.211406264423801
451,8,LAA,5.385164807134504,1.4567508604458728
451,9,Coronary,131.0076333653883,28.725759085354113
451,10,PV,2.8284271247461903,0.8272597646594957
105,1,Myocardium,2.0,0.6078436251247683
105,2,LA,1.4142135623730951,0.5885417511133677
105,3,LV,1.4142135623730951,0.4269943890347182
105,4,RA,1.4142135623730951,0.5264780016132802
105,5,RV,4.0,1.4575331721001519
105,6,Aorta,2.0,0.8050033191510491
105,7,PA,3.7416573867739413,1.2466958785995614
105,8,LAA,7.0710678118654755,1.9358759157414842
105,9,Coronary,140.4314779527724,28.00161895587473
105,10,PV,5.196152422706632,1.1332390886907096
27,1,Myocardium,1.7320508075688772,0.5336919845925234
27,2,LA,1.4142135623730951,0.42829310468488113
27,3,LV,1.0,0.3498017943176539
27,4,RA,1.7320508075688772,0.6600311128477998
27,5,RV,4.123105625617661,1.4825081838519338
27,6,Aorta,2.0,0.5767044622080175
27,7,PA,81.34494452638098,4.265209708769543
27,8,LAA,4.47213595499958,1.3213432849008973
27,9,Coronary,128.64680330268607,22.293476217466417
27,10,PV,3.1622776601683795,0.9274581062226475
920,1,Myocardium,1.7320508075688772,0.4681350887252321
920,2,LA,1.4142135623730951,0.46600452142772
920,3,LV,1.4142135623730951,0.37552862589859737
920,4,RA,1.4142135623730951,0.6447169509443099
920,5,RV,3.1622776601683795,0.9817488683453117
920,6,Aorta,2.0,0.5952857211804596
920,7,PA,3.0,0.9176357993605395
920,8,LAA,4.242640687119285,1.2042189710678681
920,9,Coronary,139.79270367225894,19.395147691901343
920,10,PV,2.449489742783178,0.7515270823144895
814,1,Myocardium,2.8284271247461903,0.6610474057681889
814,2,LA,1.7320508075688772,0.6519441998229112
814,3,LV,1.4142135623730951,0.5915400096223324
814,4,RA,1.4142135623730951,0.41070181604569733
814,5,RV,5.744562646538029,1.5186798424218566
814,6,Aorta,2.0,0.6127813117149576
814,7,PA,3.605551275463989,1.123952428302594
814,8,LAA,5.0,1.365838659935901
814,9,Coronary,88.96628574915331,12.23346266260462
814,10,PV,2.8284271247461903,0.8681171379916355
785,1,Myocardium,1.4142135623730951,0.4897857832003052
785,2,LA,1.4142135623730951,0.46315624925087956
785,3,LV,1.4142135623730951,0.4119176968696653
785,4,RA,1.4142135623730951,0.5454810487655486
785,5,RV,4.47213595499958,1.2529114608794265
785,6,Aorta,2.0,0.5736404919458626
785,7,PA,88.7130204648675,6.235961181890041
785,8,LAA,3.7416573867739413,1.1850658490145358
785,9,Coronary,134.79985163196582,23.452685486049184
785,10,PV,3.605551275463989,0.8990986126102607
945,1,Myocardium,1.4142135623730951,0.39881007098920473
945,2,LA,2.0,0.5650993296484683
945,3,LV,1.4142135623730951,0.3819475342716575
945,4,RA,1.0,0.3983984379247292
945,5,RV,4.123105625617661,1.2081007166796813
945,6,Aorta,2.0,0.5567052287296888
945,7,PA,4.58257569495584,1.175433790417323
945,8,LAA,4.898979485566356,1.6037955121844356
945,9,Coronary,121.81132952233959,21.559762847688017
945,10,PV,2.8284271247461903,0.8875212034183069
762,1,Myocardium,1.4142135623730951,0.433744985321348
762,2,LA,1.4142135623730951,0.4979554851537531
762,3,LV,1.0,0.33094258795879544
762,4,RA,1.4142135623730951,0.5330353057055581
762,5,RV,4.47213595499958,1.4021636131172452
762,6,Aorta,2.0,0.6673254273203315
762,7,PA,3.605551275463989,1.1259737086489143
762,8,LAA,4.58257569495584,1.6704014813348755
762,9,Coronary,144.8136733875638,25.639876322531016
762,10,PV,2.449489742783178,0.7149851197303243
978,1,Myocardium,1.4142135623730951,0.44348728976018365
978,2,LA,1.4142135623730951,0.5798403870249333
978,3,LV,1.0,0.3378884093104746
978,4,RA,1.4142135623730951,0.5002555454946288
978,5,RV,5.0,1.3696235716154408
978,6,Aorta,2.0,0.6657183690341533
978,7,PA,3.1622776601683795,0.9532102821606584
978,8,LAA,10.44030650891055,3.1609474848656633
978,9,Coronary,132.0227253165151,24.66628219442229
978,10,PV,2.23606797749979,0.6707610905037834
442,1,Myocardium,2.0,0.5186845465884338
442,2,LA,1.7320508075688772,0.6711788533523562
442,3,LV,1.4142135623730951,0.3980334737004556
442,4,RA,1.4142135623730951,0.4514757736730042
442,5,RV,4.242640687119285,1.0079658720598714
442,6,Aorta,2.0,0.6789724623102025
442,7,PA,5.385164807134504,1.3145519910952412
442,8,LAA,4.123105625617661,1.4089721834318052
442,9,Coronary,97.85703858180054,13.33141685645665
442,10,PV,3.605551275463989,0.8468227098792445
100,1,Myocardium,2.0,0.5013121594306903
100,2,LA,2.0,0.7272315592637653
100,3,LV,1.0,0.31606241810103525
100,4,RA,1.4142135623730951,0.5182516242823858
100,5,RV,3.0,1.1143735501486889
100,6,Aorta,2.0,0.7393170246793654
100,7,PA,5.0,2.503439136365684
100,8,LAA,5.385164807134504,1.6415898641509552
100,9,Coronary,141.0709041581573,22.296963842075527
100,10,PV,3.605551275463989,1.0968264657818303
985,1,Myocardium,2.449489742783178,0.7103001473094965
985,2,LA,1.7320508075688772,0.6616438612556989
985,3,LV,1.4142135623730951,0.5251324035177899
985,4,RA,1.0,0.3953988469448734
985,5,RV,4.123105625617661,1.4222165428098221
985,6,Aorta,2.0,0.6576734711820102
985,7,PA,91.45490692138941,5.262509620503718
985,8,LAA,4.47213595499958,1.3144418760591474
985,9,Coronary,141.3930691370691,28.520784268986624
985,10,PV,4.0,1.0553276103224196
24,1,Myocardium,1.7320508075688772,0.49037838269072725
24,2,LA,1.7320508075688772,0.6090997199589863
24,3,LV,1.4142135623730951,0.3842540997186461
24,4,RA,1.7320508075688772,0.6644270828864053
24,5,RV,4.69041575982343,1.4973160201415951
24,6,Aorta,2.0,0.6458876113884529
24,7,PA,4.47213595499958,1.3342505693346811
24,8,LAA,4.358898943540674,1.3254597103175283
24,9,Coronary,136.23876100434853,27.98406408841126
24,10,PV,7.874007874011811,1.3802017134008784
81,1,Myocardium,2.0,0.622866054454082
81,2,LA,1.7320508075688772,0.5547710556159178
81,3,LV,1.4142135623730951,0.42366878341241193
81,4,RA,1.4142135623730951,0.5137391280151066
81,5,RV,4.123105625617661,1.480965457596156
81,6,Aorta,2.0,0.635896816165314
81,7,PA,5.830951894845301,1.4858876372448688
81,8,LAA,3.4641016151377544,1.164254776198851
81,9,Coronary,123.4382436686459,21.012774176441933
81,10,PV,4.58257569495584,1.1869070914282434
346,1,Myocardium,1.7320508075688772,0.5618787225609349
346,2,LA,1.4142135623730951,0.545528962468641
346,3,LV,1.4142135623730951,0.40632300531607013
346,4,RA,1.4142135623730951,0.5244448701768314
346,5,RV,3.1622776601683795,1.1482604019312994
346,6,Aorta,2.0,0.6118105932105737
346,7,PA,3.4641016151377544,1.1365178972973315
346,8,LAA,5.385164807134504,1.5316963453948973
346,9,Coronary,139.64598096615597,28.360916185366236
346,10,PV,4.123105625617661,1.0340150114143014
980,1,Myocardium,3.1622776601683795,0.7477732691128876
980,2,LA,1.4142135623730951,0.3982654696230139
980,3,LV,1.4142135623730951,0.40665870493203493
980,4,RA,1.4142135623730951,0.41229884496326374
980,5,RV,3.3166247903554,1.1672540029317715
980,6,Aorta,2.0,0.6373243583049757
980,7,PA,5.0,1.373275564857273
980,8,LAA,4.0,1.1701435695113676
980,9,Coronary,133.85439850822982,28.388551300479918
980,10,PV,3.605551275463989,0.9108568324411437
168,1,Myocardium,1.4142135623730951,0.4459145000713354
168,2,LA,1.4142135623730951,0.5518109941254246
168,3,LV,1.0,0.3422405320879814
168,4,RA,1.4142135623730951,0.4179743648011177
168,5,RV,3.0,1.0010584820748545
168,6,Aorta,2.0,0.592119685169016
168,7,PA,3.7416573867739413,1.2450850716119088
168,8,LAA,4.123105625617661,1.5011607493155352
168,9,Coronary,148.22617852457776,28.200200647827536
168,10,PV,2.8284271247461903,0.8802045140047308
172,1,Myocardium,1.7320508075688772,0.46908749109393144
172,2,LA,1.4142135623730951,0.5453124689923261
172,3,LV,1.0,0.3359531433013422
172,4,RA,1.7320508075688772,0.7425979715127695
172,5,RV,3.1622776601683795,1.113180044186464
172,6,Aorta,2.0,0.6336238392585014
172,7,PA,3.605551275463989,0.966799611254435
172,8,LAA,4.58257569495584,1.3206136943994013
172,9,Coronary,123.48684140425651,27.055928707218417
172,10,PV,2.449489742783178,0.7355175182865289
617,1,Myocardium,1.4142135623730951,0.42202759934811307
617,2,LA,1.4142135623730951,0.5242693746835809
617,3,LV,1.0,0.34345618730433214
617,4,RA,1.4142135623730951,0.4475659654884708
617,5,RV,3.605551275463989,1.2009137667991223
617,6,Aorta,2.0,0.6689136381388215
617,7,PA,3.605551275463989,0.961101539948859
617,8,LAA,7.54983443527075,3.0612315177826543
617,9,Coronary,125.01999840025594,24.50481070057772
617,10,PV,2.8284271247461903,0.7999470631012913
875,1,Myocardium,2.449489742783178,0.6622334638987132
875,2,LA,1.7320508075688772,0.5472960164068033
875,3,LV,1.4142135623730951,0.372844077930366
875,4,RA,1.4142135623730951,0.5447363309773983
875,5,RV,3.1622776601683795,1.2322966561152247
875,6,Aorta,2.0,0.6533780163357936
875,7,PA,3.605551275463989,1.2221801559483696
875,8,LAA,4.242640687119285,1.5833549470435102
875,9,Coronary,85.07643622061282,13.95530836826928
875,10,PV,5.656854249492381,1.189951037139135
298,1,Myocardium,2.0,0.5163564691551407
298,2,LA,2.23606797749979,0.7782197317745387
298,3,LV,1.0,0.36542221250835055
298,4,RA,1.4142135623730951,0.45511632445338834
298,5,RV,3.0,1.0216500549965988
298,6,Aorta,2.0,0.6906466911707518
298,7,PA,4.47213595499958,1.289199998785981
298,8,LAA,4.358898943540674,1.2251244913530477
298,9,Coronary,125.86897949852458,25.166664544204263
298,10,PV,2.23606797749979,0.7776859595224268
208,1,Myocardium,2.0,0.5348168442223946
208,2,LA,1.4142135623730951,0.5975165995917681
208,3,LV,1.0,0.38716321777294294
208,4,RA,1.4142135623730951,0.6314439723800924
208,5,RV,2.8284271247461903,0.8470859788210117
208,6,Aorta,2.0,0.6693272282562697
208,7,PA,3.1622776601683795,1.0481782193737441
208,8,LAA,3.7416573867739413,1.1986506399647738
208,9,Coronary,132.102233137824,32.63868701642078
208,10,PV,2.8284271247461903,0.7473194144261833
14,1,Myocardium,1.7320508075688772,0.500970292044709
14,2,LA,1.4142135623730951,0.4696023030848062
14,3,LV,1.0,0.313581490365841
14,4,RA,1.4142135623730951,0.47493254293223325
14,5,RV,5.385164807134504,1.6156714950482882
14,6,Aorta,2.0,0.7120765530210615
14,7,PA,5.830951894845301,1.4736656851607788
14,8,LAA,5.744562646538029,1.7965642649111102
14,9,Coronary,140.69825869569246,32.82526277400619
14,10,PV,4.123105625617661,0.9722502067254238
176,1,Myocardium,1.4142135623730951,0.4687052022962308
176,2,LA,1.4142135623730951,0.5478985020149013
176,3,LV,1.0,0.391884806739907
176,4,RA,1.4142135623730951,0.42190253167276454
176,5,RV,3.605551275463989,1.1950505926396193
176,6,Aorta,2.0,0.5994367690980937
176,7,PA,4.123105625617661,1.2312940913978379
176,8,LAA,4.898979485566356,1.2267781618598657
176,9,Coronary,119.5449706177554,16.279514098735927
176,10,PV,3.1622776601683795,0.8619769832938082
40,1,Myocardium,1.7320508075688772,0.5011070878981849
40,2,LA,1.4142135623730951,0.6132641572579873
40,3,LV,1.4142135623730951,0.3897742438799154
40,4,RA,1.7320508075688772,0.5880821792667728
40,5,RV,4.0,1.2576646662408197
40,6,Aorta,2.0,0.6484101666067705
40,7,PA,117.51170154499508,9.001030189103107
40,8,LAA,5.0,1.4032478630761138
40,9,Coronary,104.76640682967036,22.02705228761418
40,10,PV,4.69041575982343,1.214667792640162
487,1,Myocardium,1.4142135623730951,0.5121591183616663
487,2,LA,2.0,0.7408411151774091
487,3,LV,1.4142135623730951,0.4350901360487466
487,4,RA,1.0,0.4058658571739814
487,5,RV,3.0,1.0157801442733587
487,6,Aorta,2.0,0.6127969448911447
487,7,PA,3.0,0.9811874723562928
487,8,LAA,6.082762530298219,1.8696107062562461
487,9,Coronary,152.1380951635717,37.262290888320514
487,10,PV,4.47213595499958,1.1301007414992557
17,1,Myocardium,1.4142135623730951,0.5004576497718194
17,2,LA,1.4142135623730951,0.5185193245049411
17,3,LV,1.4142135623730951,0.4685995622560467
17,4,RA,1.4142135623730951,0.600776736340734
17,5,RV,3.3166247903554,1.2910869099679918
17,6,Aorta,2.23606797749979,0.8094286737228306
17,7,PA,4.123105625617661,1.1275895316955302
17,8,LAA,7.3484692283495345,2.6779550707059103
17,9,Coronary,126.44761761298629,25.883681681842326
17,10,PV,4.58257569495584,1.1220845770617334
505,1,Myocardium,2.449489742783178,0.5982466667018858
505,2,LA,1.4142135623730951,0.5326323293377948
505,3,LV,1.0,0.3136761602425918
505,4,RA,1.4142135623730951,0.6687227675203222
505,5,RV,4.0,1.228542651687667
505,6,Aorta,2.0,0.5794127141466161
505,7,PA,4.242640687119285,1.3968114000497334
505,8,LAA,4.58257569495584,1.421933853069044
505,9,Coronary,138.2931668593933,35.03846579854116
505,10,PV,2.8284271247461903,0.8325417123683574
631,1,Myocardium,1.7320508075688772,0.5040421738200022
631,2,LA,1.4142135623730951,0.44791086137819314
631,3,LV,1.0,0.3620347219734385
631,4,RA,2.23606797749979,0.8532859939194097
631,5,RV,3.7416573867739413,1.407304928074868
631,6,Aorta,2.0,0.8859485846371379
631,7,PA,5.477225575051661,1.4868737883355811
631,8,LAA,8.602325267042627,3.1884705809877705
631,9,Coronary,145.6605643267937,31.09227580860075
631,10,PV,28.879058156387302,2.9983701622741292
86,1,Myocardium,2.0,0.6159692591195487
86,2,LA,1.7320508075688772,0.542544595240398
86,3,LV,1.4142135623730951,0.489580117901123
86,4,RA,1.4142135623730951,0.45763881027916153
86,5,RV,4.898979485566356,1.7471124044456063
86,6,Aorta,2.0,0.79425235223444
86,7,PA,89.96666049153987,3.6154567376271087
86,8,LAA,5.744562646538029,1.7895445415008249
86,9,Coronary,146.1984952042941,33.99143110291488
86,10,PV,4.58257569495584,1.2336632248453596
957,1,Myocardium,2.23606797749979,0.610117704625186
957,2,LA,1.4142135623730951,0.5488150320880245
957,3,LV,1.4142135623730951,0.469255561367066
957,4,RA,1.4142135623730951,0.45550715903295375
957,5,RV,4.0,1.206218325223953
957,6,Aorta,2.0,0.6364421427480316
957,7,PA,3.7416573867739413,1.1092929933749582
957,8,LAA,4.123105625617661,1.283159036491416
957,9,Coronary,118.19898476721363,21.531303959888014
957,10,PV,3.1622776601683795,0.8716338566532529
905,1,Myocardium,2.0,0.603393697889844
905,2,LA,1.7320508075688772,0.6229076281970002
905,3,LV,1.4142135623730951,0.41405540642263494
905,4,RA,1.4142135623730951,0.5935956146155242
905,5,RV,3.0,1.269610530812612
905,6,Aorta,2.0,0.6278315578321301
905,7,PA,3.1622776601683795,1.0948813006055347
905,8,LAA,3.7416573867739413,1.3480017775389466
905,9,Coronary,105.8536725862641,16.21780161296925
905,10,PV,3.7416573867739413,1.0328688144084346
466,1,Myocardium,1.7320508075688772,0.49700450940085444
466,2,LA,1.4142135623730951,0.5106097424473488
466,3,LV,1.0,0.33201814888800085
466,4,RA,1.4142135623730951,0.6125448410574157
466,5,RV,3.605551275463989,1.2476770973618154
466,6,Aorta,2.0,0.6122186319157108
466,7,PA,3.4641016151377544,1.1286217955262514
466,8,LAA,4.69041575982343,1.5371171693210068
466,9,Coronary,127.41663941573722,25.81982405006203
466,10,PV,3.605551275463989,0.9073524448757463
109,1,Myocardium,1.4142135623730951,0.49956481555439836
109,2,LA,2.0,0.6650294582214918
109,3,LV,1.4142135623730951,0.4077803650005457
109,4,RA,1.4142135623730951,0.45141235131337565
109,5,RV,3.1622776601683795,1.0988836316600898
109,6,Aorta,2.0,0.6606503201274121
109,7,PA,15.588457268119896,2.1003586963277616
109,8,LAA,7.0,2.5178568732258295
109,9,Coronary,156.23379916010492,39.91008232891333
109,10,PV,5.385164807134504,1.2106633263691156
740,1,Myocardium,1.4142135623730951,0.5001742800061564
740,2,LA,1.7320508075688772,0.5661175022412606
740,3,LV,1.0,0.32299267377592855
740,4,RA,1.4142135623730951,0.4925970787310014
740,5,RV,3.1622776601683795,1.17067303529373
740,6,Aorta,2.0,0.6937821438918669
740,7,PA,4.58257569495584,1.2516017191849644
740,8,LAA,4.123105625617661,1.3827353606173385
740,9,Coronary,122.00819644597652,19.44969316844297
740,10,PV,3.605551275463989,0.9820420873570463
703,1,Myocardium,1.7320508075688772,0.4987177952401089
703,2,LA,2.0,0.6901109270762448
703,3,LV,1.4142135623730951,0.3918794781184402
703,4,RA,1.4142135623730951,0.4676297648379294
703,5,RV,3.3166247903554,1.1392580541459925
703,6,Aorta,2.0,0.6283565755678175
703,7,PA,7.681145747868608,1.5917757565820474
703,8,LAA,5.196152422706632,1.2718656950510865
703,9,Coronary,131.5750736271882,23.01153785574496
703,10,PV,7.681145747868608,1.2199564616835699
820,1,Myocardium,2.0,0.6052887918398286
820,2,LA,1.4142135623730951,0.4384063786674254
820,3,LV,1.0,0.36924744153903677
820,4,RA,1.4142135623730951,0.5721714995970896
820,5,RV,3.1622776601683795,1.2551023519492537
820,6,Aorta,2.0,0.6897182214622921
820,7,PA,3.7416573867739413,1.232245183004553
820,8,LAA,4.242640687119285,1.2894887180024979
820,9,Coronary,129.9730741346068,33.541033662705
820,10,PV,3.0,0.9038616483429829
248,1,Myocardium,1.4142135623730951,0.46674371403608317
248,2,LA,1.4142135623730951,0.5867405747772307
248,3,LV,1.0,0.3620973400568128
248,4,RA,1.4142135623730951,0.47810648699852054
248,5,RV,3.3166247903554,1.0690606027859504
248,6,Aorta,2.0,0.6201564296171407
248,7,PA,3.1622776601683795,1.142130362914763
248,8,LAA,3.3166247903554,1.109849520547995
248,9,Coronary,138.4846561897743,25.842129822201176
248,10,PV,7.211102550927978,1.3298499665708525
51,1,Myocardium,1.7320508075688772,0.516872734588689
51,2,LA,1.4142135623730951,0.6017424783098839
51,3,LV,1.4142135623730951,0.42414645827947217
51,4,RA,1.4142135623730951,0.5230064095860656
51,5,RV,3.3166247903554,1.321139768477587
51,6,Aorta,2.0,0.6331563999155866
51,7,PA,3.1622776601683795,1.0327138241116849
51,8,LAA,5.0,1.4741072942992584
51,9,Coronary,123.36125809993995,21.955946424364402
51,10,PV,3.3166247903554,0.9619305981040704
154,1,Myocardium,2.8284271247461903,0.7434780016063431
154,2,LA,1.4142135623730951,0.4750486829470515
154,3,LV,1.4142135623730951,0.4715948025866893
154,4,RA,1.4142135623730951,0.45701867520477124
154,5,RV,4.123105625617661,1.2559567875650561
154,6,Aorta,2.0,0.669750919503943
154,7,PA,4.358898943540674,1.1978182555297883
154,8,LAA,4.898979485566356,1.5190922542187972
154,9,Coronary,139.38077342302273,23.019361568277876
154,10,PV,4.0,1.0928032683048934
117,1,Myocardium,1.4142135623730951,0.4706236313781077
117,2,LA,1.4142135623730951,0.6372216933724044
117,3,LV,1.4142135623730951,0.3845497257502173
117,4,RA,1.4142135623730951,0.5746957494722578
117,5,RV,4.0,1.2582385552867716
117,6,Aorta,2.0,0.7219778888496604
117,7,PA,3.605551275463989,1.1640077678923437
117,8,LAA,8.54400374531753,2.3033387349603256
117,9,Coronary,110.65712810298305,15.833153121507072
117,10,PV,3.0,0.823641738443648
867,1,Myocardium,1.7320508075688772,0.5224995444594958
867,2,LA,1.4142135623730951,0.4911598712514734
867,3,LV,1.0,0.36329231086404146
867,4,RA,1.4142135623730951,0.5476068774489703
867,5,RV,3.605551275463989,1.3007958266690727
867,6,Aorta,2.0,0.7350390430307284
867,7,PA,2.449489742783178,1.0793819036472958
867,8,LAA,6.708203932499369,1.8253185221352533
867,9,Coronary,137.09121051329294,36.87767997932954
867,10,PV,5.385164807134504,1.326522015371076
804,1,Myocardium,2.23606797749979,0.6261185674685112
804,2,LA,1.7320508075688772,0.7096749172967558
804,3,LV,1.4142135623730951,0.4844328463605033
804,4,RA,1.4142135623730951,0.4426283981889868
804,5,RV,4.0,1.1335771048654597
804,6,Aorta,2.0,0.6259685884259389
804,7,PA,4.69041575982343,1.1694748757968652
804,8,LAA,6.708203932499369,2.25612643702404
804,9,Coronary,125.54680402144851,21.91512036872745
804,10,PV,4.123105625617661,1.1206279551057525
929,1,Myocardium,1.7320508075688772,0.5008106733182308
929,2,LA,1.4142135623730951,0.5111460090651461
929,3,LV,1.0,0.376552439810954
929,4,RA,1.4142135623730951,0.4435213186716227
929,5,RV,3.0,0.9710393195549276
929,6,Aorta,2.0,0.6925962959846454
929,7,PA,4.0,1.1686131487169362
929,8,LAA,5.0,1.3211755419341664
929,9,Coronary,151.4859729479928,35.85396300235922
929,10,PV,3.3166247903554,0.8967800231650013
843,1,Myocardium,2.0,0.5618829166197137
843,2,LA,1.4142135623730951,0.5118291397556016
843,3,LV,1.4142135623730951,0.4627773257494185
843,4,RA,1.7320508075688772,0.729332023113653
843,5,RV,3.605551275463989,1.252103852733403
843,6,Aorta,2.0,0.6372616852817535
843,7,PA,3.7416573867739413,1.1416397688820203
843,8,LAA,4.123105625617661,1.3065453065525119
843,9,Coronary,117.98728745080972,22.30302018413793
843,10,PV,3.3166247903554,0.8550419306390922
211,1,Myocardium,1.7320508075688772,0.5484794705349137
211,2,LA,1.7320508075688772,0.558473444895888
211,3,LV,1.4142135623730951,0.44483113139671326
211,4,RA,1.4142135623730951,0.5394431463600246
211,5,RV,6.0,1.6234058418394122
211,6,Aorta,2.0,0.6270108564619296
211,7,PA,4.123105625617661,1.1960487817745222
211,8,LAA,9.899494936611665,2.759753168846368
211,9,Coronary,132.29134514396625,30.301824306662184
211,10,PV,4.242640687119285,1.0782430230476328
417,1,Myocardium,1.7320508075688772,0.5798028887744946
417,2,LA,1.4142135623730951,0.5130078584921016
417,3,LV,1.4142135623730951,0.47398346446068473
417,4,RA,1.4142135623730951,0.613256001985117
417,5,RV,4.898979485566356,1.595143896113902
417,6,Aorta,2.0,0.6126197986310913
417,7,PA,3.605551275463989,1.2194812935000203
417,8,LAA,3.7416573867739413,1.2715385005414719
417,9,Coronary,146.42745644174798,26.05935474807584
417,10,PV,3.0,0.8905023714165505
217,1,Myocardium,1.7320508075688772,0.515461782882583
217,2,LA,1.4142135623730951,0.5866993980463631
217,3,LV,1.0,0.3334641305732691
217,4,RA,1.4142135623730951,0.49220012000194646
217,5,RV,3.7416573867739413,1.1441184539805052
217,6,Aorta,2.0,0.647843003436303
217,7,PA,4.123105625617661,1.281777164478107
217,8,LAA,10.954451150103322,1.7599641518892333
217,9,Coronary,57.436921923097515,7.214498968631828
217,10,PV,3.3166247903554,0.935843023036909
725,1,Myocardium,1.7320508075688772,0.563206422541033
725,2,LA,1.4142135623730951,0.6265270644052783
725,3,LV,1.4142135623730951,0.4308109274332851
725,4,RA,1.4142135623730951,0.5296009709484056
725,5,RV,4.0,1.0876091951401223
725,6,Aorta,2.0,0.6054318504003533
725,7,PA,86.05230967266364,4.419935947114542
725,8,LAA,6.4031242374328485,1.8315695668766199
725,9,Coronary,78.03845206050669,9.518293006562391
725,10,PV,4.123105625617661,0.9458308669891322
528,1,Myocardium,3.605551275463989,0.7944036937468049
528,2,LA,1.7320508075688772,0.6421452201496682
528,3,LV,1.4142135623730951,0.4958310527204298
528,4,RA,1.4142135623730951,0.4076955018505649
528,5,RV,5.477225575051661,1.347226564227829
528,6,Aorta,2.0,0.682478886259124
528,7,PA,5.0990195135927845,1.2563870042572058
528,8,LAA,5.744562646538029,1.4639327546612946
528,9,Coronary,155.98717896032352,29.26682135088535
528,10,PV,3.7416573867739413,0.9734011247595513
501,1,Myocardium,1.4142135623730951,0.5127464110788913
501,2,LA,1.4142135623730951,0.44601852051822377
501,3,LV,1.0,0.36654285924811847
501,4,RA,1.4142135623730951,0.4232066856024156
501,5,RV,3.7416573867739413,1.261743682997842
501,6,Aorta,2.0,0.6434680209856533
501,7,PA,5.656854249492381,1.3604227784567267
501,8,LAA,4.358898943540674,1.4777409746701993
501,9,Coronary,144.57178147895945,31.511735913729535
501,10,PV,6.928203230275509,1.495456151053813
829,1,Myocardium,1.4142135623730951,0.45021357877061075
829,2,LA,1.4142135623730951,0.49077268373062977
829,3,LV,1.0,0.3801067001356575
829,4,RA,1.4142135623730951,0.5210708357924378
829,5,RV,3.1622776601683795,1.2073384927725583
829,6,Aorta,2.0,0.7083490552287371
829,7,PA,3.605551275463989,0.8891381902093911
829,8,LAA,6.708203932499369,2.2955210172600404
829,9,Coronary,125.70202862324857,20.676431953781403
829,10,PV,2.23606797749979,0.7700189718951955
727,1,Myocardium,2.0,0.5319304377080798
727,2,LA,1.4142135623730951,0.6182196662035858
727,3,LV,1.4142135623730951,0.3846745115299105
727,4,RA,1.4142135623730951,0.5253456097953504
727,5,RV,4.69041575982343,1.2645591123993718
727,6,Aorta,2.0,0.6489192439034509
727,7,PA,188.84914614580603,15.068578751396345
727,8,LAA,3.3166247903554,1.0945765473371663
727,9,Coronary,154.719100307622,39.05586471344721
727,10,PV,3.1622776601683795,1.003892052291857
777,1,Myocardium,1.7320508075688772,0.48097461427929294
777,2,LA,1.4142135623730951,0.5101576665852906
777,3,LV,1.0,0.36741651640908224
777,4,RA,1.7320508075688772,0.6584775622902943
777,5,RV,3.605551275463989,1.0704141278549062
777,6,Aorta,2.0,0.6311790624474687
777,7,PA,4.123105625617661,1.1172005532548908
777,8,LAA,11.313708498984761,2.4730579402629416
777,9,Coronary,132.27622613304328,24.847487846104688
777,10,PV,3.3166247903554,1.0069007341323868
411,1,Myocardium,1.7320508075688772,0.5279789248208664
411,2,LA,1.4142135623730951,0.5225304541021842
411,3,LV,1.4142135623730951,0.45300020632110255
411,4,RA,1.4142135623730951,0.6136770303007388
411,5,RV,3.1622776601683795,1.0398825168814283
411,6,Aorta,2.0,0.6407256861385286
411,7,PA,3.1622776601683795,0.9465302919548451
411,8,LAA,6.48074069840786,2.425604860864788
411,9,Coronary,120.70625501605126,24.939323922886235
411,10,PV,2.8284271247461903,0.8139029056107423
480,1,Myocardium,1.4142135623730951,0.4774171475184917
480,2,LA,1.4142135623730951,0.5642685166751955
480,3,LV,1.4142135623730951,0.43799142849985284
480,4,RA,1.4142135623730951,0.44425305028505674
480,5,RV,4.0,1.2212178901938757
480,6,Aorta,2.0,0.6439370707466581
480,7,PA,2.23606797749979,0.9645615674692283
480,8,LAA,4.47213595499958,1.546599499268316
480,9,Coronary,140.96098751072935,31.567145295502566
480,10,PV,3.1622776601683795,0.9718889821535535
836,1,Myocardium,1.7320508075688772,0.553057081534722
836,2,LA,1.4142135623730951,0.5173221373008692
836,3,LV,1.4142135623730951,0.4680440418419013
836,4,RA,1.4142135623730951,0.5446327115463918
836,5,RV,4.47213595499958,1.5562376295559979
836,6,Aorta,2.0,0.6318663013241321
836,7,PA,3.3166247903554,1.1478729272841288
836,8,LAA,5.744562646538029,1.5264135264839527
836,9,Coronary,143.15027069481914,25.358754017958255
836,10,PV,3.605551275463989,0.955593515896126
287,1,Myocardium,2.0,0.5662850551440013
287,2,LA,1.4142135623730951,0.49834687371533115
287,3,LV,1.4142135623730951,0.4535375238793925
287,4,RA,1.4142135623730951,0.4378909998591405
287,5,RV,5.0,1.2233422287231726
287,6,Aorta,2.0,0.6834464726185892
287,7,PA,4.47213595499958,1.4934765198551399
287,8,LAA,3.605551275463989,1.146009691110303
287,9,Coronary,152.80052355931247,21.879805341241717
287,10,PV,3.7416573867739413,1.0136428555766543
931,1,Myocardium,1.4142135623730951,0.4738474754504195
931,2,LA,1.7320508075688772,0.5769447684290292
931,3,LV,1.0,0.3363236107093785
931,4,RA,1.4142135623730951,0.5998803977424819
931,5,RV,5.385164807134504,1.190157262676713
931,6,Aorta,2.0,0.6950139124846548
931,7,PA,6.0,1.4424428141489503
931,8,LAA,7.810249675906654,1.8835362930241373
931,9,Coronary,79.94998436522674,12.62382065221629
931,10,PV,4.123105625617661,1.0491449439319722
745,1,Myocardium,1.7320508075688772,0.48625132628617257
745,2,LA,1.4142135623730951,0.5189128718586973
745,3,LV,1.0,0.36443496745729426
745,4,RA,1.4142135623730951,0.5577478122716417
745,5,RV,3.605551275463989,1.0800997184177343
745,6,Aorta,2.0,0.6112687689449894
745,7,PA,3.7416573867739413,1.156419881973544
745,8,LAA,3.0,0.9861368200547747
745,9,Coronary,131.71560272040668,33.005977170313216
745,10,PV,3.0,0.8137928430814809
897,1,Myocardium,2.0,0.618060723074416
897,2,LA,1.4142135623730951,0.4972427421180428
897,3,LV,1.0,0.3770569690535571
897,4,RA,1.4142135623730951,0.6242055915214466
897,5,RV,3.7416573867739413,1.2759499158903993
897,6,Aorta,2.0,0.6177222960424467
897,7,PA,4.123105625617661,1.2880329705876532
897,8,LAA,6.782329983125268,1.6449841273684913
897,9,Coronary,112.44109569014347,24.957000638156977
897,10,PV,2.0,0.6646710574283454
370,1,Myocardium,1.4142135623730951,0.501546880397072
370,2,LA,1.7320508075688772,0.6726488069686039
370,3,LV,1.4142135623730951,0.46461136257288055
370,4,RA,1.4142135623730951,0.42776388031977863
370,5,RV,3.0,1.0431705136173566
370,6,Aorta,2.0,0.6720763578879357
370,7,PA,2.23606797749979,1.0463564350773074
370,8,LAA,4.47213595499958,1.2488518751864972
370,9,Coronary,120.77251342917394,20.642942405260374
370,10,PV,4.123105625617661,1.0795882414828757
63,1,Myocardium,1.4142135623730951,0.419248704236032
63,2,LA,1.7320508075688772,0.5995774931928941
63,3,LV,1.4142135623730951,0.40338463433552196
63,4,RA,1.4142135623730951,0.5372691030958798
63,5,RV,3.3166247903554,1.1711952125726586
63,6,Aorta,2.0,0.6230097716648255
63,7,PA,3.3166247903554,1.1425036421903743
63,8,LAA,3.605551275463989,0.9106428677421081
63,9,Coronary,137.86225009044355,22.119073456487214
63,10,PV,4.47213595499958,1.095413460846194
567,1,Myocardium,1.4142135623730951,0.487194381744383
567,2,LA,1.4142135623730951,0.4871204104382737
567,3,LV,1.0,0.35287016308840946
567,4,RA,1.4142135623730951,0.5625880157379126
567,5,RV,4.123105625617661,1.4220849372364928
567,6,Aorta,2.0,0.6222212979280157
567,7,PA,4.47213595499958,1.240921737474212
567,8,LAA,4.58257569495584,1.308257615870553
567,9,Coronary,142.88806808127822,29.735364280386463
567,10,PV,3.605551275463989,0.9623419142178985
925,1,Myocardium,2.23606797749979,0.5803491061668952
925,2,LA,1.4142135623730951,0.5931004268750555
925,3,LV,1.0,0.36016829535493744
925,4,RA,1.4142135623730951,0.5897369609213907
925,5,RV,5.0990195135927845,1.6781925279916576
925,6,Aorta,2.0,0.7026565432278734
925,7,PA,69.6993543729065,5.35435641199335
925,8,LAA,5.196152422706632,1.4504183447762364
925,9,Coronary,114.21908772179893,17.905399999889887
925,10,PV,3.3166247903554,0.8631619612072103
59,1,Myocardium,1.4142135623730951,0.5578111543167825
59,2,LA,1.4142135623730951,0.44185171214212166
59,3,LV,1.4142135623730951,0.4322611499112733
59,4,RA,1.4142135623730951,0.5994248414621236
59,5,RV,3.7416573867739413,1.296136225912511
59,6,Aorta,2.0,0.6511275706756849
59,7,PA,2.8284271247461903,0.9918224506616033
59,8,LAA,10.04987562112089,2.4504591872984722
59,9,Coronary,110.72488428533127,23.467774168579993
59,10,PV,3.1622776601683795,0.9493410978367296
261,1,Myocardium,1.7320508075688772,0.5041072660235479
261,2,LA,1.4142135623730951,0.5917919479534817
261,3,LV,1.0,0.35072667057921814
261,4,RA,1.4142135623730951,0.3972954173369971
261,5,RV,3.7416573867739413,1.1821514337093368
261,6,Aorta,2.23606797749979,0.8492112304934384
261,7,PA,3.3166247903554,0.9529679198879124
261,8,LAA,9.848857801796104,3.374997083190867
261,9,Coronary,134.71822445385777,18.780715777494056
261,10,PV,2.23606797749979,0.6346526901301262
709,1,Myocardium,1.4142135623730951,0.4224788521206506
709,2,LA,1.7320508075688772,0.6380259100251742
709,3,LV,1.4142135623730951,0.37426956975313286
709,4,RA,1.4142135623730951,0.5332110220164961
709,5,RV,4.0,1.4062098539577579
709,6,Aorta,2.0,0.6945405826468366
709,7,PA,3.3166247903554,1.1384329391203232
709,8,LAA,4.0,1.3760955565321638
709,9,Coronary,140.44571905188138,33.36663514386408
709,10,PV,4.0,1.16430199909929
244,1,Myocardium,2.0,0.554766354458513
244,2,LA,2.23606797749979,0.6537102441609899
244,3,LV,1.4142135623730951,0.49133938802477417
244,4,RA,2.0,0.5951470593244852
244,5,RV,4.123105625617661,1.2557306538513662
244,6,Aorta,2.0,0.7019413700505055
244,7,PA,3.605551275463989,1.0213128396938767
244,8,LAA,6.164414002968976,2.0944059558553763
244,9,Coronary,140.06070112633307,32.00845291540161
244,10,PV,5.196152422706632,0.954623719877524
496,1,Myocardium,2.0,0.5626378173824714
496,2,LA,1.4142135623730951,0.5123418985424883
496,3,LV,1.4142135623730951,0.45367769588436035
496,4,RA,1.4142135623730951,0.5628635304145895
496,5,RV,3.3166247903554,1.1685552002042852
496,6,Aorta,2.0,0.5754827505537592
496,7,PA,4.242640687119285,1.2641161678109556
496,8,LAA,4.358898943540674,1.2833868390463228
496,9,Coronary,120.74767078498864,22.48185156974622
496,10,PV,2.449489742783178,0.7879135182198591
866,1,Myocardium,1.4142135623730951,0.5027924818849818
866,2,LA,1.4142135623730951,0.4320161369529659
866,3,LV,1.0,0.37524889824907337
866,4,RA,1.4142135623730951,0.5321012358706181
866,5,RV,4.898979485566356,1.3237683534029197
866,6,Aorta,2.0,0.6218959299994249
866,7,PA,6.324555320336759,1.485692945733349
866,8,LAA,5.196152422706632,1.194937942468627
866,9,Coronary,59.61543424315552,7.817836100102188
866,10,PV,3.0,0.9287826875210139
637,1,Myocardium,2.0,0.525258309664216
637,2,LA,1.7320508075688772,0.5710544767180541
637,3,LV,1.4142135623730951,0.42060086844853317
637,4,RA,1.7320508075688772,0.6112762256251941
637,5,RV,4.123105625617661,1.1706407737824134
637,6,Aorta,2.0,0.7805751667158416
637,7,PA,6.48074069840786,1.6798639459798177
637,8,LAA,9.055385138137417,2.0425452520770397
637,9,Coronary,139.87494414654827,24.691433306729277
637,10,PV,3.3166247903554,0.7969954077408732
744,1,Myocardium,1.4142135623730951,0.4782886048753609
744,2,LA,1.4142135623730951,0.5538742730140962
744,3,LV,1.4142135623730951,0.4079279594598987
744,4,RA,1.4142135623730951,0.5270123039642127
744,5,RV,3.7416573867739413,1.1269916455614326
744,6,Aorta,2.0,0.5918442366237147
744,7,PA,4.123105625617661,1.1549337002253857
744,8,LAA,4.69041575982343,1.3997349888496478
744,9,Coronary,136.06983501129116,30.674068081026622
744,10,PV,3.605551275463989,0.9990630099832354
686,1,Myocardium,1.4142135623730951,0.4220281583003572
686,2,LA,1.4142135623730951,0.5477823084701169
686,3,LV,1.0,0.30088536307839986
686,4,RA,1.4142135623730951,0.5632059326342357
686,5,RV,3.0,0.8755840895521932
686,6,Aorta,2.0,0.6177486170235251
686,7,PA,3.605551275463989,1.1904748730765553
686,8,LAA,4.242640687119285,1.4201271045117583
686,9,Coronary,96.52460826131335,13.167993201214545
686,10,PV,5.385164807134504,1.0563083367613437
851,1,Myocardium,2.0,0.5384273118501239
851,2,LA,1.4142135623730951,0.5318371744820912
851,3,LV,1.4142135623730951,0.38172634939549477
851,4,RA,1.4142135623730951,0.5767749357743033
851,5,RV,4.47213595499958,1.289861277456641
851,6,Aorta,2.0,0.6205448790495938
851,7,PA,8.94427190999916,1.6659358124009471
851,8,LAA,3.605551275463989,1.1320190187394845
851,9,Coronary,114.08768557561329,16.462461972971173
851,10,PV,6.708203932499369,1.3676128844153816
479,1,Myocardium,1.4142135623730951,0.4481293645749212
479,2,LA,1.4142135623730951,0.5773286070713433
479,3,LV,1.0,0.35260451291685546
479,4,RA,2.0,0.7588825539306228
479,5,RV,3.7416573867739413,1.0991287277472996
479,6,Aorta,2.0,0.6443989308653566
479,7,PA,3.7416573867739413,1.1108152656759658
479,8,LAA,5.0,1.5198794861124962
479,9,Coronary,117.77096416349829,17.64455513812364
479,10,PV,3.0,0.944943202620295
225,1,Myocardium,1.4142135623730951,0.43830834589588885
225,2,LA,1.4142135623730951,0.5678801165734804
225,3,LV,1.0,0.34433093223632083
225,4,RA,1.4142135623730951,0.47503794105304514
225,5,RV,3.0,1.0918773643221744
225,6,Aorta,2.0,0.6020069147246002
225,7,PA,4.242640687119285,1.2685073982699677
225,8,LAA,3.4641016151377544,1.0704039642363572
225,9,Coronary,138.25700705570043,22.06608555024895
225,10,PV,3.605551275463989,0.9585129229670235
914,1,Myocardium,1.7320508075688772,0.5713433972486505
914,2,LA,1.4142135623730951,0.47327755354193
914,3,LV,1.4142135623730951,0.4232548992220241
914,4,RA,1.4142135623730951,0.4658310138277103
914,5,RV,3.7416573867739413,1.2460364696366195
914,6,Aorta,2.0,0.620886635310579
914,7,PA,5.744562646538029,1.3874003021238728
914,8,LAA,6.324555320336759,2.068932312337987
914,9,Coronary,137.00364958642524,25.92125794196375
914,10,PV,3.605551275463989,0.9152448831754099
323,1,Myocardium,1.4142135623730951,0.4285701521799826
323,2,LA,1.4142135623730951,0.5199470001481621
323,3,LV,1.0,0.320696755105505
323,4,RA,1.4142135623730951,0.5314115563796816
323,5,RV,4.0,1.0629208283084677
323,6,Aorta,2.0,0.6600595828891614
323,7,PA,4.123105625617661,1.3305024175058084
323,8,LAA,8.602325267042627,2.135587594474771
323,9,Coronary,153.88957079672423,31.513824333378135
323,10,PV,4.123105625617661,1.0140276189673891
361,1,Myocardium,1.7320508075688772,0.5711384812200023
361,2,LA,2.0,0.7155358060268344
361,3,LV,1.4142135623730951,0.5742407841934043
361,4,RA,2.0,0.6874115754179674
361,5,RV,3.1622776601683795,1.0235176277670823
361,6,Aorta,2.0,0.6275214364769146
361,7,PA,4.69041575982343,1.4826656731732961
361,8,LAA,9.38083151964686,2.5617567913344876
361,9,Coronary,120.7435298473587,25.862308738220218
361,10,PV,6.164414002968976,1.176470826848997
984,1,Myocardium,2.23606797749979,0.6137689204731329
984,2,LA,1.7320508075688772,0.6167710378566592
984,3,LV,1.4142135623730951,0.47904175621134454
984,4,RA,1.7320508075688772,0.7035698066782088
984,5,RV,3.7416573867739413,1.090355945535887
984,6,Aorta,2.0,0.6049150627043745
984,7,PA,5.385164807134504,1.4165454816250294
984,8,LAA,5.656854249492381,1.7242524683467473
984,9,Coronary,124.24974849069112,25.376568801534955
984,10,PV,4.58257569495584,1.1399009433609055
746,1,Myocardium,1.7320508075688772,0.5183524870637997
746,2,LA,1.4142135623730951,0.5492007056953977
746,3,LV,1.4142135623730951,0.4881207862393704
746,4,RA,2.0,0.7485034718672197
746,5,RV,3.605551275463989,1.3494502353168434
746,6,Aorta,2.0,0.697870927874399
746,7,PA,4.123105625617661,1.142116348596173
746,8,LAA,5.744562646538029,2.025615303890207
746,9,Coronary,132.86835590162167,20.926287167574934
746,10,PV,2.23606797749979,0.6597036058723748
112,1,Myocardium,2.0,0.5315562750396594
112,2,LA,1.4142135623730951,0.6170151492314584
112,3,LV,1.0,0.35273861128668027
112,4,RA,1.0,0.39685840266240235
112,5,RV,3.1622776601683795,0.9833068463273846
112,6,Aorta,2.0,0.6588326829723437
112,7,PA,6.48074069840786,1.4309949589333537
112,8,LAA,5.0,1.4650492825668469
112,9,Coronary,147.20733677368122,32.10352059750014
112,10,PV,3.1622776601683795,0.9641948736956548
281,1,Myocardium,1.4142135623730951,0.47816018431796964
281,2,LA,1.4142135623730951,0.4848323158632586
281,3,LV,1.0,0.3252552623931524
281,4,RA,1.4142135623730951,0.4339988807813624
281,5,RV,4.123105625617661,1.476353756443868
281,6,Aorta,2.0,0.6691387115987399
281,7,PA,5.0,1.309355638663304
281,8,LAA,6.0,1.6782864272050528
281,9,Coronary,137.16413525408163,24.90709389502295
281,10,PV,3.605551275463989,0.9498572332840942
648,1,Myocardium,2.0,0.5969517325112582
648,2,LA,1.4142135623730951,0.5375836303060837
648,3,LV,1.4142135623730951,0.44274559613342235
648,4,RA,1.4142135623730951,0.4656158665574772
648,5,RV,3.1622776601683795,1.0799566696798362
648,6,Aorta,2.0,0.5879852343293407
648,7,PA,4.123105625617661,1.1367288074316826
648,8,LAA,4.69041575982343,1.291913705878682
648,9,Coronary,118.34694757364889,16.21891645914387
648,10,PV,3.7416573867739413,0.9523465639130977
711,1,Myocardium,2.0,0.601939564880569
711,2,LA,1.0,0.39329133806597455
711,3,LV,1.4142135623730951,0.3738006182856242
711,4,RA,1.4142135623730951,0.48908340349393453
711,5,RV,4.358898943540674,1.1949272944853442
711,6,Aorta,2.0,0.7027077335012515
711,7,PA,3.605551275463989,1.0066566414343212
711,8,LAA,11.832159566199232,2.8385186684985255
711,9,Coronary,131.34686901483414,30.19397447025774
711,10,PV,3.1622776601683795,0.7974724352875127
41,1,Myocardium,2.0,0.5375418023524285
41,2,LA,1.7320508075688772,0.6680557316262588
41,3,LV,1.4142135623730951,0.4927204628687827
41,4,RA,1.7320508075688772,0.5780374987620125
41,5,RV,5.0,1.6135448694088503
41,6,Aorta,2.23606797749979,0.7828254450673455
41,7,PA,72.03471385380801,3.274134286576053
41,8,LAA,4.69041575982343,1.4660326622692628
41,9,Coronary,123.71741995369932,25.99627145757309
41,10,PV,4.358898943540674,1.0141542372462986
198,1,Myocardium,1.4142135623730951,0.4750209724202651
198,2,LA,1.4142135623730951,0.555154579467229
198,3,LV,1.0,0.34787081925492097
198,4,RA,1.0,0.3899379648828589
198,5,RV,3.605551275463989,1.1916216709993286
198,6,Aorta,2.0,0.6091196849491066
198,7,PA,3.0,1.0830133693674406
198,8,LAA,3.605551275463989,1.2180041429894373
198,9,Coronary,126.78327965469263,24.39328258688002
198,10,PV,2.23606797749979,0.7879002033993989
548,1,Myocardium,1.4142135623730951,0.5160290739271229
548,2,LA,1.7320508075688772,0.546930510292555
548,3,LV,1.4142135623730951,0.43368198008637027
548,4,RA,1.4142135623730951,0.6147799255749968
548,5,RV,4.0,1.221872220573571
548,6,Aorta,2.0,0.6985674354463445
548,7,PA,4.58257569495584,1.3414207041214765
548,8,LAA,5.385164807134504,1.8573884257952376
548,9,Coronary,143.06641814206435,30.403436955243166
548,10,PV,3.0,0.8592936186604971
658,1,Myocardium,1.4142135623730951,0.5053350977517139
658,2,LA,1.4142135623730951,0.6061560051263768
658,3,LV,1.0,0.3629962850746068
658,4,RA,1.4142135623730951,0.5262056803008018
658,5,RV,2.8284271247461903,0.9377785863327215
658,6,Aorta,2.0,0.6330179185168581
658,7,PA,4.0,1.0057060479523003
658,8,LAA,13.341664064126334,3.9047146143688254
658,9,Coronary,137.15319901482428,23.853931221654697
658,10,PV,5.0,0.9974994001856707
77,1,Myocardium,1.4142135623730951,0.40558402427236684
77,2,LA,1.4142135623730951,0.5868184757440387
77,3,LV,1.4142135623730951,0.36324909519254517
77,4,RA,1.4142135623730951,0.500321662125822
77,5,RV,4.123105625617661,1.231724020398219
77,6,Aorta,2.0,0.7175560167068322
77,7,PA,4.123105625617661,1.2470875375417667
77,8,LAA,4.123105625617661,1.2956693505408616
77,9,Coronary,142.22517358048822,27.173076574993583
77,10,PV,3.0,0.8348987811895063
145,1,Myocardium,2.0,0.5894881718720817
145,2,LA,1.4142135623730951,0.5917381625636069
145,3,LV,1.4142135623730951,0.41082105772882305
145,4,RA,1.4142135623730951,0.5668903654647653
145,5,RV,3.3166247903554,1.1892197648537006
145,6,Aorta,2.0,0.7062046864512366
145,7,PA,5.0,1.4176516716927017
145,8,LAA,4.123105625617661,1.083669062693464
145,9,Coronary,60.37383539249432,6.589526413479662
145,10,PV,3.0,0.8476120602676542
271,1,Myocardium,2.0,0.5258899028448084
271,2,LA,1.4142135623730951,0.5571696755413285
271,3,LV,1.0,0.3681313961283751
271,4,RA,1.4142135623730951,0.5203439832043484
271,5,RV,4.898979485566356,1.3673472081948117
271,6,Aorta,2.0,0.660577785566069
271,7,PA,8.831760866327848,1.8725331016300193
271,8,LAA,7.54983443527075,1.8276889480706124
271,9,Coronary,142.10911300827965,23.002223711251986
271,10,PV,3.1622776601683795,0.9171605975910326
915,1,Myocardium,1.7320508075688772,0.5034907169502643
915,2,LA,1.4142135623730951,0.49376884385567943
915,3,LV,1.4142135623730951,0.45603613475343796
915,4,RA,1.4142135623730951,0.4682213042263072
915,5,RV,4.47213595499958,1.2679907779074056
915,6,Aorta,2.0,0.6063259252270423
915,7,PA,4.123105625617661,1.2575270465217507
915,8,LAA,5.0990195135927845,1.7451724307214236
915,9,Coronary,138.2931668593933,24.213442707037984
915,10,PV,3.3166247903554,0.9417461805756142
899,1,Myocardium,2.0,0.5139467148401216
899,2,LA,1.7320508075688772,0.6215919440030833
899,3,LV,1.0,0.35348874918770656
899,4,RA,1.4142135623730951,0.679815113058448
899,5,RV,5.0990195135927845,1.220407170735923
899,6,Aorta,2.0,0.6310299707870324
899,7,PA,101.31140113531151,10.629667145822047
899,8,LAA,4.69041575982343,1.2855472710636502
899,9,Coronary,152.58440287263963,39.17095170064963
899,10,PV,3.1622776601683795,0.918880342916141
247,1,Myocardium,2.8284271247461903,0.6008257492833173
247,2,LA,1.4142135623730951,0.5159557415075179
247,3,LV,1.0,0.3644688748434698
247,4,RA,1.7320508075688772,0.7486971956499688
247,5,RV,3.7416573867739413,1.3653867745218724
247,6,Aorta,2.0,0.6513982106647314
247,7,PA,4.242640687119285,1.1236018540615236
247,8,LAA,15.556349186104045,3.080563187498087
247,9,Coronary,123.3450444890268,24.268824933859822
247,10,PV,3.0,0.7679390296702888
186,1,Myocardium,2.0,0.47028826545852254
186,2,LA,1.4142135623730951,0.5730143173527735
186,3,LV,1.0,0.3085986984521141
186,4,RA,1.4142135623730951,0.5078964102709149
186,5,RV,3.1622776601683795,0.9464888788617578
186,6,Aorta,2.0,0.6425898873064811
186,7,PA,4.123105625617661,1.177390852527138
186,8,LAA,6.708203932499369,1.8508329981091176
186,9,Coronary,153.37861650177967,19.148015676656488
186,10,PV,3.1622776601683795,0.8853610684116926
427,1,Myocardium,2.0,0.6032198745089707
427,2,LA,1.7320508075688772,0.645545128528116
427,3,LV,1.4142135623730951,0.4825609261680389
427,4,RA,1.4142135623730951,0.48863446366462115
427,5,RV,3.0,1.086252347990845
427,6,Aorta,2.0,0.6570181468120923
427,7,PA,4.0,1.2416931948080239
427,8,LAA,4.69041575982343,1.399670054477498
427,9,Coronary,85.85452812752511,12.13224772294472
427,10,PV,3.3166247903554,1.0237968974548233
321,1,Myocardium,2.0,0.497293186628194
321,2,LA,1.7320508075688772,0.566769012284577
321,3,LV,1.4142135623730951,0.4309964393348241
321,4,RA,1.4142135623730951,0.532938800176155
321,5,RV,4.123105625617661,1.181636803140637
321,6,Aorta,2.0,0.9150421418441814
321,7,PA,84.87638069569178,4.458420349862541
321,8,LAA,5.0,1.3978743690139939
321,9,Coronary,126.54248298496438,20.475266345194854
321,10,PV,8.06225774829855,1.498765591884291
366,1,Myocardium,1.7320508075688772,0.48519983063431105
366,2,LA,1.4142135623730951,0.5693319087394835
366,3,LV,1.4142135623730951,0.39028668825648605
366,4,RA,1.4142135623730951,0.5102557191576931
366,5,RV,3.605551275463989,1.2004467586707284
366,6,Aorta,2.0,0.6600593341394482
366,7,PA,5.744562646538029,1.4971443683065389
366,8,LAA,7.0710678118654755,2.058386996816603
366,9,Coronary,129.0426286155083,25.560048691690373
366,10,PV,4.898979485566356,1.026342338031215
21,1,Myocardium,2.23606797749979,0.6609570514918746
21,2,LA,1.7320508075688772,0.6189553328652011
21,3,LV,1.4142135623730951,0.4817977454436353
21,4,RA,1.0,0.383404704104068
21,5,RV,7.810249675906654,1.8226940645936773
21,6,Aorta,2.0,0.6426961181425244
21,7,PA,5.744562646538029,1.4859588801632864
21,8,LAA,6.708203932499369,1.6141198648196062
21,9,Coronary,128.11713390487628,21.362886125369542
21,10,PV,4.47213595499958,0.9776298945649096
584,1,Myocardium,2.0,0.5619855852491471
584,2,LA,1.4142135623730951,0.5006470675321859
584,3,LV,1.0,0.3401174122578404
584,4,RA,1.4142135623730951,0.5183237771966295
584,5,RV,5.0,1.4594236993260603
584,6,Aorta,2.0,0.690292382102293
584,7,PA,6.164414002968976,1.4559472073817104
584,8,LAA,5.385164807134504,1.5739589822722029
584,9,Coronary,147.51949023773096,25.28419702056284
584,10,PV,3.0,0.8318588809523171
961,1,Myocardium,2.0,0.5564736640803096
961,2,LA,1.4142135623730951,0.5956274820991179
961,3,LV,1.4142135623730951,0.4302412591660097
961,4,RA,1.7320508075688772,0.6516173675909389
961,5,RV,5.0990195135927845,1.3654268261747362
961,6,Aorta,2.0,0.7000832927388478
961,7,PA,4.242640687119285,1.1759775015576452
961,8,LAA,3.605551275463989,1.0862232021777374
961,9,Coronary,154.23683088030563,29.79685619846096
961,10,PV,2.8284271247461903,0.9302319942346912
796,1,Myocardium,1.7320508075688772,0.4776855835690675
796,2,LA,1.7320508075688772,0.5749781237821598
796,3,LV,1.0,0.38205774700085604
796,4,RA,1.4142135623730951,0.4780279764526655
796,5,RV,3.3166247903554,0.9518120119492739
796,6,Aorta,2.0,0.6912577465254682
796,7,PA,5.385164807134504,1.4477251138527838
796,8,LAA,6.6332495807108,2.066544439111564
796,9,Coronary,125.15989773086265,26.396178718396563
796,10,PV,4.58257569495584,1.0821380615456284
928,1,Myocardium,2.0,0.5777552459662773
928,2,LA,1.7320508075688772,0.6808948371720422
928,3,LV,1.0,0.36385961538236444
928,4,RA,1.4142135623730951,0.48354606609323036
928,5,RV,2.8284271247461903,0.7983313548254056
928,6,Aorta,2.0,0.664033602708775
928,7,PA,6.164414002968976,1.551339657748008
928,8,LAA,8.831760866327848,2.657114193814558
928,9,Coronary,126.46343345014795,23.047285178777848
928,10,PV,5.477225575051661,1.0710857396470608
664,1,Myocardium,1.7320508075688772,0.5739143422979136
664,2,LA,2.0,0.6505739891119138
664,3,LV,1.4142135623730951,0.47867712707411414
664,4,RA,1.4142135623730951,0.448889518642559
664,5,RV,4.123105625617661,1.537751073956286
664,6,Aorta,2.0,0.7065592537534982
664,7,PA,5.0990195135927845,1.360247217601908
664,8,LAA,3.7416573867739413,1.1671831326390159
664,9,Coronary,31.304951684997057,3.763057100052072
664,10,PV,3.0,0.9877153522280842
807,1,Myocardium,2.0,0.5191801039857705
807,2,LA,1.4142135623730951,0.5208600138863496
807,3,LV,1.0,0.3519153588434026
807,4,RA,1.0,0.3811868276925229
807,5,RV,4.898979485566356,1.398718443417157
807,6,Aorta,2.0,0.6381001994141463
807,7,PA,5.385164807134504,1.3520474385053212
807,8,LAA,5.744562646538029,1.6868038005106007
807,9,Coronary,135.9779393872403,30.68936922633101
807,10,PV,3.0,0.8531768927231851
786,1,Myocardium,2.0,0.5893172999969811
786,2,LA,1.7320508075688772,0.6965478273251213
786,3,LV,1.4142135623730951,0.3603490918143798
786,4,RA,1.4142135623730951,0.6195399648922595
786,5,RV,4.123105625617661,1.077361661937072
786,6,Aorta,2.0,0.6713568752409664
786,7,PA,5.0990195135927845,1.2083700554106942
786,8,LAA,4.0,1.2922540954845019
786,9,Coronary,143.6419158880861,27.100435298106657
786,10,PV,3.0,0.9513688446748112
22,1,Myocardium,1.4142135623730951,0.52089333192475
22,2,LA,1.0,0.4303808790802218
22,3,LV,1.4142135623730951,0.3785567139003884
22,4,RA,1.4142135623730951,0.3880601152385307
22,5,RV,3.1622776601683795,1.1902371936724139
22,6,Aorta,2.0,0.5903370158533878
22,7,PA,68.7386354243376,3.6510524488591196
22,8,LAA,5.0,1.5460874443663684
22,9,Coronary,132.31024147812596,27.03824614495198
22,10,PV,4.123105625617661,1.0562399994434613
809,1,Myocardium,2.0,0.5550400242347933
809,2,LA,1.4142135623730951,0.5499646093398896
809,3,LV,1.4142135623730951,0.4000998072803992
809,4,RA,1.4142135623730951,0.6398580227564624
809,5,RV,3.7416573867739413,1.036001144964394
809,6,Aorta,2.0,0.6960998895596846
809,7,PA,5.385164807134504,1.4422315693258758
809,8,LAA,9.219544457292887,1.8244835968979518
809,9,Coronary,104.66613587975817,13.727069302604068
809,10,PV,2.23606797749979,0.8342442353224171
473,1,Myocardium,2.23606797749979,0.6705468076874566
473,2,LA,1.4142135623730951,0.5162748691513734
473,3,LV,1.4142135623730951,0.44380103032494056
473,4,RA,1.4142135623730951,0.5874650370253562
473,5,RV,3.605551275463989,1.1853942456515387
473,6,Aorta,2.0,0.7651799225350427
473,7,PA,4.898979485566356,1.3570235408619076
473,8,LAA,5.385164807134504,1.9149887886984973
473,9,Coronary,151.51567575666883,30.14000384887316
473,10,PV,2.8284271247461903,0.8537664437479262
805,1,Myocardium,1.4142135623730951,0.40990164690847153
805,2,LA,1.4142135623730951,0.5849683806069169
805,3,LV,1.0,0.367831825281282
805,4,RA,1.4142135623730951,0.45062665955194847
805,5,RV,4.358898943540674,1.1324834094099059
805,6,Aorta,2.0,0.6665405190254012
805,7,PA,3.7416573867739413,1.1243920447895717
805,8,LAA,3.0,0.9688567816133731
805,9,Coronary,139.46325680981354,23.53637827508255
805,10,PV,13.601470508735444,1.8546994920428532
771,1,Myocardium,2.23606797749979,0.587284989800099
771,2,LA,1.4142135623730951,0.5310776392177867
771,3,LV,1.4142135623730951,0.41253964301046697
771,4,RA,1.4142135623730951,0.5702694109392101
771,5,RV,4.58257569495584,1.0141029634413825
771,6,Aorta,2.0,0.6743730458132584
771,7,PA,2.8284271247461903,0.8564109651041465
771,8,LAA,6.48074069840786,2.1473383143670133
771,9,Coronary,139.30541985149034,26.84946264011621
771,10,PV,3.7416573867739413,0.9152595458215378
335,1,Myocardium,2.0,0.5316333025138614
335,2,LA,1.4142135623730951,0.584014198358397
335,3,LV,1.0,0.3495222045186626
335,4,RA,1.4142135623730951,0.5533077633491612
335,5,RV,4.0,1.1742775160826362
335,6,Aorta,2.0,0.68621362712155
335,7,PA,4.358898943540674,1.141866703733545
335,8,LAA,3.7416573867739413,1.1980330721969832
335,9,Coronary,154.02272559593277,29.738552888588387
335,10,PV,3.0,0.7922948508965197
868,1,Myocardium,1.4142135623730951,0.5283399677169682
868,2,LA,1.7320508075688772,0.6333129438862664
868,3,LV,1.4142135623730951,0.43144552995524893
868,4,RA,1.4142135623730951,0.4335957577966387
868,5,RV,3.4641016151377544,1.4833677259509188
868,6,Aorta,2.0,0.6526250578828094
868,7,PA,3.1622776601683795,1.13345566185769
868,8,LAA,4.69041575982343,1.7148733333612256
868,9,Coronary,70.46985170979147,7.383183115783072
868,10,PV,3.3166247903554,0.9470977457402676
7,1,Myocardium,2.0,0.4986906430993075
7,2,LA,1.4142135623730951,0.5069805184254232
7,3,LV,1.0,0.32269214229259247
7,4,RA,1.4142135623730951,0.5470967110815474
7,5,RV,5.0,1.1855029552655525
7,6,Aorta,2.0,0.6688590394809655
7,7,PA,8.18535277187245,1.6827812319318483
7,8,LAA,3.605551275463989,1.1332323088857463
7,9,Coronary,157.30543537970962,47.25888514957193
7,10,PV,3.7416573867739413,0.9262866604158351
31,1,Myocardium,2.0,0.4939128294785142
31,2,LA,1.4142135623730951,0.46387727138422385
31,3,LV,1.0,0.34788015793309546
31,4,RA,1.0,0.3550843174417558
31,5,RV,3.3166247903554,1.0714463250082895
31,6,Aorta,2.0,0.626795118278346
31,7,PA,4.58257569495584,1.2751101580697717
31,8,LAA,4.123105625617661,1.378773406769108
31,9,Coronary,147.81407240178453,22.543194655485244
31,10,PV,3.605551275463989,0.9515610397134
293,1,Myocardium,2.23606797749979,0.6978729621336439
293,2,LA,1.4142135623730951,0.4866959499893893
293,3,LV,1.4142135623730951,0.43150275475429994
293,4,RA,1.4142135623730951,0.4109968344914616
293,5,RV,3.3166247903554,1.2528788567436169
293,6,Aorta,2.0,0.6685364217961597
293,7,PA,4.123105625617661,1.3151746307949832
293,8,LAA,6.708203932499369,1.6375031424462598
293,9,Coronary,142.08800090085018,32.763775556712076
293,10,PV,2.449489742783178,0.6863892224502277
226,1,Myocardium,2.0,0.5548692273032911
226,2,LA,2.0,0.7253074263453898
226,3,LV,1.4142135623730951,0.46406826108996807
226,4,RA,1.4142135623730951,0.5030993633132235
226,5,RV,3.7416573867739413,0.9544367948165156
226,6,Aorta,2.0,0.7239926949701725
226,7,PA,3.7416573867739413,1.2603346109194
226,8,LAA,4.898979485566356,1.3872140676461058
226,9,Coronary,139.13302986710238,21.98137459030023
226,10,PV,3.0,0.910509769674682
70,1,Myocardium,1.4142135623730951,0.49923504986059075
70,2,LA,1.4142135623730951,0.4580172367353202
70,3,LV,1.4142135623730951,0.3939769478793792
70,4,RA,2.0,0.8258393368933155
70,5,RV,3.3166247903554,1.0322617484141339
70,6,Aorta,2.0,0.7824803300252676
70,7,PA,5.744562646538029,1.574747352547094
70,8,LAA,9.848857801796104,3.6647604746050146
70,9,Coronary,127.0196835140129,20.467329640632123
70,10,PV,4.898979485566356,1.184045593877714
445,1,Myocardium,2.0,0.5411602369107136
445,2,LA,1.7320508075688772,0.6380480028842382
445,3,LV,1.4142135623730951,0.4114147339230154
445,4,RA,1.7320508075688772,0.5581353073813529
445,5,RV,3.1622776601683795,0.9576432939825004
445,6,Aorta,2.0,0.6312574309171503
445,7,PA,4.47213595499958,1.2835795514042478
445,8,LAA,6.0,1.4771861537340154
445,9,Coronary,133.7460279784039,21.20629300882256
445,10,PV,2.449489742783178,0.8099206776686217
275,1,Myocardium,1.4142135623730951,0.46275192123597286
275,2,LA,2.0,0.6330976171328544
275,3,LV,1.4142135623730951,0.4360278095352912
275,4,RA,1.4142135623730951,0.5409874264943167
275,5,RV,3.1622776601683795,1.17617646715617
275,6,Aorta,2.0,0.6213425833876943
275,7,PA,3.7416573867739413,0.9548088463480233
275,8,LAA,9.0,3.1226170977222485
275,9,Coronary,130.4530566909032,32.470796684508144
275,10,PV,35.73513677041127,3.60996288166737
775,1,Myocardium,2.23606797749979,0.5729305329418535
775,2,LA,1.4142135623730951,0.5148879757607796
775,3,LV,1.0,0.351267664928198
775,4,RA,1.0,0.38030771732720886
775,5,RV,4.242640687119285,1.1308741540159142
775,6,Aorta,2.0,0.6392202997447504
775,7,PA,5.0990195135927845,1.3433724583557
775,8,LAA,4.123105625617661,1.302884153406981
775,9,Coronary,154.2886904474855,35.70798737569441
775,10,PV,3.0,0.838305500075611
628,1,Myocardium,2.23606797749979,0.5609698624245232
628,2,LA,1.4142135623730951,0.5018195928564386
628,3,LV,1.4142135623730951,0.38275886263776776
628,4,RA,1.4142135623730951,0.5515470195182763
628,5,RV,4.0,1.3274501844505693
628,6,Aorta,2.0,0.7650520659698203
628,7,PA,4.0,1.070524317509078
628,8,LAA,5.0990195135927845,1.3607235236778599
628,9,Coronary,131.94316958448437,22.733895941239656
628,10,PV,2.449489742783178,0.7672474204216885
782,1,Myocardium,1.4142135623730951,0.5206379982641772
782,2,LA,1.7320508075688772,0.6608155774400473
782,3,LV,1.4142135623730951,0.3872786184329281
782,4,RA,1.4142135623730951,0.42045522624931353
782,5,RV,4.0,1.150910967039049
782,6,Aorta,2.0,0.6068852714666526
782,7,PA,4.123105625617661,1.2177304618858154
782,8,LAA,5.0990195135927845,1.2889378178371023
782,9,Coronary,141.2834031300209,41.97652200470518
782,10,PV,2.23606797749979,0.7810982944294749
23,1,Myocardium,1.4142135623730951,0.4256563512962911
23,2,LA,1.4142135623730951,0.48963247700197554
23,3,LV,1.0,0.39261059271009374
23,4,RA,2.0,0.7233559943242092
23,5,RV,3.7416573867739413,1.0040799873274016
23,6,Aorta,2.0,0.6568904854551836
23,7,PA,3.3166247903554,1.0063898586535203
23,8,LAA,7.14142842854285,2.472708800935614
23,9,Coronary,84.94704232638121,10.200021984685774
23,10,PV,3.0,0.79165608265842
174,1,Myocardium,2.0,0.5215241308530125
174,2,LA,1.4142135623730951,0.6483823441760013
174,3,LV,1.0,0.3666368338713252
174,4,RA,1.4142135623730951,0.4974295248885019
174,5,RV,4.242640687119285,1.3152097328845866
174,6,Aorta,2.0,0.6188202769148655
174,7,PA,3.7416573867739413,1.258544063011041
174,8,LAA,5.0990195135927845,1.7718672397296842
174,9,Coronary,148.54628908188855,39.055800892494126
174,10,PV,4.898979485566356,1.0280093060041513
504,1,Myocardium,1.4142135623730951,0.5211703239496175
504,2,LA,1.7320508075688772,0.6198782476804523
504,3,LV,1.4142135623730951,0.49788594272002495
504,4,RA,1.4142135623730951,0.4418613833824235
504,5,RV,3.3166247903554,1.2588620003316018
504,6,Aorta,2.0,0.660087411145551
504,7,PA,4.47213595499958,1.188637535483358
504,8,LAA,6.6332495807108,2.2009684724010716
504,9,Coronary,145.67429423202984,29.279655884629207
504,10,PV,5.0,0.8974754410850194
510,1,Myocardium,1.4142135623730951,0.5101691790199735
510,2,LA,1.4142135623730951,0.5780763358186289
510,3,LV,1.4142135623730951,0.4140903209079918
510,4,RA,1.4142135623730951,0.462003461271305
510,5,RV,4.242640687119285,1.2666738185426387
510,6,Aorta,2.0,0.7019467704787444
510,7,PA,4.0,1.190653350773208
510,8,LAA,4.123105625617661,1.30866090564251
510,9,Coronary,142.5306984477379,23.532378357511035
510,10,PV,3.1622776601683795,0.9192398581870678
58,1,Myocardium,2.0,0.5708331083570739
58,2,LA,1.4142135623730951,0.6027683196019122
58,3,LV,1.4142135623730951,0.4110806349092503
58,4,RA,1.4142135623730951,0.5960994298918247
58,5,RV,3.605551275463989,1.110399131660491
58,6,Aorta,2.0,0.6660666830523516
58,7,PA,64.87680633323437,3.3061887838143273
58,8,LAA,3.605551275463989,1.1666135040164858
58,9,Coronary,130.06536818077285,26.47254557618285
58,10,PV,3.0,0.7850115332173482
773,1,Myocardium,1.7320508075688772,0.5578719255921522
773,2,LA,1.4142135623730951,0.4636780012786047
773,3,LV,1.4142135623730951,0.42505084853667263
773,4,RA,1.4142135623730951,0.6468983028180022
773,5,RV,4.47213595499958,1.3411986563068017
773,6,Aorta,2.0,0.5759325982836794
773,7,PA,154.57684173251826,14.263177529507098
773,8,LAA,4.0,1.094243662355923
773,9,Coronary,119.74556359214316,25.75711675162
773,10,PV,8.774964387392123,1.3612769641583635
265,1,Myocardium,1.4142135623730951,0.45553496815126615
265,2,LA,1.4142135623730951,0.6338681658064946
265,3,LV,1.4142135623730951,0.3855264776673628
265,4,RA,1.7320508075688772,0.6897309904687638
265,5,RV,3.605551275463989,1.1018929392397379
265,6,Aorta,2.0,0.6879343484800007
265,7,PA,85.62125904236635,5.333778305050693
265,8,LAA,4.69041575982343,1.2940738254717417
265,9,Coronary,127.90621564255585,23.993048732716925
265,10,PV,4.242640687119285,0.9967944122727086
540,1,Myocardium,2.23606797749979,0.5576091324446905
540,2,LA,1.4142135623730951,0.587180377507009
540,3,LV,1.4142135623730951,0.4300461625832904
540,4,RA,1.7320508075688772,0.5841924064575719
540,5,RV,3.7416573867739413,0.9990297052804264
540,6,Aorta,2.0,0.6436424927744238
540,7,PA,4.47213595499958,1.2731834733927925
540,8,LAA,5.916079783099616,1.8787276855129003
540,9,Coronary,147.22431864335456,31.47897009571946
540,10,PV,5.385164807134504,1.0360804817039941
718,1,Myocardium,2.0,0.5870710781876244
718,2,LA,1.4142135623730951,0.45691109365757016
718,3,LV,1.0,0.37171561469098335
718,4,RA,1.4142135623730951,0.5377450723882411
718,5,RV,4.0,1.2750886852624168
718,6,Aorta,2.0,0.7391095237434044
718,7,PA,5.0,1.3233249889073946
718,8,LAA,4.358898943540674,1.4114377438850232
718,9,Coronary,144.57178147895945,33.30660691644805
718,10,PV,3.3166247903554,1.0004035813247882
647,1,Myocardium,2.449489742783178,0.6667047892432931
647,2,LA,1.7320508075688772,0.6302139219431695
647,3,LV,1.4142135623730951,0.3750372075169468
647,4,RA,1.0,0.4170796152535472
647,5,RV,3.0,1.0548240258821182
647,6,Aorta,2.0,0.6814311881233497
647,7,PA,3.605551275463989,2.6412827704153936
647,8,LAA,5.0,1.5589306751651408
647,9,Coronary,124.55119429375216,17.09714779054879
647,10,PV,5.0,1.178358058051507
328,1,Myocardium,1.4142135623730951,0.5137000106636178
328,2,LA,1.4142135623730951,0.5181674193039462
328,3,LV,1.0,0.3623163989292395
328,4,RA,1.4142135623730951,0.5715148016292637
328,5,RV,4.0,1.2171592713938346
328,6,Aorta,2.0,0.641730278024371
328,7,PA,6.4031242374328485,1.3641610579694916
328,8,LAA,5.0990195135927845,1.351141243153784
328,9,Coronary,125.4830665866913,27.42894954436061
328,10,PV,11.704699910719626,1.5877237851813237
351,1,Myocardium,2.23606797749979,0.575233642753665
351,2,LA,1.7320508075688772,0.6451128182497641
351,3,LV,1.0,0.37421457018920334
351,4,RA,1.4142135623730951,0.612522609838063
351,5,RV,3.4641016151377544,1.1930406688626627
351,6,Aorta,2.0,0.6530575612628815
351,7,PA,3.605551275463989,1.1764954136526167
351,8,LAA,4.123105625617661,1.2213830164819597
351,9,Coronary,148.43853947004465,27.18861597625203
351,10,PV,3.0,0.833103879143198
215,1,Myocardium,1.7320508075688772,0.5182039142048457
215,2,LA,1.4142135623730951,0.4555352304304746
215,3,LV,1.0,0.2900204373168631
215,4,RA,1.7320508075688772,0.6452622206118865
215,5,RV,3.7416573867739413,1.2221056588730663
215,6,Aorta,2.0,0.6069177186779001
215,7,PA,3.4641016151377544,1.1557326174330107
215,8,LAA,3.7416573867739413,1.1574675016529101
215,9,Coronary,138.07244475274564,31.917152089765338
215,10,PV,2.23606797749979,0.6604662973468177
572,1,Myocardium,2.0,0.5051422583243816
572,2,LA,1.4142135623730951,0.5370357479015606
572,3,LV,1.0,0.36603634864565293
572,4,RA,1.4142135623730951,0.5407659815676176
572,5,RV,4.123105625617661,1.2243672766867715
572,6,Aorta,2.0,0.6545363252374125
572,7,PA,4.0,1.128895636589717
572,8,LAA,3.605551275463989,1.3108933168611867
572,9,Coronary,133.48408144793896,28.93045367063307
572,10,PV,3.0,0.7500748008750258
587,1,Myocardium,2.0,0.596232723184325
587,2,LA,1.7320508075688772,0.5474315369105969
587,3,LV,1.4142135623730951,0.40984095219327804
587,4,RA,1.4142135623730951,0.5331464032628627
587,5,RV,4.123105625617661,1.6031408348166352
587,6,Aorta,2.0,0.6739506414464611
587,7,PA,4.0,1.2841996211557913
587,8,LAA,7.211102550927978,1.6865614878541773
587,9,Coronary,147.12239802287073,28.29312902826562
587,10,PV,4.123105625617661,1.0562364741109127
310,1,Myocardium,3.0,0.8277340050348878
310,2,LA,1.4142135623730951,0.5047210830474552
310,3,LV,1.4142135623730951,0.4074973267370512
310,4,RA,1.4142135623730951,0.5904276339695406
310,5,RV,4.0,1.2296145843619681
310,6,Aorta,2.0,0.7506848466242624
310,7,PA,6.0,1.2872545873281371
310,8,LAA,7.681145747868608,1.1785692639912533
310,9,Coronary,136.66747967237853,23.888539896912967
310,10,PV,5.196152422706632,1.2434291085792633
406,1,Myocardium,2.23606797749979,0.5763757897800641
406,2,LA,1.4142135623730951,0.49310831186468174
406,3,LV,1.0,0.3519490809857613
406,4,RA,1.4142135623730951,0.47001055071263975
406,5,RV,3.0,0.8567893340137567
406,6,Aorta,2.0,0.6506393532385617
406,7,PA,67.60177512462228,4.207414158588629
406,8,LAA,6.0,1.8853291129580227
406,9,Coronary,121.63058825805291,23.584932502012162
406,10,PV,3.7416573867739413,0.9312321782154496
578,1,Myocardium,2.0,0.6156896906048237
578,2,LA,1.7320508075688772,0.5537517162679226
578,3,LV,1.4142135623730951,0.4147548892197678
578,4,RA,1.4142135623730951,0.4680178409429039
578,5,RV,4.47213595499958,1.5248803519362983
578,6,Aorta,2.0,0.6303520836071548
578,7,PA,7.14142842854285,1.6272725565217612
578,8,LAA,5.385164807134504,1.547943837592257
578,9,Coronary,139.7247293788755,29.3196198699753
578,10,PV,5.385164807134504,1.2206966124200336
781,1,Myocardium,2.0,0.5649363471212069
781,2,LA,2.0,0.526986430122772
781,3,LV,1.4142135623730951,0.39671523274953124
781,4,RA,1.4142135623730951,0.5268854281105182
781,5,RV,3.0,0.9410674502800572
781,6,Aorta,2.0,0.6025502232640608
781,7,PA,3.1622776601683795,0.9955273772814138
781,8,LAA,9.273618495495704,2.9003312354198956
781,9,Coronary,124.36237373096414,22.091834661525798
781,10,PV,3.0,0.7895519575005301
643,1,Myocardium,1.4142135623730951,0.46892842787551026
643,2,LA,2.0,0.7255460225388747
643,3,LV,1.4142135623730951,0.4652510494123206
643,4,RA,1.4142135623730951,0.38961279568953333
643,5,RV,3.3166247903554,1.1608485477981696
643,6,Aorta,2.0,0.6756551895652978
643,7,PA,6.4031242374328485,1.7949287128483054
643,8,LAA,7.3484692283495345,2.36277896766041
643,9,Coronary,123.88300932734884,18.43086020566315
643,10,PV,3.605551275463989,0.9338207021872278
399,1,Myocardium,1.4142135623730951,0.4647617926113519
399,2,LA,1.4142135623730951,0.6141364027274788
399,3,LV,1.4142135623730951,0.4054645022396845
399,4,RA,1.4142135623730951,0.5541581554157212
399,5,RV,3.7416573867739413,1.0224207380057093
399,6,Aorta,2.0,0.6485495782202313
399,7,PA,5.744562646538029,1.4891181838420369
399,8,LAA,4.69041575982343,1.5201478487730111
399,9,Coronary,125.55078653676368,18.789253482270897
399,10,PV,3.0,1.022798596347784
199,1,Myocardium,1.4142135623730951,0.4862275590311251
199,2,LA,1.4142135623730951,0.5189988971632216
199,3,LV,1.4142135623730951,0.4108057052781142
199,4,RA,2.0,0.639143049111476
199,5,RV,3.605551275463989,1.3450377230292565
199,6,Aorta,2.0,0.7074889921566967
199,7,PA,5.0,1.4303155107466154
199,8,LAA,9.055385138137417,2.173249098593625
199,9,Coronary,105.55093557141026,11.282941550348891
199,10,PV,3.0,0.7546724154646367
459,1,Myocardium,2.0,0.6122479245532462
459,2,LA,1.7320508075688772,0.7074963943374201
459,3,LV,1.4142135623730951,0.40432253846694893
459,4,RA,1.4142135623730951,0.5801159907461764
459,5,RV,4.0,1.3185249510375585
459,6,Aorta,2.23606797749979,0.7204015946680582
459,7,PA,5.0990195135927845,1.3091724436048595
459,8,LAA,5.744562646538029,1.4804884065806225
459,9,Coronary,122.6906679417795,21.743159858366166
459,10,PV,4.123105625617661,1.1945134032513285
991,1,Myocardium,3.3166247903554,0.7576485538458855
991,2,LA,1.7320508075688772,0.6135404167986158
991,3,LV,1.4142135623730951,0.37805267879986015
991,4,RA,1.4142135623730951,0.6171412062619843
991,5,RV,3.605551275463989,0.9552230248925826
991,6,Aorta,2.23606797749979,0.7859973407068115
991,7,PA,3.605551275463989,1.0855904283760665
991,8,LAA,5.830951894845301,1.4336015213026578
991,9,Coronary,141.3859964777276,26.228155400122827
991,10,PV,2.8284271247461903,0.8447591731968178
971,1,Myocardium,1.7320508075688772,0.5750606671614633
971,2,LA,1.7320508075688772,0.7070156903869909
971,3,LV,1.4142135623730951,0.5539000128789805
971,4,RA,1.4142135623730951,0.4873107551735442
971,5,RV,4.47213595499958,1.7917533634401046
971,6,Aorta,2.0,0.6896450627417308
971,7,PA,5.0990195135927845,1.3848418808943914
971,8,LAA,4.358898943540674,1.4132120340796048
971,9,Coronary,137.48090776540573,21.63143763306916
971,10,PV,8.06225774829855,1.392857519680501
74,1,Myocardium,2.449489742783178,0.6576317285836721
74,2,LA,1.4142135623730951,0.561504816702207
74,3,LV,1.4142135623730951,0.4160823933209373
74,4,RA,1.4142135623730951,0.5151360562891484
74,5,RV,4.242640687119285,1.2185262140919084
74,6,Aorta,2.0,0.7059506824246125
74,7,PA,3.605551275463989,1.1313527469005447
74,8,LAA,5.477225575051661,1.8064303196506373
74,9,Coronary,115.95688854052612,14.05484548762936
74,10,PV,2.8284271247461903,0.7435880337074647
838,1,Myocardium,1.4142135623730951,0.476177612698217
838,2,LA,2.0,0.6694577094831538
838,3,LV,1.0,0.36546637202623433
838,4,RA,1.4142135623730951,0.40749206815828215
838,5,RV,4.0,1.1404725460859546
838,6,Aorta,2.0,0.6342686034016558
838,7,PA,3.7416573867739413,1.2593702175466974
838,8,LAA,7.615773105863909,1.7214233597631523
838,9,Coronary,142.05984654363104,23.18938967408977
838,10,PV,3.4641016151377544,0.9714574218642765
266,1,Myocardium,2.0,0.5665703834914193
266,2,LA,1.4142135623730951,0.5215102411208128
266,3,LV,1.4142135623730951,0.42905229072828416
266,4,RA,1.4142135623730951,0.5703977490780894
266,5,RV,4.47213595499958,1.5377694695487871
266,6,Aorta,2.0,0.58747485732324
266,7,PA,5.0,1.3115475561558525
266,8,LAA,3.7416573867739413,1.1473297643389457
266,9,Coronary,94.78396488858229,8.429800258998387
266,10,PV,3.4641016151377544,0.8773023326066715
421,1,Myocardium,2.0,0.5875615206770626
421,2,LA,1.4142135623730951,0.5568645077984571
421,3,LV,1.4142135623730951,0.4357239933786906
421,4,RA,1.4142135623730951,0.5116860098276219
421,5,RV,3.605551275463989,1.2050002895880567
421,6,Aorta,2.0,0.7552374677111039
421,7,PA,4.358898943540674,1.1870430957091238
421,8,LAA,4.47213595499958,1.379711657822752
421,9,Coronary,135.49907748763457,31.68977661495485
421,10,PV,3.0,0.9530089427257149
283,1,Myocardium,1.7320508075688772,0.5027081446628396
283,2,LA,1.7320508075688772,0.6041827963032739
283,3,LV,1.4142135623730951,0.4147165613850661
283,4,RA,1.4142135623730951,0.509172208054524
283,5,RV,3.3166247903554,1.0520260318063652
283,6,Aorta,2.0,0.6293171255637908
283,7,PA,4.123105625617661,1.2834162662322695
283,8,LAA,11.704699910719626,2.082542905250852
283,9,Coronary,132.85330255586422,22.08204389401457
283,10,PV,3.605551275463989,0.9612285686403528
943,1,Myocardium,1.4142135623730951,0.5094952185990353
943,2,LA,1.4142135623730951,0.5200795951620317
943,3,LV,1.4142135623730951,0.40375052836132574
943,4,RA,1.4142135623730951,0.56641462368919
943,5,RV,4.123105625617661,1.046842193105974
943,6,Aorta,2.0,0.646268701265373
943,7,PA,4.47213595499958,1.4330860760121817
943,8,LAA,3.1622776601683795,0.9968353709533214
943,9,Coronary,141.01772938180503,22.575029330054573
943,10,PV,3.4641016151377544,0.9020899051548463
314,1,Myocardium,1.4142135623730951,0.4911698595171371
314,2,LA,1.4142135623730951,0.5027348456053813
314,3,LV,1.4142135623730951,0.3885650848277415
314,4,RA,1.4142135623730951,0.4987383997275248
314,5,RV,3.605551275463989,1.0707417457005945
314,6,Aorta,2.0,0.7881193508644316
314,7,PA,4.242640687119285,1.2017509377143787
314,8,LAA,5.385164807134504,1.983551582605414
314,9,Coronary,138.68309197591464,28.536409022734418
314,10,PV,5.830951894845301,1.1854782018011867
844,1,Myocardium,2.23606797749979,0.51348800238431
844,2,LA,1.4142135623730951,0.569111707039365
844,3,LV,1.0,0.30960484996474186
844,4,RA,1.4142135623730951,0.46026901320719915
844,5,RV,4.123105625617661,1.2106708047041097
844,6,Aorta,2.0,0.6382930449649707
844,7,PA,3.7416573867739413,0.9926601963248645
844,8,LAA,7.3484692283495345,2.2557016647411006
844,9,Coronary,135.38463723776047,29.046976788164017
844,10,PV,4.0,0.9520446867303485
731,1,Myocardium,1.4142135623730951,0.4981639804186303
731,2,LA,1.4142135623730951,0.5270015774988746
731,3,LV,1.0,0.3686177020211959
731,4,RA,1.4142135623730951,0.46553380480876616
731,5,RV,3.0,1.1169636332608812
731,6,Aorta,2.0,0.6010136722881553
731,7,PA,3.7416573867739413,1.0465382125657978
731,8,LAA,5.744562646538029,1.5812867386917246
731,9,Coronary,97.63708311906906,11.55693915523457
731,10,PV,2.449489742783178,0.8670980896718216
982,1,Myocardium,2.0,0.5424347225169979
982,2,LA,2.0,0.6757231758229353
982,3,LV,1.4142135623730951,0.4690830568389756
982,4,RA,1.4142135623730951,0.577522552770924
982,5,RV,3.0,0.9703584407012809
982,6,Aorta,2.0,0.8869325221026616
982,7,PA,4.242640687119285,1.199220221806198
982,8,LAA,8.06225774829855,2.5125008377789033
982,9,Coronary,122.97154142320898,26.261754877044517
982,10,PV,3.605551275463989,0.9828576482834622
646,1,Myocardium,1.4142135623730951,0.4750574055432901
646,2,LA,1.4142135623730951,0.47401021648740327
646,3,LV,1.4142135623730951,0.39357946787316456
646,4,RA,1.4142135623730951,0.4825651856691014
646,5,RV,3.605551275463989,1.2450319307800983
646,6,Aorta,2.449489742783178,0.8674949041380011
646,7,PA,4.123105625617661,1.1724269739783106
646,8,LAA,4.0,1.2068295904479112
646,9,Coronary,132.29134514396625,28.397556290485266
646,10,PV,2.449489742783178,0.7473736852451704
386,1,Myocardium,2.23606797749979,0.591182215435635
386,2,LA,1.4142135623730951,0.5568932683769825
386,3,LV,1.4142135623730951,0.4424565517067219
386,4,RA,2.0,0.7952877086406281
386,5,RV,4.0,1.3002788084109551
386,6,Aorta,2.23606797749979,0.7137229201390587
386,7,PA,76.6355009117837,3.6729160570085586
386,8,LAA,10.63014581273465,1.8344185071151742
386,9,Coronary,145.5025772967613,43.00074902178901
386,10,PV,5.0990195135927845,1.1270018434625966
603,1,Myocardium,1.7320508075688772,0.5476976289621045
603,2,LA,2.0,0.7423337610398999
603,3,LV,1.0,0.36741313352863414
603,4,RA,1.4142135623730951,0.4937224390669061
603,5,RV,4.58257569495584,1.2160433565434716
603,6,Aorta,2.0,0.6946984528472102
603,7,PA,10.04987562112089,1.672660415017563
603,8,LAA,3.605551275463989,1.3660718250787993
603,9,Coronary,159.94061397906412,27.0485998244638
603,10,PV,5.0,1.0140434593367864
330,1,Myocardium,1.4142135623730951,0.5502287144843592
330,2,LA,1.4142135623730951,0.4460923042765533
330,3,LV,1.4142135623730951,0.4881839602543194
330,4,RA,1.4142135623730951,0.49834515527320045
330,5,RV,3.1622776601683795,1.1359906293240973
330,6,Aorta,2.0,0.6671043086840063
330,7,PA,5.0,1.1544633685650845
330,8,LAA,5.744562646538029,1.9577456288122936
330,9,Coronary,132.60844618650805,28.39959085342024
330,10,PV,4.123105625617661,1.0377441250251416
610,1,Myocardium,1.7320508075688772,0.535370939984793
610,2,LA,2.0,0.723345099830106
610,3,LV,1.4142135623730951,0.39465388905812615
610,4,RA,1.4142135623730951,0.5339306026617523
610,5,RV,4.47213595499958,1.3044134408624557
610,6,Aorta,2.0,0.6722466361606689
610,7,PA,5.916079783099616,1.4057431497191595
610,8,LAA,7.810249675906654,1.825548267614593
610,9,Coronary,146.5162107072115,23.572311844261034
610,10,PV,3.605551275463989,1.0177117674485103
750,1,Myocardium,2.0,0.6035983872243509
750,2,LA,1.4142135623730951,0.5619876221038407
750,3,LV,1.4142135623730951,0.4487099376944992
750,4,RA,2.0,0.700490700890464
750,5,RV,3.1622776601683795,1.0059999311369858
750,6,Aorta,2.0,0.6680307111478152
750,7,PA,122.57650672131263,4.833028229774458
750,8,LAA,6.164414002968976,1.618372899405128
750,9,Coronary,140.90422278980853,38.22463638579192
750,10,PV,2.449489742783178,0.7389987083620511
632,1,Myocardium,2.0,0.5485577922396234
632,2,LA,1.7320508075688772,0.5838513116645858
632,3,LV,1.4142135623730951,0.3790982839359015
632,4,RA,1.7320508075688772,0.6558032452347418
632,5,RV,3.4641016151377544,1.0478722399815803
632,6,Aorta,2.0,0.6900174770134659
632,7,PA,2.8284271247461903,1.060384670574632
632,8,LAA,4.358898943540674,1.6543581802277632
632,9,Coronary,148.32734070291963,27.43292555781243
632,10,PV,5.0,0.9643895016038343
599,1,Myocardium,1.7320508075688772,0.5347851855393324
599,2,LA,2.0,0.7295311673343632
599,3,LV,1.4142135623730951,0.41704457021267405
599,4,RA,1.4142135623730951,0.4753701929095634
599,5,RV,3.4641016151377544,1.1827305136449306
599,6,Aorta,2.0,0.5738712674234432
599,7,PA,3.7416573867739413,1.1416342538023772
599,8,LAA,4.0,1.2202776340369674
599,9,Coronary,142.44297104455524,32.32572001907651
599,10,PV,3.605551275463989,1.0424423791152844
67,1,Myocardium,1.4142135623730951,0.4069616446672634
67,2,LA,1.4142135623730951,0.5501770434785342
67,3,LV,1.4142135623730951,0.3908121751583478
67,4,RA,1.4142135623730951,0.4339904163730448
67,5,RV,3.7416573867739413,1.1918099817355263
67,6,Aorta,2.0,0.7249583791665861
67,7,PA,3.605551275463989,1.1155373398199573
67,8,LAA,5.916079783099616,1.8257120765232508
67,9,Coronary,124.66354719804824,25.940250170723047
67,10,PV,2.449489742783178,0.7312694018744932
350,1,Myocardium,1.7320508075688772,0.5435849289576381
350,2,LA,1.7320508075688772,0.55665661073976
350,3,LV,1.4142135623730951,0.5104867179274295
350,4,RA,1.7320508075688772,0.7139960249254609
350,5,RV,3.605551275463989,1.0742598736840168
350,6,Aorta,2.0,0.6209822031614523
350,7,PA,3.7416573867739413,1.2503507475235067
350,8,LAA,4.242640687119285,1.4244844998930533
350,9,Coronary,136.01102896456595,31.267188095168727
350,10,PV,2.23606797749979,0.7349401904020703
260,1,Myocardium,1.4142135623730951,0.4225967991920673
260,2,LA,1.4142135623730951,0.5170820950473292
260,3,LV,1.0,0.32830185718495086
260,4,RA,1.4142135623730951,0.4828044281063347
260,5,RV,4.0,1.757320265186774
260,6,Aorta,2.0,0.5441431828777721
260,7,PA,3.0,0.910106105909922
260,8,LAA,5.0,1.3554115419741166
260,9,Coronary,125.31560158256433,31.396958586372342
260,10,PV,2.449489742783178,0.740556765963205
721,1,Myocardium,1.4142135623730951,0.46557809359481256
721,2,LA,1.4142135623730951,0.5272762035666914
721,3,LV,1.4142135623730951,0.37340817079539235
721,4,RA,1.4142135623730951,0.41373640988787547
721,5,RV,3.3166247903554,1.304715742861648
721,6,Aorta,2.0,0.6774154320154977
721,7,PA,5.385164807134504,1.3700326464064816
721,8,LAA,5.385164807134504,1.6522396217751796
721,9,Coronary,129.71121771072848,19.13982501723936
721,10,PV,2.449489742783178,0.7832036285097017
140,1,Myocardium,2.23606797749979,0.5997973336784339
140,2,LA,2.0,0.7973692725540558
140,3,LV,1.4142135623730951,0.4582490598981683
140,4,RA,1.7320508075688772,0.7044115733052516
140,5,RV,4.123105625617661,1.2613624953940503
140,6,Aorta,2.0,0.7978912468383672
140,7,PA,4.358898943540674,1.1993857670411305
140,8,LAA,7.0710678118654755,2.3020097874648924
140,9,Coronary,89.13472948295743,16.078068789771297
140,10,PV,3.7416573867739413,0.9021595850642365
817,1,Myocardium,1.7320508075688772,0.553328092145627
817,2,LA,1.7320508075688772,0.5798212810230803
817,3,LV,1.4142135623730951,0.402782463078712
817,4,RA,1.4142135623730951,0.45652347759376344
817,5,RV,4.47213595499958,1.8354350151232888
817,6,Aorta,2.0,0.7536406764600732
817,7,PA,2.23606797749979,1.0715458124998403
817,8,LAA,5.0,1.7476532731909806
817,9,Coronary,129.41792766073794,20.15548029137442
817,10,PV,5.385164807134504,1.5105464734971092
35,1,Myocardium,1.7320508075688772,0.5373110770598173
35,2,LA,1.4142135623730951,0.5546175849837376
35,3,LV,1.4142135623730951,0.454042890640857
35,4,RA,1.4142135623730951,0.5588876913478265
35,5,RV,3.605551275463989,1.4468893144793695
35,6,Aorta,2.23606797749979,0.8300262267329638
35,7,PA,3.4641016151377544,1.1884473350990632
35,8,LAA,4.0,1.2474692409130097
35,9,Coronary,125.29565036345036,22.170528647959646
35,10,PV,4.898979485566356,1.1556795900050818
756,1,Myocardium,2.23606797749979,0.6082660381601293
756,2,LA,1.7320508075688772,0.5987570940529621
756,3,LV,1.4142135623730951,0.4912012525565272
756,4,RA,1.4142135623730951,0.608145868928271
756,5,RV,5.0990195135927845,1.4347069932616687
756,6,Aorta,2.0,0.6788260773264514
756,7,PA,7.0710678118654755,1.5259799992108374
756,8,LAA,6.324555320336759,1.4006257266250106
756,9,Coronary,125.06398362438324,20.018584839544065
756,10,PV,3.0,0.8323084924549864
710,1,Myocardium,1.4142135623730951,0.5136196901232761
710,2,LA,1.4142135623730951,0.5228887127183801
710,3,LV,1.0,0.36621405616769653
710,4,RA,1.4142135623730951,0.6001344046620036
710,5,RV,3.3166247903554,1.2998213205820246
710,6,Aorta,2.0,0.5709027622806367
710,7,PA,4.123105625617661,1.1553255710724395
710,8,LAA,4.123105625617661,1.3876344068062063
710,9,Coronary,131.52946437965906,19.246452934212225
710,10,PV,3.1622776601683795,0.9322762463854286
238,1,Myocardium,2.23606797749979,0.6287727321612328
238,2,LA,2.0,0.8961285248297981
238,3,LV,1.0,0.3143434174541838
238,4,RA,1.7320508075688772,0.6027430888809359
238,5,RV,3.605551275463989,1.4057568152296656
238,6,Aorta,2.0,0.7279478321834096
238,7,PA,5.0990195135927845,1.4345148611787253
238,8,LAA,33.24154027718932,3.8531006033400312
238,9,Coronary,135.60235986147143,35.88280333377312
238,10,PV,5.744562646538029,1.3825118977185462
884,1,Myocardium,2.23606797749979,0.6240610001927248
884,2,LA,1.4142135623730951,0.5219795089817622
884,3,LV,1.0,0.37268054165505177
884,4,RA,1.4142135623730951,0.5568108509755496
884,5,RV,3.605551275463989,1.1228741806222398
884,6,Aorta,2.0,0.6710170069290047
884,7,PA,204.53361581901396,20.29605807935292
884,8,LAA,4.123105625617661,1.239074100781929
884,9,Coronary,149.8632710172843,36.14489621782372
884,10,PV,2.8284271247461903,0.8645406914312088
949,1,Myocardium,1.4142135623730951,0.4045535044299242
949,2,LA,1.4142135623730951,0.5415227796031952
949,3,LV,1.0,0.35896485293818914
949,4,RA,1.7320508075688772,0.6773035751348269
949,5,RV,3.0,1.0669324465128365
949,6,Aorta,2.0,0.5988909662570405
949,7,PA,4.0,1.116337093252548
949,8,LAA,4.242640687119285,1.3487701849449962
949,9,Coronary,137.58270240113762,25.294951918033483
949,10,PV,3.7416573867739413,1.0616382117832466
671,1,Myocardium,2.0,0.5630858248965807
671,2,LA,1.4142135623730951,0.5687343192350136
671,3,LV,1.4142135623730951,0.469958145534206
671,4,RA,1.4142135623730951,0.4700817915526915
671,5,RV,4.69041575982343,1.3640305712592715
671,6,Aorta,2.0,0.7064792476638413
671,7,PA,6.557438524302,1.4106082480550828
671,8,LAA,4.69041575982343,1.6382269028219572
671,9,Coronary,137.35355838128112,20.06967552252701
671,10,PV,3.0,0.8679976911865297
329,1,Myocardium,1.7320508075688772,0.4907488547058282
329,2,LA,1.4142135623730951,0.5172164445186782
329,3,LV,1.4142135623730951,0.4182291040682747
329,4,RA,1.4142135623730951,0.41937789192526637
329,5,RV,3.3166247903554,1.2881412100728737
329,6,Aorta,2.0,0.6936853746000831
329,7,PA,3.605551275463989,1.0941271270596535
329,8,LAA,5.0990195135927845,1.7833785487981237
329,9,Coronary,117.00854669638453,19.372990614280617
329,10,PV,3.1622776601683795,0.9213274627361796
408,1,Myocardium,2.23606797749979,0.6882360705805639
408,2,LA,1.4142135623730951,0.5371415603729066
408,3,LV,1.7320508075688772,0.5675974145293284
408,4,RA,1.4142135623730951,0.5858564942272781
408,5,RV,3.0,1.0075754017169776
408,6,Aorta,2.0,0.6729385915605162
408,7,PA,3.7416573867739413,1.2916021822832238
408,8,LAA,5.0,1.4270157904949352
408,9,Coronary,132.9812016790343,21.7870493561314
408,10,PV,3.0,0.7775986978809015
273,1,Myocardium,1.4142135623730951,0.5048570412423901
273,2,LA,1.4142135623730951,0.5519721305626478
273,3,LV,1.4142135623730951,0.4752371554333361
273,4,RA,1.4142135623730951,0.5751795792609836
273,5,RV,3.0,1.03983355220899
273,6,Aorta,2.0,0.6123134799944454
273,7,PA,4.123105625617661,1.2168731323238415
273,8,LAA,4.69041575982343,1.2851127738805972
273,9,Coronary,109.96817721504708,13.272892938388985
273,10,PV,2.8284271247461903,0.8081185508771329
946,1,Myocardium,1.4142135623730951,0.5009817493102291
946,2,LA,1.4142135623730951,0.5456391166607164
946,3,LV,1.0,0.3793903372954882
946,4,RA,1.4142135623730951,0.5636462619285474
946,5,RV,3.605551275463989,0.9930882863743185
946,6,Aorta,2.0,0.7168373860720889
946,7,PA,3.3166247903554,1.0167252239986344
946,8,LAA,3.7416573867739413,1.179662828899354
946,9,Coronary,115.90081966923272,18.896199367378088
946,10,PV,2.23606797749979,0.6706461032224293
80,1,Myocardium,1.7320508075688772,0.5269114678311397
80,2,LA,1.4142135623730951,0.4713478673723104
80,3,LV,1.0,0.3572636556712786
80,4,RA,1.4142135623730951,0.5942198927965596
80,5,RV,3.1622776601683795,1.0555192991204685
80,6,Aorta,2.0,0.6914875570755554
80,7,PA,3.605551275463989,1.0150957976992794
80,8,LAA,8.0,2.832928939378475
80,9,Coronary,136.32681321002116,27.948869741253286
80,10,PV,3.0,0.8942256039339876
748,1,Myocardium,1.4142135623730951,0.4128570753650568
748,2,LA,1.4142135623730951,0.5175231536300033
748,3,LV,1.0,0.2756701893202854
748,4,RA,1.4142135623730951,0.37961048418938625
748,5,RV,4.0,1.248206801662135
748,6,Aorta,2.0,0.6557910000516172
748,7,PA,4.123105625617661,1.2387820606552722
748,8,LAA,4.47213595499958,1.3486427921695003
748,9,Coronary,131.67383946707105,26.730288170542085
748,10,PV,4.358898943540674,1.1028061391476196
202,1,Myocardium,1.7320508075688772,0.5086255329240723
202,2,LA,1.4142135623730951,0.470348690974683
202,3,LV,1.4142135623730951,0.3798102871346911
202,4,RA,1.4142135623730951,0.5763851730746432
202,5,RV,4.123105625617661,1.1193505952024607
202,6,Aorta,2.0,0.6066461717466795
202,7,PA,3.7416573867739413,1.1792031151996265
202,8,LAA,4.242640687119285,1.3446933774834169
202,9,Coronary,138.8632420765121,25.569612023371775
202,10,PV,2.449489742783178,0.7503259307788149
948,1,Myocardium,1.7320508075688772,0.5546345726919086
948,2,LA,1.4142135623730951,0.4179588357571743
948,3,LV,1.4142135623730951,0.4109908825626281
948,4,RA,1.4142135623730951,0.5751930226489839
948,5,RV,4.0,1.4350285666089702
948,6,Aorta,2.0,0.5756396779893507
948,7,PA,5.0,1.393522505764024
948,8,LAA,4.358898943540674,1.3843773811063758
948,9,Coronary,141.31171218267792,33.29300297584438
948,10,PV,3.3166247903554,0.9090208881032446
135,1,Myocardium,1.4142135623730951,0.541335448041115
135,2,LA,1.4142135623730951,0.5537683696057722
135,3,LV,1.0,0.39053768705100333
135,4,RA,1.4142135623730951,0.4333292992647889
135,5,RV,3.3166247903554,1.16352840908259
135,6,Aorta,2.0,0.6403694287050314
135,7,PA,84.10707461325711,3.530188934008574
135,8,LAA,4.123105625617661,1.245293580137027
135,9,Coronary,123.83860464330176,19.758294550777737
135,10,PV,7.681145747868608,1.2486342019739047
950,1,Myocardium,2.23606797749979,0.5766925152284363
950,2,LA,1.4142135623730951,0.45727914290322336
950,3,LV,1.4142135623730951,0.42357055127774046
950,4,RA,1.4142135623730951,0.4396253343441341
950,5,RV,4.0,1.1619267389628782
950,6,Aorta,2.0,0.7253602831447983
950,7,PA,2.8284271247461903,0.9319369156424068
950,8,LAA,5.385164807134504,1.8506381777258636
950,9,Coronary,128.89142717807107,25.630057213156523
950,10,PV,3.0,0.9041051300841838
124,1,Myocardium,1.4142135623730951,0.5724094460444351
124,2,LA,1.7320508075688772,0.6295251487396913
124,3,LV,1.4142135623730951,0.4073122494994831
124,4,RA,1.4142135623730951,0.4187068961807857
124,5,RV,4.242640687119285,1.7149088501598273
124,6,Aorta,2.0,0.6629351518947084
124,7,PA,56.04462507680822,2.9418908230981646
124,8,LAA,9.433981132056603,2.088534244497739
124,9,Coronary,147.52287958143984,30.8001325836688
124,10,PV,5.0,1.27105306958275
802,1,Myocardium,2.23606797749979,0.576858862446205
802,2,LA,1.7320508075688772,0.6061566526220649
802,3,LV,1.0,0.35420868812886774
802,4,RA,1.4142135623730951,0.5884522901554547
802,5,RV,4.47213595499958,1.145504955128901
802,6,Aorta,2.0,0.6266851756568208
802,7,PA,4.0,1.1693738971770307
802,8,LAA,5.385164807134504,2.103584304044902
802,9,Coronary,138.55323886506588,25.171129552744098
802,10,PV,3.0,0.780608933535835
357,1,Myocardium,1.7320508075688772,0.5568041749581715
357,2,LA,1.4142135623730951,0.4829149689757642
357,3,LV,1.0,0.36487481960176293
357,4,RA,2.0,0.7079666115309815
357,5,RV,4.47213595499958,1.5016885528194686
357,6,Aorta,2.0,0.6059593386024115
357,7,PA,5.830951894845301,1.4040523671049994
357,8,LAA,3.7416573867739413,1.2789003264925745
357,9,Coronary,154.82893786369524,26.271317767260104
357,10,PV,4.123105625617661,0.9152567070472069
579,1,Myocardium,2.23606797749979,0.6622792329166778
579,2,LA,1.4142135623730951,0.6103798723305192
579,3,LV,1.4142135623730951,0.41597463522134703
579,4,RA,1.4142135623730951,0.49944224750965194
579,5,RV,3.605551275463989,1.3331417105155732
579,6,Aorta,2.0,0.6461399914541237
579,7,PA,5.0,1.2780652525900438
579,8,LAA,5.744562646538029,1.5705574143573617
579,9,Coronary,107.30330842988953,25.494607323234057
579,10,PV,4.123105625617661,1.01869295031184
116,1,Myocardium,2.23606797749979,0.6157701722513648
116,2,LA,2.0,0.6437912697329601
116,3,LV,1.4142135623730951,0.4070219384850585
116,4,RA,2.0,0.6906432516977767
116,5,RV,4.123105625617661,1.232068675916159
116,6,Aorta,2.0,0.6870531847580961
116,7,PA,185.14318783039252,19.45523523150947
116,8,LAA,3.0,0.9121333336617936
116,9,Coronary,142.01408380861386,40.5455164595893
116,10,PV,3.605551275463989,1.0518895914797368
324,1,Myocardium,3.0,0.6809615827984388
324,2,LA,1.4142135623730951,0.5108819584401108
324,3,LV,1.4142135623730951,0.446238541075928
324,4,RA,1.4142135623730951,0.4583250726535309
324,5,RV,3.4641016151377544,1.3631635975973497
324,6,Aorta,2.0,0.6025117122255236
324,7,PA,4.123105625617661,1.1949327978939142
324,8,LAA,4.47213595499958,1.4640320610000668
324,9,Coronary,134.95554823718808,30.94854353214859
324,10,PV,2.8284271247461903,0.8717802831384759
129,1,Myocardium,1.7320508075688772,0.5121312684037249
129,2,LA,1.4142135623730951,0.5669294610956874
129,3,LV,1.0,0.3738979537749433
129,4,RA,1.4142135623730951,0.43211826894005434
129,5,RV,3.1622776601683795,1.134568944676189
129,6,Aorta,2.0,0.6835931396648356
129,7,PA,4.47213595499958,4.749280488203677
129,8,LAA,3.1622776601683795,1.021319495986153
129,9,Coronary,53.08483775994799,6.377927791096537
129,10,PV,4.358898943540674,0.9723928617012487
909,1,Myocardium,2.0,0.5827808484324053
909,2,LA,1.7320508075688772,0.638159921544182
909,3,LV,1.0,0.37853493648573233
909,4,RA,1.4142135623730951,0.5559414103943908
909,5,RV,4.47213595499958,1.3694617005411707
909,6,Aorta,2.0,0.7176639226150836
909,7,PA,4.898979485566356,1.3166530042025975
909,8,LAA,5.196152422706632,1.6043689890627388
909,9,Coronary,140.1748907615055,26.404528918535387
909,10,PV,9.695359714832659,1.473058745294954
598,1,Myocardium,1.4142135623730951,0.5197430547031772
598,2,LA,1.4142135623730951,0.5162892958632004
598,3,LV,1.4142135623730951,0.47484049095442626
598,4,RA,1.4142135623730951,0.5875734694324896
598,5,RV,3.7416573867739413,1.2109650154029252
598,6,Aorta,2.0,0.6360404181624125
598,7,PA,3.605551275463989,1.1099218380338143
598,8,LAA,3.3166247903554,1.0212446314508397
598,9,Coronary,134.31678971744373,31.04155846414359
598,10,PV,2.8284271247461903,0.7529677900954382
685,1,Myocardium,2.0,0.554154139411565
685,2,LA,1.4142135623730951,0.4394183594959755
685,3,LV,1.0,0.3203580656306066
685,4,RA,1.4142135623730951,0.5188973352916034
685,5,RV,4.123105625617661,1.2900303202723284
685,6,Aorta,2.0,0.6600887808734066
685,7,PA,3.0,1.0448216474266325
685,8,LAA,6.708203932499369,2.383106186285396
685,9,Coronary,129.80369794424195,19.22964484587089
685,10,PV,2.8284271247461903,0.8317303699864593
352,1,Myocardium,3.0,2.052626330631588
352,2,LA,1.4142135623730951,0.5365226533023488
352,3,LV,1.4142135623730951,0.38832359398578864
352,4,RA,1.4142135623730951,0.6951847298476163
352,5,RV,4.358898943540674,1.6357705715174042
352,6,Aorta,2.0,0.7165958821339204
352,7,PA,3.605551275463989,0.9229049057544516
352,8,LAA,7.874007874011811,2.548838289029899
352,9,Coronary,126.15070352558483,26.929173935370155
352,10,PV,3.0,0.7482639182485922
491,1,Myocardium,1.4142135623730951,0.46299541866210514
491,2,LA,1.4142135623730951,0.5483963625447894
491,3,LV,1.0,0.29438869998481765
491,4,RA,1.4142135623730951,0.5141113203923768
491,5,RV,3.3166247903554,1.1559279658075
491,6,Aorta,2.0,0.6815381095497455
491,7,PA,4.898979485566356,1.3357012022343444
491,8,LAA,6.4031242374328485,2.1235867186364605
491,9,Coronary,138.8632420765121,19.458473294009167
491,10,PV,3.0,0.8913936686527381
210,1,Myocardium,2.23606797749979,0.6347520254412075
210,2,LA,1.4142135623730951,0.5072471178566875
210,3,LV,1.0,0.39144632761705206
210,4,RA,1.4142135623730951,0.4193749798429056
210,5,RV,3.7416573867739413,1.1814385497306081
210,6,Aorta,2.0,0.6213336626692606
210,7,PA,8.306623862918075,1.5604331411583154
210,8,LAA,3.0,0.9757936001185463
210,9,Coronary,143.13629868066312,31.55138571827657
210,10,PV,4.58257569495584,1.1024447364808418
276,1,Myocardium,2.23606797749979,0.6596401949997472
276,2,LA,1.4142135623730951,0.567099632695172
276,3,LV,1.4142135623730951,0.44413936981354796
276,4,RA,1.4142135623730951,0.46556516937261155
276,5,RV,4.242640687119285,1.2048033377339418
276,6,Aorta,2.0,0.685669241705634
276,7,PA,4.69041575982343,1.39036136894524
276,8,LAA,8.660254037844387,1.6065248930807887
276,9,Coronary,137.3244333685743,31.300639190071873
276,10,PV,2.23606797749979,0.7480699636357506
560,1,Myocardium,1.4142135623730951,0.4716527420445997
560,2,LA,1.4142135623730951,0.514258156101201
560,3,LV,1.4142135623730951,0.44462192246576904
560,4,RA,1.4142135623730951,0.4876444239205603
560,5,RV,3.605551275463989,1.1839139766359241
560,6,Aorta,2.0,0.6814471421883677
560,7,PA,4.58257569495584,1.119150220724907
560,8,LAA,4.123105625617661,1.3199273271619283
560,9,Coronary,136.444127759314,36.16531920061712
560,10,PV,3.1622776601683795,0.8954601568299783
347,1,Myocardium,2.0,0.5306875561093525
347,2,LA,1.4142135623730951,0.4707561750474305
347,3,LV,1.4142135623730951,0.4029469223456383
347,4,RA,1.4142135623730951,0.6501755961530211
347,5,RV,4.123105625617661,1.4317322293844188
347,6,Aorta,2.0,0.7246764550735585
347,7,PA,3.605551275463989,1.2004237190480644
347,8,LAA,10.954451150103322,3.099901338716439
347,9,Coronary,127.40486646906389,26.418198480087046
347,10,PV,7.3484692283495345,1.0271456171467412
377,1,Myocardium,2.23606797749979,0.5624620903798443
377,2,LA,1.4142135623730951,0.5264013314881812
377,3,LV,1.4142135623730951,0.46516840635749046
377,4,RA,1.4142135623730951,0.5113647566288955
377,5,RV,4.47213595499958,1.0710243238236898
377,6,Aorta,2.0,0.679670014327153
377,7,PA,5.385164807134504,1.4393893762882335
377,8,LAA,5.385164807134504,1.4622857396649778
377,9,Coronary,123.99193522161028,19.38304725037043
377,10,PV,3.7416573867739413,0.8592766069564852
254,1,Myocardium,1.4142135623730951,0.5303335592927982
254,2,LA,1.4142135623730951,0.6137214202220856
254,3,LV,1.4142135623730951,0.4019343329804863
254,4,RA,1.4142135623730951,0.5007331966256496
254,5,RV,3.605551275463989,1.3994431423492926
254,6,Aorta,2.0,0.719311009208083
254,7,PA,5.196152422706632,1.214661968993156
254,8,LAA,5.385164807134504,1.655137081842551
254,9,Coronary,137.93476719087178,19.516641555930406
254,10,PV,2.449489742783178,0.8114028882560325
698,1,Myocardium,1.4142135623730951,0.4627263462779858
698,2,LA,1.4142135623730951,0.5118788899970396
698,3,LV,1.0,0.3463100199816147
698,4,RA,1.4142135623730951,0.6000414444773673
698,5,RV,3.605551275463989,0.9975890459574721
698,6,Aorta,2.0,0.6153175195361216
698,7,PA,4.123105625617661,1.0954924155943369
698,8,LAA,4.123105625617661,1.0917009553359054
698,9,Coronary,129.6263862028098,20.829470172095668
698,10,PV,3.7416573867739413,0.8194718136021321
462,1,Myocardium,2.0,0.6223214303173681
462,2,LA,1.4142135623730951,0.45037900995539715
462,3,LV,1.4142135623730951,0.41919725230354477
462,4,RA,1.4142135623730951,0.4907696479763928
462,5,RV,4.242640687119285,1.2464307732453583
462,6,Aorta,2.0,0.6618375863846783
462,7,PA,3.4641016151377544,1.1373728501129867
462,8,LAA,4.0,1.0893469061326777
462,9,Coronary,149.75313018431368,23.59648551892302
462,10,PV,3.0,0.9430153720254253
435,1,Myocardium,1.7320508075688772,0.5131403573155658
435,2,LA,1.4142135623730951,0.5561616846485514
435,3,LV,1.4142135623730951,0.44615746603832074
435,4,RA,1.7320508075688772,0.6835937840986146
435,5,RV,4.123105625617661,1.1171776830588738
435,6,Aorta,2.0,0.6705409058607453
435,7,PA,3.7416573867739413,1.1663536972006154
435,8,LAA,5.196152422706632,1.550585963321737
435,9,Coronary,142.3551895787435,29.05042877525028
435,10,PV,4.0,0.8578098580900552
107,1,Myocardium,1.7320508075688772,0.5449634131567052
107,2,LA,1.4142135623730951,0.568943648869942
107,3,LV,1.4142135623730951,0.4271584105036784
107,4,RA,2.0,0.7104960302741392
107,5,RV,4.123105625617661,1.5162217128867823
107,6,Aorta,2.0,0.5975675066925007
107,7,PA,4.47213595499958,1.2753587182561175
107,8,LAA,13.92838827718412,2.5049863886109858
107,9,Coronary,143.1013626769501,31.460893070952785
107,10,PV,3.0,0.8207642675994222
503,1,Myocardium,1.4142135623730951,0.5319366995854762
503,2,LA,1.4142135623730951,0.4563208289590017
503,3,LV,1.4142135623730951,0.3984212931231882
503,4,RA,1.4142135623730951,0.551552009810715
503,5,RV,3.1622776601683795,1.171114355465825
503,6,Aorta,2.0,0.7081355223333408
503,7,PA,4.123105625617661,1.2166655396017643
503,8,LAA,7.211102550927978,1.792429571895255
503,9,Coronary,127.5186260904657,35.431029780918564
503,10,PV,4.123105625617661,1.1203569613587216
497,1,Myocardium,2.23606797749979,0.6460383875556241
497,2,LA,1.4142135623730951,0.4591575132041854
497,3,LV,1.4142135623730951,0.44563882522821374
497,4,RA,1.4142135623730951,0.5272727959777435
497,5,RV,3.4641016151377544,1.0733343252495486
497,6,Aorta,2.0,0.6148715530640022
497,7,PA,4.0,1.1710612061048944
497,8,LAA,7.0,1.483664960142204
497,9,Coronary,119.23925528113634,26.0228419316671
497,10,PV,2.23606797749979,0.823694780434373
286,1,Myocardium,1.4142135623730951,0.4896140544211922
286,2,LA,1.4142135623730951,0.5173518091289451
286,3,LV,1.0,0.3770687560692591
286,4,RA,1.4142135623730951,0.5691270733990241
286,5,RV,4.0,0.9492409923302012
286,6,Aorta,2.0,0.6966829319632031
286,7,PA,6.557438524302,1.5596786034402765
286,8,LAA,5.385164807134504,1.7905045820966925
286,9,Coronary,136.38181696985856,25.092869222373587
286,10,PV,3.0,0.8655994622614358
290,1,Myocardium,1.7320508075688772,0.5517964211866563
290,2,LA,1.7320508075688772,0.6534522966584271
290,3,LV,1.4142135623730951,0.39748223856637943
290,4,RA,1.4142135623730951,0.5258414813587884
290,5,RV,4.58257569495584,1.6970434850330554
290,6,Aorta,2.0,0.6979156389725492
290,7,PA,4.0,1.0420523832905975
290,8,LAA,5.385164807134504,1.4622151403694033
290,9,Coronary,133.29666162361306,26.242332753299262
290,10,PV,6.0,1.2007487915049
954,1,Myocardium,1.7320508075688772,0.5543765516224838
954,2,LA,1.7320508075688772,0.592888536765363
954,3,LV,1.0,0.36205490149837294
954,4,RA,1.4142135623730951,0.5899572231855671
954,5,RV,3.605551275463989,1.1304769012340157
954,6,Aorta,2.0,0.7021197018385464
954,7,PA,4.58257569495584,1.3112669055672375
954,8,LAA,11.0,1.8712973606988887
954,9,Coronary,145.69488666387713,33.75468692816134
954,10,PV,4.123105625617661,0.8897819147861177
860,1,Myocardium,1.4142135623730951,0.4920280355813659
860,2,LA,1.4142135623730951,0.506844060065102
860,3,LV,1.4142135623730951,0.3930480923383931
860,4,RA,1.4142135623730951,0.5215117065880959
860,5,RV,3.605551275463989,1.1029751668040626
860,6,Aorta,2.0,0.5934728085838386
860,7,PA,3.3166247903554,1.1666835157711613
860,8,LAA,4.123105625617661,1.1856606465171542
860,9,Coronary,127.09838708654017,30.609792472048863
860,10,PV,2.8284271247461903,0.7752058679988594
253,1,Myocardium,2.0,0.5272323350455491
253,2,LA,1.4142135623730951,0.5411285544772246
253,3,LV,1.4142135623730951,0.4627424377508148
253,4,RA,1.4142135623730951,0.6587639933170167
253,5,RV,4.0,0.9863677000421325
253,6,Aorta,2.0,0.6309707656358882
253,7,PA,4.47213595499958,1.0818804871419687
253,8,LAA,6.324555320336759,1.7110313016433139
253,9,Coronary,122.65398485169571,25.69205411389581
253,10,PV,5.196152422706632,0.9497190511085645
889,1,Myocardium,1.4142135623730951,0.4654084750152777
889,2,LA,1.4142135623730951,0.42882170757822535
889,3,LV,1.0,0.37624503443319207
889,4,RA,1.4142135623730951,0.5094178056860602
889,5,RV,3.3166247903554,1.2381167521968832
889,6,Aorta,2.0,0.5750363536302259
889,7,PA,4.47213595499958,1.330814214329529
889,8,LAA,5.0990195135927845,1.4247325240796653
889,9,Coronary,138.19913169047047,23.148920409169392
889,10,PV,3.0,0.7906410808942885
236,1,Myocardium,1.4142135623730951,0.5202074534003325
236,2,LA,1.4142135623730951,0.5719298342120428
236,3,LV,1.4142135623730951,0.4142393982507103
236,4,RA,1.7320508075688772,0.6324124373316302
236,5,RV,4.0,1.3270182977764633
236,6,Aorta,2.0,0.6289443620949682
236,7,PA,4.358898943540674,1.192733497943344
236,8,LAA,6.4031242374328485,1.6594412648532613
236,9,Coronary,117.89402020458883,18.199448040535895
236,10,PV,3.1622776601683795,0.7866039350209212
316,1,Myocardium,1.4142135623730951,0.48421641720286746
316,2,LA,1.4142135623730951,0.6176843169509921
316,3,LV,1.0,0.3365502559851101
316,4,RA,1.4142135623730951,0.46041279211830344
316,5,RV,3.0,1.1871260302996751
316,6,Aorta,2.0,0.6506441715279021
316,7,PA,4.898979485566356,1.349039519061928
316,8,LAA,5.744562646538029,1.8953603031886952
316,9,Coronary,125.86500705120545,34.97589534995202
316,10,PV,4.123105625617661,1.0725260791909847
680,1,Myocardium,2.23606797749979,0.6013213958358998
680,2,LA,2.449489742783178,0.7121102338490994
680,3,LV,1.4142135623730951,0.4306889897665748
680,4,RA,1.7320508075688772,0.7979912866364949
680,5,RV,4.123105625617661,1.042172116720161
680,6,Aorta,2.0,0.7242025348595078
680,7,PA,4.898979485566356,1.3579467006094754
680,8,LAA,3.7416573867739413,1.2975572312441277
680,9,Coronary,138.60375175297384,23.55829664615601
680,10,PV,2.449489742783178,0.7649217487212664
280,1,Myocardium,1.4142135623730951,0.49982046374291456
280,2,LA,1.7320508075688772,0.6699615703654912
280,3,LV,1.4142135623730951,0.39224225432008575
280,4,RA,1.4142135623730951,0.5600751776290982
280,5,RV,3.0,1.0353429664667106
280,6,Aorta,2.0,0.6338253825816622
280,7,PA,3.605551275463989,1.0276999705912147
280,8,LAA,5.830951894845301,1.5468590724854194
280,9,Coronary,147.49237268414933,32.24988661172343
280,10,PV,2.449489742783178,0.9066672523572878
855,1,Myocardium,1.4142135623730951,0.47554968029664013
855,2,LA,1.4142135623730951,0.5048862041802655
855,3,LV,1.4142135623730951,0.37460954876147334
855,4,RA,1.4142135623730951,0.46344854631735444
855,5,RV,3.605551275463989,1.17487620227326
855,6,Aorta,2.0,0.6604239527730599
855,7,PA,3.1622776601683795,1.063314346908723
855,8,LAA,6.48074069840786,1.6739788437225487
855,9,Coronary,126.46343345014795,25.649466903906195
855,10,PV,6.4031242374328485,1.1341672314657265
818,1,Myocardium,3.3166247903554,0.7855976962006184
818,2,LA,2.0,0.6802301423354105
818,3,LV,1.4142135623730951,0.4955492223744714
818,4,RA,1.4142135623730951,0.6301609212263336
818,5,RV,3.7416573867739413,1.091424480076042
818,6,Aorta,2.0,0.647866720943487
818,7,PA,120.76423311560423,4.587420426978607
818,8,LAA,4.58257569495584,1.3426818568112922
818,9,Coronary,143.0034964607509,26.0331679739029
818,10,PV,4.242640687119285,0.7906574084391018
84,1,Myocardium,2.0,0.6003238803400861
84,2,LA,1.7320508075688772,0.64870723996063
84,3,LV,1.4142135623730951,0.5136694906325691
84,4,RA,1.7320508075688772,0.6639260508928728
84,5,RV,4.358898943540674,1.0908582607618023
84,6,Aorta,2.0,0.6341544628538018
84,7,PA,4.123105625617661,1.2002701964871632
84,8,LAA,4.898979485566356,1.3886341888858182
84,9,Coronary,135.1073647141413,29.01311396031516
84,10,PV,4.123105625617661,1.106034366256408
354,1,Myocardium,1.4142135623730951,0.503029034020487
354,2,LA,1.4142135623730951,0.5608129496318409
354,3,LV,1.0,0.32487440867781225
354,4,RA,1.4142135623730951,0.46112647051253997
354,5,RV,3.3166247903554,1.1785931077547014
354,6,Aorta,2.0,0.663103539084946
354,7,PA,3.7416573867739413,1.221999808992747
354,8,LAA,4.898979485566356,1.6085159463539842
354,9,Coronary,129.2555608088101,21.73450863587626
354,10,PV,4.898979485566356,1.177591644032952
250,1,Myocardium,1.4142135623730951,0.45276815414901217
250,2,LA,1.4142135623730951,0.4679934324205052
250,3,LV,1.0,0.3749076386551902
250,4,RA,1.0,0.4241248088791907
250,5,RV,3.7416573867739413,1.1052756174744178
250,6,Aorta,2.0,0.6213424257249459
250,7,PA,3.1622776601683795,1.0252462686693355
250,8,LAA,5.830951894845301,1.750287522574323
250,9,Coronary,152.38438240187213,33.431183871662995
250,10,PV,3.0,0.8561958326663361
695,1,Myocardium,2.23606797749979,0.6407278368960144
695,2,LA,1.4142135623730951,0.5260946469799441
695,3,LV,1.0,0.38828482234031797
695,4,RA,1.4142135623730951,0.4538081276741064
695,5,RV,4.123105625617661,1.0964632868266293
695,6,Aorta,2.0,0.6552212175261304
695,7,PA,7.0,1.4441699942352049
695,8,LAA,4.47213595499958,1.1329058763298097
695,9,Coronary,160.82599292402955,33.01107869224792
695,10,PV,3.605551275463989,0.9559461336037358
670,1,Myocardium,1.4142135623730951,0.430484573123891
670,2,LA,1.7320508075688772,0.6206583680188719
670,3,LV,1.4142135623730951,0.41598558874511016
670,4,RA,1.0,0.3975629283908392
670,5,RV,4.47213595499958,1.2180293524742787
670,6,Aorta,2.0,0.6657120965888881
670,7,PA,4.242640687119285,1.3520513128020903
670,8,LAA,5.385164807134504,1.6873706188716828
670,9,Coronary,127.7614965472775,23.60640338292151
670,10,PV,3.7416573867739413,1.0565678853975125
636,1,Myocardium,2.0,0.5459838634691465
636,2,LA,2.0,0.7673297276951663
636,3,LV,1.4142135623730951,0.4265157471838479
636,4,RA,1.4142135623730951,0.4329104363624192
636,5,RV,4.123105625617661,1.532198541189497
636,6,Aorta,2.0,0.680363171107121
636,7,PA,4.123105625617661,1.0998902495210592
636,8,LAA,6.708203932499369,2.0240048358876095
636,9,Coronary,125.35549449465708,36.631332044379015
636,10,PV,2.8284271247461903,0.7691755707184266
535,1,Myocardium,1.7320508075688772,0.5410869063719395
535,2,LA,2.23606797749979,0.7251790269932199
535,3,LV,1.4142135623730951,0.37905384807218384
535,4,RA,1.4142135623730951,0.46611208152294015
535,5,RV,4.58257569495584,1.1907875797703569
535,6,Aorta,2.0,0.6949988388285064
535,7,PA,7.3484692283495345,1.6192737498529026
535,8,LAA,18.384776310850235,3.4272361273352283
535,9,Coronary,123.664869708418,27.962305960599025
535,10,PV,4.0,1.0047456045365994
381,1,Myocardium,2.0,0.54613282285192
381,2,LA,1.4142135623730951,0.5423881997940573
381,3,LV,1.0,0.37138250230291164
381,4,RA,1.7320508075688772,0.6111081521256775
381,5,RV,3.4641016151377544,1.2325615664509382
381,6,Aorta,2.0,0.753805990383897
381,7,PA,3.7416573867739413,1.1664255944282966
381,8,LAA,6.324555320336759,1.8470040559517682
381,9,Coronary,123.73358476985948,22.865970627738875
381,10,PV,3.0,0.7015226926300895
313,1,Myocardium,1.7320508075688772,0.5889590434745258
313,2,LA,1.4142135623730951,0.6034750334856209
313,3,LV,1.4142135623730951,0.4189271162407202
313,4,RA,1.4142135623730951,0.6058772458448108
313,5,RV,3.7416573867739413,1.2460414404667686
313,6,Aorta,2.0,0.7647636679036185
313,7,PA,6.557438524302,1.5592212698790875
313,8,LAA,5.0,1.407973737897065
313,9,Coronary,150.00333329629711,32.54364843432503
313,10,PV,5.0990195135927845,1.2855193666653206
879,1,Myocardium,1.4142135623730951,0.5033860362411663
879,2,LA,1.4142135623730951,0.5562879027261045
879,3,LV,1.4142135623730951,0.4365350060852243
879,4,RA,1.4142135623730951,0.5102159468526271
879,5,RV,4.47213595499958,1.2111159934511835
879,6,Aorta,2.0,0.6222755342370421
879,7,PA,4.58257569495584,1.3638125657963789
879,8,LAA,4.123105625617661,1.1907239897963198
879,9,Coronary,143.8401890988746,34.49059207538629
879,10,PV,2.8284271247461903,0.7608463074618462
583,1,Myocardium,2.0,0.5786000615711994
583,2,LA,1.4142135623730951,0.5654479556412457
583,3,LV,1.4142135623730951,0.44229367515095436
583,4,RA,1.4142135623730951,0.4431516271919437
583,5,RV,4.58257569495584,1.2141969598685574
583,6,Aorta,2.0,0.6259763373536178
583,7,PA,3.605551275463989,1.151229483945821
583,8,LAA,6.4031242374328485,2.073037740230877
583,9,Coronary,142.81456508353762,29.357856805324655
583,10,PV,2.23606797749979,0.7431303358441416
937,1,Myocardium,2.0,0.6077821479042214
937,2,LA,1.4142135623730951,0.5574911532308184
937,3,LV,1.0,0.32443659830145144
937,4,RA,1.7320508075688772,0.6109715752007236
937,5,RV,3.7416573867739413,1.433245910122118
937,6,Aorta,2.0,0.6621096748038611
937,7,PA,4.242640687119285,1.1691407549744777
937,8,LAA,5.0990195135927845,1.587017637815297
937,9,Coronary,109.31148155614761,14.678269308420806
937,10,PV,8.306623862918075,1.3928720035275095
554,1,Myocardium,2.0,0.6330132737298508
554,2,LA,1.4142135623730951,0.49862420260419404
554,3,LV,1.4142135623730951,0.5666526883344087
554,4,RA,1.4142135623730951,0.4755604397105435
554,5,RV,5.0,2.0009934933761633
554,6,Aorta,2.0,0.5791918016871913
554,7,PA,5.385164807134504,1.4325731356002098
554,8,LAA,5.196152422706632,1.585342951999431
554,9,Coronary,170.70149384232113,40.82289279554695
554,10,PV,3.3166247903554,0.8890026222141326
16,1,Myocardium,3.0,0.8077581287107038
16,2,LA,1.4142135623730951,0.48053191781255034
16,3,LV,1.4142135623730951,0.42523775031086564
16,4,RA,1.4142135623730951,0.4849866143919008
16,5,RV,4.47213595499958,1.7774570417646092
16,6,Aorta,2.0,0.7522771294348156
16,7,PA,10.295630140987,1.656993802872194
16,8,LAA,5.744562646538029,1.8265361877279442
16,9,Coronary,140.03570973148243,26.895789692544323
16,10,PV,3.3166247903554,0.8903800896733737
71,1,Myocardium,2.0,0.5694938365573057
71,2,LA,1.4142135623730951,0.5178767394159289
71,3,LV,1.0,0.3775596669348872
71,4,RA,2.0,0.7006086449275304
71,5,RV,4.123105625617661,1.3280298748001513
71,6,Aorta,2.0,0.6804873238307836
71,7,PA,4.123105625617661,1.1479944995100735
71,8,LAA,5.477225575051661,1.4836213715065565
71,9,Coronary,116.18519699169941,16.233039775085274
71,10,PV,3.3166247903554,0.9253456342798958
73,1,Myocardium,1.7320508075688772,0.5240696385507865
73,2,LA,1.4142135623730951,0.4629595110618662
73,3,LV,1.4142135623730951,0.42086490089628736
73,4,RA,1.4142135623730951,0.5979933427743269
73,5,RV,4.0,1.1536668436364494
73,6,Aorta,2.0,0.6645249028406335
73,7,PA,6.082762530298219,1.6546924368417937
73,8,LAA,4.242640687119285,1.1304775488506311
73,9,Coronary,95.23129737644027,15.600559479059285
73,10,PV,4.123105625617661,0.9795196772957707
69,1,Myocardium,1.7320508075688772,0.5043407468308734
69,2,LA,1.4142135623730951,0.5793840288745901
69,3,LV,1.0,0.35963881491078575
69,4,RA,1.7320508075688772,0.7389566373711685
69,5,RV,3.7416573867739413,1.11353622161934
69,6,Aorta,2.0,0.6168052757038016
69,7,PA,4.58257569495584,1.2446601781648106
69,8,LAA,3.7416573867739413,1.1431914581098246
69,9,Coronary,146.78215150351218,32.15709801693714
69,10,PV,3.0,0.8742649179189097
728,1,Myocardium,2.0,0.642868539790149
728,2,LA,1.7320508075688772,0.5788079391212542
728,3,LV,1.4142135623730951,0.44490555965197986
728,4,RA,1.4142135623730951,0.5538513094401569
728,5,RV,4.47213595499958,1.5032391160126433
728,6,Aorta,2.0,0.7061314090677899
728,7,PA,95.4148835350125,8.179161574011898
728,8,LAA,7.54983443527075,1.8934856521542187
728,9,Coronary,151.64761785138597,31.1047520990025
728,10,PV,4.58257569495584,1.280400371943892
294,1,Myocardium,2.0,0.5629083065814485
294,2,LA,2.0,0.6926248831595282
294,3,LV,1.0,0.34849701352049656
294,4,RA,1.4142135623730951,0.5038820054124401
294,5,RV,3.7416573867739413,1.1534122478679292
294,6,Aorta,2.23606797749979,0.7631412878611276
294,7,PA,3.605551275463989,1.0778878411223038
294,8,LAA,5.744562646538029,1.3845708219853687
294,9,Coronary,46.10856753359401,6.065448364153263
294,10,PV,3.1622776601683795,0.9809768915452222
29,1,Myocardium,2.0,0.5211692248350066
29,2,LA,1.4142135623730951,0.5510502507991907
29,3,LV,1.4142135623730951,0.4027542708841515
29,4,RA,1.0,0.378143545291601
29,5,RV,2.23606797749979,0.7919577251432078
29,6,Aorta,2.0,0.6098406452984719
29,7,PA,93.40770846134703,4.4245731245498385
29,8,LAA,4.123105625617661,1.1977886566401454
29,9,Coronary,148.96308267486947,29.97806700166467
29,10,PV,2.8284271247461903,0.9189136202839248
102,1,Myocardium,2.23606797749979,0.6594225900122233
102,2,LA,2.0,0.6826890598724576
102,3,LV,1.4142135623730951,0.3687620399309096
102,4,RA,2.0,0.7711710903904105
102,5,RV,5.0,1.6207004634999262
102,6,Aorta,2.0,0.629684504843348
102,7,PA,160.34026319050372,11.031291505441708
102,8,LAA,4.358898943540674,1.34806789957236
102,9,Coronary,134.18271125595876,24.14163314152962
102,10,PV,3.1622776601683795,1.0034406174220942
173,1,Myocardium,1.7320508075688772,0.5337576864817901
173,2,LA,1.4142135623730951,0.6123833649482512
173,3,LV,1.4142135623730951,0.3613104485593396
173,4,RA,1.7320508075688772,0.6116183027082481
173,5,RV,4.123105625617661,1.689410555681397
173,6,Aorta,2.0,0.6922597163904955
173,7,PA,5.196152422706632,1.244199715438877
173,8,LAA,5.0,1.4855255224968276
173,9,Coronary,158.09490820390135,32.23348544596262
173,10,PV,3.605551275463989,0.94606422519005
768,1,Myocardium,1.7320508075688772,0.49992895833936635
768,2,LA,1.4142135623730951,0.5230151181229656
768,3,LV,1.0,0.3270715133990292
768,4,RA,1.4142135623730951,0.6324470558023005
768,5,RV,4.242640687119285,1.4432311062950656
768,6,Aorta,2.0,0.6935554415707964
768,7,PA,3.0,0.941492890600012
768,8,LAA,8.366600265340756,1.7287773496507963
768,9,Coronary,129.80369794424195,29.76007603772699
768,10,PV,3.0,0.9028557388126075
300,1,Myocardium,1.7320508075688772,0.5522667655337703
300,2,LA,1.4142135623730951,0.5165079710034004
300,3,LV,1.4142135623730951,0.42434457129045094
300,4,RA,1.4142135623730951,0.4801218707212392
300,5,RV,3.605551275463989,1.3979491522909746
300,6,Aorta,2.0,0.6268266547970455
300,7,PA,5.0,1.2641387811850522
300,8,LAA,5.0990195135927845,1.4100441926644056
300,9,Coronary,144.9310180741169,27.923356767114324
300,10,PV,4.242640687119285,1.1697030000522624
573,1,Myocardium,1.4142135623730951,0.43712253473120677
573,2,LA,1.4142135623730951,0.5277971264969838
573,3,LV,1.0,0.37404722468662066
573,4,RA,1.4142135623730951,0.4498830528169162
573,5,RV,4.123105625617661,1.2179586163899732
573,6,Aorta,2.0,0.5927921826476877
573,7,PA,3.605551275463989,1.0537008246921906
573,8,LAA,7.14142842854285,2.2021696476853583
573,9,Coronary,129.71507237017602,29.30113549071551
573,10,PV,3.1622776601683795,0.9681736534122033
380,1,Myocardium,2.23606797749979,0.6321547637336298
380,2,LA,2.0,0.7147662689640812
380,3,LV,1.4142135623730951,0.4479617537748157
380,4,RA,1.4142135623730951,0.5773252158968039
380,5,RV,4.47213595499958,1.3926973205878408
380,6,Aorta,2.0,0.8474521268376536
380,7,PA,4.358898943540674,1.2886810707525882
380,8,LAA,7.0710678118654755,1.858697909786344
380,9,Coronary,132.04923324275686,18.21660995682124
380,10,PV,5.0990195135927845,1.305370119116985
611,1,Myocardium,2.0,0.5753765732306491
611,2,LA,2.0,0.7169480243602622
611,3,LV,1.4142135623730951,0.39726657213270045
611,4,RA,1.4142135623730951,0.4813291771036956
611,5,RV,4.123105625617661,1.0691799018468982
611,6,Aorta,2.0,0.6446479197463785
611,7,PA,4.242640687119285,1.194591242489862
611,8,LAA,5.744562646538029,1.7714148875477387
611,9,Coronary,162.6437825433238,42.73189546661885
611,10,PV,3.1622776601683795,0.9581194006758078
880,1,Myocardium,2.0,0.5166931456656294
880,2,LA,1.4142135623730951,0.5683808160469798
880,3,LV,1.4142135623730951,0.41649907614545867
880,4,RA,2.0,0.7485921486074767
880,5,RV,3.605551275463989,1.1010565111102621
880,6,Aorta,2.0,0.5819212361283659
880,7,PA,5.0,1.3657515563837088
880,8,LAA,4.123105625617661,1.3297921022359438
880,9,Coronary,134.86660075793412,31.906568389023626
880,10,PV,4.242640687119285,1.0707324217192091
622,1,Myocardium,1.7320508075688772,0.5651001263134148
622,2,LA,1.4142135623730951,0.455408839130718
622,3,LV,1.4142135623730951,0.4263151633852712
622,4,RA,2.0,0.7041955925511578
622,5,RV,4.123105625617661,1.504475882923777
622,6,Aorta,2.0,0.5878984620959978
622,7,PA,7.14142842854285,2.886441151275135
622,8,LAA,4.58257569495584,1.4235575616967484
622,9,Coronary,105.76861538282516,14.653838201428512
622,10,PV,7.54983443527075,1.3610201714156824
410,1,Myocardium,2.23606797749979,0.5290831525836992
410,2,LA,1.7320508075688772,0.6014022263877292
410,3,LV,1.0,0.36158313305920786
410,4,RA,1.4142135623730951,0.47658920242254665
410,5,RV,4.242640687119285,1.1745355515266742
410,6,Aorta,2.0,0.6315408936365825
410,7,PA,4.242640687119285,1.4235395533118216
410,8,LAA,6.708203932499369,1.715854244808754
410,9,Coronary,138.97841559033546,30.488146190842734
410,10,PV,3.0,0.8911545802142247
420,1,Myocardium,1.4142135623730951,0.4688271465872472
420,2,LA,1.4142135623730951,0.5546579905723089
420,3,LV,1.0,0.3513276828323054
420,4,RA,1.0,0.42545687931934595
420,5,RV,4.58257569495584,1.4192128986464136
420,6,Aorta,2.0,0.65523635402079
420,7,PA,4.123105625617661,1.3014058273836762
420,8,LAA,6.082762530298219,1.9291022852932116
420,9,Coronary,136.85393673548452,28.904175656252793
420,10,PV,4.0,0.9409178901965568
660,1,Myocardium,1.4142135623730951,0.46493586163267253
660,2,LA,1.4142135623730951,0.5203163415521243
660,3,LV,1.0,0.37008364981737185
660,4,RA,1.7320508075688772,0.63614468639305
660,5,RV,3.0,1.2479242312933931
660,6,Aorta,2.0,0.6059946500369661
660,7,PA,3.3166247903554,1.0840809348247737
660,8,LAA,16.673332000533065,3.6004476096146236
660,9,Coronary,125.52688954961005,31.26126279857701
660,10,PV,2.449489742783178,0.7549712911171034
500,1,Myocardium,1.4142135623730951,0.5282446031262746
500,2,LA,1.4142135623730951,0.48250753085331094
500,3,LV,1.4142135623730951,0.5509536603734617
500,4,RA,1.0,0.3813342732555187
500,5,RV,4.47213595499958,1.266855491285729
500,6,Aorta,2.23606797749979,0.825733670378436
500,7,PA,72.30490993010088,3.354381651533461
500,8,LAA,6.708203932499369,1.658858074302692
500,9,Coronary,130.46838697554284,26.835487083823573
500,10,PV,3.7416573867739413,1.0841682562124444
249,1,Myocardium,1.7320508075688772,0.5351742582680221
249,2,LA,1.4142135623730951,0.5440964638042408
249,3,LV,1.4142135623730951,0.402968318596315
249,4,RA,1.4142135623730951,0.5298141467875079
249,5,RV,4.47213595499958,1.1419003876359923
249,6,Aorta,2.0,0.7127369559306391
249,7,PA,4.242640687119285,1.144863854178399
249,8,LAA,5.196152422706632,1.7211172069519756
249,9,Coronary,130.9770972345929,20.334274369878358
249,10,PV,3.4641016151377544,1.0483599395799246
259,1,Myocardium,1.4142135623730951,0.4799119603290102
259,2,LA,1.0,0.3668563748138637
259,3,LV,1.4142135623730951,0.42699585692083686
259,4,RA,1.4142135623730951,0.5305576906029355
259,5,RV,4.69041575982343,1.487193668922378
259,6,Aorta,2.0,0.6574855044179962
259,7,PA,89.20201791439474,7.02706914931567
259,8,LAA,3.605551275463989,1.051979044381366
259,9,Coronary,112.03570859328734,15.5552213445096
259,10,PV,4.123105625617661,1.2090779453892693
596,1,Myocardium,1.7320508075688772,0.5003854390479009
596,2,LA,1.4142135623730951,0.502623375284792
596,3,LV,1.4142135623730951,0.43960035964188504
596,4,RA,1.4142135623730951,0.5359033052593751
596,5,RV,5.0990195135927845,1.4549674978578966
596,6,Aorta,2.0,0.6068492774666898
596,7,PA,3.605551275463989,1.198402163358602
596,8,LAA,6.6332495807108,1.783137390825589
596,9,Coronary,154.64475419489662,39.83407393493693
596,10,PV,3.1622776601683795,0.9174957024387053
798,1,Myocardium,2.0,0.6085134192413386
798,2,LA,1.4142135623730951,0.5458633611478396
798,3,LV,1.4142135623730951,0.5024608677368012
798,4,RA,1.0,0.34691205576558115
798,5,RV,3.0,1.1595722404476523
798,6,Aorta,2.0,0.6387665925060149
798,7,PA,56.79788728465171,5.747357216687323
798,8,LAA,6.782329983125268,1.9158373782241316
798,9,Coronary,117.48191350161096,25.386371727402548
798,10,PV,7.54983443527075,1.324837764703364
869,1,Myocardium,1.4142135623730951,0.42618282282539455
869,2,LA,1.4142135623730951,0.5548680278516936
869,3,LV,1.0,0.36425450543180315
869,4,RA,1.4142135623730951,0.6066555410363343
869,5,RV,3.1622776601683795,1.2327274022925296
869,6,Aorta,2.0,0.6083837495864969
869,7,PA,3.4641016151377544,1.010730796698004
869,8,LAA,5.385164807134504,1.9174528252587195
869,9,Coronary,128.195163715329,27.627905217268612
869,10,PV,3.0,0.8560431923612759
189,1,Myocardium,1.7320508075688772,0.5565887074877958
189,2,LA,2.23606797749979,0.7922488327171058
189,3,LV,1.4142135623730951,0.4145049119085973
189,4,RA,1.4142135623730951,0.554948114866942
189,5,RV,3.605551275463989,1.1132978555303743
189,6,Aorta,2.0,0.6578315974488678
189,7,PA,3.4641016151377544,1.1533513442823353
189,8,LAA,8.602325267042627,1.8817964931293227
189,9,Coronary,142.73051530769445,24.99648570963153
189,10,PV,9.1104335791443,1.5862354563393821
52,1,Myocardium,1.7320508075688772,0.5124122191072784
52,2,LA,1.4142135623730951,0.5261370208008525
52,3,LV,1.0,0.3373587712638777
52,4,RA,1.7320508075688772,0.6163788185656676
52,5,RV,4.47213595499958,1.0978221460178395
52,6,Aorta,2.0,0.6361190595756301
52,7,PA,3.7416573867739413,1.1158839542072618
52,8,LAA,6.4031242374328485,1.8170495523738692
52,9,Coronary,132.9699214108213,20.056912023376555
52,10,PV,3.0,0.8379782961052238
322,1,Myocardium,1.4142135623730951,0.49471745195712924
322,2,LA,2.0,0.607521181652833
322,3,LV,1.0,0.3409828108569169
322,4,RA,1.4142135623730951,0.6140746926299838
322,5,RV,3.4641016151377544,1.1618768391003709
322,6,Aorta,2.0,0.6953991884907261
322,7,PA,5.0,1.2788762184195508
322,8,LAA,8.660254037844387,2.4896213624803156
322,9,Coronary,68.65129277733959,5.661966061863498
322,10,PV,4.123105625617661,0.9652782026997165
99,1,Myocardium,1.7320508075688772,0.44656664311691735
99,2,LA,1.4142135623730951,0.5850391349064327
99,3,LV,1.0,0.3599430174796916
99,4,RA,1.4142135623730951,0.6708757467486641
99,5,RV,5.0,1.3608417181355703
99,6,Aorta,2.0,0.6211087644798189
99,7,PA,4.47213595499958,1.1792703535831222
99,8,LAA,4.58257569495584,1.2844209789368581
99,9,Coronary,123.68508398347798,30.70450311464879
99,10,PV,2.8284271247461903,0.6781511965998144
418,1,Myocardium,2.23606797749979,0.5500282324017955
418,2,LA,1.7320508075688772,0.6473671826218266
418,3,LV,1.4142135623730951,0.3722328221335728
418,4,RA,2.0,0.6598820130399039
418,5,RV,4.0,1.0583678410710256
418,6,Aorta,2.0,0.6517579988169853
418,7,PA,5.477225575051661,1.3250899292152747
418,8,LAA,4.0,1.1101339642752328
418,9,Coronary,141.6368596093545,27.666353664581543
418,10,PV,3.3166247903554,0.8595671766180278
885,1,Myocardium,1.7320508075688772,0.5192523939708995
885,2,LA,1.4142135623730951,0.47572753692678393
885,3,LV,1.4142135623730951,0.4018159825331863
885,4,RA,1.4142135623730951,0.4981814417507334
885,5,RV,3.1622776601683795,1.219258991132337
885,6,Aorta,2.0,0.6640245030060499
885,7,PA,4.123105625617661,1.190977967990759
885,8,LAA,3.7416573867739413,1.4319088516165235
885,9,Coronary,128.6118190525272,30.20885377726116
885,10,PV,4.123105625617661,0.8938358023227565
813,1,Myocardium,1.7320508075688772,0.5436794240847678
813,2,LA,1.7320508075688772,0.6443869910988365
813,3,LV,1.4142135623730951,0.43453462543492627
813,4,RA,1.4142135623730951,0.5349259641286827
813,5,RV,3.0,1.0099463593864508
813,6,Aorta,2.0,0.6407680913587053
813,7,PA,5.656854249492381,1.4702838460588046
813,8,LAA,4.47213595499958,1.4140328454714606
813,9,Coronary,154.35349040433132,24.887624639617776
813,10,PV,2.23606797749979,0.7127164525123493
810,1,Myocardium,1.7320508075688772,0.5334228026623227
810,2,LA,1.4142135623730951,0.5441966779257073
810,3,LV,1.0,0.3192551728667338
810,4,RA,1.4142135623730951,0.4554642995024297
810,5,RV,3.0,0.9098744380492385
810,6,Aorta,2.0,0.6879344002539092
810,7,PA,4.47213595499958,1.441504150385726
810,8,LAA,6.782329983125268,1.8437499643777742
810,9,Coronary,135.72398461583714,26.196376372406398
810,10,PV,4.47213595499958,0.8907858126351988
539,1,Myocardium,1.7320508075688772,0.5581028136131649
539,2,LA,2.0,0.63575748176619
539,3,LV,1.4142135623730951,0.4151792273053148
539,4,RA,2.0,0.6450934050550495
539,5,RV,3.3166247903554,1.2659217283127298
539,6,Aorta,2.0,0.6515074368192226
539,7,PA,3.605551275463989,1.0918632695322483
539,8,LAA,4.58257569495584,1.50387198137089
539,9,Coronary,134.77388471065157,24.53525774815054
539,10,PV,6.708203932499369,1.3363751666033754
633,1,Myocardium,1.4142135623730951,0.48844881818147434
633,2,LA,1.4142135623730951,0.5049897931294981
633,3,LV,1.0,0.3507775065032803
633,4,RA,1.4142135623730951,0.639115717210514
633,5,RV,3.1622776601683795,1.186429548549134
633,6,Aorta,2.0,0.621593576707371
633,7,PA,3.7416573867739413,1.181093369118444
633,8,LAA,3.7416573867739413,1.2110075012763044
633,9,Coronary,130.23440405668543,26.479344681709613
633,10,PV,2.449489742783178,0.6412661089593317
918,1,Myocardium,1.4142135623730951,0.5160078161911517
918,2,LA,1.4142135623730951,0.5607973865941573
918,3,LV,1.4142135623730951,0.41833346538843363
918,4,RA,1.4142135623730951,0.5819192703486732
918,5,RV,4.58257569495584,0.9667374708625476
918,6,Aorta,2.0,0.6783537448724113
918,7,PA,4.69041575982343,1.3517857911063142
918,8,LAA,4.898979485566356,1.2610185365162283
918,9,Coronary,150.89400253157845,29.267961393914156
918,10,PV,4.123105625617661,1.0695865167210996
363,1,Myocardium,1.4142135623730951,0.4604094417811997
363,2,LA,1.4142135623730951,0.6020243028154488
363,3,LV,1.4142135623730951,0.3975719231405319
363,4,RA,1.4142135623730951,0.44822469900751616
363,5,RV,3.7416573867739413,1.2282544156915276
363,6,Aorta,2.0,0.6326539352149295
363,7,PA,4.898979485566356,1.3920882881571375
363,8,LAA,5.830951894845301,1.5258839259155603
363,9,Coronary,134.58826100369973,25.83971231777297
363,10,PV,2.8284271247461903,0.8519948955387048
625,1,Myocardium,1.7320508075688772,0.49383425307808093
625,2,LA,2.0,0.7320872143929119
625,3,LV,1.4142135623730951,0.48560446115088396
625,4,RA,1.4142135623730951,0.5095971432046258
625,5,RV,4.123105625617661,1.4529722588378808
625,6,Aorta,2.0,0.7025177471248492
625,7,PA,7.810249675906654,3.1719675875110016
625,8,LAA,4.242640687119285,1.3258808259850063
625,9,Coronary,156.53753543479596,36.060071643262454
625,10,PV,3.0,0.9203706590333967
684,1,Myocardium,2.0,0.5582334636029429
684,2,LA,1.4142135623730951,0.5552394673211156
684,3,LV,1.0,0.3033552120254499
684,4,RA,1.4142135623730951,0.47059071820832277
684,5,RV,3.605551275463989,1.251466194482873
684,6,Aorta,2.0,0.6320453863599677
684,7,PA,78.5175139698144,3.6058174211398937
684,8,LAA,5.385164807134504,1.3550726332753034
684,9,Coronary,119.99166637729472,23.93775143468684
684,10,PV,4.0,1.0149661848510008
203,1,Myocardium,2.0,0.6146339286674645
203,2,LA,1.4142135623730951,0.5733418860828403
203,3,LV,1.4142135623730951,0.48903026190931287
203,4,RA,1.4142135623730951,0.4819012797931744
203,5,RV,3.605551275463989,1.1743662132912447
203,6,Aorta,2.0,0.724651564054537
203,7,PA,4.58257569495584,1.3423728877021837
203,8,LAA,5.196152422706632,1.4704826410407479
203,9,Coronary,154.52184311611094,33.35974286609496
203,10,PV,3.7416573867739413,1.0416905725729195
232,1,Myocardium,2.449489742783178,0.6377507916259066
232,2,LA,1.4142135623730951,0.5624793585262255
232,3,LV,1.4142135623730951,0.36441671020535527
232,4,RA,1.7320508075688772,0.7258827399226357
232,5,RV,4.0,0.9915895669633775
232,6,Aorta,2.0,0.6449273997994036
232,7,PA,6.164414002968976,1.340690561416218
232,8,LAA,4.47213595499958,1.2310185364698136
232,9,Coronary,143.53048456686824,27.963870559729735
232,10,PV,3.7416573867739413,1.0528817907630346
424,1,Myocardium,1.4142135623730951,0.4981735089535717
424,2,LA,1.4142135623730951,0.5938805639462255
424,3,LV,1.0,0.38170520351296244
424,4,RA,1.4142135623730951,0.45536430498353425
424,5,RV,4.0,1.537656466202487
424,6,Aorta,2.0,0.7004869676757195
424,7,PA,3.3166247903554,1.2147635040610298
424,8,LAA,4.898979485566356,1.4109974303334212
424,9,Coronary,129.6688088940436,29.93420023290014
424,10,PV,3.1622776601683795,0.8665682216280846
206,1,Myocardium,2.0,0.5535489448820647
206,2,LA,1.4142135623730951,0.5243141084357066
206,3,LV,1.4142135623730951,0.3877118290613373
206,4,RA,1.4142135623730951,0.5245681102334163
206,5,RV,3.1622776601683795,1.1052274395160415
206,6,Aorta,2.0,0.7165321464817987
206,7,PA,3.7416573867739413,0.8995064009949275
206,8,LAA,5.196152422706632,1.8285297536887746
206,9,Coronary,122.59282197584001,24.646675260076083
206,10,PV,2.23606797749979,0.7505981541528924
220,1,Myocardium,1.4142135623730951,0.42651715024708625
220,2,LA,1.4142135623730951,0.5154489612073008
220,3,LV,1.0,0.36161230106810854
220,4,RA,1.4142135623730951,0.6126615455594833
220,5,RV,4.0,1.1725600025946386
220,6,Aorta,2.0,0.7259152068725478
220,7,PA,5.0,1.1991083473004331
220,8,LAA,6.164414002968976,1.906967457892994
220,9,Coronary,120.88837826689544,20.62904472702295
220,10,PV,3.0,0.9446940076858092
349,1,Myocardium,1.4142135623730951,0.4564136446440513
349,2,LA,1.7320508075688772,0.595443304598474
349,3,LV,1.4142135623730951,0.37419897416385195
349,4,RA,1.4142135623730951,0.4387696296006366
349,5,RV,4.0,1.272290042180036
349,6,Aorta,2.0,0.6314786510998658
349,7,PA,3.7416573867739413,1.0873662437580056
349,8,LAA,4.58257569495584,1.8388306207487495
349,9,Coronary,145.48539445593843,23.598110562972497
349,10,PV,3.7416573867739413,0.7912413072959892
870,1,Myocardium,2.0,0.5569605872790571
870,2,LA,1.7320508075688772,0.581281029257056
870,3,LV,1.4142135623730951,0.4404043985986006
870,4,RA,2.0,0.7648986848068167
870,5,RV,3.0,0.9828318045577285
870,6,Aorta,2.0,0.7618978538162668
870,7,PA,2.8284271247461903,0.8208692461075685
870,8,LAA,9.0,2.7684861760574924
870,9,Coronary,118.68024266911489,30.52777787681895
870,10,PV,2.23606797749979,0.662395340151277
743,1,Myocardium,1.7320508075688772,0.5442400611693043
743,2,LA,1.7320508075688772,0.5413742613226057
743,3,LV,1.0,0.3514369724246288
743,4,RA,1.4142135623730951,0.515348234889614
743,5,RV,5.0,1.414391286157296
743,6,Aorta,2.0,0.6061226673332832
743,7,PA,4.242640687119285,1.3240706660867585
743,8,LAA,8.12403840463596,2.982530093388357
743,9,Coronary,139.3197760549449,25.301028674370055
743,10,PV,3.605551275463989,0.9311259656901785
537,1,Myocardium,1.4142135623730951,0.46162647744248153
537,2,LA,1.4142135623730951,0.5385691349855954
537,3,LV,1.4142135623730951,0.4154234312884298
537,4,RA,1.4142135623730951,0.510582755964408
537,5,RV,4.242640687119285,1.141926587213645
537,6,Aorta,2.0,0.5866432993707054
537,7,PA,5.0990195135927845,1.312050476778428
537,8,LAA,3.4641016151377544,1.188525292273806
537,9,Coronary,134.98518437221176,26.846231286954353
537,10,PV,3.0,0.8194661374204475
907,1,Myocardium,2.23606797749979,0.5990401392578735
907,2,LA,1.4142135623730951,0.5885809888851121
907,3,LV,1.4142135623730951,0.3995773868305217
907,4,RA,1.4142135623730951,0.618982760049676
907,5,RV,4.0,1.1692846875866754
907,6,Aorta,2.0,0.7808168064009346
907,7,PA,4.58257569495584,1.3490627966259328
907,8,LAA,4.242640687119285,1.3085302673281969
907,9,Coronary,134.55853744746187,21.892514574614324
907,10,PV,2.449489742783178,0.7587575422266211
862,1,Myocardium,3.1622776601683795,0.7974502937508998
862,2,LA,1.4142135623730951,0.5100967102379252
862,3,LV,1.4142135623730951,0.46681112322689344
862,4,RA,1.4142135623730951,0.46610568294571275
862,5,RV,3.1622776601683795,1.0672829917485487
862,6,Aorta,2.0,0.7232016427304002
862,7,PA,77.33692520394123,5.558913971345204
862,8,LAA,4.69041575982343,1.3594420507588985
862,9,Coronary,146.6594695203825,33.20478292438693
862,10,PV,3.0,0.8845745515987002
108,1,Myocardium,1.4142135623730951,0.46067191876928415
108,2,LA,1.4142135623730951,0.5051882002110459
108,3,LV,1.0,0.3359041084708733
108,4,RA,2.0,0.7706586473869232
108,5,RV,3.0,1.0513849487555569
108,6,Aorta,2.0,0.6568440239852024
108,7,PA,5.385164807134504,1.49306798919836
108,8,LAA,7.0,1.713294793985147
108,9,Coronary,140.2640367307315,28.29891076318292
108,10,PV,3.0,0.8594939993150214
104,1,Myocardium,1.4142135623730951,0.42749668196591933
104,2,LA,1.4142135623730951,0.6135841321204559
104,3,LV,1.0,0.3046774828834562
104,4,RA,1.4142135623730951,0.5025029197828295
104,5,RV,3.3166247903554,1.1563561418695527
104,6,Aorta,2.0,0.5893252610956056
104,7,PA,7.280109889280518,1.5187840643813582
104,8,LAA,4.69041575982343,1.8944648606308836
104,9,Coronary,127.00787377166819,20.1538736586339
104,10,PV,3.0,0.845821509658865
157,1,Myocardium,1.4142135623730951,0.48776875867999997
157,2,LA,1.7320508075688772,0.5372710529966758
157,3,LV,1.0,0.3869103652282974
157,4,RA,1.4142135623730951,0.5594471572686897
157,5,RV,3.7416573867739413,1.0919060962542204
157,6,Aorta,2.0,0.6621159268215911
157,7,PA,3.0,1.0117545690080367
157,8,LAA,9.433981132056603,2.5818844713575775
157,9,Coronary,101.67595585978034,15.199232409865678
157,10,PV,3.0,0.71368428953111
484,1,Myocardium,2.23606797749979,0.6781947706234561
484,2,LA,1.7320508075688772,0.5900380045504718
484,3,LV,1.7320508075688772,0.5731973898980056
484,4,RA,1.4142135623730951,0.49680658240823955
484,5,RV,4.242640687119285,1.1714067142849023
484,6,Aorta,2.0,0.6391511639918949
484,7,PA,4.242640687119285,1.2757787314271611
484,8,LAA,6.4031242374328485,2.0415820692417777
484,9,Coronary,120.40764095355411,19.590863537517873
484,10,PV,6.4031242374328485,1.2291946131606757
644,1,Myocardium,1.7320508075688772,0.5363954643609419
644,2,LA,1.4142135623730951,0.5165521421962146
644,3,LV,1.4142135623730951,0.44802323700350677
644,4,RA,1.4142135623730951,0.4319593240537274
644,5,RV,4.123105625617661,1.2634010277271026
644,6,Aorta,2.0,0.6251640052991202
644,7,PA,5.656854249492381,1.4651936439879867
644,8,LAA,4.242640687119285,1.2789683244382155
644,9,Coronary,162.2159055086769,32.68692792620425
644,10,PV,4.123105625617661,0.8532104231827332
923,1,Myocardium,2.0,0.5580346343485302
923,2,LA,1.4142135623730951,0.4328790542378063
923,3,LV,1.4142135623730951,0.43112854385827915
923,4,RA,1.4142135623730951,0.4463846793235794
923,5,RV,4.358898943540674,1.4008666016390101
923,6,Aorta,2.0,0.6530753287343181
923,7,PA,3.605551275463989,1.1451112954702127
923,8,LAA,3.7416573867739413,1.0713108156384128
923,9,Coronary,145.69488666387713,31.438125810772977
923,10,PV,2.8284271247461903,0.783114677219284
297,1,Myocardium,2.8284271247461903,0.7161595829289807
297,2,LA,1.7320508075688772,0.6395282887692872
297,3,LV,1.4142135623730951,0.4209402999612126
297,4,RA,1.4142135623730951,0.4073510975970873
297,5,RV,4.242640687119285,1.418983804718963
297,6,Aorta,2.0,0.5885311885031325
297,7,PA,3.1622776601683795,1.1231276783613153
297,8,LAA,3.1622776601683795,1.1503843647339391
297,9,Coronary,130.24976007655445,24.626048218313237
297,10,PV,3.0,0.9254159218653359
840,1,Myocardium,1.4142135623730951,0.5126283564128397
840,2,LA,1.4142135623730951,0.614192027654262
840,3,LV,1.0,0.39407647360778303
840,4,RA,1.4142135623730951,0.4668552669679531
840,5,RV,3.7416573867739413,1.2604166961792242
840,6,Aorta,2.0,0.6961663697272253
840,7,PA,3.0,0.9414105079506679
840,8,LAA,7.3484692283495345,2.07065383290662
840,9,Coronary,126.60568707605516,23.762146962727755
840,10,PV,2.23606797749979,0.7664129609289152
229,1,Myocardium,2.0,0.5601269217674784
229,2,LA,2.0,0.5741721977184382
229,3,LV,1.4142135623730951,0.4859618145945527
229,4,RA,1.4142135623730951,0.510991858002918
229,5,RV,3.3166247903554,1.0687908704158167
229,6,Aorta,2.0,0.7094500938049324
229,7,PA,3.605551275463989,1.0040304318100048
229,8,LAA,6.708203932499369,2.4258032418501405
229,9,Coronary,38.41874542459709,4.666299142081807
229,10,PV,6.0,0.9956542930354252
970,1,Myocardium,2.0,0.5746695310519183
970,2,LA,1.7320508075688772,0.5323097552587555
970,3,LV,1.4142135623730951,0.418394316599749
970,4,RA,1.4142135623730951,0.6152751334824786
970,5,RV,4.0,1.1210802852540538
970,6,Aorta,2.0,0.6799667114650052
970,7,PA,5.385164807134504,4.606041466709228
970,8,LAA,4.358898943540674,1.3164577488008697
970,9,Coronary,159.87495113369073,26.042676548690523
970,10,PV,3.1622776601683795,0.9049655869805371
46,1,Myocardium,2.0,0.579776881647077
46,2,LA,1.4142135623730951,0.4766319403890798
46,3,LV,1.4142135623730951,0.47545681512044236
46,4,RA,1.4142135623730951,0.4221278868588036
46,5,RV,3.3166247903554,0.9077376792430913
46,6,Aorta,2.0,0.6518963588562521
46,7,PA,4.47213595499958,1.258710279455078
46,8,LAA,11.180339887498949,2.4957883532061245
46,9,Coronary,86.65448632355972,12.699169765760296
46,10,PV,4.242640687119285,0.9732829748117849
307,1,Myocardium,2.23606797749979,0.5400576329042758
307,2,LA,1.4142135623730951,0.5337167777550803
307,3,LV,1.0,0.31541448162759034
307,4,RA,1.7320508075688772,0.5712071438663355
307,5,RV,3.3166247903554,1.2630263397738832
307,6,Aorta,2.0,0.677319835055212
307,7,PA,4.58257569495584,1.338493207947642
307,8,LAA,4.47213595499958,1.4099949112342756
307,9,Coronary,135.76818478568535,19.00398133999703
307,10,PV,3.0,0.8934472807170666
415,1,Myocardium,3.1622776601683795,0.8051395535308385
415,2,LA,1.4142135623730951,0.575341708576687
415,3,LV,1.0,0.36790724991457
415,4,RA,2.0,0.7490833846444266
415,5,RV,3.3166247903554,0.9888606458835859
415,6,Aorta,2.0,0.7409478430731569
415,7,PA,4.123105625617661,1.0659571169841104
415,8,LAA,6.782329983125268,1.7501528899284264
415,9,Coronary,150.7149627608354,28.17977535383518
415,10,PV,2.449489742783178,0.7679789306181477
841,1,Myocardium,1.4142135623730951,0.45383950216805446
841,2,LA,1.4142135623730951,0.5170301217987416
841,3,LV,1.0,0.3197703718339885
841,4,RA,1.4142135623730951,0.5010746827877125
841,5,RV,4.123105625617661,1.3328487914173741
841,6,Aorta,2.0,0.6127940874693862
841,7,PA,3.4641016151377544,1.1916263419371629
841,8,LAA,5.0990195135927845,1.1918857719821627
841,9,Coronary,72.4568837309472,8.34037229308009
841,10,PV,3.1622776601683795,0.9889927270606056
114,1,Myocardium,1.4142135623730951,0.5211213668583635
114,2,LA,2.0,0.680314455409917
114,3,LV,1.4142135623730951,0.408981425964718
114,4,RA,1.4142135623730951,0.5008551020739684
114,5,RV,4.0,1.2303059812110635
114,6,Aorta,2.0,0.653082345581463
114,7,PA,4.123105625617661,1.3657119157545545
114,8,LAA,7.0,2.6309149216930905
114,9,Coronary,122.97560733739029,18.150391906020307
114,10,PV,5.385164807134504,1.1250682450829983
688,1,Myocardium,1.4142135623730951,0.4918928901280032
688,2,LA,1.7320508075688772,0.5763010218451109
688,3,LV,1.0,0.31122483799732886
688,4,RA,1.4142135623730951,0.49452185031654816
688,5,RV,4.242640687119285,1.1050480185533385
688,6,Aorta,2.0,0.7191323987489773
688,7,PA,3.0,1.0890967539739762
688,8,LAA,5.744562646538029,1.4565507635831838
688,9,Coronary,126.92517480783708,20.61018396876051
688,10,PV,4.898979485566356,1.1338915436991033
433,1,Myocardium,1.7320508075688772,0.5410763785674308
433,2,LA,2.0,0.6838060037543275
433,3,LV,1.4142135623730951,0.4418727735068393
433,4,RA,1.7320508075688772,0.674178613811826
433,5,RV,3.605551275463989,1.269622529999498
433,6,Aorta,2.0,0.5972011450429802
433,7,PA,4.242640687119285,1.2049097622302176
433,8,LAA,7.280109889280518,2.310231891629022
433,9,Coronary,116.2282237668631,16.285180178712565
433,10,PV,2.8284271247461903,0.780808948232957
83,1,Myocardium,1.7320508075688772,0.5030553978955526
83,2,LA,1.4142135623730951,0.5789714726643098
83,3,LV,1.0,0.30496070877887865
83,4,RA,1.4142135623730951,0.49584445654182463
83,5,RV,3.1622776601683795,1.0850247469974117
83,6,Aorta,2.0,0.6960098450668658
83,7,PA,4.0,1.3268454976412718
83,8,LAA,5.0990195135927845,1.2387683973448307
83,9,Coronary,90.62560344626678,12.510159887190465
83,10,PV,2.449489742783178,0.8176937987006209
397,1,Myocardium,2.23606797749979,0.6110208636669181
397,2,LA,2.0,0.7042827856949668
397,3,LV,1.0,0.371319040678867
397,4,RA,1.7320508075688772,0.6050175282129318
397,5,RV,3.1622776601683795,1.0159817384500682
397,6,Aorta,2.0,0.6862018108773799
397,7,PA,3.0,1.0605164629740247
397,8,LAA,6.48074069840786,1.9825117667476073
397,9,Coronary,126.15070352558483,23.273818973126527
397,10,PV,4.123105625617661,1.1884819663792707
919,1,Myocardium,2.0,0.5363754424050198
919,2,LA,1.4142135623730951,0.5101257957122637
919,3,LV,1.4142135623730951,0.39362290818184464
919,4,RA,1.4142135623730951,0.5655884687878935
919,5,RV,5.0,1.421617722759783
919,6,Aorta,2.0,0.6637364875199088
919,7,PA,5.385164807134504,1.3301041339880224
919,8,LAA,3.605551275463989,1.2646103150540076
919,9,Coronary,154.2400726140908,31.28265100708512
919,10,PV,2.449489742783178,0.8786738072366548
556,1,Myocardium,2.0,0.5873576116506867
556,2,LA,2.0,0.6340760683499889
556,3,LV,1.4142135623730951,0.419596942637098
556,4,RA,1.4142135623730951,0.5587934029815149
556,5,RV,3.605551275463989,1.2359200616536126
556,6,Aorta,2.0,0.5826127102655505
556,7,PA,71.0,3.302600536288595
556,8,LAA,5.830951894845301,1.3949209799179765
556,9,Coronary,75.23961722390672,7.368906863419606
556,10,PV,3.0,0.8972260744617397
106,1,Myocardium,2.23606797749979,0.6602249078143603
106,2,LA,2.0,0.752470480653691
106,3,LV,1.4142135623730951,0.49418891965815365
106,4,RA,1.4142135623730951,0.47458166249871114
106,5,RV,5.0,1.2611760809300785
106,6,Aorta,2.0,0.7004687147935719
106,7,PA,5.385164807134504,1.476468789126736
106,8,LAA,6.782329983125268,1.7927983187427785
106,9,Coronary,129.15881696578055,21.29694522247406
106,10,PV,4.898979485566356,1.1819772654515373
738,1,Myocardium,2.0,0.5433967252121464
738,2,LA,1.4142135623730951,0.5408885646243144
738,3,LV,1.4142135623730951,0.43317693834329096
738,4,RA,1.4142135623730951,0.49657849757538797
738,5,RV,3.0,1.0903064671205445
738,6,Aorta,2.0,0.6715764574131293
738,7,PA,3.605551275463989,0.9933060681125622
738,8,LAA,4.123105625617661,1.4329218949350375
738,9,Coronary,140.30324301312496,23.68007232567624
738,10,PV,4.123105625617661,0.9203907111622396
821,1,Myocardium,2.0,0.5955257265586418
821,2,LA,2.449489742783178,0.9480736790330893
821,3,LV,1.0,0.36467064133481497
821,4,RA,2.0,0.6388996102457569
821,5,RV,3.1622776601683795,1.3128058021128477
821,6,Aorta,2.0,0.6042180210578793
821,7,PA,82.29216244576394,3.345046644574248
821,8,LAA,17.029386365926403,3.947656203144954
821,9,Coronary,152.75143207184672,37.83343300887458
821,10,PV,6.0,1.3255790354890804
401,1,Myocardium,1.4142135623730951,0.5042256146173891
401,2,LA,1.4142135623730951,0.475278833402056
401,3,LV,1.0,0.34733075379853895
401,4,RA,1.4142135623730951,0.6240913307334632
401,5,RV,4.47213595499958,1.268005145876507
401,6,Aorta,2.0,0.7367210241539631
401,7,PA,4.47213595499958,1.1507010568901783
401,8,LAA,5.385164807134504,1.698641086119904
401,9,Coronary,141.0921684573598,24.975035906052234
401,10,PV,3.605551275463989,0.8948857374795526
675,1,Myocardium,2.23606797749979,0.5455425508908242
675,2,LA,2.0,0.6886142457723614
675,3,LV,1.4142135623730951,0.39622594212804785
675,4,RA,1.4142135623730951,0.5864442988395198
675,5,RV,4.123105625617661,1.0561327334378845
675,6,Aorta,2.0,0.6605710772910212
675,7,PA,4.123105625617661,0.9078796743522888
675,8,LAA,7.0710678118654755,2.444776336662261
675,9,Coronary,134.39494038095333,29.266466957053936
675,10,PV,4.123105625617661,0.7900644235004697
574,1,Myocardium,1.4142135623730951,0.47054190222886894
574,2,LA,1.7320508075688772,0.5541344064486463
574,3,LV,1.4142135623730951,0.4129955372778191
574,4,RA,1.4142135623730951,0.5660189971392995
574,5,RV,4.0,1.3721547876410694
574,6,Aorta,2.0,0.5717611022669316
574,7,PA,4.123105625617661,2.081219722154904
574,8,LAA,4.242640687119285,1.3039645259241786
574,9,Coronary,119.3859288191033,11.505459545447595
574,10,PV,3.3166247903554,0.9003613434677861
763,1,Myocardium,1.4142135623730951,0.43767296004471745
763,2,LA,1.4142135623730951,0.4960070652938079
763,3,LV,1.4142135623730951,0.36759276293229426
763,4,RA,1.4142135623730951,0.3636549229135555
763,5,RV,3.605551275463989,0.9864719369127466
763,6,Aorta,2.0,0.6497753486779554
763,7,PA,4.898979485566356,1.3650620204658535
763,8,LAA,7.615773105863909,2.538654122725954
763,9,Coronary,134.506505418883,29.906524957091754
763,10,PV,3.605551275463989,0.8335024933366769
376,1,Myocardium,2.8284271247461903,0.6894888637243135
376,2,LA,1.4142135623730951,0.5425820888565909
376,3,LV,1.4142135623730951,0.4714360239524608
376,4,RA,1.4142135623730951,0.42702768024756943
376,5,RV,5.0,1.6792960480387276
376,6,Aorta,2.0,0.6847109343462503
376,7,PA,88.53247991556545,5.354842502183462
376,8,LAA,3.7416573867739413,1.286129234206729
376,9,Coronary,127.4401820463232,27.00582315436844
376,10,PV,4.0,1.1057048159450389
155,1,Myocardium,1.4142135623730951,0.4368744281827174
155,2,LA,1.4142135623730951,0.545140112074389
155,3,LV,1.0,0.2808801160190063
155,4,RA,1.4142135623730951,0.5942477560297541
155,5,RV,3.0,1.0842947574731618
155,6,Aorta,2.0,0.6151210143580248
155,7,PA,3.605551275463989,1.2290944793823997
155,8,LAA,3.605551275463989,1.3126593428660858
155,9,Coronary,140.85808461000738,20.48012535483529
155,10,PV,2.23606797749979,0.7295253909497634
861,1,Myocardium,2.0,0.5355821369627602
861,2,LA,1.4142135623730951,0.5319796884828804
861,3,LV,1.4142135623730951,0.46523685536155834
861,4,RA,1.4142135623730951,0.5936977983117318
861,5,RV,4.123105625617661,1.1817554671269885
861,6,Aorta,2.0,0.6626943870496019
861,7,PA,3.3166247903554,1.0041990206558289
861,8,LAA,5.0990195135927845,1.2373825297580883
861,9,Coronary,110.4445562261898,14.636523695397717
861,10,PV,5.0,1.0700099465577861
679,1,Myocardium,2.0,0.5981186761821902
679,2,LA,1.4142135623730951,0.42889464302329655
679,3,LV,1.4142135623730951,0.39649090195682163
679,4,RA,1.4142135623730951,0.4633104685173295
679,5,RV,3.0,1.0881224657348705
679,6,Aorta,2.0,0.654183557891018
679,7,PA,7.211102550927978,1.5708090612100074
679,8,LAA,3.4641016151377544,1.209231268352269
679,9,Coronary,151.84860881812517,27.431184620318998
679,10,PV,3.0,0.9018864877176664
190,1,Myocardium,1.7320508075688772,0.5584212749587103
190,2,LA,1.4142135623730951,0.4760305394870087
190,3,LV,1.4142135623730951,0.4699677785016153
190,4,RA,1.4142135623730951,0.46199307907435627
190,5,RV,4.0,1.313012104297449
190,6,Aorta,2.23606797749979,0.8315945152026677
190,7,PA,5.916079783099616,1.3532254400357036
190,8,LAA,4.123105625617661,1.195095893688457
190,9,Coronary,143.43291114664027,21.189902819856812
190,10,PV,4.123105625617661,1.0632953893685477
638,1,Myocardium,1.7320508075688772,0.49639397943822106
638,2,LA,1.4142135623730951,0.5794800838767119
638,3,LV,1.4142135623730951,0.3829934053492129
638,4,RA,1.4142135623730951,0.48292934305513646
638,5,RV,4.242640687119285,1.0890138462345982
638,6,Aorta,2.0,0.6896054852986289
638,7,PA,5.0,1.4362040740974964
638,8,LAA,5.0990195135927845,1.1960478596514075
638,9,Coronary,133.0187956643722,24.928387374201073
638,10,PV,4.58257569495584,1.1849700412467123
146,1,Myocardium,1.4142135623730951,0.5022759079499257
146,2,LA,1.4142135623730951,0.4507268401616548
146,3,LV,1.4142135623730951,0.40868990356781537
146,4,RA,1.4142135623730951,0.4638008003265689
146,5,RV,4.0,1.4520800558152795
146,6,Aorta,2.0,0.6083189583538049
146,7,PA,4.69041575982343,1.2222480173401267
146,8,LAA,10.198039027185569,3.727136528416313
146,9,Coronary,124.74373731775074,28.337143822772823
146,10,PV,3.1622776601683795,0.8295673090497873
490,1,Myocardium,1.7320508075688772,0.4671942440599012
490,2,LA,1.4142135623730951,0.5282731352569818
490,3,LV,1.0,0.28182368293645255
490,4,RA,1.4142135623730951,0.4581479458243119
490,5,RV,4.0,1.0695654904655336
490,6,Aorta,2.0,0.6382238732427327
490,7,PA,4.47213595499958,1.1851921202055142
490,8,LAA,7.54983443527075,1.7355322553175907
490,9,Coronary,144.47837208385207,30.065720170675803
490,10,PV,2.23606797749979,0.6837486506778512
9,1,Myocardium,1.4142135623730951,0.5394238057694285
9,2,LA,2.0,0.7664047438170429
9,3,LV,1.4142135623730951,0.4607646155863291
9,4,RA,1.4142135623730951,0.40141548373603364
9,5,RV,3.1622776601683795,1.1058443607003419
9,6,Aorta,2.0,0.6487771188605888
9,7,PA,3.1622776601683795,1.0751744056331507
9,8,LAA,5.656854249492381,1.7625115893088426
9,9,Coronary,140.8900280360537,25.26028948173088
9,10,PV,4.123105625617661,1.0681501910384408
700,1,Myocardium,2.0,0.5378124633473663
700,2,LA,1.4142135623730951,0.5932052363225393
700,3,LV,1.4142135623730951,0.4403475967317448
700,4,RA,1.4142135623730951,0.5854869316456612
700,5,RV,4.242640687119285,1.1902821761779494
700,6,Aorta,2.0,0.6520011962326407
700,7,PA,100.60318086422517,8.196310576835506
700,8,LAA,3.4641016151377544,1.0634885595248447
700,9,Coronary,140.31749712705113,22.363959125580536
700,10,PV,3.1622776601683795,1.0025239100848418
295,1,Myocardium,1.7320508075688772,0.5761105156945419
295,2,LA,2.0,0.7344119282717076
295,3,LV,1.4142135623730951,0.4493132371197348
295,4,RA,1.0,0.34523894853976717
295,5,RV,3.1622776601683795,1.0871832026288275
295,6,Aorta,2.0,0.6268172433061053
295,7,PA,4.0,1.2511184991598427
295,8,LAA,5.0,1.513235280720576
295,9,Coronary,141.6792151305194,26.176269145812007
295,10,PV,5.744562646538029,1.3552760280525975
242,1,Myocardium,2.449489742783178,0.6802964732638963
242,2,LA,1.4142135623730951,0.5862815733630029
242,3,LV,1.4142135623730951,0.46180377518665583
242,4,RA,1.4142135623730951,0.5751050880331565
242,5,RV,5.385164807134504,1.712836794125316
242,6,Aorta,2.0,0.6672675529236258
242,7,PA,5.0990195135927845,1.2035678397088319
242,8,LAA,10.816653826391969,2.5538114599452504
242,9,Coronary,134.52880732393342,20.979134154998498
242,10,PV,4.0,1.049347966081882
835,1,Myocardium,1.4142135623730951,0.4477929105997114
835,2,LA,1.4142135623730951,0.5785405712732863
835,3,LV,1.4142135623730951,0.39436099291382243
835,4,RA,1.4142135623730951,0.5576510988805171
835,5,RV,3.0,1.110651629801246
835,6,Aorta,2.0,0.6790489816411978
835,7,PA,3.0,0.9042428264081595
835,8,LAA,6.6332495807108,2.2416658440747064
835,9,Coronary,135.88966112254457,29.36172710510087
835,10,PV,3.605551275463989,0.8789304164103168
592,1,Myocardium,2.0,0.5574323223608013
592,2,LA,1.7320508075688772,0.6988808845383148
592,3,LV,1.7320508075688772,0.6019977591649268
592,4,RA,1.4142135623730951,0.5155113467584493
592,5,RV,4.0,1.0926925943340264
592,6,Aorta,2.0,0.6002301420078173
592,7,PA,4.0,1.2965172599194488
592,8,LAA,4.58257569495584,1.506573636871682
592,9,Coronary,152.07235120165663,28.213135879327137
592,10,PV,4.898979485566356,1.1460069974091738
936,1,Myocardium,2.449489742783178,0.6095064457878087
936,2,LA,1.4142135623730951,0.5197999260707633
936,3,LV,1.4142135623730951,0.42399322535721606
936,4,RA,1.4142135623730951,0.49727007404791757
936,5,RV,3.1622776601683795,1.0439666908222813
936,6,Aorta,2.0,0.7168970641157679
936,7,PA,4.0,1.1122497295928557
936,8,LAA,6.557438524302,1.8058546974977192
936,9,Coronary,65.21502894272147,8.651184393668789
936,10,PV,10.04987562112089,1.6016717447966877
989,1,Myocardium,1.7320508075688772,0.5569505052294765
989,2,LA,1.7320508075688772,0.7159602042996109
989,3,LV,1.4142135623730951,0.47932529066466395
989,4,RA,1.4142135623730951,0.3960163569757301
989,5,RV,3.1622776601683795,1.2591506061245692
989,6,Aorta,2.0,0.6350039629841883
989,7,PA,69.92138442565336,3.0828879270792124
989,8,LAA,4.47213595499958,1.4501314388348372
989,9,Coronary,132.4424403278647,28.848685894341013
989,10,PV,4.898979485566356,1.2624037040983738
956,1,Myocardium,2.0,0.548888714653617
956,2,LA,1.4142135623730951,0.6048233723659886
956,3,LV,1.4142135623730951,0.41970877739019913
956,4,RA,1.4142135623730951,0.5409512023752917
956,5,RV,4.58257569495584,1.289222754861623
956,6,Aorta,2.0,0.6450132896114874
956,7,PA,9.219544457292887,1.7705871432659122
956,8,LAA,3.0,0.9111718726243854
956,9,Coronary,152.51557297535226,32.529013768529374
956,10,PV,2.8284271247461903,0.7715567342250014
965,1,Myocardium,1.7320508075688772,0.5111762660515357
965,2,LA,1.4142135623730951,0.5463917335502047
965,3,LV,1.4142135623730951,0.430599185823287
965,4,RA,1.4142135623730951,0.4931187015547438
965,5,RV,3.0,1.284881052282773
965,6,Aorta,2.0,0.6934303078356837
965,7,PA,4.47213595499958,1.261991156188278
965,8,LAA,4.242640687119285,1.3915589099164403
965,9,Coronary,128.44064777164587,36.17544464965934
965,10,PV,2.23606797749979,0.7296242646760818
26,1,Myocardium,1.4142135623730951,0.5348995218476258
26,2,LA,1.4142135623730951,0.5339392556479035
26,3,LV,1.0,0.3590951617431154
26,4,RA,1.4142135623730951,0.5126241783194216
26,5,RV,3.1622776601683795,0.9403924109149107
26,6,Aorta,2.0,0.6622304404737123
26,7,PA,4.358898943540674,1.2221143721237353
26,8,LAA,4.58257569495584,1.218378034184218
26,9,Coronary,78.03204469959762,9.477911974485108
26,10,PV,2.449489742783178,0.7689780620596747
784,1,Myocardium,1.4142135623730951,0.48316634175979184
784,2,LA,1.4142135623730951,0.5035182788398295
784,3,LV,1.0,0.361753843587188
784,4,RA,1.4142135623730951,0.6345482612695753
784,5,RV,4.47213595499958,1.1483779211563823
784,6,Aorta,2.0,0.6563415959131105
784,7,PA,5.656854249492381,1.368944727220924
784,8,LAA,3.4641016151377544,1.1770848989209217
784,9,Coronary,81.55366331440912,9.292060819805846
784,10,PV,3.605551275463989,0.9393789400206035
42,1,Myocardium,1.7320508075688772,0.5296593204199485
42,2,LA,1.4142135623730951,0.4438134020275546
42,3,LV,1.4142135623730951,0.4109821804154418
42,4,RA,1.4142135623730951,0.6016902543783795
42,5,RV,3.7416573867739413,1.1886403459544665
42,6,Aorta,2.0,0.5251096057856408
42,7,PA,4.47213595499958,1.3097998843278482
42,8,LAA,4.123105625617661,1.2382457951644754
42,9,Coronary,157.71493271088823,40.568735794890316
42,10,PV,3.0,0.8630437766850505
734,1,Myocardium,2.0,0.5659310530020718
734,2,LA,1.4142135623730951,0.5621474832686185
734,3,LV,1.4142135623730951,0.4181701247251738
734,4,RA,1.7320508075688772,0.7276046425752281
734,5,RV,3.0,1.2571529061943054
734,6,Aorta,2.0,0.6648371465463228
734,7,PA,4.123105625617661,1.2251276147513204
734,8,LAA,4.69041575982343,1.4128179504200293
734,9,Coronary,126.39620247459969,23.636689403744892
734,10,PV,4.123105625617661,0.958665964454457
488,1,Myocardium,1.7320508075688772,0.487109844534046
488,2,LA,1.4142135623730951,0.5357125334926337
488,3,LV,1.4142135623730951,0.3788478395281817
488,4,RA,1.4142135623730951,0.5406363805511287
488,5,RV,3.0,1.0490622866989474
488,6,Aorta,2.0,0.6658983898373678
488,7,PA,146.75830470538966,18.359323445906934
488,8,LAA,5.385164807134504,1.5085928961221915
488,9,Coronary,144.33987668000827,28.3481031698779
488,10,PV,4.0,1.0448869287102704
470,1,Myocardium,1.7320508075688772,0.5364867191429927
470,2,LA,1.4142135623730951,0.44879557102118883
470,3,LV,1.0,0.3728842106723609
470,4,RA,1.4142135623730951,0.562834610125053
470,5,RV,3.4641016151377544,1.3506827978945393
470,6,Aorta,2.0,0.7206875313695253
470,7,PA,3.4641016151377544,1.0021789106111139
470,8,LAA,6.0,1.961412078522728
470,9,Coronary,124.04031602668546,26.19500829766634
470,10,PV,2.449489742783178,0.7476764883730374
278,1,Myocardium,1.4142135623730951,0.5114251764332838
278,2,LA,1.4142135623730951,0.5779157863603972
278,3,LV,1.4142135623730951,0.3826445044031751
278,4,RA,1.4142135623730951,0.5113302685774759
278,5,RV,4.123105625617661,1.3212708461730336
278,6,Aorta,2.0,0.7317697695166668
278,7,PA,4.123105625617661,1.2992854965777902
278,8,LAA,9.695359714832659,2.791650789589455
278,9,Coronary,133.45785851721135,28.953143339382795
278,10,PV,3.0,0.8284205338354673
659,1,Myocardium,2.23606797749979,0.6067835101264389
659,2,LA,1.4142135623730951,0.5710839304163692
659,3,LV,1.0,0.3462060712124435
659,4,RA,1.4142135623730951,0.4557164075858826
659,5,RV,4.123105625617661,1.003155411836428
659,6,Aorta,2.0,0.6875964113818867
659,7,PA,5.744562646538029,1.3120781488244426
659,8,LAA,5.0,1.4917563322159184
659,9,Coronary,147.63468427168462,35.273651428427485
659,10,PV,4.123105625617661,0.9625229617771752
996,1,Myocardium,2.23606797749979,0.6022854681437111
996,2,LA,1.4142135623730951,0.5523731477531539
996,3,LV,1.4142135623730951,0.4162101025994348
996,4,RA,1.4142135623730951,0.5586865420528679
996,5,RV,5.0,1.2766752683573395
996,6,Aorta,2.0,0.6229860172157403
996,7,PA,4.47213595499958,1.169227447773701
996,8,LAA,5.830951894845301,1.6042703214501937
996,9,Coronary,146.6731059192516,29.83864927182142
996,10,PV,5.830951894845301,1.0280398260263857
543,1,Myocardium,2.0,0.5250817993029404
543,2,LA,1.4142135623730951,0.604186686246603
543,3,LV,1.4142135623730951,0.3843008846491785
543,4,RA,1.4142135623730951,0.5031671082969288
543,5,RV,3.7416573867739413,0.9378250648513726
543,6,Aorta,2.0,0.6377253311089905
543,7,PA,7.3484692283495345,1.5079640366560345
543,8,LAA,3.1622776601683795,1.0489384160543496
543,9,Coronary,144.74114826130128,23.894267536085135
543,10,PV,2.8284271247461903,0.7189819161527539
998,1,Myocardium,2.23606797749979,0.637923451821554
998,2,LA,1.4142135623730951,0.4340714413469078
998,3,LV,1.4142135623730951,0.38627476627402835
998,4,RA,1.7320508075688772,0.6442589631751763
998,5,RV,3.3166247903554,1.0778094034087324
998,6,Aorta,2.0,0.6626832052762759
998,7,PA,5.0,1.2408831037356933
998,8,LAA,4.242640687119285,1.2706702284714528
998,9,Coronary,131.9772707703868,19.155266192896875
998,10,PV,3.0,0.858344828422023
594,1,Myocardium,1.4142135623730951,0.4339861810831932
594,2,LA,1.4142135623730951,0.4740328563800804
594,3,LV,1.0,0.35508110443395957
594,4,RA,1.4142135623730951,0.6023412491666114
594,5,RV,3.0,0.9746039372257589
594,6,Aorta,2.0,0.6203866473461987
594,7,PA,2.8284271247461903,0.9209307304090175
594,8,LAA,6.082762530298219,2.090732115371707
594,9,Coronary,130.26895255585654,32.605251020183076
594,10,PV,5.0990195135927845,1.178973109157167
367,1,Myocardium,1.7320508075688772,0.5203171189142854
367,2,LA,1.4142135623730951,0.5373408775826951
367,3,LV,1.0,0.2996572502057804
367,4,RA,1.4142135623730951,0.57268270931957
367,5,RV,3.605551275463989,1.2989604082107917
367,6,Aorta,2.0,0.6739062637056243
367,7,PA,4.123105625617661,1.2150204763494923
367,8,LAA,6.0,1.6281227719685054
367,9,Coronary,137.60087209025966,26.861571721375434
367,10,PV,3.1622776601683795,0.9019708149548316
32,1,Myocardium,1.4142135623730951,0.6020137924065346
32,2,LA,2.0,0.6477267311430563
32,3,LV,1.4142135623730951,0.5029691289570382
32,4,RA,1.4142135623730951,0.4481241419923068
32,5,RV,4.58257569495584,1.4885264764558868
32,6,Aorta,2.0,0.7399211228903649
32,7,PA,3.4641016151377544,1.062561983618287
32,8,LAA,5.744562646538029,1.6367018196203924
32,9,Coronary,123.21120078953861,23.656717997257473
32,10,PV,26.645825188948457,2.9206117824334
92,1,Myocardium,1.4142135623730951,0.48641570449635874
92,2,LA,1.4142135623730951,0.5652143340411813
92,3,LV,1.0,0.3078338804063959
92,4,RA,1.7320508075688772,0.618445000182833
92,5,RV,3.605551275463989,1.3009458671781489
92,6,Aorta,2.0,0.6762074381479448
92,7,PA,3.7416573867739413,1.1897361801336506
92,8,LAA,4.58257569495584,1.3755133918694358
92,9,Coronary,133.82451195502264,20.942418783020724
92,10,PV,3.605551275463989,0.9153568249439825
735,1,Myocardium,2.0,0.529045351368826
735,2,LA,1.4142135623730951,0.532606323633817
735,3,LV,1.4142135623730951,0.4058262263808743
735,4,RA,1.4142135623730951,0.48987552433825166
735,5,RV,4.0,1.3458815263513508
735,6,Aorta,2.0,0.6426627826962243
735,7,PA,4.123105625617661,1.100863595970475
735,8,LAA,5.385164807134504,1.465575004038808
735,9,Coronary,136.1506518530117,29.487840569041428
735,10,PV,3.0,0.8672918776548257
133,1,Myocardium,1.7320508075688772,0.51954140054016
133,2,LA,1.7320508075688772,0.6678099599752009
133,3,LV,1.0,0.3962901688683371
133,4,RA,1.4142135623730951,0.4336793015104251
133,5,RV,3.7416573867739413,1.1811456106328204
133,6,Aorta,2.0,0.67831677697585
133,7,PA,127.09838708654017,8.555300488859572
133,8,LAA,4.898979485566356,1.62807610759972
133,9,Coronary,124.34226956268733,29.66562203968238
133,10,PV,3.0,0.8777459140299579
257,1,Myocardium,2.0,0.4945985605101172
257,2,LA,1.4142135623730951,0.5073185632378574
257,3,LV,1.4142135623730951,0.3847686433628287
257,4,RA,1.7320508075688772,0.6868106263276147
257,5,RV,4.0,1.2134389739986409
257,6,Aorta,2.0,0.6092082092086236
257,7,PA,4.242640687119285,1.1806661696039402
257,8,LAA,6.557438524302,2.6305367431555062
257,9,Coronary,139.8177385026664,33.51475130975471
257,10,PV,3.3166247903554,0.8763705918427478
896,1,Myocardium,2.0,0.5813147955242781
896,2,LA,1.4142135623730951,0.563248009545781
896,3,LV,1.7320508075688772,0.5203097441705764
896,4,RA,1.4142135623730951,0.6017192510178447
896,5,RV,3.3166247903554,1.2093281001604808
896,6,Aorta,2.0,0.6360335527610993
896,7,PA,3.7416573867739413,1.1653455178432819
896,8,LAA,5.0990195135927845,1.737167700573815
896,9,Coronary,142.3411395205195,31.645546159107568
896,10,PV,4.242640687119285,1.1539293067380367
454,1,Myocardium,2.23606797749979,0.6499288410113683
454,2,LA,1.4142135623730951,0.4749571643730156
454,3,LV,1.4142135623730951,0.45473786238968716
454,4,RA,2.0,0.8510844659910134
454,5,RV,4.123105625617661,1.4794267681360187
454,6,Aorta,2.0,0.6193484830843807
454,7,PA,4.0,1.2157125256722594
454,8,LAA,3.3166247903554,0.9558505006346553
454,9,Coronary,132.4424403278647,31.5766241093198
454,10,PV,3.0,0.8568628897749277
523,1,Myocardium,2.23606797749979,0.6176957374366472
523,2,LA,1.4142135623730951,0.522770727396966
523,3,LV,1.4142135623730951,0.4141050102660758
523,4,RA,1.7320508075688772,0.7416882096499979
523,5,RV,4.123105625617661,1.1789045042658421
523,6,Aorta,2.0,0.6500159421863182
523,7,PA,4.898979485566356,1.337724453891079
523,8,LAA,7.810249675906654,2.8589073361302644
523,9,Coronary,122.5969004502153,21.339126275468363
523,10,PV,3.1622776601683795,0.7427896798615073
927,1,Myocardium,1.4142135623730951,0.4837691489857582
927,2,LA,1.4142135623730951,0.5105396935264848
927,3,LV,1.4142135623730951,0.3875019224200955
927,4,RA,1.7320508075688772,0.6477104547496835
927,5,RV,4.358898943540674,1.3847517865205543
927,6,Aorta,2.0,0.7343080062380539
927,7,PA,4.242640687119285,1.2339739712760966
927,8,LAA,5.916079783099616,1.8896685185112458
927,9,Coronary,130.89690599857585,18.677384289270424
927,10,PV,3.3166247903554,0.9900627590989908
292,1,Myocardium,2.0,0.5087578740560649
292,2,LA,1.4142135623730951,0.5001182175735642
292,3,LV,1.0,0.35275428171514
292,4,RA,1.4142135623730951,0.5038917032406123
292,5,RV,3.605551275463989,1.3360474109356537
292,6,Aorta,2.0,0.6377789052921081
292,7,PA,142.50964879614293,6.424769767643981
292,8,LAA,5.385164807134504,1.3172259370900363
292,9,Coronary,124.683599563054,36.59471771365585
292,10,PV,2.8284271247461903,0.8414798315787291
665,1,Myocardium,1.4142135623730951,0.46919838301021954
665,2,LA,1.4142135623730951,0.4241496008231622
665,3,LV,1.4142135623730951,0.4064839692936483
665,4,RA,1.4142135623730951,0.5513439824362771
665,5,RV,4.0,1.2691655510192248
665,6,Aorta,2.0,0.6581951950482223
665,7,PA,4.47213595499958,1.1996326627035185
665,8,LAA,4.58257569495584,0.9650404191698647
665,9,Coronary,143.31085094995424,22.932637280660504
665,10,PV,7.0,1.3010162041041866
465,1,Myocardium,1.4142135623730951,0.5016337584059168
465,2,LA,1.4142135623730951,0.4876325233074301
465,3,LV,1.0,0.37223985118649205
465,4,RA,1.4142135623730951,0.4543421341625799
465,5,RV,4.123105625617661,1.309207917020959
465,6,Aorta,2.0,0.5759450825560836
465,7,PA,5.830951894845301,1.4315905712992483
465,8,LAA,3.7416573867739413,1.1934251388913109
465,9,Coronary,134.7219358530748,27.528376283772246
465,10,PV,5.385164807134504,1.1287864195736101
944,1,Myocardium,1.7320508075688772,0.5661602189680515
944,2,LA,2.0,0.7244638773939871
944,3,LV,1.4142135623730951,0.418917017225812
944,4,RA,1.4142135623730951,0.42967982372127833
944,5,RV,4.242640687119285,1.4688294220325664
944,6,Aorta,2.0,0.6490377826430198
944,7,PA,4.0,1.1480661906188083
944,8,LAA,5.656854249492381,2.0758170377231426
944,9,Coronary,137.90576492663388,23.371534519629595
944,10,PV,2.8284271247461903,0.7476324647525108
334,1,Myocardium,1.7320508075688772,0.5491829686675189
334,2,LA,1.7320508075688772,0.6136971287463854
334,3,LV,1.4142135623730951,0.47506702267928347
334,4,RA,1.4142135623730951,0.5565760937272863
334,5,RV,3.4641016151377544,1.0696021655595966
334,6,Aorta,2.0,0.6711762372300178
334,7,PA,4.898979485566356,1.4344916507562773
334,8,LAA,3.3166247903554,0.9620265519450538
334,9,Coronary,155.1418705572419,24.01415866336371
334,10,PV,4.242640687119285,1.2867713359298625
516,1,Myocardium,1.7320508075688772,0.5020533204244504
516,2,LA,1.4142135623730951,0.6113684269809301
516,3,LV,1.0,0.35030696883429746
516,4,RA,1.4142135623730951,0.43932519508399137
516,5,RV,2.8284271247461903,0.9565197388230642
516,6,Aorta,2.0,0.6455056121231293
516,7,PA,3.605551275463989,1.0641810675830503
516,8,LAA,7.874007874011811,2.9045002893482654
516,9,Coronary,121.47427711248172,19.753463991816606
516,10,PV,3.0,0.7857156604561795
11,1,Myocardium,1.4142135623730951,0.45291884390682075
11,2,LA,1.4142135623730951,0.5209187156454796
11,3,LV,1.0,0.3609429407247581
11,4,RA,1.4142135623730951,0.40817583534993257
11,5,RV,4.0,1.3074991128104474
11,6,Aorta,2.0,0.6350213927172023
11,7,PA,4.123105625617661,1.377814084338968
11,8,LAA,7.0,2.3135987643022773
11,9,Coronary,130.97327971765844,29.04838291164822
11,10,PV,3.1622776601683795,0.8485895260716569
15,1,Myocardium,3.0,0.8170038559650891
15,2,LA,1.4142135623730951,0.5127814172335813
15,3,LV,1.4142135623730951,0.3718311034708306
15,4,RA,1.4142135623730951,0.6590460861453411
15,5,RV,4.242640687119285,1.309961485100633
15,6,Aorta,2.0,0.700764153060101
15,7,PA,7.211102550927978,1.7841392851431164
15,8,LAA,4.242640687119285,1.075943558687785
15,9,Coronary,146.35914730552375,31.88753779667683
15,10,PV,4.123105625617661,1.0685544133732063
993,1,Myocardium,2.449489742783178,0.67779136461427
993,2,LA,1.0,0.4217095007427162
993,3,LV,1.4142135623730951,0.4468181365623496
993,4,RA,1.4142135623730951,0.43800174296637207
993,5,RV,3.0,1.060997586044476
993,6,Aorta,2.0,0.8855123769506121
993,7,PA,4.58257569495584,1.4704776095696057
993,8,LAA,4.898979485566356,1.8022867501918163
993,9,Coronary,136.5942897781602,37.5550036132829
993,10,PV,3.7416573867739413,1.0691125538791615
134,1,Myocardium,2.23606797749979,0.6167087366574053
134,2,LA,2.0,0.6889966902504621
134,3,LV,1.4142135623730951,0.4542485931447754
134,4,RA,1.4142135623730951,0.4972487913824143
134,5,RV,3.0,0.9876395424351432
134,6,Aorta,2.0,0.6479105386316818
134,7,PA,3.7416573867739413,1.3112547623701223
134,8,LAA,4.69041575982343,1.4678081860413754
134,9,Coronary,87.23531395025755,9.936263280543624
134,10,PV,3.0,0.9563687154312177
498,1,Myocardium,1.7320508075688772,0.49084786426927607
498,2,LA,2.0,0.581198988968112
498,3,LV,1.0,0.3499016047803864
498,4,RA,1.4142135623730951,0.4967723866425807
498,5,RV,4.123105625617661,1.4772530766093452
498,6,Aorta,2.0,0.6222477828791824
498,7,PA,5.656854249492381,1.5281411394525537
498,8,LAA,2.8284271247461903,0.9955430420765097
498,9,Coronary,133.6637572418193,17.281860360700414
498,10,PV,4.123105625617661,1.0881985529998488
732,1,Myocardium,1.4142135623730951,0.47367151569370625
732,2,LA,1.4142135623730951,0.4983147199085448
732,3,LV,1.4142135623730951,0.4240512281761676
732,4,RA,1.4142135623730951,0.4269195694598153
732,5,RV,3.605551275463989,1.2934880409634162
732,6,Aorta,2.0,0.7332750318427579
732,7,PA,5.830951894845301,1.450711493498435
732,8,LAA,9.539392014169456,2.9483064980436646
732,9,Coronary,113.25193155085701,20.293483526955388
732,10,PV,2.23606797749979,0.6363431844767947
182,1,Myocardium,1.4142135623730951,0.42150916589169457
182,2,LA,1.4142135623730951,0.4592044492987267
182,3,LV,1.4142135623730951,0.37972305373988424
182,4,RA,1.4142135623730951,0.5348402834673822
182,5,RV,2.23606797749979,0.8353266353826392
182,6,Aorta,2.0,0.5969850018616094
182,7,PA,2.8284271247461903,0.8570709148715095
182,8,LAA,3.7416573867739413,1.1274437151194907
182,9,Coronary,117.32433677630571,22.420453015373194
182,10,PV,2.23606797749979,0.6493680150047929
967,1,Myocardium,1.7320508075688772,0.5220657453494286
967,2,LA,1.4142135623730951,0.6060100624521285
967,3,LV,1.7320508075688772,0.5643189049856949
967,4,RA,1.4142135623730951,0.5136734775536898
967,5,RV,3.7416573867739413,1.135879492371752
967,6,Aorta,2.0,0.6620966663042898
967,7,PA,5.0,1.3447372763738739
967,8,LAA,4.123105625617661,1.244868258501442
967,9,Coronary,148.32734070291963,30.866938802299128
967,10,PV,3.0,0.8720692748450509
55,1,Myocardium,1.7320508075688772,0.5037499490096093
55,2,LA,1.4142135623730951,0.5139364273917904
55,3,LV,1.0,0.3588230860937548
55,4,RA,1.4142135623730951,0.5490473288631335
55,5,RV,4.0,1.1096223875020739
55,6,Aorta,2.0,0.7447186905848766
55,7,PA,5.0,1.4174421567214253
55,8,LAA,4.47213595499958,1.3326448961870252
55,9,Coronary,125.33953885346794,29.21593574289324
55,10,PV,3.4641016151377544,0.8832660257389016
166,1,Myocardium,2.0,0.6124177670193418
166,2,LA,2.0,0.6809870200915511
166,3,LV,1.0,0.2592996973178783
166,4,RA,1.4142135623730951,0.5943798748560918
166,5,RV,4.0,1.5036294444111507
166,6,Aorta,2.0,0.6385356142145198
166,7,PA,6.082762530298219,2.771004551592288
166,8,LAA,6.4031242374328485,1.6338592505825145
166,9,Coronary,120.523856559604,25.388094782624254
166,10,PV,5.0,0.958977623252884
563,1,Myocardium,1.7320508075688772,0.5349775176340416
563,2,LA,2.0,0.7080649874748401
563,3,LV,1.0,0.36964111539640787
563,4,RA,1.4142135623730951,0.5177418131944078
563,5,RV,3.1622776601683795,1.1829815826268635
563,6,Aorta,2.0,0.6927515396734467
563,7,PA,10.295630140987,1.7276915710625507
563,8,LAA,3.3166247903554,0.9059545674648084
563,9,Coronary,158.14866423716643,34.925392990011254
563,10,PV,4.58257569495584,0.9690379107652366
620,1,Myocardium,1.4142135623730951,0.46672909953092667
620,2,LA,2.0,0.794111333819173
620,3,LV,1.4142135623730951,0.4060346462598925
620,4,RA,1.4142135623730951,0.5663084500464701
620,5,RV,3.605551275463989,1.125993107967911
620,6,Aorta,2.0,0.6222917301248903
620,7,PA,4.242640687119285,1.0978982395357575
620,8,LAA,5.744562646538029,1.7733745692333818
620,9,Coronary,130.93509842666327,31.196041955837668
620,10,PV,3.0,0.7869572025055784
305,1,Myocardium,1.4142135623730951,0.4173598958932001
305,2,LA,1.4142135623730951,0.520655507857533
305,3,LV,1.0,0.2888157068883286
305,4,RA,1.0,0.36891878252526733
305,5,RV,3.1622776601683795,1.140857073687196
305,6,Aorta,2.0,0.6175450594164256
305,7,PA,4.123105625617661,1.2015858156118435
305,8,LAA,5.0990195135927845,1.2375149322771901
305,9,Coronary,138.94243412291294,24.215066511998987
305,10,PV,4.358898943540674,1.1040104021254966
243,1,Myocardium,1.4142135623730951,0.45445441325811614
243,2,LA,1.4142135623730951,0.4610619268872568
243,3,LV,1.4142135623730951,0.3904210377789317
243,4,RA,1.4142135623730951,0.5141817704367939
243,5,RV,3.3166247903554,1.068954326030346
243,6,Aorta,2.0,0.7128199565989706
243,7,PA,3.605551275463989,1.1621467268656924
243,8,LAA,8.48528137423857,2.048835337877542
243,9,Coronary,123.81033882515628,20.793254517127146
243,10,PV,2.23606797749979,0.712094304842211
769,1,Myocardium,2.23606797749979,0.6851194279832202
769,2,LA,1.7320508075688772,0.5321658042369785
769,3,LV,1.4142135623730951,0.4943353091731196
769,4,RA,1.7320508075688772,0.6863582520177598
769,5,RV,4.0,1.0116119886988728
769,6,Aorta,2.0,0.7217741125620156
769,7,PA,3.605551275463989,1.0966477017145315
769,8,LAA,5.0990195135927845,1.7126109628050534
769,9,Coronary,151.8090906368917,29.29244217763861
769,10,PV,2.23606797749979,0.7044513860155674
448,1,Myocardium,1.4142135623730951,0.502960389739242
448,2,LA,1.4142135623730951,0.5628802232269017
448,3,LV,1.4142135623730951,0.374279284354757
448,4,RA,1.4142135623730951,0.5021707461503268
448,5,RV,4.0,1.2734503445335985
448,6,Aorta,2.0,0.5935415923068346
448,7,PA,3.4641016151377544,1.1621088349644748
448,8,LAA,5.385164807134504,1.702925211753283
448,9,Coronary,142.17594733287342,31.639793125903655
448,10,PV,5.0,1.0875585721599723
197,1,Myocardium,1.4142135623730951,0.45002863433028745
197,2,LA,1.4142135623730951,0.4813105332606127
197,3,LV,1.4142135623730951,0.3887779376187675
197,4,RA,1.4142135623730951,0.6167587481565497
197,5,RV,3.0,1.1061939179182174
197,6,Aorta,2.0,0.5980982658007097
197,7,PA,63.03967004989794,3.458129229206547
197,8,LAA,3.605551275463989,1.1795535053809991
197,9,Coronary,120.2538980657176,19.19615945569554
197,10,PV,3.0,0.8090885977466611
994,1,Myocardium,1.7320508075688772,0.47416251240044494
994,2,LA,1.4142135623730951,0.5477012498075722
994,3,LV,1.0,0.3834410299719772
994,4,RA,1.4142135623730951,0.653655266346999
994,5,RV,5.196152422706632,1.4243394733863268
994,6,Aorta,2.0,0.6313718760570126
994,7,PA,4.898979485566356,1.2251117878927738
994,8,LAA,4.242640687119285,1.3547786030995355
994,9,Coronary,144.10065926289164,27.680547155731777
994,10,PV,3.7416573867739413,0.937812595640779
299,1,Myocardium,1.4142135623730951,0.426788617397337
299,2,LA,2.0,0.7503724415574381
299,3,LV,1.0,0.3575586049941303
299,4,RA,1.4142135623730951,0.6591873767826405
299,5,RV,3.605551275463989,1.0449900332132633
299,6,Aorta,2.0,0.6125669676432245
299,7,PA,5.744562646538029,1.4386224715761688
299,8,LAA,7.874007874011811,2.0566279939449243
299,9,Coronary,80.99382692526635,7.072290895508743
299,10,PV,3.1622776601683795,0.8820867556952262
264,1,Myocardium,3.0,0.745813617302945
264,2,LA,1.7320508075688772,0.6599921254670752
264,3,LV,1.4142135623730951,0.4167353028815699
264,4,RA,1.4142135623730951,0.6604058022558588
264,5,RV,4.242640687119285,1.2533731878258532
264,6,Aorta,2.0,0.7940705512671715
264,7,PA,5.477225575051661,1.4998940298059167
264,8,LAA,5.385164807134504,1.7138168193263301
264,9,Coronary,152.4827859136893,20.53499732535263
264,10,PV,3.7416573867739413,0.9258762663747881
338,1,Myocardium,1.4142135623730951,0.4842332025025359
338,2,LA,1.4142135623730951,0.5178117776130982
338,3,LV,1.4142135623730951,0.37682931230406946
338,4,RA,1.7320508075688772,0.7225246273085755
338,5,RV,4.242640687119285,1.3860628342455072
338,6,Aorta,2.0,0.6038558632593127
338,7,PA,7.14142842854285,1.625297732098823
338,8,LAA,3.3166247903554,1.1730720429992
338,9,Coronary,147.10540438746634,26.282217899195086
338,10,PV,3.7416573867739413,1.0234440521408112
953,1,Myocardium,1.7320508075688772,0.5404403793218231
953,2,LA,1.4142135623730951,0.5561695925178956
953,3,LV,1.4142135623730951,0.3866494081170274
953,4,RA,1.4142135623730951,0.555539544357559
953,5,RV,3.605551275463989,1.1571141761576083
953,6,Aorta,2.0,0.671097049402464
953,7,PA,48.02082881417188,2.5468583294655796
953,8,LAA,3.7416573867739413,1.250548293882254
953,9,Coronary,127.8788489156827,24.505333112735293
953,10,PV,4.0,1.0358292073402298
932,1,Myocardium,1.7320508075688772,0.4799882973691709
932,2,LA,1.4142135623730951,0.5821619654643493
932,3,LV,1.4142135623730951,0.391741440927436
932,4,RA,1.4142135623730951,0.46756451795210646
932,5,RV,4.58257569495584,1.2920671386184892
932,6,Aorta,2.0,0.666292123089093
932,7,PA,4.47213595499958,1.3040456651170573
932,8,LAA,4.358898943540674,1.3194032700718636
932,9,Coronary,143.25850760077043,25.53521510072303
932,10,PV,3.0,0.9435484522755266
755,1,Myocardium,1.4142135623730951,0.44296488858910754
755,2,LA,1.4142135623730951,0.5591425525065347
755,3,LV,1.4142135623730951,0.3975210020918598
755,4,RA,1.0,0.4113643677268702
755,5,RV,3.7416573867739413,1.40301858148863
755,6,Aorta,2.0,0.7250831335666312
755,7,PA,3.7416573867739413,1.0341572898061262
755,8,LAA,5.385164807134504,1.8471481828387157
755,9,Coronary,122.4499897917513,21.885362309340376
755,10,PV,3.0,0.8679421130935092
513,1,Myocardium,2.0,0.5858657341140611
513,2,LA,1.4142135623730951,0.6001804627437672
513,3,LV,1.4142135623730951,0.4350820929086414
513,4,RA,1.4142135623730951,0.5908685949192041
513,5,RV,4.47213595499958,1.5978675040972754
513,6,Aorta,2.0,0.6634591878734336
513,7,PA,61.40032573203501,2.883537793205357
513,8,LAA,5.0990195135927845,1.5431810333163862
513,9,Coronary,144.734239211045,31.672888098880705
513,10,PV,7.0710678118654755,1.3635179201500058
713,1,Myocardium,1.7320508075688772,0.535301725860307
713,2,LA,1.4142135623730951,0.5941514073337235
713,3,LV,1.4142135623730951,0.4627880191755783
713,4,RA,1.4142135623730951,0.5444551157323058
713,5,RV,4.58257569495584,1.3042516990953472
713,6,Aorta,2.0,0.5802160884528744
713,7,PA,4.58257569495584,1.385532254795545
713,8,LAA,3.605551275463989,1.2238418469597856
713,9,Coronary,150.16657417681208,23.75251288067744
713,10,PV,4.0,0.9994923337613886
303,1,Myocardium,2.23606797749979,0.6853927667292541
303,2,LA,2.23606797749979,0.6414168947857256
303,3,LV,1.4142135623730951,0.4033786056670622
303,4,RA,1.4142135623730951,0.472904875721492
303,5,RV,4.0,1.0180529106145302
303,6,Aorta,2.0,0.6442898826746382
303,7,PA,4.358898943540674,1.1085808655921285
303,8,LAA,5.744562646538029,1.811742022107163
303,9,Coronary,90.33271832508971,11.363365659554677
303,10,PV,3.0,0.9023939143618038
793,1,Myocardium,2.23606797749979,0.6072859572548679
793,2,LA,2.0,0.6447979445468766
793,3,LV,1.4142135623730951,0.4062481618364184
793,4,RA,1.4142135623730951,0.5534061812563061
793,5,RV,4.0,1.209594489232009
793,6,Aorta,2.0,0.6634704592771629
793,7,PA,6.4031242374328485,1.5330788199558545
793,8,LAA,7.0,1.2974647625424038
793,9,Coronary,154.89996772110703,33.64266590163471
793,10,PV,3.4641016151377544,0.9886138984109231
831,1,Myocardium,1.4142135623730951,0.49467456634806406
831,2,LA,1.4142135623730951,0.5154730974205797
831,3,LV,1.4142135623730951,0.3851410326883629
831,4,RA,1.4142135623730951,0.48301796382291406
831,5,RV,3.0,1.0414042703688593
831,6,Aorta,2.0,0.5845561717818575
831,7,PA,3.0,1.0062431235706826
831,8,LAA,3.1622776601683795,0.9519081893401455
831,9,Coronary,138.74076545846214,27.028876041127674
831,10,PV,2.8284271247461903,0.8084071556962167
522,1,Myocardium,1.7320508075688772,0.5389547467739686
522,2,LA,2.0,0.7401771797678061
522,3,LV,1.4142135623730951,0.41721920974678695
522,4,RA,1.4142135623730951,0.470249149182151
522,5,RV,3.7416573867739413,1.173973990854854
522,6,Aorta,2.0,0.6527962834174214
522,7,PA,72.29799443968,6.704569091499125
522,8,LAA,4.242640687119285,1.3354032189081486
522,9,Coronary,130.83577492413914,26.013234622716165
522,10,PV,6.4031242374328485,1.1538278708217446
693,1,Myocardium,1.4142135623730951,0.45232512089914567
693,2,LA,1.4142135623730951,0.4676668447116482
693,3,LV,1.0,0.33540316150196064
693,4,RA,1.4142135623730951,0.5850408314689517
693,5,RV,3.605551275463989,1.0487713778202323
693,6,Aorta,2.0,0.6642469703966938
693,7,PA,3.7416573867739413,1.14999582462214
693,8,LAA,3.3166247903554,1.063756331500489
693,9,Coronary,159.6433525080202,28.74322576458686
693,10,PV,3.7416573867739413,1.00667507893887
222,1,Myocardium,1.7320508075688772,0.5414321577023599
222,2,LA,2.0,0.7022604572021476
222,3,LV,1.4142135623730951,0.45163435668241725
222,4,RA,1.4142135623730951,0.5492333366924443
222,5,RV,5.385164807134504,1.5574948868537888
222,6,Aorta,2.0,0.6526425135333292
222,7,PA,4.358898943540674,1.291329305610614
222,8,LAA,10.392304845413264,1.6926672023583542
222,9,Coronary,133.84692749555367,40.72852234226307
222,10,PV,3.605551275463989,1.085202804371124
859,1,Myocardium,1.4142135623730951,0.5486046887978131
859,2,LA,1.4142135623730951,0.5699032280953852
859,3,LV,1.4142135623730951,0.3935784990571738
859,4,RA,1.4142135623730951,0.514836178553064
859,5,RV,4.0,1.3769401056464023
859,6,Aorta,2.0,0.6608979153310048
859,7,PA,5.0,1.446685970778826
859,8,LAA,4.47213595499958,1.601794306261442
859,9,Coronary,142.44648117801998,27.764885886755774
859,10,PV,4.898979485566356,1.1574735882609462
983,1,Myocardium,1.4142135623730951,0.5081458384808617
983,2,LA,1.7320508075688772,0.6121293579595573
983,3,LV,1.4142135623730951,0.4073296212291868
983,4,RA,1.4142135623730951,0.579039494978084
983,5,RV,3.605551275463989,1.1421024084080762
983,6,Aorta,2.0,0.6861965016113031
983,7,PA,184.55893367702362,8.953741421874728
983,8,LAA,12.68857754044952,2.6349176303757167
983,9,Coronary,142.67095009146047,30.830311513580146
983,10,PV,2.8284271247461903,0.8940209733644013
882,1,Myocardium,1.4142135623730951,0.44307274607464026
882,2,LA,1.7320508075688772,0.6902723074135775
882,3,LV,1.0,0.3155366895687523
882,4,RA,1.4142135623730951,0.4136536294422781
882,5,RV,3.7416573867739413,1.059972230162157
882,6,Aorta,2.0,0.6366499106332354
882,7,PA,5.0,1.2879404958331677
882,8,LAA,3.605551275463989,1.2588690203942527
882,9,Coronary,133.7684566704722,23.869647462539298
882,10,PV,3.0,1.1037701324783618
142,1,Myocardium,1.7320508075688772,0.452259403057766
142,2,LA,1.4142135623730951,0.5418255986792831
142,3,LV,1.4142135623730951,0.3797002653780109
142,4,RA,1.7320508075688772,0.6388920363908299
142,5,RV,4.0,1.1528483940197476
142,6,Aorta,2.0,0.7021220237618726
142,7,PA,3.605551275463989,0.9808078045182667
142,8,LAA,10.0,3.386881353685326
142,9,Coronary,140.28898745090436,21.884355817806544
142,10,PV,2.8284271247461903,0.7785046339311463
801,1,Myocardium,1.4142135623730951,0.4167653773951624
801,2,LA,1.4142135623730951,0.4997470776467482
801,3,LV,1.4142135623730951,0.43210090830008524
801,4,RA,1.7320508075688772,0.6285282455600916
801,5,RV,3.1622776601683795,1.1043454422186985
801,6,Aorta,2.0,0.6719216282838558
801,7,PA,4.123105625617661,0.9942090391563343
801,8,LAA,12.165525060596439,2.5597253720314654
801,9,Coronary,125.04799078753724,21.11974994622551
801,10,PV,2.8284271247461903,0.7487392863187599
977,1,Myocardium,1.4142135623730951,0.44357276848531113
977,2,LA,1.4142135623730951,0.5587088380434178
977,3,LV,1.4142135623730951,0.4493438586144708
977,4,RA,1.4142135623730951,0.49785357230528826
977,5,RV,3.7416573867739413,1.0246574386086964
977,6,Aorta,2.0,0.6290135115172573
977,7,PA,11.575836902790225,1.8483505561067068
977,8,LAA,4.69041575982343,1.34203111299148
977,9,Coronary,138.2967823197633,25.867832715742363
977,10,PV,3.0,0.8853148778712137
94,1,Myocardium,2.23606797749979,0.544741466765521
94,2,LA,2.0,0.6353450574044589
94,3,LV,1.0,0.3567137986041376
94,4,RA,1.4142135623730951,0.5194701826921236
94,5,RV,4.47213595499958,1.3012403671960224
94,6,Aorta,2.0,0.5639973604813662
94,7,PA,3.1622776601683795,1.194944318865291
94,8,LAA,5.385164807134504,1.6586199756533175
94,9,Coronary,144.7273298309618,28.89340005224048
94,10,PV,3.605551275463989,1.0123460596543228
304,1,Myocardium,1.4142135623730951,0.4531685698666599
304,2,LA,1.4142135623730951,0.5248935565554131
304,3,LV,1.0,0.3000686635424973
304,4,RA,1.4142135623730951,0.5051945392011082
304,5,RV,3.0,1.1269586595947976
304,6,Aorta,2.0,0.6051794077207352
304,7,PA,4.242640687119285,1.2182371290284237
304,8,LAA,4.242640687119285,1.0366173578968665
304,9,Coronary,126.07140833670417,20.751892800091635
304,10,PV,3.0,0.8847032105276377
964,1,Myocardium,2.23606797749979,0.733781565078762
964,2,LA,2.0,0.7000441210000764
964,3,LV,1.7320508075688772,0.5669905159703859
964,4,RA,1.0,0.36681190182684337
964,5,RV,4.358898943540674,1.222884183016475
964,6,Aorta,2.0,0.589586134039943
964,7,PA,159.84054554461454,15.978483920474197
964,8,LAA,5.385164807134504,1.5690940012406012
964,9,Coronary,95.5928867646542,14.146602499823837
964,10,PV,4.0,1.3359329694544009
995,1,Myocardium,2.0,0.5641447395523307
995,2,LA,2.0,0.6044018638900168
995,3,LV,1.4142135623730951,0.3705121351430488
995,4,RA,1.4142135623730951,0.5147564735342243
995,5,RV,3.3166247903554,1.1433231769560637
995,6,Aorta,2.0,0.6297918662394006
995,7,PA,3.0,0.9550660961075037
995,8,LAA,5.385164807134504,1.4663793807375105
995,9,Coronary,108.92658077806354,16.955642414076
995,10,PV,2.23606797749979,0.7278940750850381
586,1,Myocardium,2.0,0.5255754662456885
586,2,LA,1.4142135623730951,0.5235176897284752
586,3,LV,1.4142135623730951,0.4156988499744581
586,4,RA,1.7320508075688772,0.6705770602063302
586,5,RV,4.242640687119285,1.1628275526297405
586,6,Aorta,2.0,0.6509115672479988
586,7,PA,2.449489742783178,1.0587006510963002
586,8,LAA,5.656854249492381,1.803456256907553
586,9,Coronary,130.18832512940628,23.36318185623701
586,10,PV,4.123105625617661,1.018694826282522
44,1,Myocardium,2.0,0.55473372922846
44,2,LA,1.4142135623730951,0.5270368372851183
44,3,LV,1.4142135623730951,0.41427124153144895
44,4,RA,1.4142135623730951,0.5785748667940898
44,5,RV,4.0,1.1627305305802649
44,6,Aorta,2.0,0.8010824298769862
44,7,PA,5.0,1.2549331435766566
44,8,LAA,5.744562646538029,1.2604169577466893
44,9,Coronary,88.19297024139736,15.243169057348666
44,10,PV,3.3166247903554,0.8182114351279566
136,1,Myocardium,1.4142135623730951,0.4701077766799497
136,2,LA,1.4142135623730951,0.5999806666849676
136,3,LV,1.4142135623730951,0.41428461766331703
136,4,RA,1.4142135623730951,0.5705103736265056
136,5,RV,3.7416573867739413,1.1826021449657018
136,6,Aorta,2.0,0.6509749295904201
136,7,PA,3.7416573867739413,1.1836335580412047
136,8,LAA,3.7416573867739413,1.0915457361191083
136,9,Coronary,138.94243412291294,33.29531497401162
136,10,PV,2.23606797749979,0.7836973639982037
848,1,Myocardium,2.0,0.5521081669112944
848,2,LA,1.4142135623730951,0.5488805208879369
848,3,LV,1.4142135623730951,0.3919350441140292
848,4,RA,1.4142135623730951,0.5687034128794797
848,5,RV,4.47213595499958,1.228707750914543
848,6,Aorta,2.0,0.5984427243727997
848,7,PA,7.681145747868608,1.3838384294213228
848,8,LAA,3.1622776601683795,1.0406463461826903
848,9,Coronary,145.53693689232298,24.537930014115236
848,10,PV,3.0,0.8510405354231465
852,1,Myocardium,3.0,0.7609617816298484
852,2,LA,2.0,0.5778417372941818
852,3,LV,1.4142135623730951,0.5016633016171951
852,4,RA,1.4142135623730951,0.443984302055937
852,5,RV,4.0,1.5904224080242908
852,6,Aorta,2.0,0.6271134958939166
852,7,PA,6.0,1.481254040270959
852,8,LAA,6.48074069840786,1.7689014684832594
852,9,Coronary,110.3675676999362,21.128118718451987
852,10,PV,3.7416573867739413,0.8420691080576155
284,1,Myocardium,1.7320508075688772,0.595143494531337
284,2,LA,2.0,0.6549763249913554
284,3,LV,1.4142135623730951,0.4204354414670147
284,4,RA,1.4142135623730951,0.6003526984457503
284,5,RV,4.123105625617661,1.5994811191923495
284,6,Aorta,2.0,0.654871704586393
284,7,PA,5.0990195135927845,1.4197013936320855
284,8,LAA,3.0,0.9980253765796403
284,9,Coronary,149.93665329064805,27.01685351974861
284,10,PV,4.0,1.0562980705767373
56,1,Myocardium,1.7320508075688772,0.5482767544550617
56,2,LA,1.7320508075688772,0.6074091901275417
56,3,LV,1.4142135623730951,0.41031902415659016
56,4,RA,1.4142135623730951,0.5648547659767953
56,5,RV,4.0,1.4263344068500659
56,6,Aorta,2.0,0.6221953482615257
56,7,PA,3.7416573867739413,0.9539975319865861
56,8,LAA,5.830951894845301,1.8890301663758504
56,9,Coronary,128.2575533838066,27.704857003221914
56,10,PV,3.1622776601683795,0.8966259198761642
577,1,Myocardium,1.7320508075688772,0.557650398790215
577,2,LA,1.4142135623730951,0.46128024036267135
577,3,LV,1.4142135623730951,0.41304966784657615
577,4,RA,1.4142135623730951,0.6107686478551098
577,5,RV,3.7416573867739413,1.1834553583477065
577,6,Aorta,2.0,0.6545107944384805
577,7,PA,3.7416573867739413,1.2446869981023378
577,8,LAA,8.06225774829855,2.184586417081517
577,9,Coronary,142.44648117801998,22.763657230885947
577,10,PV,5.0,1.0343427552368234
973,1,Myocardium,2.0,0.5821076076890555
973,2,LA,1.4142135623730951,0.5541477436947599
973,3,LV,1.4142135623730951,0.4173513353461655
973,4,RA,1.4142135623730951,0.3889122103441801
973,5,RV,4.123105625617661,1.1916600226082146
973,6,Aorta,2.0,0.668636600609954
973,7,PA,3.1622776601683795,1.0272489966787477
973,8,LAA,7.810249675906654,2.4965408588043476
973,9,Coronary,128.16005617976296,30.508100983673685
973,10,PV,3.0,0.9692341481173675
256,1,Myocardium,2.23606797749979,0.6035651268083371
256,2,LA,1.4142135623730951,0.5681847563432352
256,3,LV,1.4142135623730951,0.4164977962915799
256,4,RA,1.7320508075688772,0.6746562025507725
256,5,RV,3.1622776601683795,1.2137244733366055
256,6,Aorta,2.0,0.6682057412222753
256,7,PA,81.7129120763665,3.6251810130575044
256,8,LAA,4.242640687119285,1.1559673766250973
256,9,Coronary,136.26444877516658,33.119943611027225
256,10,PV,2.8284271247461903,0.8350388777442688
392,1,Myocardium,2.0,0.5663039338816415
392,2,LA,2.0,0.5869352184635623
392,3,LV,1.4142135623730951,0.44731607759726
392,4,RA,1.7320508075688772,0.6196652894173353
392,5,RV,4.123105625617661,1.1492990262519158
392,6,Aorta,2.0,0.6358202377434716
392,7,PA,4.0,1.1888738616134669
392,8,LAA,3.7416573867739413,1.200234566864447
392,9,Coronary,134.86660075793412,32.277009427572054
392,10,PV,3.0,0.9466949919525531
529,1,Myocardium,2.0,0.5472861327834173
529,2,LA,2.0,0.6687365336859217
529,3,LV,1.0,0.32429888760156517
529,4,RA,1.4142135623730951,0.5071158679068926
529,5,RV,4.123105625617661,1.5751220802303716
529,6,Aorta,2.0,0.6473160890636386
529,7,PA,3.605551275463989,1.079802708603983
529,8,LAA,7.810249675906654,2.099426226246762
529,9,Coronary,139.73188612482122,20.11520580652019
529,10,PV,8.12403840463596,1.2216843433545121
150,1,Myocardium,1.7320508075688772,0.5149966487062572
150,2,LA,2.0,0.7609165718197906
150,3,LV,1.4142135623730951,0.40504692613200555
150,4,RA,1.4142135623730951,0.6307746878439459
150,5,RV,4.242640687119285,1.2877143410550156
150,6,Aorta,2.0,0.677919159370782
150,7,PA,4.47213595499958,1.4071766610973706
150,8,LAA,7.810249675906654,2.8867684161721274
150,9,Coronary,101.51354589413178,14.803080221299888
150,10,PV,3.0,0.8485606629521424
375,1,Myocardium,1.7320508075688772,0.503316919593249
375,2,LA,1.4142135623730951,0.42225382044724064
375,3,LV,1.4142135623730951,0.399548514024473
375,4,RA,1.4142135623730951,0.6179853406547665
375,5,RV,3.0,0.8423712778691421
375,6,Aorta,2.0,0.6854678366485051
375,7,PA,3.4641016151377544,1.022899451074488
375,8,LAA,12.36931687685298,3.056776360238181
375,9,Coronary,140.90422278980853,24.907591295888036
375,10,PV,2.23606797749979,0.6835565755841386
389,1,Myocardium,2.0,0.5871605043852592
389,2,LA,2.23606797749979,0.6608009481899613
389,3,LV,1.0,0.32536702776559223
389,4,RA,1.4142135623730951,0.41622920168516525
389,5,RV,5.385164807134504,1.5199726775456694
389,6,Aorta,2.0,0.5942019362216879
389,7,PA,4.0,1.242829729608834
389,8,LAA,10.677078252031311,2.458358773881344
389,9,Coronary,123.72954376380768,25.988821356313906
389,10,PV,2.8284271247461903,0.8741728213787121
623,1,Myocardium,1.7320508075688772,0.5979217094118783
623,2,LA,2.0,0.6744450953123697
623,3,LV,1.4142135623730951,0.468381870828524
623,4,RA,1.4142135623730951,0.5914226880610305
623,5,RV,3.0,1.2467809953881241
623,6,Aorta,2.0,0.7217175587530077
623,7,PA,4.0,1.1032948925666095
623,8,LAA,8.06225774829855,2.4899323000641935
623,9,Coronary,126.46343345014795,28.61899630350448
623,10,PV,4.47213595499958,0.9509248835284483
441,1,Myocardium,1.7320508075688772,0.5178900793761463
441,2,LA,1.4142135623730951,0.5628403321856412
441,3,LV,1.0,0.3716310143993259
441,4,RA,1.4142135623730951,0.4947054295086154
441,5,RV,3.605551275463989,0.9868597946962623
441,6,Aorta,2.0,0.6660591060704906
441,7,PA,3.605551275463989,1.2296524145847685
441,8,LAA,5.0,1.4355144539397697
441,9,Coronary,127.31064370271639,19.829114771836366
441,10,PV,2.449489742783178,0.7703529436469427
549,1,Myocardium,1.4142135623730951,0.5386604311348124
549,2,LA,1.4142135623730951,0.5085323534006858
549,3,LV,1.0,0.3811650052040736
549,4,RA,1.4142135623730951,0.4789604546181152
549,5,RV,5.0,1.6280857799518893
549,6,Aorta,2.0,0.6402926532878477
549,7,PA,4.242640687119285,1.3228247970090068
549,8,LAA,3.7416573867739413,1.1992207832757367
549,9,Coronary,133.15029102484155,18.664643260429887
549,10,PV,4.0,0.9923236453086928
576,1,Myocardium,2.23606797749979,0.6872999745087479
576,2,LA,1.4142135623730951,0.6124800381784845
576,3,LV,1.4142135623730951,0.49069720979645126
576,4,RA,1.7320508075688772,0.5864672541922562
576,5,RV,5.830951894845301,1.7553140473507192
576,6,Aorta,2.0,0.63726709627166
576,7,PA,2.23606797749979,1.0655314690989657
576,8,LAA,5.744562646538029,1.4434325890591508
576,9,Coronary,117.51170154499508,21.525603763966416
576,10,PV,10.04987562112089,1.6600729188710224
115,1,Myocardium,3.0,0.6898866303129523
115,2,LA,1.4142135623730951,0.5953550310493501
115,3,LV,1.4142135623730951,0.4483641590867765
115,4,RA,1.4142135623730951,0.4864713250756157
115,5,RV,3.3166247903554,0.971492810141411
115,6,Aorta,2.0,0.5893308656337259
115,7,PA,2.8284271247461903,1.0301617377595185
115,8,LAA,4.58257569495584,1.5027248889604725
115,9,Coronary,126.83059567785685,24.672681116976268
115,10,PV,3.1622776601683795,0.8804354105556923
62,1,Myocardium,1.4142135623730951,0.49991322300110413
62,2,LA,1.4142135623730951,0.5507495664476107
62,3,LV,1.0,0.36323971632745145
62,4,RA,1.4142135623730951,0.536360116523169
62,5,RV,3.0,0.9692704561724101
62,6,Aorta,2.0,0.6487106651728596
62,7,PA,2.23606797749979,1.0064036040800461
62,8,LAA,5.477225575051661,1.74831600708408
62,9,Coronary,127.41663941573722,32.83361014603318
62,10,PV,3.0,0.8787064113123679
477,1,Myocardium,2.449489742783178,0.7380065163717282
477,2,LA,1.4142135623730951,0.5675522651171537
477,3,LV,1.4142135623730951,0.41961329230405203
477,4,RA,1.4142135623730951,0.5800329124323562
477,5,RV,3.1622776601683795,1.0800404114559483
477,6,Aorta,2.0,0.6966608371520046
477,7,PA,8.831760866327848,1.728532176573189
477,8,LAA,5.0990195135927845,1.1708424007162166
477,9,Coronary,143.60013927569847,32.90023959926978
477,10,PV,3.605551275463989,0.997219157378177
760,1,Myocardium,1.4142135623730951,0.49884510951742767
760,2,LA,1.7320508075688772,0.496913901104457
760,3,LV,1.0,0.3708467125622594
760,4,RA,1.4142135623730951,0.5347864943272763
760,5,RV,3.1622776601683795,1.2511497096369295
760,6,Aorta,2.0,0.6293167934882551
760,7,PA,4.58257569495584,1.3444219919990685
760,8,LAA,4.69041575982343,1.5754319721013723
760,9,Coronary,140.80838043241602,26.753031714062555
760,10,PV,4.0,1.0866776093309924
373,1,Myocardium,1.7320508075688772,0.5918872820497878
373,2,LA,2.0,0.6658168188302651
373,3,LV,1.4142135623730951,0.486997213837859
373,4,RA,1.4142135623730951,0.5686661689427945
373,5,RV,3.7416573867739413,1.1940041950320988
373,6,Aorta,2.0,0.7416658480784548
373,7,PA,55.37147279962851,2.806196040905246
373,8,LAA,8.12403840463596,3.0995061618175788
373,9,Coronary,132.51792331605563,26.797673037869913
373,10,PV,3.605551275463989,0.906600511544523
555,1,Myocardium,2.0,0.6763757873786282
555,2,LA,2.0,0.6805286012640812
555,3,LV,1.4142135623730951,0.3902752057398052
555,4,RA,1.4142135623730951,0.5125909024550641
555,5,RV,3.1622776601683795,1.3249916057733022
555,6,Aorta,2.0,0.6958281151631003
555,7,PA,221.83101676726815,17.22083489933633
555,8,LAA,3.7416573867739413,1.3093618726663991
555,9,Coronary,133.7235955244997,28.61789492658148
555,10,PV,10.488088481701515,1.543965786336204
200,1,Myocardium,2.0,0.5557408895260321
200,2,LA,1.4142135623730951,0.4848890557030838
200,3,LV,1.4142135623730951,0.4590681529499263
200,4,RA,1.4142135623730951,0.551413145753239
200,5,RV,4.47213595499958,1.677262307871724
200,6,Aorta,2.0,0.6093324867411055
200,7,PA,4.123105625617661,1.2384163745078198
200,8,LAA,4.123105625617661,1.2211560454598533
200,9,Coronary,128.895306353645,34.6611205729757
200,10,PV,2.8284271247461903,0.8374191796425459
194,1,Myocardium,2.0,0.5779901296854948
194,2,LA,1.4142135623730951,0.48592459750101985
194,3,LV,1.4142135623730951,0.3829796036996297
194,4,RA,1.4142135623730951,0.6444376145261786
194,5,RV,3.1622776601683795,1.1103066261639427
194,6,Aorta,2.0,0.6221989188267196
194,7,PA,5.0,1.3167898575012054
194,8,LAA,7.810249675906654,2.738094972463462
194,9,Coronary,148.10131667206744,31.1777388139151
194,10,PV,3.1622776601683795,0.9888942472318143
895,1,Myocardium,2.23606797749979,0.6312899177791882
895,2,LA,1.4142135623730951,0.5485150513422897
895,3,LV,1.4142135623730951,0.4096676103697985
895,4,RA,1.7320508075688772,0.6894248339959529
895,5,RV,3.1622776601683795,1.0729436976869426
895,6,Aorta,2.0,0.6517478090885436
895,7,PA,4.123105625617661,1.0834471475258292
895,8,LAA,5.385164807134504,1.7199438004605105
895,9,Coronary,121.57713600837947,19.825592179005834
895,10,PV,2.449489742783178,0.7933379175319666
336,1,Myocardium,1.7320508075688772,0.5084090542033511
336,2,LA,1.7320508075688772,0.6460134967110541
336,3,LV,1.4142135623730951,0.4712449570009734
336,4,RA,1.4142135623730951,0.6151189844214133
336,5,RV,4.123105625617661,1.191942805271645
336,6,Aorta,2.0,0.619142372051184
336,7,PA,6.708203932499369,2.7499602994601062
336,8,LAA,4.358898943540674,1.2618465947348607
336,9,Coronary,135.02962637880623,29.116846441447464
336,10,PV,4.358898943540674,1.0214878360572177
876,1,Myocardium,1.4142135623730951,0.47410143712576003
876,2,LA,1.4142135623730951,0.5983638665658311
876,3,LV,1.4142135623730951,0.3786275155910548
876,4,RA,1.4142135623730951,0.4577171001378751
876,5,RV,4.69041575982343,1.3196975669319815
876,6,Aorta,2.0,0.6266516456145028
876,7,PA,5.0990195135927845,1.187791469129429
876,8,LAA,5.656854249492381,1.398057012490613
876,9,Coronary,125.72191535289303,24.502166695941668
876,10,PV,2.449489742783178,0.7662543748438562
66,1,Myocardium,1.4142135623730951,0.5098273477698863
66,2,LA,1.4142135623730951,0.4860885657825468
66,3,LV,1.0,0.3446120724701952
66,4,RA,1.4142135623730951,0.5169950198169226
66,5,RV,3.3166247903554,1.0645713948614781
66,6,Aorta,2.0,0.7436965879004367
66,7,PA,4.358898943540674,1.2427931389501303
66,8,LAA,10.677078252031311,3.1686421101312434
66,9,Coronary,144.67204291085406,28.408022947486387
66,10,PV,4.0,1.0075855745334628
666,1,Myocardium,1.4142135623730951,0.49665824381599766
666,2,LA,1.4142135623730951,0.5886303852640418
666,3,LV,1.0,0.370530778064892
666,4,RA,1.7320508075688772,0.59719436553347
666,5,RV,3.7416573867739413,1.351928687699008
666,6,Aorta,2.0,0.6269603190366915
666,7,PA,4.898979485566356,1.3074499381186362
666,8,LAA,5.0990195135927845,1.5309908261574043
666,9,Coronary,78.26237921249263,7.880423995243514
666,10,PV,3.1622776601683795,0.8643927790629888
212,1,Myocardium,1.4142135623730951,0.40567201161815347
212,2,LA,2.0,0.6815252703985528
212,3,LV,1.0,0.32208058957033825
212,4,RA,1.4142135623730951,0.5649589269865654
212,5,RV,4.898979485566356,1.2064373814885765
212,6,Aorta,2.0,0.6923977537005177
212,7,PA,7.0,3.6764885550482496
212,8,LAA,4.898979485566356,1.6789631657036521
212,9,Coronary,130.9427355755179,25.151284113445865
212,10,PV,3.1622776601683795,0.9284236661755778
787,1,Myocardium,1.7320508075688772,0.4786155174625224
787,2,LA,1.4142135623730951,0.5304889128659214
787,3,LV,1.0,0.3354952325113735
787,4,RA,1.4142135623730951,0.42801866974024005
787,5,RV,3.1622776601683795,1.0337055988131132
787,6,Aorta,2.0,0.5446584657283429
787,7,PA,4.123105625617661,1.2278537502784168
787,8,LAA,3.605551275463989,1.2031511296159252
787,9,Coronary,66.61080993352356,9.120697076320818
787,10,PV,3.0,0.8085441065120061
871,1,Myocardium,1.7320508075688772,0.5233426269007095
871,2,LA,1.4142135623730951,0.5152298294545843
871,3,LV,1.4142135623730951,0.4853975320265671
871,4,RA,1.4142135623730951,0.5725565754644002
871,5,RV,3.1622776601683795,1.1150398420338257
871,6,Aorta,2.0,0.7144652811231624
871,7,PA,3.7416573867739413,1.2081258716043353
871,8,LAA,4.58257569495584,1.3241684336712995
871,9,Coronary,138.8560405599987,23.720841126976236
871,10,PV,3.3166247903554,0.9886629290642499
716,1,Myocardium,2.23606797749979,0.6427079678361077
716,2,LA,1.7320508075688772,0.6343190093424368
716,3,LV,1.0,0.31333080410701164
716,4,RA,1.0,0.3617922268020515
716,5,RV,4.242640687119285,1.2516984736029744
716,6,Aorta,2.0,0.6506693975422091
716,7,PA,5.0,1.301298533565391
716,8,LAA,3.3166247903554,1.0620473188721329
716,9,Coronary,102.30347012687302,16.687481028564275
716,10,PV,3.0,0.8779674118265769
959,1,Myocardium,1.7320508075688772,0.5293926871447864
959,2,LA,1.4142135623730951,0.5588498034273394
959,3,LV,1.0,0.29257432233414793
959,4,RA,1.4142135623730951,0.49072889829503985
959,5,RV,3.1622776601683795,1.1053536901054115
959,6,Aorta,2.0,0.6099508985496291
959,7,PA,12.083045973594572,1.7139425625214486
959,8,LAA,5.0990195135927845,1.0998062591983915
959,9,Coronary,134.09325113517085,37.644043722985586
959,10,PV,4.358898943540674,1.0533993019442525
591,1,Myocardium,1.4142135623730951,0.4286900921088205
591,2,LA,1.4142135623730951,0.572598342242277
591,3,LV,1.0,0.33196841868486815
591,4,RA,1.4142135623730951,0.441971491191009
591,5,RV,3.0,1.1725493401596754
591,6,Aorta,2.0,0.6211860346678936
591,7,PA,3.605551275463989,1.1303032375360176
591,8,LAA,6.082762530298219,1.8532673471659964
591,9,Coronary,128.23026163897507,25.303142249502393
591,10,PV,4.358898943540674,1.1157086978581816
291,1,Myocardium,1.7320508075688772,0.517757461136431
291,2,LA,1.7320508075688772,0.670953023780944
291,3,LV,1.4142135623730951,0.4694343489883144
291,4,RA,1.4142135623730951,0.5202053204031106
291,5,RV,5.385164807134504,1.6739955696517241
291,6,Aorta,2.0,0.573953215364776
291,7,PA,5.385164807134504,1.4434103693172233
291,8,LAA,4.242640687119285,1.4552155529292476
291,9,Coronary,153.46009253222806,25.288972620831867
291,10,PV,3.7416573867739413,0.8888531230509076
562,1,Myocardium,1.4142135623730951,0.4886183314693756
562,2,LA,2.23606797749979,0.606484273817429
562,3,LV,1.4142135623730951,0.4259929219824061
562,4,RA,1.7320508075688772,0.6927218411697389
562,5,RV,4.123105625617661,1.1671753573899213
562,6,Aorta,2.0,0.7342236339077093
562,7,PA,3.0,0.9919212888714533
562,8,LAA,8.306623862918075,2.54645951029861
562,9,Coronary,136.08085831592922,21.649051936100925
562,10,PV,2.8284271247461903,0.8093763403679743
402,1,Myocardium,1.4142135623730951,0.4952192041023745
402,2,LA,1.4142135623730951,0.5259190735690036
402,3,LV,1.4142135623730951,0.388796937294049
402,4,RA,1.4142135623730951,0.5502036111494
402,5,RV,4.0,1.0128407567053739
402,6,Aorta,2.0,0.6132127854384821
402,7,PA,4.47213595499958,1.1936797667092798
402,8,LAA,10.0,1.9969950106436256
402,9,Coronary,132.713978163568,27.84006211101593
402,10,PV,2.23606797749979,0.6442916651799895
822,1,Myocardium,1.4142135623730951,0.4337748473532653
822,2,LA,1.4142135623730951,0.5491291977953692
822,3,LV,1.4142135623730951,0.4272032100572393
822,4,RA,1.4142135623730951,0.3970883813183463
822,5,RV,3.605551275463989,1.2610435467425751
822,6,Aorta,2.0,0.6435768924328988
822,7,PA,5.385164807134504,1.360782711377051
822,8,LAA,5.744562646538029,2.0512650199089917
822,9,Coronary,128.5496013218244,22.84444306041123
822,10,PV,2.23606797749979,0.6976287459285038
783,1,Myocardium,2.0,0.5777030318917992
783,2,LA,2.0,0.6689015074610701
783,3,LV,1.4142135623730951,0.48230406295886474
783,4,RA,1.7320508075688772,0.6851285611127715
783,5,RV,4.123105625617661,1.205545916560944
783,6,Aorta,2.0,0.8073602845105425
783,7,PA,7.0,1.6982204113491208
783,8,LAA,3.7416573867739413,0.9784322054089432
783,9,Coronary,152.6925014530838,28.178708527980554
783,10,PV,4.898979485566356,0.9702190084450606
893,1,Myocardium,2.0,0.5653793626852317
893,2,LA,1.7320508075688772,0.6213730114242777
893,3,LV,1.0,0.34513102931227624
893,4,RA,1.4142135623730951,0.552126673404876
893,5,RV,3.605551275463989,1.424834445937838
893,6,Aorta,2.0,0.641916613524086
893,7,PA,4.47213595499958,3.1224868028744437
893,8,LAA,4.69041575982343,1.3895567251717478
893,9,Coronary,146.81280598094978,30.689464120888626
893,10,PV,5.385164807134504,1.2988890778229778
224,1,Myocardium,1.7320508075688772,0.5435184965586304
224,2,LA,1.7320508075688772,0.6521759112397856
224,3,LV,1.4142135623730951,0.45344367149148834
224,4,RA,1.4142135623730951,0.574490326771192
224,5,RV,5.830951894845301,1.4718090582079058
224,6,Aorta,2.0,0.6954876118295701
224,7,PA,87.16650732936361,4.7421418407696905
224,8,LAA,3.605551275463989,1.0416776200444011
224,9,Coronary,136.88316185711082,25.87790719646303
224,10,PV,4.358898943540674,1.2318357239555082
558,1,Myocardium,2.0,0.5111470442667914
558,2,LA,1.7320508075688772,0.5976025642762706
558,3,LV,1.4142135623730951,0.41043007400529397
558,4,RA,1.4142135623730951,0.5996322546096925
558,5,RV,3.1622776601683795,0.970282053206581
558,6,Aorta,2.0,0.6679235337196994
558,7,PA,8.12403840463596,1.5554364399293443
558,8,LAA,4.898979485566356,1.6144660331082488
558,9,Coronary,142.40084269413578,30.01145859071687
558,10,PV,4.358898943540674,0.926760911217174
677,1,Myocardium,3.3166247903554,0.8584530100243257
677,2,LA,2.0,0.7609605179485435
677,3,LV,1.4142135623730951,0.5118121441655441
677,4,RA,1.7320508075688772,0.5860536283148721
677,5,RV,3.0,1.045345667954479
677,6,Aorta,2.0,0.6296816804612654
677,7,PA,2.23606797749979,1.0940175067669209
677,8,LAA,4.47213595499958,1.458926670752791
677,9,Coronary,135.97058505426827,24.03019149456581
677,10,PV,17.72004514666935,2.0902247945772134
61,1,Myocardium,2.0,0.5847633728508828
61,2,LA,1.4142135623730951,0.44518199533472563
61,3,LV,1.4142135623730951,0.41966370220378113
61,4,RA,1.4142135623730951,0.4162612672681131
61,5,RV,4.123105625617661,1.3054714180605544
61,6,Aorta,2.23606797749979,0.7736396471705633
61,7,PA,3.0,0.9446937691870402
61,8,LAA,5.0990195135927845,1.4168477796779158
61,9,Coronary,131.25547607623844,24.53888640243227
61,10,PV,2.23606797749979,0.6794819362092649
815,1,Myocardium,1.7320508075688772,0.5352753726120458
815,2,LA,2.0,0.8067293956250476
815,3,LV,1.4142135623730951,0.4578281393074157
815,4,RA,1.7320508075688772,0.6200536949830628
815,5,RV,5.0,1.8268362990793947
815,6,Aorta,2.449489742783178,0.9093222826935284
815,7,PA,9.848857801796104,3.905716863344987
815,8,LAA,5.477225575051661,1.680689515777741
815,9,Coronary,149.41887430977386,30.006017248770465
815,10,PV,6.782329983125268,1.3114765401805553
308,1,Myocardium,2.0,0.6121944485238886
308,2,LA,1.7320508075688772,0.6504189206761
308,3,LV,1.4142135623730951,0.39906427822606905
308,4,RA,1.4142135623730951,0.4517820660990981
308,5,RV,4.123105625617661,1.4637832531354027
308,6,Aorta,2.0,0.6574956266074117
308,7,PA,3.605551275463989,1.157997215919658
308,8,LAA,9.433981132056603,2.3901876340880053
308,9,Coronary,132.74788133902553,26.095929184361925
308,10,PV,3.605551275463989,0.9493657701135514
857,1,Myocardium,1.7320508075688772,0.5692732810414795
857,2,LA,1.4142135623730951,0.5178945790712987
857,3,LV,1.4142135623730951,0.47751731017951404
857,4,RA,1.4142135623730951,0.6823932239099972
857,5,RV,3.605551275463989,1.2350266413761548
857,6,Aorta,2.0,0.7592215894263329
857,7,PA,4.242640687119285,1.1006435385281645
857,8,LAA,9.219544457292887,2.7406319469189127
857,9,Coronary,127.07084638106413,23.85502349123196
857,10,PV,2.23606797749979,0.7438885328943623
722,1,Myocardium,1.4142135623730951,0.4634045053781217
722,2,LA,1.4142135623730951,0.5023198295171053
722,3,LV,1.4142135623730951,0.3907811969993782
722,4,RA,1.4142135623730951,0.5956324798532255
722,5,RV,4.58257569495584,1.4743239736004625
722,6,Aorta,2.0,0.6599291255908525
722,7,PA,4.123105625617661,0.9950453442435012
722,8,LAA,6.164414002968976,2.2528453703984486
722,9,Coronary,142.6218777046495,30.584004283256206
722,10,PV,2.8284271247461903,0.8445411786858317
697,1,Myocardium,2.0,0.6240714323541685
697,2,LA,1.4142135623730951,0.5400765526983746
697,3,LV,1.0,0.40724068341737063
697,4,RA,1.4142135623730951,0.5606434329866301
697,5,RV,5.0,1.508525446718345
697,6,Aorta,2.0,0.6101748563536771
697,7,PA,6.324555320336759,1.671124150124695
697,8,LAA,2.8284271247461903,1.009059967345052
697,9,Coronary,153.6522046701576,29.29421188858455
697,10,PV,4.358898943540674,1.1482540114884618
93,1,Myocardium,2.0,0.5368135823482288
93,2,LA,1.4142135623730951,0.5219202170067967
93,3,LV,1.4142135623730951,0.4259240167826539
93,4,RA,1.4142135623730951,0.5765111410954961
93,5,RV,4.123105625617661,1.043538510955702
93,6,Aorta,2.0,0.6586926241221351
93,7,PA,4.123105625617661,1.2479535847941978
93,8,LAA,4.123105625617661,1.1481469167826006
93,9,Coronary,135.49169716259368,22.9372534014498
93,10,PV,2.8284271247461903,0.9288928129856551
581,1,Myocardium,2.0,0.6036130750956163
581,2,LA,1.4142135623730951,0.42650239481524443
581,3,LV,1.4142135623730951,0.4569888718229338
581,4,RA,1.4142135623730951,0.5194797553473831
581,5,RV,3.4641016151377544,1.071448076318421
581,6,Aorta,2.0,0.5719642776101634
581,7,PA,3.7416573867739413,1.2806974929040855
581,8,LAA,5.0990195135927845,1.556166283386127
581,9,Coronary,131.88252348207476,20.4620662922336
581,10,PV,3.605551275463989,0.9499980821288552
962,1,Myocardium,1.4142135623730951,0.4765269947461755
962,2,LA,1.4142135623730951,0.5923981257635345
962,3,LV,1.4142135623730951,0.4149574328808241
962,4,RA,1.4142135623730951,0.467673758114015
962,5,RV,4.0,1.1452619584342858
962,6,Aorta,2.0,0.6518875442583304
962,7,PA,3.7416573867739413,1.1385100581511152
962,8,LAA,5.830951894845301,1.8155464539002866
962,9,Coronary,123.99193522161028,26.741182326100738
962,10,PV,3.0,0.8648626165838236
209,1,Myocardium,1.7320508075688772,0.5388561384525385
209,2,LA,1.4142135623730951,0.5650632236050216
209,3,LV,1.0,0.31020703895410817
209,4,RA,1.4142135623730951,0.5810258952713272
209,5,RV,4.47213595499958,1.2041496663455469
209,6,Aorta,2.0,0.6682048000803453
209,7,PA,7.14142842854285,1.6671661250647114
209,8,LAA,3.3166247903554,1.0886370402810344
209,9,Coronary,162.73905493150684,35.553414690477375
209,10,PV,4.123105625617661,1.0957144999112345
608,1,Myocardium,2.0,0.5672231548114122
608,2,LA,2.0,0.7059937491305418
608,3,LV,1.4142135623730951,0.37904503248649224
608,4,RA,1.4142135623730951,0.5218938099695647
608,5,RV,4.123105625617661,1.3406727557487472
608,6,Aorta,2.0,0.8672334004329059
608,7,PA,102.6352765865616,6.507039949072038
608,8,LAA,3.7416573867739413,1.2631209457655994
608,9,Coronary,142.94404499663497,22.63380971320197
608,10,PV,4.0,0.9704644004915584
353,1,Myocardium,1.7320508075688772,0.5569699685217274
353,2,LA,1.7320508075688772,0.6071701277214337
353,3,LV,1.4142135623730951,0.4227974635592072
353,4,RA,1.7320508075688772,0.6237274002383472
353,5,RV,3.7416573867739413,1.4984051588394562
353,6,Aorta,2.0,0.6922754899997239
353,7,PA,5.0,1.2441472282048074
353,8,LAA,5.916079783099616,1.9054093547294166
353,9,Coronary,156.18578680533003,24.84968873048049
353,10,PV,3.605551275463989,0.9622763557234084
606,1,Myocardium,2.23606797749979,0.6573805219968484
606,2,LA,1.4142135623730951,0.4313859866092712
606,3,LV,1.0,0.36075776322998243
606,4,RA,1.4142135623730951,0.4902951562805441
606,5,RV,3.1622776601683795,1.1087494393307848
606,6,Aorta,2.0,0.6875561110682316
606,7,PA,3.3166247903554,1.106943711945409
606,8,LAA,4.69041575982343,1.4184738427923447
606,9,Coronary,116.93160394008115,13.971430265283882
606,10,PV,3.1622776601683795,0.9238514676916013
526,1,Myocardium,2.0,0.5938729660595214
526,2,LA,1.4142135623730951,0.4473320020155245
526,3,LV,1.4142135623730951,0.5238377602216572
526,4,RA,1.7320508075688772,0.6262085639837462
526,5,RV,3.605551275463989,1.1769475987568314
526,6,Aorta,2.0,0.6346034885708106
526,7,PA,4.242640687119285,3.476168575197229
526,8,LAA,9.643650760992955,2.0274669741289038
526,9,Coronary,142.11966788590522,29.6734982736968
526,10,PV,2.23606797749979,0.7422763549115707
605,1,Myocardium,1.7320508075688772,0.5128253724797824
605,2,LA,1.4142135623730951,0.5504414992148834
605,3,LV,1.0,0.37205011989491055
605,4,RA,1.4142135623730951,0.4877207742463775
605,5,RV,4.123105625617661,1.3246847251752016
605,6,Aorta,2.0,0.6633063815250457
605,7,PA,3.0,1.050199027632044
605,8,LAA,7.615773105863909,2.5280762288157197
605,9,Coronary,126.51086909827156,21.25030276098205
605,10,PV,2.23606797749979,0.758378994505437
751,1,Myocardium,1.7320508075688772,0.5625818218933027
751,2,LA,2.0,0.7486070416924784
751,3,LV,1.0,0.36263168957360914
751,4,RA,1.4142135623730951,0.5661075051081224
751,5,RV,4.123105625617661,1.1618821745123908
751,6,Aorta,2.0,0.643184524459604
751,7,PA,110.44002897500525,8.24748342186933
751,8,LAA,4.123105625617661,1.2998953849864532
751,9,Coronary,126.15863030328127,22.964026266105634
751,10,PV,2.8284271247461903,0.9394770051691578
185,1,Myocardium,1.4142135623730951,0.48284967312427585
185,2,LA,1.7320508075688772,0.5818972927242667
185,3,LV,1.4142135623730951,0.48482349578918116
185,4,RA,2.0,0.690426598686168
185,5,RV,3.0,1.1294441392834442
185,6,Aorta,2.0,0.7290540607829222
185,7,PA,5.385164807134504,1.2058666166304999
185,8,LAA,6.0,1.8829942923523286
185,9,Coronary,115.95688854052612,19.291059205890686
185,10,PV,3.1622776601683795,0.8459862829489544
877,1,Myocardium,1.7320508075688772,0.5164258592058597
877,2,LA,1.4142135623730951,0.4820619078095877
877,3,LV,1.0,0.36318731897733014
877,4,RA,1.4142135623730951,0.46623086803783187
877,5,RV,4.0,1.431119464884514
877,6,Aorta,2.0,0.6030663204132782
877,7,PA,181.6067179374155,21.31681208833965
877,8,LAA,3.605551275463989,1.2393866048070037
877,9,Coronary,145.8869425274243,22.722420217087596
877,10,PV,3.1622776601683795,0.9294192389988515
446,1,Myocardium,1.4142135623730951,0.4532673761727275
446,2,LA,1.4142135623730951,0.48259381835477666
446,3,LV,1.4142135623730951,0.41468895215210017
446,4,RA,1.4142135623730951,0.52245672599495
446,5,RV,3.605551275463989,1.079419740593779
446,6,Aorta,2.0,0.6311673095284605
446,7,PA,3.4641016151377544,1.027568500276051
446,8,LAA,4.898979485566356,1.3239245417983831
446,9,Coronary,128.7089740461014,28.815348331914624
446,10,PV,3.1622776601683795,0.9409287640068587
53,1,Myocardium,1.4142135623730951,0.5160416004899686
53,2,LA,1.4142135623730951,0.5239871423906721
53,3,LV,1.4142135623730951,0.3776596382269789
53,4,RA,1.7320508075688772,0.6479527431689186
53,5,RV,4.358898943540674,1.7876513663572675
53,6,Aorta,2.0,0.6366142317065198
53,7,PA,3.605551275463989,1.0781050719476228
53,8,LAA,7.0710678118654755,1.756486440211909
53,9,Coronary,130.78226179417453,31.87607730017379
53,10,PV,3.0,0.7862709162621966
306,1,Myocardium,2.0,0.5208365107960815
306,2,LA,1.4142135623730951,0.5539348514114499
306,3,LV,1.4142135623730951,0.4050235903496928
306,4,RA,2.0,0.791138699401817
306,5,RV,4.123105625617661,1.2784156691666033
306,6,Aorta,2.0,0.675758540730461
306,7,PA,3.605551275463989,0.9740443389868995
306,8,LAA,12.041594578792296,3.98965364467885
306,9,Coronary,125.95237195067031,16.906671219777685
306,10,PV,2.23606797749979,0.6919539109967701
507,1,Myocardium,2.449489742783178,0.6165063084844956
507,2,LA,1.4142135623730951,0.5769462193235997
507,3,LV,1.4142135623730951,0.44049043386780207
507,4,RA,2.0,0.7396918251965932
507,5,RV,3.605551275463989,1.2336537409026291
507,6,Aorta,2.0,0.6711634664533379
507,7,PA,4.69041575982343,2.858144885519363
507,8,LAA,4.242640687119285,1.277114909156814
507,9,Coronary,133.7796696064092,26.0793623245675
507,10,PV,3.0,0.805763246982774
214,1,Myocardium,2.23606797749979,0.6875918818637435
214,2,LA,1.4142135623730951,0.5681203469171198
214,3,LV,1.4142135623730951,0.4807160954601588
214,4,RA,1.4142135623730951,0.46475394566845196
214,5,RV,5.0990195135927845,1.5890634158713821
214,6,Aorta,2.0,0.5981381560944
214,7,PA,91.13177272499422,6.038282057775632
214,8,LAA,4.242640687119285,1.2948095802272113
214,9,Coronary,145.17231140957975,22.47325646062786
214,10,PV,4.242640687119285,1.096419835226356
457,1,Myocardium,1.7320508075688772,0.4748855387816077
457,2,LA,1.7320508075688772,0.5729913949266531
457,3,LV,1.4142135623730951,0.36021010888004523
457,4,RA,1.7320508075688772,0.6533001756443297
457,5,RV,3.1622776601683795,1.2247372244313652
457,6,Aorta,2.0,0.6980587986210594
457,7,PA,5.830951894845301,1.2385729930890066
457,8,LAA,8.602325267042627,3.4434843616920254
457,9,Coronary,129.12784362793332,26.856087276844786
457,10,PV,2.449489742783178,0.7230736937108992
43,1,Myocardium,1.4142135623730951,0.4466891630307549
43,2,LA,1.7320508075688772,0.6939198943394911
43,3,LV,1.4142135623730951,0.39326511908912465
43,4,RA,1.4142135623730951,0.6061223380113809
43,5,RV,3.3166247903554,0.9921447067124499
43,6,Aorta,2.0,0.6891172732989123
43,7,PA,4.242640687119285,1.2923191120383106
43,8,LAA,7.681145747868608,2.8235286880215713
43,9,Coronary,117.86432878526055,18.516299221202985
43,10,PV,7.483314773547883,1.126339803171878
25,1,Myocardium,2.0,0.5542822971293679
25,2,LA,1.4142135623730951,0.5125412460334122
25,3,LV,1.4142135623730951,0.4286534011230153
25,4,RA,1.4142135623730951,0.606311511930941
25,5,RV,5.196152422706632,1.3125613162522924
25,6,Aorta,2.0,0.6230391025829256
25,7,PA,4.47213595499958,1.3418059936349565
25,8,LAA,4.58257569495584,1.2429981697820394
25,9,Coronary,129.3715579252256,35.100069667354006
25,10,PV,4.123105625617661,1.0801785702995783
519,1,Myocardium,1.7320508075688772,0.5178897713741909
519,2,LA,2.23606797749979,0.9274967681029042
519,3,LV,1.4142135623730951,0.37574623490527037
519,4,RA,1.4142135623730951,0.49542089640534037
519,5,RV,4.242640687119285,1.026490397103895
519,6,Aorta,2.0,0.7040278793019377
519,7,PA,9.219544457292887,1.7179554842606612
519,8,LAA,6.324555320336759,1.8433680545747109
519,9,Coronary,144.49221432312538,23.062890851020843
519,10,PV,4.69041575982343,1.0826369022297355
312,1,Myocardium,1.4142135623730951,0.41061792486466875
312,2,LA,1.4142135623730951,0.5532628002799134
312,3,LV,1.0,0.3302247526695177
312,4,RA,1.4142135623730951,0.5113455321474447
312,5,RV,5.0,1.3364349806164912
312,6,Aorta,2.0,0.6277257192711628
312,7,PA,3.605551275463989,1.1749461329529844
312,8,LAA,5.0,1.4821878595347235
312,9,Coronary,105.59356040971439,18.065963249072084
312,10,PV,3.1622776601683795,0.9718506668664207
894,1,Myocardium,2.0,0.5502038863299586
894,2,LA,1.4142135623730951,0.4435228060473526
894,3,LV,1.0,0.3799739208803098
894,4,RA,2.0,0.7514997744093657
894,5,RV,4.898979485566356,1.2341644317853802
894,6,Aorta,2.0,0.7314005226815041
894,7,PA,4.898979485566356,1.146109175139693
894,8,LAA,5.744562646538029,2.1031089520324597
894,9,Coronary,115.65898149300814,28.859888587627303
894,10,PV,2.8284271247461903,0.7027395351860826
511,1,Myocardium,2.0,0.5701474932763461
511,2,LA,1.4142135623730951,0.620659518297902
511,3,LV,1.4142135623730951,0.5194363820998629
511,4,RA,1.4142135623730951,0.5641422840665237
511,5,RV,4.69041575982343,1.4254663019105553
511,6,Aorta,2.0,0.6799052721246099
511,7,PA,4.123105625617661,1.2448813399474756
511,8,LAA,3.1622776601683795,0.9332436022244569
511,9,Coronary,80.38656604184557,10.916589889562573
511,10,PV,2.8284271247461903,0.7353952977153728
580,1,Myocardium,1.7320508075688772,0.5136642280286263
580,2,LA,1.4142135623730951,0.49907463774276706
580,3,LV,1.0,0.36840904097416455
580,4,RA,1.4142135623730951,0.5130756534076133
580,5,RV,4.0,0.9983150442899414
580,6,Aorta,2.0,0.7567145869832452
580,7,PA,6.4031242374328485,1.354100490726884
580,8,LAA,3.7416573867739413,1.0898584875957407
580,9,Coronary,124.52309022827855,13.381567485091868
580,10,PV,3.0,0.8770928087193365
76,1,Myocardium,2.23606797749979,0.6162361592615386
76,2,LA,1.4142135623730951,0.5210553424715869
76,3,LV,1.4142135623730951,0.47207099210215
76,4,RA,1.4142135623730951,0.620299186910886
76,5,RV,6.0,1.5503597026337979
76,6,Aorta,2.0,0.6480370064997834
76,7,PA,5.0,1.3769470489670752
76,8,LAA,5.0,1.2529188632890422
76,9,Coronary,133.04886320446334,19.56041073920327
76,10,PV,7.0710678118654755,1.165645254481225
495,1,Myocardium,1.7320508075688772,0.5555949899428541
495,2,LA,1.7320508075688772,0.6620962790804586
495,3,LV,1.4142135623730951,0.42826860356628527
495,4,RA,1.4142135623730951,0.46539577861592707
495,5,RV,3.605551275463989,1.195523699553595
495,6,Aorta,2.0,0.5779417674055427
495,7,PA,74.26977851050857,7.256060985006469
495,8,LAA,4.123105625617661,1.3877313877110415
495,9,Coronary,139.94999106823838,25.156585947058346
495,10,PV,4.242640687119285,1.4252724867810695
704,1,Myocardium,1.7320508075688772,0.5910553411073314
704,2,LA,2.23606797749979,0.8484862360943216
704,3,LV,1.4142135623730951,0.5745564158210122
704,4,RA,1.4142135623730951,0.49219901279389383
704,5,RV,3.605551275463989,1.3759669325478672
704,6,Aorta,2.0,0.6279218568593237
704,7,PA,4.123105625617661,2.2075915201574556
704,8,LAA,5.0,1.4978906697952923
704,9,Coronary,107.56393447619885,19.794575701708467
704,10,PV,4.69041575982343,1.3002725539193682
393,1,Myocardium,1.7320508075688772,0.550488001068961
393,2,LA,1.4142135623730951,0.560001412020092
393,3,LV,1.0,0.3773860028971002
393,4,RA,1.4142135623730951,0.4237186872126387
393,5,RV,3.3166247903554,1.2128204600514136
393,6,Aorta,2.0,0.6658421202323773
393,7,PA,5.830951894845301,1.3219289704377082
393,8,LAA,4.58257569495584,1.3749375743580723
393,9,Coronary,135.8050072714552,27.423571118122613
393,10,PV,3.1622776601683795,0.9756263438758142
355,1,Myocardium,2.8284271247461903,0.7056969289207728
355,2,LA,1.7320508075688772,0.6735827287369234
355,3,LV,1.7320508075688772,0.5556271778335578
355,4,RA,1.4142135623730951,0.5706970367527836
355,5,RV,4.0,1.1380979284948252
355,6,Aorta,2.0,0.8406346053978282
355,7,PA,5.385164807134504,1.4135078824322806
355,8,LAA,4.47213595499958,1.4279327287054646
355,9,Coronary,139.21566003866087,16.459507533196756
355,10,PV,3.0,0.9108454619433726
553,1,Myocardium,1.4142135623730951,0.4959328874751997
553,2,LA,1.0,0.37988539878096217
553,3,LV,1.4142135623730951,0.36885526148873354
553,4,RA,1.4142135623730951,0.4839434407653733
553,5,RV,4.0,1.4392293876553532
553,6,Aorta,2.0,0.677667192168083
553,7,PA,3.1622776601683795,1.122978638330889
553,8,LAA,17.378147196982766,4.416054204568968
553,9,Coronary,136.04778572251738,33.49629969367586
553,10,PV,3.0,0.782343334229298
340,1,Myocardium,1.7320508075688772,0.517835734049102
340,2,LA,1.4142135623730951,0.5006217743104586
340,3,LV,1.4142135623730951,0.38266983240853886
340,4,RA,1.7320508075688772,0.7272453875852745
340,5,RV,4.0,1.5700612396877316
340,6,Aorta,2.0,0.6824387597134213
340,7,PA,4.58257569495584,1.3755558845601628
340,8,LAA,4.123105625617661,1.377638999311605
340,9,Coronary,147.65161699080713,25.8872465374432
340,10,PV,3.605551275463989,0.9892549777157663
64,1,Myocardium,1.4142135623730951,0.5465369031114375
64,2,LA,1.7320508075688772,0.6078217930367752
64,3,LV,1.4142135623730951,0.406182007860744
64,4,RA,1.4142135623730951,0.5515832593122696
64,5,RV,4.0,1.3205848026102034
64,6,Aorta,2.23606797749979,0.7292634559600883
64,7,PA,4.123105625617661,1.3794600812590327
64,8,LAA,9.055385138137417,2.8803773660000225
64,9,Coronary,129.0,17.573436509066674
64,10,PV,3.7416573867739413,0.9235626102383216
696,1,Myocardium,1.7320508075688772,0.5468230424500123
696,2,LA,1.4142135623730951,0.44040672586083085
696,3,LV,1.4142135623730951,0.4371576794316233
696,4,RA,1.4142135623730951,0.49536830138632604
696,5,RV,5.0,1.4163283394832957
696,6,Aorta,2.0,0.6620385856996769
696,7,PA,92.62289133902051,5.672284418430239
696,8,LAA,3.1622776601683795,1.264132780461466
696,9,Coronary,152.6728528586533,31.491012646055843
696,10,PV,3.1622776601683795,0.9473922916962254
476,1,Myocardium,2.0,0.5620545544036948
476,2,LA,1.4142135623730951,0.5369739129025004
476,3,LV,1.0,0.32133772993246934
476,4,RA,1.4142135623730951,0.5167211713391171
476,5,RV,5.656854249492381,1.5388785786015746
476,6,Aorta,2.0,0.604352091735538
476,7,PA,82.75868534480233,4.141455136840685
476,8,LAA,4.69041575982343,1.4795184199539504
476,9,Coronary,153.44705927452634,27.382562247133876
476,10,PV,4.123105625617661,1.0880036697887683
234,1,Myocardium,1.4142135623730951,0.44430535451199993
234,2,LA,1.7320508075688772,0.7054969463253966
234,3,LV,1.4142135623730951,0.44936006875473755
234,4,RA,1.4142135623730951,0.4247498078365326
234,5,RV,4.242640687119285,1.496901150268593
234,6,Aorta,2.0,0.6389072379087724
234,7,PA,3.605551275463989,1.0500898781532282
234,8,LAA,6.708203932499369,1.9610802410250732
234,9,Coronary,136.76987972503304,31.028362729167362
234,10,PV,3.0,0.941136376046526
707,1,Myocardium,2.449489742783178,0.5966309125621228
707,2,LA,1.7320508075688772,0.5616355079606252
707,3,LV,1.4142135623730951,0.4116263754850248
707,4,RA,2.0,0.7328715818109559
707,5,RV,4.0,1.149687076675673
707,6,Aorta,2.0,0.7454617616830005
707,7,PA,4.123105625617661,1.1756238030501958
707,8,LAA,6.164414002968976,1.7986137040950991
707,9,Coronary,123.99193522161028,12.405843421143665
707,10,PV,3.0,0.7997638055978018
532,1,Myocardium,1.4142135623730951,0.4945429707385226
532,2,LA,1.7320508075688772,0.6024798344240221
532,3,LV,1.4142135623730951,0.4246435453607383
532,4,RA,1.4142135623730951,0.46208909100827406
532,5,RV,4.0,1.157089573197347
532,6,Aorta,2.0,0.617505677867621
532,7,PA,2.8284271247461903,0.9147152225397722
532,8,LAA,5.830951894845301,2.032932653733794
532,9,Coronary,121.14454176726247,19.694160769739423
532,10,PV,2.23606797749979,0.7984533424994698
832,1,Myocardium,2.23606797749979,0.6367743138080117
832,2,LA,1.4142135623730951,0.51592375489993
832,3,LV,1.0,0.3652883010695469
832,4,RA,1.4142135623730951,0.4660763178471753
832,5,RV,4.0,1.518048292765151
832,6,Aorta,2.0,0.6091474912369657
832,7,PA,97.90301323248433,5.26213392833803
832,8,LAA,5.385164807134504,1.385209442259972
832,9,Coronary,109.89995450408522,19.11820755700799
832,10,PV,3.7416573867739413,1.1082279493756158
616,1,Myocardium,1.4142135623730951,0.49280202462256173
616,2,LA,1.4142135623730951,0.57697209844383
616,3,LV,1.0,0.4008759855823498
616,4,RA,2.23606797749979,0.7945421974357738
616,5,RV,4.0,1.3376104285032366
616,6,Aorta,2.0,0.7091310525301247
616,7,PA,63.324560795950255,4.628086575781125
616,8,LAA,4.242640687119285,1.304622637519349
616,9,Coronary,153.83432646844463,24.593297582711216
616,10,PV,2.8284271247461903,0.8900768029768173
430,1,Myocardium,2.23606797749979,0.6294966713989851
430,2,LA,1.4142135623730951,0.6075887343222878
430,3,LV,1.0,0.37235628145205246
430,4,RA,1.4142135623730951,0.6773323634535175
430,5,RV,4.0,0.99327414280371
430,6,Aorta,2.0,0.8061760402464704
430,7,PA,3.1622776601683795,1.1257942897480961
430,8,LAA,2.8284271247461903,0.949150149769293
430,9,Coronary,129.9961537892564,21.053476962313567
430,10,PV,4.123105625617661,0.9537713154668744
761,1,Myocardium,1.7320508075688772,0.5203193389265892
761,2,LA,1.7320508075688772,0.6309775622506042
761,3,LV,1.4142135623730951,0.4233769477070874
761,4,RA,1.4142135623730951,0.5357200282066212
761,5,RV,3.0,0.9706838031644385
761,6,Aorta,2.0,0.6508560434007351
761,7,PA,4.0,1.0583855226923742
761,8,LAA,6.708203932499369,2.8508311987611075
761,9,Coronary,137.7461433216916,31.402200891297298
761,10,PV,2.449489742783178,0.7449187810375053
45,1,Myocardium,1.4142135623730951,0.4397555192981588
45,2,LA,1.7320508075688772,0.6598903486131973
45,3,LV,1.0,0.3562025000658186
45,4,RA,2.0,0.758326591480343
45,5,RV,4.47213595499958,1.6999600782264697
45,6,Aorta,2.0,0.668864751877627
45,7,PA,7.681145747868608,1.5839103685190241
45,8,LAA,10.0,1.8799773771521973
45,9,Coronary,103.74005976477939,15.69893274532543
45,10,PV,5.385164807134504,1.084919906100335
235,1,Myocardium,1.7320508075688772,0.5640027535164023
235,2,LA,1.4142135623730951,0.5486340722547167
235,3,LV,1.4142135623730951,0.4416277641965052
235,4,RA,1.4142135623730951,0.42381910987818794
235,5,RV,4.0,1.3771329619564776
235,6,Aorta,2.0,0.6702918977114514
235,7,PA,4.358898943540674,1.2278728725645989
235,8,LAA,3.7416573867739413,1.38021564857836
235,9,Coronary,128.35108102388543,21.16170087827606
235,10,PV,2.23606797749979,0.7304142543604724
747,1,Myocardium,2.23606797749979,0.5159719845627965
747,2,LA,1.4142135623730951,0.5198845927610666
747,3,LV,1.4142135623730951,0.3696052662124324
747,4,RA,1.4142135623730951,0.5030389632762257
747,5,RV,3.7416573867739413,1.131529900543415
747,6,Aorta,2.0,0.6195862004050559
747,7,PA,3.605551275463989,1.1738337597428745
747,8,LAA,3.605551275463989,1.099308529469585
747,9,Coronary,109.62663909835054,19.46748091339074
747,10,PV,3.1622776601683795,0.8341458648461737
456,1,Myocardium,2.0,0.6168220060923245
456,2,LA,1.4142135623730951,0.5927215653253831
456,3,LV,1.4142135623730951,0.4212123784508419
456,4,RA,1.4142135623730951,0.6280759829503164
456,5,RV,3.605551275463989,1.1136723810862843
456,6,Aorta,2.0,0.636344843348934
456,7,PA,3.7416573867739413,1.1240784296477417
456,8,LAA,5.0,1.2948196041081714
456,9,Coronary,127.85147633093644,14.97672345626265
456,10,PV,3.0,0.9090357611081957
614,1,Myocardium,2.0,0.5295449277802401
614,2,LA,2.0,0.659065717949091
614,3,LV,1.0,0.37413462028591266
614,4,RA,1.7320508075688772,0.7247494709631401
614,5,RV,5.477225575051661,1.5020196266089778
614,6,Aorta,2.0,0.7481917759169713
614,7,PA,3.1622776601683795,0.9809635784733667
614,8,LAA,4.123105625617661,1.1577669243199749
614,9,Coronary,131.36970731489052,21.323732448274512
614,10,PV,3.0,0.9185807650716438
714,1,Myocardium,1.4142135623730951,0.5153862672431198
714,2,LA,1.4142135623730951,0.6370495106822477
714,3,LV,1.4142135623730951,0.40466391872872604
714,4,RA,1.4142135623730951,0.5255480380326094
714,5,RV,4.123105625617661,1.2077588342418797
714,6,Aorta,2.0,0.6091450453132866
714,7,PA,4.242640687119285,1.1880073440841983
714,8,LAA,3.7416573867739413,1.0900924143057953
714,9,Coronary,139.37359864766353,25.156818536217223
714,10,PV,4.242640687119285,1.0326907402309153
538,1,Myocardium,1.7320508075688772,0.5139995563265184
538,2,LA,2.0,0.6335225725655894
538,3,LV,1.4142135623730951,0.39152189026860557
538,4,RA,1.4142135623730951,0.5733760782348426
538,5,RV,4.47213595499958,1.1703972108433494
538,6,Aorta,2.0,0.6759740052878276
538,7,PA,4.0,1.190337678725367
538,8,LAA,8.48528137423857,2.415746292924574
538,9,Coronary,143.6384349678038,26.315159050383663
538,10,PV,2.8284271247461903,0.7128794850832316
621,1,Myocardium,2.0,0.5474229791645251
621,2,LA,2.0,0.7018170417130025
621,3,LV,1.4142135623730951,0.44295805915919195
621,4,RA,1.0,0.39389008223288646
621,5,RV,3.7416573867739413,1.0078895322240753
621,6,Aorta,2.0,0.6463489651619518
621,7,PA,4.898979485566356,1.3373209305303324
621,8,LAA,3.605551275463989,1.1628163943537537
621,9,Coronary,115.76268828944843,17.917129033536032
621,10,PV,3.0,0.8933822119846819
828,1,Myocardium,2.0,0.5773039154101963
828,2,LA,2.0,0.7610175764826526
828,3,LV,1.4142135623730951,0.4519415777198959
828,4,RA,1.4142135623730951,0.4879252117481097
828,5,RV,4.0,1.3872815252532988
828,6,Aorta,2.0,0.658985112375431
828,7,PA,5.0,1.4202821865009756
828,8,LAA,4.242640687119285,1.100637203710531
828,9,Coronary,108.30512453249847,14.9859268403951
828,10,PV,4.58257569495584,1.2138865274742614
409,1,Myocardium,3.0,0.7419211495591289
409,2,LA,1.4142135623730951,0.5317231337305198
409,3,LV,1.4142135623730951,0.4620925182697915
409,4,RA,1.4142135623730951,0.5446888995198316
409,5,RV,3.4641016151377544,0.8483616993696861
409,6,Aorta,2.0,0.6664498275089858
409,7,PA,199.79489482967276,19.672120419687023
409,8,LAA,5.0,1.3831032971122927
409,9,Coronary,132.74788133902553,24.435868604273143
409,10,PV,2.23606797749979,0.8296691816943154
434,1,Myocardium,1.7320508075688772,0.48054736990767033
434,2,LA,1.4142135623730951,0.5356887824021883
434,3,LV,1.4142135623730951,0.4019673865786185
434,4,RA,1.4142135623730951,0.46472313949292926
434,5,RV,3.7416573867739413,1.2826058516073213
434,6,Aorta,2.0,0.7092746571153674
434,7,PA,4.123105625617661,1.229412985951809
434,8,LAA,6.4031242374328485,2.0803361191092167
434,9,Coronary,132.94359706281458,34.71900675284785
434,10,PV,3.0,0.8642357767608331
12,1,Myocardium,1.7320508075688772,0.5379986387328597
12,2,LA,1.4142135623730951,0.5694744626180461
12,3,LV,1.4142135623730951,0.4241093312768119
12,4,RA,1.4142135623730951,0.5116146616797921
12,5,RV,3.0,1.03576460145636
12,6,Aorta,3.3166247903554,0.8688641223542903
12,7,PA,4.242640687119285,1.377632275960015
12,8,LAA,14.594519519326424,3.8854253112520323
12,9,Coronary,119.60351165413162,23.154607939711628
12,10,PV,3.605551275463989,1.026663833954786
228,1,Myocardium,1.7320508075688772,0.5450067404499915
228,2,LA,2.0,0.7382165112715582
228,3,LV,1.4142135623730951,0.4626928548065136
228,4,RA,1.4142135623730951,0.5798388784083686
228,5,RV,4.0,1.1257920322233574
228,6,Aorta,2.0,0.669655835762776
228,7,PA,4.58257569495584,1.4075397841182935
228,8,LAA,4.898979485566356,1.4700920982472623
228,9,Coronary,135.62079486568422,25.72587079164012
228,10,PV,10.099504938362077,1.6192118856360285
162,1,Myocardium,1.4142135623730951,0.5011122875592392
162,2,LA,1.7320508075688772,0.6723339335521906
162,3,LV,1.4142135623730951,0.3787994685829412
162,4,RA,1.4142135623730951,0.47957731242131707
162,5,RV,4.58257569495584,1.4552228458830228
162,6,Aorta,2.0,0.6588690202735024
162,7,PA,4.898979485566356,1.3123923163587006
162,8,LAA,4.69041575982343,1.4313070370229994
162,9,Coronary,146.03424255975034,25.976345025147307
162,10,PV,4.123105625617661,1.0171029635484925
274,1,Myocardium,1.4142135623730951,0.5065154977755051
274,2,LA,1.4142135623730951,0.46376172683065325
274,3,LV,1.0,0.33732137939628637
274,4,RA,1.4142135623730951,0.6134030863838145
274,5,RV,4.0,1.48152397627925
274,6,Aorta,2.0,0.5820763486142376
274,7,PA,4.47213595499958,1.2855462359022578
274,8,LAA,4.58257569495584,1.445556453419779
274,9,Coronary,149.05368160498418,23.151318430142304
274,10,PV,3.1622776601683795,0.9206025758675516
531,1,Myocardium,1.7320508075688772,0.5642291883267365
531,2,LA,1.4142135623730951,0.4513853029292314
531,3,LV,1.4142135623730951,0.5170912085839916
531,4,RA,1.4142135623730951,0.5327539805412693
531,5,RV,3.0,1.077703108774248
531,6,Aorta,2.0,0.576288623010291
531,7,PA,3.1622776601683795,1.0538486431282
531,8,LAA,7.810249675906654,2.6566380985141893
531,9,Coronary,117.25612990372828,21.07508956996615
531,10,PV,3.1622776601683795,0.8743999794936084
422,1,Myocardium,1.4142135623730951,0.47779172065227765
422,2,LA,1.4142135623730951,0.5852282305031833
422,3,LV,1.0,0.3325028798860582
422,4,RA,1.4142135623730951,0.37480942073265033
422,5,RV,3.0,1.0880028235452106
422,6,Aorta,2.0,0.6245825472583989
422,7,PA,3.605551275463989,1.1842167635400491
422,8,LAA,5.385164807134504,1.9942591892149324
422,9,Coronary,127.05904139414872,19.226481258511573
422,10,PV,3.0,0.9886239194701741
952,1,Myocardium,2.23606797749979,0.579528968934212
952,2,LA,1.4142135623730951,0.56454352564696
952,3,LV,1.0,0.32636321498300613
952,4,RA,1.4142135623730951,0.659664407068765
952,5,RV,4.58257569495584,1.252392482706639
952,6,Aorta,2.0,0.6446539508248226
952,7,PA,99.40321926376429,6.0291090927294135
952,8,LAA,5.656854249492381,1.4974931467821635
952,9,Coronary,146.27371602581238,39.413342858148646
952,10,PV,3.0,0.8923471582518725
641,1,Myocardium,1.7320508075688772,0.48234699994223296
641,2,LA,1.7320508075688772,0.684909117010515
641,3,LV,1.4142135623730951,0.4020649712339014
641,4,RA,2.0,0.7092196312165502
641,5,RV,3.1622776601683795,1.1138837483103181
641,6,Aorta,2.0,0.7227218196418318
641,7,PA,6.164414002968976,1.32304160529903
641,8,LAA,4.123105625617661,1.3344195294518664
641,9,Coronary,134.85547819795826,21.17938020625802
641,10,PV,4.123105625617661,1.0839557886364826
512,1,Myocardium,2.0,0.612297578260447
512,2,LA,1.4142135623730951,0.5780239832119078
512,3,LV,1.0,0.345808485351207
512,4,RA,1.4142135623730951,0.3790155545247933
512,5,RV,3.4641016151377544,1.5350820856405987
512,6,Aorta,2.0,0.6067515366325245
512,7,PA,16.0312195418814,2.1772401750782127
512,8,LAA,4.242640687119285,1.1654668273629647
512,9,Coronary,138.23530663329106,26.93076493000618
512,10,PV,3.3166247903554,0.9092928916166174
881,1,Myocardium,2.0,0.5985141123823088
881,2,LA,1.4142135623730951,0.6134318971292279
881,3,LV,1.4142135623730951,0.397341382450864
881,4,RA,1.4142135623730951,0.41701973773767864
881,5,RV,3.3166247903554,1.2632849784072593
881,6,Aorta,2.0,0.665770403494544
881,7,PA,5.0,1.3409105237064072
881,8,LAA,5.385164807134504,1.6176350927214178
881,9,Coronary,136.31214179228496,27.927502433090034
881,10,PV,4.58257569495584,1.1604840537736698
845,1,Myocardium,1.7320508075688772,0.5578198516340528
845,2,LA,1.7320508075688772,0.5767912157010582
845,3,LV,1.4142135623730951,0.3991373443630509
845,4,RA,1.4142135623730951,0.5864023299096079
845,5,RV,5.385164807134504,1.5203829042814823
845,6,Aorta,2.0,0.637397029160449
845,7,PA,6.708203932499369,1.5748302638102811
845,8,LAA,3.7416573867739413,1.2073813176534447
845,9,Coronary,149.72975656161336,25.642657761345763
845,10,PV,5.0,1.2062230085650985
833,1,Myocardium,2.23606797749979,0.6939802896278895
833,2,LA,2.0,0.6082826990741246
833,3,LV,1.7320508075688772,0.5660755074555179
833,4,RA,1.7320508075688772,0.6961480289354285
833,5,RV,3.1622776601683795,1.0765023215783636
833,6,Aorta,2.0,0.6685890323938587
833,7,PA,3.4641016151377544,1.094256529082796
833,8,LAA,4.242640687119285,1.3793794607306404
833,9,Coronary,139.79270367225894,24.676265969683854
833,10,PV,2.449489742783178,0.7700481306527567
652,1,Myocardium,1.4142135623730951,0.4961539477918904
652,2,LA,1.4142135623730951,0.43151290311307994
652,3,LV,1.4142135623730951,0.4436727380911923
652,4,RA,1.4142135623730951,0.5945247328766664
652,5,RV,5.0,1.1851419788786508
652,6,Aorta,2.0,0.6056718140674764
652,7,PA,4.0,1.2869555064496168
652,8,LAA,5.0,1.2304551374987684
652,9,Coronary,147.85804002488334,30.572498072533463
652,10,PV,3.605551275463989,0.8723113268215434
778,1,Myocardium,1.4142135623730951,0.5011396168431239
778,2,LA,1.4142135623730951,0.5364998190313262
778,3,LV,1.4142135623730951,0.5221585160950957
778,4,RA,1.4142135623730951,0.5363172139072676
778,5,RV,3.0,0.9638710524118839
778,6,Aorta,2.0,0.5935586260435934
778,7,PA,9.433981132056603,1.611806268207932
778,8,LAA,4.47213595499958,1.2962515377141492
778,9,Coronary,136.0036764208968,25.110738039007792
778,10,PV,2.449489742783178,0.8047536846144109
148,1,Myocardium,2.23606797749979,0.6235190830610637
148,2,LA,1.4142135623730951,0.5162993294311625
148,3,LV,1.4142135623730951,0.4490808148660903
148,4,RA,1.4142135623730951,0.5510391502042054
148,5,RV,4.123105625617661,1.2306335131706918
148,6,Aorta,2.0,0.6392178356421871
148,7,PA,4.898979485566356,1.3156676423527824
148,8,LAA,6.164414002968976,1.5911371001088093
148,9,Coronary,147.65161699080713,28.59454446144167
148,10,PV,3.0,0.9164349849017024
811,1,Myocardium,1.4142135623730951,0.47506148685570737
811,2,LA,1.4142135623730951,0.4463961661889711
811,3,LV,1.0,0.3328601531026697
811,4,RA,1.4142135623730951,0.6801674580294592
811,5,RV,3.7416573867739413,1.0518029669409437
811,6,Aorta,2.0,0.6774002365110887
811,7,PA,4.47213595499958,1.3732696805368894
811,8,LAA,5.196152422706632,1.8232067139866046
811,9,Coronary,135.3994091567611,17.772037378915368
811,10,PV,4.123105625617661,0.9591585948689522
990,1,Myocardium,2.449489742783178,0.6454392393399071
990,2,LA,1.4142135623730951,0.4931472950523798
990,3,LV,1.4142135623730951,0.4204055878305341
990,4,RA,1.4142135623730951,0.46623727193843084
990,5,RV,4.58257569495584,1.5280075106123399
990,6,Aorta,2.0,0.5861432922064591
990,7,PA,5.0,1.2276556763978717
990,8,LAA,5.477225575051661,1.574142752108997
990,9,Coronary,121.79901477434043,23.043877625887525
990,10,PV,3.0,0.8057618274014564
302,1,Myocardium,2.8284271247461903,0.6611935681969334
302,2,LA,1.7320508075688772,0.6386445085662771
302,3,LV,1.4142135623730951,0.4471339365253377
302,4,RA,1.4142135623730951,0.5561067213523909
302,5,RV,3.605551275463989,1.1291472531674436
302,6,Aorta,2.0,0.7194787886841643
302,7,PA,3.1622776601683795,1.0049064589684333
302,8,LAA,4.123105625617661,1.3852610607980016
302,9,Coronary,113.6221809331259,21.976979247967236
302,10,PV,3.3166247903554,0.9845145997666425
382,1,Myocardium,2.449489742783178,0.6374933465397901
382,2,LA,1.4142135623730951,0.5868397942448242
382,3,LV,1.4142135623730951,0.4300230938290923
382,4,RA,1.4142135623730951,0.5631178409308342
382,5,RV,5.0,1.29819548729266
382,6,Aorta,2.0,0.7278881242971883
382,7,PA,3.7416573867739413,1.0626672045561631
382,8,LAA,5.385164807134504,1.72719575168941
382,9,Coronary,124.32618388738553,20.24865139873146
382,10,PV,2.23606797749979,0.6687941713164107
774,1,Myocardium,1.4142135623730951,0.5118443538958216
774,2,LA,2.0,0.7246375932309366
774,3,LV,1.4142135623730951,0.5494236849031443
774,4,RA,1.7320508075688772,0.6450934319138835
774,5,RV,3.7416573867739413,1.192312085457028
774,6,Aorta,2.0,0.6256401668851881
774,7,PA,4.58257569495584,1.3250398834826675
774,8,LAA,3.605551275463989,1.0640208282403643
774,9,Coronary,147.18695594379278,26.479886731905264
774,10,PV,6.4031242374328485,1.3178099635333125
423,1,Myocardium,1.7320508075688772,0.4918887586161922
423,2,LA,1.4142135623730951,0.5994413153885572
423,3,LV,1.0,0.37467808371998934
423,4,RA,1.0,0.3930361505664147
423,5,RV,3.4641016151377544,1.136041811799461
423,6,Aorta,2.0,0.6313120741967787
423,7,PA,3.4641016151377544,1.2428386650442471
423,8,LAA,7.483314773547883,1.7717673869188002
423,9,Coronary,147.22431864335456,27.237340328079807
423,10,PV,4.123105625617661,1.0486162959069265
82,1,Myocardium,1.4142135623730951,0.45189262268785985
82,2,LA,1.4142135623730951,0.5582998506960208
82,3,LV,1.0,0.3384890774296364
82,4,RA,1.4142135623730951,0.4203692606887648
82,5,RV,3.605551275463989,1.3877370967451617
82,6,Aorta,2.0,0.6673495943613639
82,7,PA,3.1622776601683795,1.0773878911005836
82,8,LAA,4.123105625617661,1.1999867926284786
82,9,Coronary,125.0,26.058631420018994
82,10,PV,6.4031242374328485,1.4297974114072225
780,1,Myocardium,2.0,0.5441241413290252
780,2,LA,1.4142135623730951,0.5934965836742677
780,3,LV,1.0,0.3913804767026131
780,4,RA,1.4142135623730951,0.6386161823317469
780,5,RV,3.605551275463989,1.2906167096634447
780,6,Aorta,2.8284271247461903,0.9320679706551442
780,7,PA,3.605551275463989,1.044636112183286
780,8,LAA,13.076696830622021,3.3472017051493923
780,9,Coronary,117.15374513859982,20.324394759882548
780,10,PV,2.8284271247461903,0.7243027818640169
888,1,Myocardium,2.0,0.5140854786432958
888,2,LA,1.4142135623730951,0.4972114521383074
888,3,LV,1.0,0.3686871595687828
888,4,RA,1.4142135623730951,0.4262189899743276
888,5,RV,4.123105625617661,1.1507692560519291
888,6,Aorta,2.0,0.5627658481456803
888,7,PA,4.358898943540674,1.2725292370072756
888,8,LAA,5.0,1.3039207984133947
888,9,Coronary,103.98557592281729,12.696128193569871
888,10,PV,4.242640687119285,0.9680251575377742
824,1,Myocardium,2.0,0.5637257728561729
824,2,LA,2.0,0.7306249984618906
824,3,LV,1.4142135623730951,0.4794911291627214
824,4,RA,1.4142135623730951,0.5976127149275035
824,5,RV,4.123105625617661,1.245888642241128
824,6,Aorta,2.0,0.6511292088024803
824,7,PA,3.7416573867739413,1.1811003320235964
824,8,LAA,10.392304845413264,2.750062128668747
824,9,Coronary,163.42888361608544,26.441883714851027
824,10,PV,4.123105625617661,0.9426659566924773
167,1,Myocardium,1.4142135623730951,0.4594266073030377
167,2,LA,1.4142135623730951,0.5319626398794881
167,3,LV,1.0,0.3123626825131911
167,4,RA,1.4142135623730951,0.5697025678802322
167,5,RV,3.1622776601683795,1.265627384812802
167,6,Aorta,2.0,0.6240257862780458
167,7,PA,4.242640687119285,1.1672095103589326
167,8,LAA,5.0,1.7692052735937072
167,9,Coronary,131.0953851209111,24.892126523272424
167,10,PV,3.0,0.867994000019001
692,1,Myocardium,1.4142135623730951,0.4998194069593197
692,2,LA,1.4142135623730951,0.5234867463454707
692,3,LV,1.0,0.33177007884585513
692,4,RA,1.0,0.38075336768321694
692,5,RV,3.605551275463989,1.1558038047905161
692,6,Aorta,2.0,0.7132805332364787
692,7,PA,3.4641016151377544,1.186011375725661
692,8,LAA,3.4641016151377544,1.0862456951397383
692,9,Coronary,134.17898494175606,30.11483685174848
692,10,PV,4.123105625617661,1.046295358122585
391,1,Myocardium,2.23606797749979,0.6859858615419232
391,2,LA,1.7320508075688772,0.5921501419548245
391,3,LV,1.4142135623730951,0.43021049877760487
391,4,RA,1.7320508075688772,0.6194479701711961
391,5,RV,3.605551275463989,1.4429469069401457
391,6,Aorta,2.0,0.6052780781262865
391,7,PA,3.7416573867739413,1.116301635561105
391,8,LAA,4.242640687119285,1.4118418242261077
391,9,Coronary,125.32358118087753,28.748303606082512
391,10,PV,3.1622776601683795,0.9412269108694651
520,1,Myocardium,1.7320508075688772,0.5007427469521164
520,2,LA,1.4142135623730951,0.4937073657387341
520,3,LV,1.0,0.3314310598353012
520,4,RA,1.4142135623730951,0.5764046756907715
520,5,RV,4.0,1.154172432125455
520,6,Aorta,2.0,0.7093768798111546
520,7,PA,4.0,1.2050769287815042
520,8,LAA,4.123105625617661,1.1013911468886697
520,9,Coronary,131.88631468048533,19.40461995408789
520,10,PV,2.23606797749979,0.6811423987107428
144,1,Myocardium,1.4142135623730951,0.4221436846162935
144,2,LA,1.4142135623730951,0.5446651473450879
144,3,LV,1.0,0.2920277507846596
144,4,RA,1.4142135623730951,0.6266086198644567
144,5,RV,3.605551275463989,1.2783725365117418
144,6,Aorta,2.0,0.7730534234901291
144,7,PA,3.605551275463989,1.1023370927297722
144,8,LAA,8.602325267042627,2.3851257903469407
144,9,Coronary,115.02173707608489,16.65942310163024
144,10,PV,2.449489742783178,0.7272301049604057
412,1,Myocardium,1.7320508075688772,0.5465773973538046
412,2,LA,1.4142135623730951,0.5189127208380371
412,3,LV,1.4142135623730951,0.4128806999485975
412,4,RA,1.4142135623730951,0.48398061649588126
412,5,RV,3.605551275463989,1.3479611399189932
412,6,Aorta,2.0,0.7797912097654291
412,7,PA,139.3197760549449,9.432421051783443
412,8,LAA,5.385164807134504,1.658562110190301
412,9,Coronary,130.05383500689243,24.118678347854868
412,10,PV,4.123105625617661,1.0339641902804468
792,1,Myocardium,2.449489742783178,0.6921767416808982
792,2,LA,1.4142135623730951,0.5303736230584355
792,3,LV,1.4142135623730951,0.4527947723845071
792,4,RA,1.4142135623730951,0.5414204497879891
792,5,RV,4.242640687119285,1.3712993422696358
792,6,Aorta,2.23606797749979,0.8400086165017013
792,7,PA,3.605551275463989,1.3491074565568533
792,8,LAA,7.280109889280518,1.4224882257454974
792,9,Coronary,117.46063170271135,16.090660558353417
792,10,PV,3.4641016151377544,0.9056936889723739
536,1,Myocardium,1.4142135623730951,0.47153235222496404
536,2,LA,1.4142135623730951,0.5430459559916077
536,3,LV,1.0,0.39252890177417926
536,4,RA,1.4142135623730951,0.4520630475957286
536,5,RV,3.3166247903554,1.2109213089897346
536,6,Aorta,2.0,0.6519291864088718
536,7,PA,4.358898943540674,1.153641292187039
536,8,LAA,8.06225774829855,2.9949013850880872
536,9,Coronary,127.1573827978541,28.123244428458023
536,10,PV,2.449489742783178,0.727552309175766
898,1,Myocardium,1.4142135623730951,0.48009978491108596
898,2,LA,1.4142135623730951,0.512921893800476
898,3,LV,1.0,0.3631523077509202
898,4,RA,1.4142135623730951,0.5210110172773044
898,5,RV,3.0,1.214254242110358
898,6,Aorta,2.0,0.6417855261477665
898,7,PA,3.1622776601683795,0.8955708075893241
898,8,LAA,4.69041575982343,1.4740163194200266
898,9,Coronary,117.9703352542494,21.95804786581696
898,10,PV,2.449489742783178,0.6467186445841597
139,1,Myocardium,2.0,0.5657090862637587
139,2,LA,1.4142135623730951,0.4757687998143417
139,3,LV,1.4142135623730951,0.47830638630750144
139,4,RA,1.4142135623730951,0.5543807869248738
139,5,RV,2.8284271247461903,0.9958094921489546
139,6,Aorta,2.0,0.6293188640320633
139,7,PA,3.3166247903554,1.1211752080220032
139,8,LAA,5.916079783099616,1.8509558492401597
139,9,Coronary,131.67004215082488,24.807837454141495
139,10,PV,2.23606797749979,0.6671784684416291
719,1,Myocardium,2.23606797749979,0.5758575150760294
719,2,LA,1.4142135623730951,0.5056450413103903
719,3,LV,1.4142135623730951,0.4234184266059412
719,4,RA,1.4142135623730951,0.4365216567728021
719,5,RV,4.898979485566356,1.191233940551885
719,6,Aorta,2.0,0.6692823081208847
719,7,PA,7.0710678118654755,1.688855778775098
719,8,LAA,4.0,1.0522231958362536
719,9,Coronary,96.6229786334493,19.011129687023676
719,10,PV,3.0,0.8498850084615559
612,1,Myocardium,1.7320508075688772,0.5616118132092843
612,2,LA,1.4142135623730951,0.4650198269705851
612,3,LV,1.4142135623730951,0.43332595832357257
612,4,RA,1.7320508075688772,0.6382745873283349
612,5,RV,3.0,0.9453643680966888
612,6,Aorta,2.0,0.6118488915839382
612,7,PA,3.3166247903554,3.297569300604238
612,8,LAA,9.0,2.8486080962035176
612,9,Coronary,130.51053597315428,19.93591981056945
612,10,PV,3.7416573867739413,0.8835876419619522
650,1,Myocardium,2.23606797749979,0.6152045053414084
650,2,LA,1.7320508075688772,0.6261327170685183
650,3,LV,1.0,0.28858269524795843
650,4,RA,1.7320508075688772,0.588320578137427
650,5,RV,3.1622776601683795,1.1876395439226315
650,6,Aorta,2.0,0.6068463644669883
650,7,PA,71.01408311032397,3.312602175466158
650,8,LAA,5.744562646538029,1.545254288537238
650,9,Coronary,137.0291939697523,30.425017628348265
650,10,PV,8.602325267042627,1.3203238471474341
600,1,Myocardium,2.8284271247461903,0.7097706714008796
600,2,LA,2.0,0.8131674345490397
600,3,LV,1.4142135623730951,0.39720203689396627
600,4,RA,1.4142135623730951,0.5858998831761
600,5,RV,4.58257569495584,1.4920758185363634
600,6,Aorta,2.0,0.711798799078634
600,7,PA,4.898979485566356,1.2606648515924639
600,8,LAA,7.0,1.460980470400511
600,9,Coronary,142.08800090085018,19.39636438009541
600,10,PV,4.242640687119285,1.037321308382941
113,1,Myocardium,1.7320508075688772,0.5418586764275115
113,2,LA,1.7320508075688772,0.6027252093136024
113,3,LV,1.0,0.3674555302915894
113,4,RA,1.4142135623730951,0.558680200719534
113,5,RV,3.605551275463989,1.2031669899022566
113,6,Aorta,2.0,0.6655210044758917
113,7,PA,5.744562646538029,1.7844294002928072
113,8,LAA,6.164414002968976,1.7463589076381139
113,9,Coronary,135.2959718543017,21.546485944163248
113,10,PV,7.874007874011811,1.5272932980898262
908,1,Myocardium,2.23606797749979,0.615567251291085
908,2,LA,2.0,0.7185508577339886
908,3,LV,1.0,0.38006546757974224
908,4,RA,1.7320508075688772,0.7080772076004811
908,5,RV,3.605551275463989,1.0281006511003983
908,6,Aorta,2.0,0.7579830498740834
908,7,PA,3.7416573867739413,1.1422530454087017
908,8,LAA,6.557438524302,2.1738725568201764
908,9,Coronary,121.41251994749142,19.364455537396204
908,10,PV,3.7416573867739413,0.8862163445725025
10,1,Myocardium,2.0,0.5141229050191128
10,2,LA,1.4142135623730951,0.4907373961070845
10,3,LV,1.4142135623730951,0.4052882823820366
10,4,RA,1.4142135623730951,0.6695264410134452
10,5,RV,4.0,1.0313771608349216
10,6,Aorta,2.0,0.5778500408154895
10,7,PA,5.0,1.3823836906587568
10,8,LAA,5.477225575051661,1.6111228460136706
10,9,Coronary,147.220922426128,29.62615981264284
10,10,PV,2.449489742783178,0.698544510464766
642,1,Myocardium,2.23606797749979,0.5894071941193126
642,2,LA,1.4142135623730951,0.4959597617312513
642,3,LV,1.0,0.3708451663906611
642,4,RA,1.4142135623730951,0.47656171042108464
642,5,RV,3.1622776601683795,0.9377953861788916
642,6,Aorta,2.0,0.6287844998901545
642,7,PA,4.123105625617661,1.2795367692564927
642,8,LAA,6.928203230275509,2.1071046172387504
642,9,Coronary,112.84502647436439,12.661608414094898
642,10,PV,2.23606797749979,0.7185543672161676
739,1,Myocardium,2.23606797749979,0.6469270447462994
739,2,LA,2.0,0.7288921395347434
739,3,LV,1.4142135623730951,0.4682966096613401
739,4,RA,1.7320508075688772,0.711431377249983
739,5,RV,4.0,1.1693335378861773
739,6,Aorta,2.0,0.6862793073348987
739,7,PA,6.4031242374328485,1.4499301309582053
739,8,LAA,5.0,1.369522450773125
739,9,Coronary,172.96820517077697,49.95830006568898
739,10,PV,5.0,0.9695297138114634
184,1,Myocardium,1.7320508075688772,0.5063264501603435
184,2,LA,1.4142135623730951,0.4453310473252081
184,3,LV,1.4142135623730951,0.3641588821862733
184,4,RA,1.4142135623730951,0.5199880679613316
184,5,RV,3.4641016151377544,1.1969433789712676
184,6,Aorta,2.0,0.6406489632506276
184,7,PA,4.123105625617661,1.0865955830469047
184,8,LAA,7.810249675906654,2.524397363910903
184,9,Coronary,126.31310304160847,22.095518084427518
184,10,PV,3.1622776601683795,1.0196256636708982
118,1,Myocardium,2.0,0.5583659389527846
118,2,LA,1.7320508075688772,0.5621408954091742
118,3,LV,1.4142135623730951,0.5015947589436023
118,4,RA,1.4142135623730951,0.47381382994552473
118,5,RV,3.4641016151377544,1.201501129568613
118,6,Aorta,2.0,0.6468200038115657
118,7,PA,5.196152422706632,1.5120258107066533
118,8,LAA,6.557438524302,2.6076118286744148
118,9,Coronary,153.0294089382822,26.23193788672686
118,10,PV,2.8284271247461903,0.9330324272946249
180,1,Myocardium,2.0,0.5500305608821977
180,2,LA,1.4142135623730951,0.4716008116035373
180,3,LV,1.0,0.36261279398461943
180,4,RA,1.4142135623730951,0.5273989041019186
180,5,RV,3.605551275463989,1.2038809484854984
180,6,Aorta,2.0,0.63708009989159
180,7,PA,4.123105625617661,1.2739147698360824
180,8,LAA,4.358898943540674,1.435799139455237
180,9,Coronary,128.30042868205857,30.41898666964016
180,10,PV,3.0,0.9356242422296543
416,1,Myocardium,1.7320508075688772,0.49670841018149503
416,2,LA,1.4142135623730951,0.5352226826868589
416,3,LV,1.4142135623730951,0.39128062659834884
416,4,RA,1.4142135623730951,0.5309907569936415
416,5,RV,4.123105625617661,1.0347154346904484
416,6,Aorta,2.0,0.6710984560817496
416,7,PA,82.46817568007674,3.819007271711837
416,8,LAA,5.385164807134504,1.7153535400531694
416,9,Coronary,134.510222659841,19.85280981581615
416,10,PV,5.477225575051661,1.0058516295982998
661,1,Myocardium,1.7320508075688772,0.5528220318045529
661,2,LA,2.23606797749979,0.7384770529907881
661,3,LV,1.4142135623730951,0.5379358665430403
661,4,RA,2.0,0.8266316315922753
661,5,RV,4.0,1.2605159639281398
661,6,Aorta,2.0,0.7182436023124379
661,7,PA,4.123105625617661,1.2989144533683004
661,8,LAA,14.352700094407323,4.028186114858999
661,9,Coronary,112.48999955551605,24.618267713515543
661,10,PV,8.602325267042627,1.2980119256370752
812,1,Myocardium,1.7320508075688772,0.5216277846328585
812,2,LA,1.4142135623730951,0.5436747257964316
812,3,LV,1.4142135623730951,0.44886416396995593
812,4,RA,1.4142135623730951,0.5453857230466729
812,5,RV,4.898979485566356,1.4811240225215276
812,6,Aorta,2.0,0.6218509963310244
812,7,PA,3.605551275463989,1.0034094204038921
812,8,LAA,4.69041575982343,1.6948999387309271
812,9,Coronary,76.90253571892151,9.80164489622346
812,10,PV,2.449489742783178,0.7773922927007907
618,1,Myocardium,1.4142135623730951,0.5266835865683266
618,2,LA,1.4142135623730951,0.6145389297911648
618,3,LV,1.4142135623730951,0.4563716907429822
618,4,RA,1.4142135623730951,0.4193530118746585
618,5,RV,4.898979485566356,1.6535082390973335
618,6,Aorta,2.0,0.5927532801786488
618,7,PA,5.830951894845301,1.542183742849657
618,8,LAA,3.605551275463989,1.2626548199356966
618,9,Coronary,129.40247292845683,24.193388404909097
618,10,PV,4.123105625617661,1.0970763671653647
103,1,Myocardium,1.7320508075688772,0.5354457122452492
103,2,LA,2.0,0.6404331553501235
103,3,LV,1.4142135623730951,0.42158937385986384
103,4,RA,1.4142135623730951,0.5923518844206099
103,5,RV,3.605551275463989,1.2635595044858445
103,6,Aorta,2.0,0.6670286695691113
103,7,PA,4.898979485566356,1.237545695781602
103,8,LAA,3.1622776601683795,0.9440699221367757
103,9,Coronary,160.50233643159217,38.01581834095215
103,10,PV,5.656854249492381,1.2792377042959278
57,1,Myocardium,1.4142135623730951,0.44758793731093427
57,2,LA,1.4142135623730951,0.5254120882051041
57,3,LV,1.0,0.3168566762959125
57,4,RA,1.4142135623730951,0.5734930934394966
57,5,RV,3.1622776601683795,1.229471856654877
57,6,Aorta,2.0,0.630245717349825
57,7,PA,4.242640687119285,1.23063686826421
57,8,LAA,5.830951894845301,1.535161509040307
57,9,Coronary,122.10241602851272,21.560321377148775
57,10,PV,3.0,0.7413930404941921
649,1,Myocardium,2.0,0.5487594736876216
649,2,LA,1.4142135623730951,0.5801526168065052
649,3,LV,1.4142135623730951,0.45154758290985075
649,4,RA,1.4142135623730951,0.5220023669819671
649,5,RV,3.605551275463989,1.322925529713687
649,6,Aorta,2.0,0.6358524271378545
649,7,PA,4.123105625617661,1.2159648665287706
649,8,LAA,3.7416573867739413,1.1841869420829223
649,9,Coronary,139.17614738165446,21.550575629990387
649,10,PV,3.0,0.8859619514544017
903,1,Myocardium,2.0,0.5356183032050874
903,2,LA,1.4142135623730951,0.5683763707468243
903,3,LV,1.0,0.37475631323999625
903,4,RA,1.4142135623730951,0.612648509826839
903,5,RV,3.3166247903554,1.223000000717236
903,6,Aorta,2.0,0.6936328479236611
903,7,PA,3.1622776601683795,1.0511474791533932
903,8,LAA,4.123105625617661,1.2349776739606448
903,9,Coronary,144.24285077604367,24.28004803250637
903,10,PV,2.23606797749979,0.7156333273524388
749,1,Myocardium,2.0,0.6729842555787923
749,2,LA,1.7320508075688772,0.6373114105481943
749,3,LV,1.4142135623730951,0.49609315859370196
749,4,RA,1.4142135623730951,0.5138474014387026
749,5,RV,4.123105625617661,1.2503517934655313
749,6,Aorta,2.0,0.5947850888015929
749,7,PA,4.47213595499958,1.4284736377409646
749,8,LAA,5.0,1.3730648102241938
749,9,Coronary,139.64956140282,30.56844808326931
749,10,PV,3.1622776601683795,0.8330210697577536
360,1,Myocardium,1.4142135623730951,0.510893304781486
360,2,LA,1.4142135623730951,0.5366975786183886
360,3,LV,1.0,0.35243189082283743
360,4,RA,1.4142135623730951,0.3989681714251468
360,5,RV,4.123105625617661,1.4308753015958646
360,6,Aorta,2.0,0.6600019068171917
360,7,PA,5.0,1.277806635040755
360,8,LAA,5.477225575051661,1.6449982203704483
360,9,Coronary,136.31580979475564,24.91208551063781
360,10,PV,5.385164807134504,1.2579820010964746
467,1,Myocardium,1.7320508075688772,0.4951158233026689
467,2,LA,1.4142135623730951,0.5751891206076165
467,3,LV,1.4142135623730951,0.3969736071961987
467,4,RA,1.0,0.3496886242735254
467,5,RV,4.123105625617661,1.246908244613914
467,6,Aorta,2.0,0.6471103262155963
467,7,PA,7.0710678118654755,1.5548976789587852
467,8,LAA,6.4031242374328485,1.7630835925379578
467,9,Coronary,143.68368035375485,26.10622024924279
467,10,PV,2.8284271247461903,0.7327762090265326
981,1,Myocardium,2.23606797749979,0.5796430857761472
981,2,LA,1.4142135623730951,0.4514726045606847
981,3,LV,1.4142135623730951,0.4032575903234729
981,4,RA,1.4142135623730951,0.5197090277467519
981,5,RV,5.0990195135927845,1.52261792880316
981,6,Aorta,2.0,0.7163905637273635
981,7,PA,5.0,1.3711205261319739
981,8,LAA,3.0,1.1506529151986606
981,9,Coronary,137.17871555019022,21.6801276793153
981,10,PV,5.196152422706632,1.068408481902736
384,1,Myocardium,2.0,0.599158353211063
384,2,LA,1.4142135623730951,0.4699255027071054
384,3,LV,1.0,0.3095789666990437
384,4,RA,1.4142135623730951,0.5370733035186246
384,5,RV,4.242640687119285,1.5639867429927765
384,6,Aorta,2.0,0.6060754660454564
384,7,PA,5.744562646538029,1.4999596043493144
384,8,LAA,4.47213595499958,1.4909169395344644
384,9,Coronary,148.4048516727132,26.89275049678108
384,10,PV,4.0,1.0442854170582119
345,1,Myocardium,2.0,0.5659283567738285
345,2,LA,1.7320508075688772,0.5961254189259366
345,3,LV,1.4142135623730951,0.43818149946628365
345,4,RA,1.4142135623730951,0.5108093149779055
345,5,RV,3.605551275463989,1.067645523155283
345,6,Aorta,2.0,0.6347164366829214
345,7,PA,3.3166247903554,1.0643794579080215
345,8,LAA,3.7416573867739413,1.1435847720108965
345,9,Coronary,106.27323275406654,9.28070242790781
345,10,PV,5.196152422706632,0.9084474273329612
681,1,Myocardium,2.0,0.6325593589450118
681,2,LA,1.4142135623730951,0.5901444380736187
681,3,LV,1.4142135623730951,0.5012534343693488
681,4,RA,1.7320508075688772,0.5630284962669657
681,5,RV,4.358898943540674,1.3466115938368852
681,6,Aorta,2.0,0.6650179119271364
681,7,PA,5.0,1.4264409756502072
681,8,LAA,3.4641016151377544,1.2731432260102196
681,9,Coronary,148.67750334196495,31.684135745769492
681,10,PV,3.7416573867739413,1.0341941147877245
593,1,Myocardium,2.0,0.5024653567013462
593,2,LA,1.4142135623730951,0.6014432007675099
593,3,LV,1.0,0.3603786981990273
593,4,RA,1.4142135623730951,0.5629956021418602
593,5,RV,3.0,0.9025855534863791
593,6,Aorta,2.0,0.6606444893179318
593,7,PA,3.605551275463989,0.9080266727436526
593,8,LAA,5.916079783099616,1.9583474518438937
593,9,Coronary,133.843191832831,23.051442654856118
593,10,PV,2.8284271247461903,0.6972179602750295
662,1,Myocardium,1.4142135623730951,0.5137473502844121
662,2,LA,1.4142135623730951,0.4823537272506041
662,3,LV,1.0,0.37720401244528967
662,4,RA,1.4142135623730951,0.44559777323501204
662,5,RV,4.69041575982343,1.659875482502452
662,6,Aorta,2.0,0.6739058335175198
662,7,PA,3.3166247903554,1.1443780497086053
662,8,LAA,3.605551275463989,1.2774081579746355
662,9,Coronary,134.98148021117564,24.64640914578303
662,10,PV,3.0,0.9001315857436942
819,1,Myocardium,2.0,0.5558167313399336
819,2,LA,1.4142135623730951,0.4263295063562357
819,3,LV,1.4142135623730951,0.4085430842078943
819,4,RA,1.4142135623730951,0.611007663450008
819,5,RV,4.358898943540674,1.1060509220376495
819,6,Aorta,2.0,0.6248100325218695
819,7,PA,4.898979485566356,1.2871990180533004
819,8,LAA,4.358898943540674,1.36785488069986
819,9,Coronary,30.364452901377952,3.4792654576628035
819,10,PV,4.242640687119285,0.8532464324722477
701,1,Myocardium,1.4142135623730951,0.4883897801571049
701,2,LA,1.4142135623730951,0.48312745533426027
701,3,LV,1.4142135623730951,0.42073051226678804
701,4,RA,1.7320508075688772,0.62898824157433
701,5,RV,5.0,1.4245087895312882
701,6,Aorta,2.0,0.7558097619653633
701,7,PA,7.3484692283495345,1.6147161445465077
701,8,LAA,4.47213595499958,1.2739070497519658
701,9,Coronary,152.80706789936124,28.259844451990137
701,10,PV,4.0,1.016498561448297
221,1,Myocardium,2.0,0.5931954018772831
221,2,LA,1.4142135623730951,0.555433598405026
221,3,LV,1.4142135623730951,0.4144695729395398
221,4,RA,1.4142135623730951,0.6516075653136075
221,5,RV,5.0990195135927845,1.3455104907053348
221,6,Aorta,2.0,0.6365584159929853
221,7,PA,3.7416573867739413,1.2135965941987836
221,8,LAA,4.242640687119285,1.1426112286593066
221,9,Coronary,160.78246173012778,28.519071424225775
221,10,PV,3.1622776601683795,0.9776851991523721
816,1,Myocardium,1.7320508075688772,0.5499639441546565
816,2,LA,2.0,0.6371812769336118
816,3,LV,1.4142135623730951,0.40396182720865803
816,4,RA,1.4142135623730951,0.6286909329278896
816,5,RV,4.123105625617661,1.3626360960933424
816,6,Aorta,2.0,0.6480861503166175
816,7,PA,7.0710678118654755,1.6980642268171349
816,8,LAA,3.7416573867739413,1.2509469451321098
816,9,Coronary,148.50252523105456,25.308726801408387
816,10,PV,5.0,1.1915038983840882
119,1,Myocardium,1.4142135623730951,0.42354832656841335
119,2,LA,1.4142135623730951,0.5776360324811347
119,3,LV,1.0,0.3530344901584594
119,4,RA,1.0,0.35394328669474096
119,5,RV,3.7416573867739413,1.2253873298228162
119,6,Aorta,2.0,0.7190727824796632
119,7,PA,3.605551275463989,1.0967081066068431
119,8,LAA,7.0710678118654755,2.98881090074262
119,9,Coronary,118.5833040524677,24.6722522107466
119,10,PV,2.8284271247461903,0.9335145591275933
758,1,Myocardium,2.0,0.5815688410711932
758,2,LA,1.0,0.3961944537299379
758,3,LV,1.4142135623730951,0.44688515841037124
758,4,RA,2.0,0.7578484297926069
758,5,RV,4.47213595499958,1.5714853525149406
758,6,Aorta,2.0,0.6278692367758765
758,7,PA,4.242640687119285,1.2382298157095382
758,8,LAA,4.47213595499958,1.478759579001951
758,9,Coronary,145.60219778561037,21.88727376216576
758,10,PV,4.242640687119285,0.9573680506606541
582,1,Myocardium,2.0,0.6733431850555739
582,2,LA,2.0,0.6282245828734463
582,3,LV,1.4142135623730951,0.45190967963583706
582,4,RA,1.4142135623730951,0.5435189274802419
582,5,RV,4.69041575982343,1.6714212948126295
582,6,Aorta,2.0,0.7389017489804633
582,7,PA,143.63147287415805,12.421792326980466
582,8,LAA,3.0,1.0975852933838968
582,9,Coronary,164.67240205936147,34.290452398768
582,10,PV,5.196152422706632,1.6058787717922942
806,1,Myocardium,1.4142135623730951,0.5292784232566147
806,2,LA,1.4142135623730951,0.4838655516182843
806,3,LV,1.0,0.33278107308901356
806,4,RA,1.4142135623730951,0.5422715157555151
806,5,RV,3.0,1.0588349231475886
806,6,Aorta,2.0,0.6516894828710424
806,7,PA,4.69041575982343,1.3163231168781067
806,8,LAA,7.14142842854285,1.8472053987826977
806,9,Coronary,131.21356637177422,17.51806184505329
806,10,PV,2.449489742783178,0.768935615036157
926,1,Myocardium,2.8284271247461903,0.8302798008789631
926,2,LA,1.7320508075688772,0.5465151603706333
926,3,LV,2.0,0.6085015946197674
926,4,RA,1.4142135623730951,0.47294148001555814
926,5,RV,4.58257569495584,1.446872998105203
926,6,Aorta,2.0,0.6566253706782645
926,7,PA,6.164414002968976,1.5369191736250243
926,8,LAA,5.196152422706632,1.516856401809724
926,9,Coronary,146.1437648344944,27.3299618844582
926,10,PV,4.47213595499958,1.1034974879914596
963,1,Myocardium,2.0,0.5693706155934993
963,2,LA,1.4142135623730951,0.5620641712487777
963,3,LV,1.4142135623730951,0.3829290939966051
963,4,RA,1.4142135623730951,0.5495749826254903
963,5,RV,3.605551275463989,1.1279671486682927
963,6,Aorta,2.0,0.7225361465137898
963,7,PA,8.54400374531753,1.6268764670947935
963,8,LAA,5.0,1.4242520696896404
963,9,Coronary,131.85598204101322,27.992434256905838
963,10,PV,2.449489742783178,0.7450021128675433
164,1,Myocardium,2.0,0.5936353351605501
164,2,LA,1.4142135623730951,0.6202019375361739
164,3,LV,1.4142135623730951,0.41034994523377977
164,4,RA,1.4142135623730951,0.4452850180679998
164,5,RV,3.3166247903554,1.2741333948537532
164,6,Aorta,2.0,0.609627645951876
164,7,PA,5.744562646538029,1.3647941496616982
164,8,LAA,3.4641016151377544,1.028731534426585
164,9,Coronary,142.57980221616245,23.075308282794573
164,10,PV,3.1622776601683795,0.9888866778777239
95,1,Myocardium,1.7320508075688772,0.5209748288994548
95,2,LA,1.4142135623730951,0.4306674935493132
95,3,LV,1.0,0.3589662192541384
95,4,RA,1.4142135623730951,0.4423659005949856
95,5,RV,4.242640687119285,1.2109320113086384
95,6,Aorta,2.0,0.6328055489037898
95,7,PA,3.3166247903554,1.0228604307426648
95,8,LAA,3.7416573867739413,1.1006876932679708
95,9,Coronary,145.2618325645109,25.725578115399706
95,10,PV,3.7416573867739413,0.9300034224565787
343,1,Myocardium,1.7320508075688772,0.5809878874849164
343,2,LA,2.0,0.6397883729568602
343,3,LV,1.4142135623730951,0.4223685060702976
343,4,RA,1.7320508075688772,0.7674756406727334
343,5,RV,3.1622776601683795,1.3830562228153815
343,6,Aorta,2.0,0.7329671685531681
343,7,PA,3.3166247903554,1.0157661741805635
343,8,LAA,5.916079783099616,1.6992656476479129
343,9,Coronary,123.05283418109475,22.90579217885137
343,10,PV,3.4641016151377544,0.9620219322371829
847,1,Myocardium,1.7320508075688772,0.511095022733242
847,2,LA,1.4142135623730951,0.5144604650013951
847,3,LV,1.4142135623730951,0.3951096883386894
847,4,RA,1.4142135623730951,0.6126669575744226
847,5,RV,4.358898943540674,1.134641876980154
847,6,Aorta,2.0,0.6165580352209696
847,7,PA,6.782329983125268,4.115375520489709
847,8,LAA,4.123105625617661,1.534102387406569
847,9,Coronary,137.48454458592792,17.2233926760664
847,10,PV,4.123105625617661,0.9717899626943693
163,1,Myocardium,1.7320508075688772,0.5159925839894144
163,2,LA,1.4142135623730951,0.5104942918743266
163,3,LV,1.4142135623730951,0.41584770153989203
163,4,RA,1.4142135623730951,0.5203720725696654
163,5,RV,4.0,1.2059427434846586
163,6,Aorta,2.0,0.6159249064703554
163,7,PA,4.242640687119285,1.2565848937303756
163,8,LAA,5.0,1.577159266388319
163,9,Coronary,134.79985163196582,26.772103834028062
163,10,PV,3.0,0.9062580891501402
177,1,Myocardium,1.4142135623730951,0.42871999506328806
177,2,LA,1.7320508075688772,0.6692473048355733
177,3,LV,1.0,0.3554633042580489
177,4,RA,1.4142135623730951,0.5748350929633602
177,5,RV,4.123105625617661,1.566764707989234
177,6,Aorta,2.0,0.6684022386616583
177,7,PA,4.69041575982343,1.275347949218301
177,8,LAA,13.30413469565007,2.148047662785811
177,9,Coronary,119.75808949711914,26.407070448729954
177,10,PV,2.449489742783178,0.7746717878629445
613,1,Myocardium,1.7320508075688772,0.47976875810652014
613,2,LA,1.4142135623730951,0.4714162866412933
613,3,LV,1.0,0.33196369799017794
613,4,RA,1.7320508075688772,0.6115800193121295
613,5,RV,4.242640687119285,1.436589919634881
613,6,Aorta,2.0,0.6222218467721979
613,7,PA,3.4641016151377544,1.0195339501849245
613,8,LAA,5.477225575051661,1.6751715570017827
613,9,Coronary,128.26145173044003,29.928063722943406
613,10,PV,3.0,0.9052409564817206
36,1,Myocardium,1.4142135623730951,0.5150374174848484
36,2,LA,2.0,0.7040159392647718
36,3,LV,1.4142135623730951,0.44145820514891054
36,4,RA,1.0,0.3626254795593913
36,5,RV,3.7416573867739413,1.1666788132093457
36,6,Aorta,2.0,0.6148241740514303
36,7,PA,65.86349520030045,3.958704204255555
36,8,LAA,5.656854249492381,1.7924533177024142
36,9,Coronary,124.93998559308385,18.531336428237047
36,10,PV,3.1622776601683795,0.9392897851859093
195,1,Myocardium,2.0,0.5558496897156592
195,2,LA,1.4142135623730951,0.570077500679395
195,3,LV,1.0,0.33900075497575644
195,4,RA,1.4142135623730951,0.4430192793004122
195,5,RV,4.898979485566356,1.058631759694955
195,6,Aorta,2.0,0.6299394511739009
195,7,PA,4.242640687119285,1.161826309373391
195,8,LAA,6.0,1.4957211431292157
195,9,Coronary,131.01144988129855,23.20831438239512
195,10,PV,7.0,1.274570292016483
132,1,Myocardium,2.0,0.5143905130362677
132,2,LA,1.4142135623730951,0.512114649607297
132,3,LV,1.0,0.33722828438540564
132,4,RA,1.4142135623730951,0.5115367776787139
132,5,RV,3.0,0.9705392493480725
132,6,Aorta,2.0,0.7032413875039719
132,7,PA,3.7416573867739413,1.063165948341383
132,8,LAA,5.0,1.9182632937138064
132,9,Coronary,138.88484438555562,27.85810164054873
132,10,PV,4.123105625617661,0.9375147701541489
348,1,Myocardium,1.7320508075688772,0.6059272948180866
348,2,LA,1.7320508075688772,0.59087109811307
348,3,LV,1.4142135623730951,0.3986904548312447
348,4,RA,1.4142135623730951,0.5326112139220749
348,5,RV,3.7416573867739413,1.2802048653938267
348,6,Aorta,2.0,0.6776467124460201
348,7,PA,5.830951894845301,1.3949534846288523
348,8,LAA,6.708203932499369,1.252727974371139
348,9,Coronary,153.50895739337167,27.43254311345891
348,10,PV,3.3166247903554,1.0160618287332037
175,1,Myocardium,2.0,0.527207428604417
175,2,LA,1.4142135623730951,0.5210944677008591
175,3,LV,1.4142135623730951,0.5287935362388106
175,4,RA,1.4142135623730951,0.48510525834633667
175,5,RV,4.0,1.0840866162975245
175,6,Aorta,2.0,0.6837134526634796
175,7,PA,5.0,1.3095938757893366
175,8,LAA,11.704699910719626,1.9642697811365561
175,9,Coronary,148.98657657654934,24.62901310655057
175,10,PV,2.8284271247461903,0.8693239348265005
181,1,Myocardium,2.449489742783178,0.7185265489798291
181,2,LA,2.0,0.6548717729344466
181,3,LV,1.7320508075688772,0.5224165687601985
181,4,RA,1.4142135623730951,0.44382148121593507
181,5,RV,2.8284271247461903,0.8633213547461127
181,6,Aorta,2.0,0.7306701450151614
181,7,PA,61.38403701289123,4.803132723609184
181,8,LAA,5.196152422706632,1.7396362463452641
181,9,Coronary,137.65899897936205,22.465462934534983
181,10,PV,4.123105625617661,1.1248484415023294
854,1,Myocardium,1.4142135623730951,0.4774752872414243
854,2,LA,1.4142135623730951,0.38543839463598234
854,3,LV,1.4142135623730951,0.390490918871204
854,4,RA,1.4142135623730951,0.44692361513132156
854,5,RV,3.605551275463989,1.297614778687698
854,6,Aorta,2.0,0.6188819730484638
854,7,PA,3.0,0.8965777361857509
854,8,LAA,9.899494936611665,2.7579543056457743
854,9,Coronary,110.95945205344158,15.106282668053737
854,10,PV,3.1622776601683795,0.8215525790092583
550,1,Myocardium,2.0,0.5814221591946807
550,2,LA,1.7320508075688772,0.6272670399810854
550,3,LV,1.0,0.35996307381009973
550,4,RA,1.4142135623730951,0.4362735991406398
550,5,RV,4.0,1.2314681689646565
550,6,Aorta,2.0,0.7091075986294217
550,7,PA,3.0,1.0162626683989002
550,8,LAA,7.483314773547883,2.4776392870349957
550,9,Coronary,134.43585831168707,45.062196990938524
550,10,PV,2.23606797749979,0.6415983360323163
170,1,Myocardium,2.23606797749979,0.6671600501112068
170,2,LA,1.4142135623730951,0.5673520654580155
170,3,LV,1.4142135623730951,0.49962957346416936
170,4,RA,2.0,0.7522787764340806
170,5,RV,5.0,1.8352244797819277
170,6,Aorta,2.23606797749979,0.8042616298338584
170,7,PA,5.385164807134504,1.2045118166303106
170,8,LAA,7.280109889280518,2.069420839780313
170,9,Coronary,111.66915420114903,19.167453676284463
170,10,PV,3.605551275463989,0.9208025806562825
901,1,Myocardium,2.23606797749979,0.6765180773402504
901,2,LA,2.0,0.7460727523626132
901,3,LV,1.0,0.3500554262767499
901,4,RA,1.7320508075688772,0.6518524177819662
901,5,RV,3.1622776601683795,1.1409953501857686
901,6,Aorta,2.0,0.696736403043216
901,7,PA,2.8284271247461903,1.179508283332206
901,8,LAA,8.602325267042627,2.097934072787932
901,9,Coronary,136.65284482951682,29.362120667504282
901,10,PV,5.656854249492381,1.0968995200677896
561,1,Myocardium,2.0,0.5814512046768183
561,2,LA,1.4142135623730951,0.43173512146150195
561,3,LV,1.4142135623730951,0.4161112924944234
561,4,RA,1.4142135623730951,0.5988472174555657
561,5,RV,3.605551275463989,1.1630575729323036
561,6,Aorta,2.23606797749979,0.7893475884495154
561,7,PA,3.3166247903554,1.0945648288543213
561,8,LAA,5.0,1.4545994899628423
561,9,Coronary,118.1397477566293,16.148177253118135
561,10,PV,3.4641016151377544,0.9006239204440785
38,1,Myocardium,1.4142135623730951,0.47861799950669737
38,2,LA,1.4142135623730951,0.5948747732571239
38,3,LV,1.4142135623730951,0.41974139151104095
38,4,RA,1.4142135623730951,0.5331994641061996
38,5,RV,4.242640687119285,1.3548361085113232
38,6,Aorta,2.0,0.6440096096355465
38,7,PA,4.242640687119285,1.2538173936567418
38,8,LAA,15.297058540778355,2.634169579859907
38,9,Coronary,128.41339493993607,33.81622098298835
38,10,PV,3.605551275463989,0.9532604015532739
544,1,Myocardium,1.4142135623730951,0.4976424171034096
544,2,LA,2.0,0.7183717039554622
544,3,LV,1.4142135623730951,0.4347573254452068
544,4,RA,1.4142135623730951,0.5598400369272218
544,5,RV,3.1622776601683795,1.1559379922360633
544,6,Aorta,2.0,0.6238310562895841
544,7,PA,4.898979485566356,1.2540666622091354
544,8,LAA,3.605551275463989,1.1945695059039858
544,9,Coronary,134.55482154125878,21.99296493095976
544,10,PV,4.123105625617661,0.9314972076186288
733,1,Myocardium,2.8284271247461903,0.7644303703118608
733,2,LA,1.7320508075688772,0.6270858610849956
733,3,LV,1.4142135623730951,0.5068567467216509
733,4,RA,2.0,0.7622299947241686
733,5,RV,5.0,1.5634340608776127
733,6,Aorta,2.0,0.7336998175452992
733,7,PA,4.123105625617661,1.1903274473147585
733,8,LAA,4.47213595499958,1.3890803102085463
733,9,Coronary,91.23595782365635,15.918839743540403
733,10,PV,6.557438524302,1.0421360388263692
385,1,Myocardium,1.7320508075688772,0.5321012264280437
385,2,LA,1.4142135623730951,0.5757635070674005
385,3,LV,1.4142135623730951,0.44165706087794265
385,4,RA,1.4142135623730951,0.41982349811948927
385,5,RV,3.7416573867739413,1.1747880060970548
385,6,Aorta,2.0,0.5779272733860564
385,7,PA,4.0,1.2192109066469303
385,8,LAA,6.0,1.547920466798565
385,9,Coronary,145.58159224297555,24.355075821738325
385,10,PV,6.0,1.311493558827011
767,1,Myocardium,2.0,0.5591431676319163
767,2,LA,1.7320508075688772,0.5227483067452983
767,3,LV,1.4142135623730951,0.48371577097298213
767,4,RA,1.7320508075688772,0.6680129256761804
767,5,RV,3.7416573867739413,1.2912531293189766
767,6,Aorta,2.0,0.6197466627008326
767,7,PA,3.7416573867739413,1.1464218570947682
767,8,LAA,5.0,1.5184578485112434
767,9,Coronary,139.04675472660267,22.783530820006163
767,10,PV,3.3166247903554,0.8724241301759672
89,1,Myocardium,1.4142135623730951,0.498618353611697
89,2,LA,1.7320508075688772,0.6849975835705546
89,3,LV,1.4142135623730951,0.45828064488174025
89,4,RA,1.7320508075688772,0.7018951285601938
89,5,RV,4.123105625617661,1.5551295433600272
89,6,Aorta,2.0,0.6039200430995311
89,7,PA,4.123105625617661,1.2739519313371703
89,8,LAA,5.385164807134504,1.5463819967626535
89,9,Coronary,127.72626981165621,25.015625611963895
89,10,PV,3.3166247903554,1.0295444097846953
196,1,Myocardium,1.4142135623730951,0.4542864802574266
196,2,LA,1.4142135623730951,0.4321761412453783
196,3,LV,1.0,0.3115665924484483
196,4,RA,1.0,0.3307389215566625
196,5,RV,4.0,1.2105411271466089
196,6,Aorta,2.0,0.6959279388313666
196,7,PA,5.0990195135927845,1.516245083267394
196,8,LAA,6.164414002968976,1.6858103372049795
196,9,Coronary,141.44256784999345,20.450638743812117
196,10,PV,3.1622776601683795,0.8171509278124681
332,1,Myocardium,1.4142135623730951,0.48946323831300387
332,2,LA,1.4142135623730951,0.5865076640248199
332,3,LV,1.4142135623730951,0.4827975575582112
332,4,RA,1.0,0.3705557138711645
332,5,RV,3.1622776601683795,0.937667014212336
332,6,Aorta,2.0,0.6146401062023907
332,7,PA,4.242640687119285,1.195145828095101
332,8,LAA,4.0,1.0693955534629749
332,9,Coronary,135.9190935814391,37.82449588728152
332,10,PV,3.605551275463989,1.0056579254715272
72,1,Myocardium,1.4142135623730951,0.44484397512054474
72,2,LA,1.4142135623730951,0.6142468412528668
72,3,LV,1.0,0.3689167995864382
72,4,RA,1.4142135623730951,0.6046791558084232
72,5,RV,3.605551275463989,1.0359309611951573
72,6,Aorta,2.0,0.6659924598541718
72,7,PA,3.605551275463989,1.1740044979117554
72,8,LAA,3.7416573867739413,1.1894189384552252
72,9,Coronary,128.72839624573905,19.283889530632685
72,10,PV,3.0,0.8388267608167659
559,1,Myocardium,2.0,0.6185080471199202
559,2,LA,1.4142135623730951,0.48998072494505174
559,3,LV,1.4142135623730951,0.4434527899861813
559,4,RA,1.4142135623730951,0.44626556880365126
559,5,RV,3.4641016151377544,0.9897742325787213
559,6,Aorta,2.0,0.6133108324903029
559,7,PA,4.123105625617661,1.195121671146317
559,8,LAA,4.0,1.1347151492311036
559,9,Coronary,131.30498848101698,22.652483622501233
559,10,PV,3.0,0.9683032192914214
607,1,Myocardium,2.23606797749979,0.5800730326619463
607,2,LA,2.0,0.6804343880304875
607,3,LV,1.4142135623730951,0.44142772399451047
607,4,RA,1.4142135623730951,0.4113748030665026
607,5,RV,3.605551275463989,1.1500884180257156
607,6,Aorta,2.0,0.7107283513546265
607,7,PA,3.3166247903554,0.9335471513626723
607,8,LAA,4.898979485566356,1.5561995429609654
607,9,Coronary,135.7976435730753,37.34234418496937
607,10,PV,3.0,0.8073299352414745
358,1,Myocardium,1.7320508075688772,0.49327117247279506
358,2,LA,1.4142135623730951,0.5027196819303117
358,3,LV,1.4142135623730951,0.36316198956207557
358,4,RA,1.7320508075688772,0.7667959801361894
358,5,RV,4.242640687119285,1.2557095563172331
358,6,Aorta,2.0,0.6504841458882711
358,7,PA,4.242640687119285,1.097763988988285
358,8,LAA,5.385164807134504,1.557562828327908
358,9,Coronary,134.29445260322558,22.00037589819724
358,10,PV,4.123105625617661,0.9071336059728241
656,1,Myocardium,1.7320508075688772,0.5041109359898749
656,2,LA,1.0,0.388613613438044
656,3,LV,1.4142135623730951,0.406584208332874
656,4,RA,1.4142135623730951,0.47406413847251827
656,5,RV,3.3166247903554,1.1539029123185447
656,6,Aorta,2.0,0.6765409187098896
656,7,PA,4.123105625617661,3.592382067665326
656,8,LAA,5.0,1.6324352009575964
656,9,Coronary,139.84634424968,27.098646725206592
656,10,PV,3.0,0.8827582757622248
3,1,Myocardium,1.4142135623730951,0.441739813970363
3,2,LA,1.7320508075688772,0.5851178837291205
3,3,LV,1.4142135623730951,0.42292636341722734
3,4,RA,1.4142135623730951,0.5612655446105574
3,5,RV,3.605551275463989,1.0670341412645579
3,6,Aorta,2.0,0.6314737917565298
3,7,PA,3.0,1.0292587097564962
3,8,LAA,4.123105625617661,1.5999654345289485
3,9,Coronary,133.39415279539054,24.790394112539083
3,10,PV,2.8284271247461903,0.7881676155157604
213,1,Myocardium,1.7320508075688772,0.526348625836706
213,2,LA,1.4142135623730951,0.6386454517729839
213,3,LV,1.4142135623730951,0.3951448763801362
213,4,RA,1.4142135623730951,0.533075719088139
213,5,RV,3.605551275463989,1.1931430968246506
213,6,Aorta,2.0,0.6465047562336088
213,7,PA,4.47213595499958,2.014754546179183
213,8,LAA,3.7416573867739413,1.081573442580892
213,9,Coronary,154.88059917239474,37.99906831068096
213,10,PV,2.23606797749979,0.7682325459176651
474,1,Myocardium,1.4142135623730951,0.4661060241301144
474,2,LA,1.4142135623730951,0.46370181600064775
474,3,LV,1.0,0.32757128292225
474,4,RA,1.4142135623730951,0.6215411802331099
474,5,RV,4.0,1.276265933885278
474,6,Aorta,2.0,0.6617339056887024
474,7,PA,3.605551275463989,1.0811825776365638
474,8,LAA,2.8284271247461903,0.9819797521388526
474,9,Coronary,139.37359864766353,25.876823244788124
474,10,PV,2.8284271247461903,0.8380244042352064
858,1,Myocardium,1.4142135623730951,0.494377618746079
858,2,LA,1.4142135623730951,0.48784159337137084
858,3,LV,1.0,0.3472391136768547
858,4,RA,1.4142135623730951,0.5201818810361457
858,5,RV,3.3166247903554,1.2120791162909348
858,6,Aorta,2.0,0.6141281293627248
858,7,PA,3.0,0.944437641942039
858,8,LAA,5.477225575051661,1.6603707225473994
858,9,Coronary,130.34185820372517,36.047911655618286
858,10,PV,2.449489742783178,0.7764782318552259
237,1,Myocardium,2.0,0.576198525880469
237,2,LA,1.7320508075688772,0.5666751895926712
237,3,LV,1.4142135623730951,0.5221878309115067
237,4,RA,1.4142135623730951,0.5629473241176624
237,5,RV,4.58257569495584,1.498472738619435
237,6,Aorta,2.0,0.6592427690291109
237,7,PA,4.898979485566356,1.3711546327502009
237,8,LAA,4.69041575982343,1.6951642962037996
237,9,Coronary,147.27864746798838,24.395291893867295
237,10,PV,2.8284271247461903,0.848925246168996
568,1,Myocardium,2.449489742783178,0.643866976112831
568,2,LA,1.7320508075688772,0.6827717825692925
568,3,LV,1.4142135623730951,0.48222514107152825
568,4,RA,1.7320508075688772,0.6580934548893947
568,5,RV,4.898979485566356,1.5678906118781448
568,6,Aorta,2.0,0.8252955056160565
568,7,PA,5.744562646538029,1.3921558993360366
568,8,LAA,3.605551275463989,1.218160275070038
568,9,Coronary,132.14386100004796,17.76212083292514
568,10,PV,3.0,0.8622677405678358
269,1,Myocardium,1.4142135623730951,0.520883028997849
269,2,LA,1.4142135623730951,0.6456677061990365
269,3,LV,1.4142135623730951,0.40585033098179274
269,4,RA,1.4142135623730951,0.5766290045911578
269,5,RV,4.242640687119285,1.5743285942522398
269,6,Aorta,2.0,0.706221859943423
269,7,PA,5.477225575051661,1.3699600249816224
269,8,LAA,5.0990195135927845,1.3385174062502516
269,9,Coronary,123.32477447779907,33.58693211221791
269,10,PV,3.1622776601683795,0.835315579833231
147,1,Myocardium,1.4142135623730951,0.4659008314776328
147,2,LA,1.4142135623730951,0.4711551452275523
147,3,LV,1.4142135623730951,0.4224870476824164
147,4,RA,1.4142135623730951,0.514456052577723
147,5,RV,4.47213595499958,1.2705714944465403
147,6,Aorta,2.0,0.5932710176527355
147,7,PA,3.7416573867739413,1.274418236920855
147,8,LAA,5.916079783099616,1.9647694985767097
147,9,Coronary,132.5971342073425,28.280142815754804
147,10,PV,3.3166247903554,0.8224095828249122
34,1,Myocardium,1.7320508075688772,0.5661417619814939
34,2,LA,1.4142135623730951,0.4803918052796118
34,3,LV,1.4142135623730951,0.4217022592937499
34,4,RA,1.4142135623730951,0.44792065886916843
34,5,RV,3.3166247903554,1.134423354421047
34,6,Aorta,2.0,0.7110815463367816
34,7,PA,3.7416573867739413,1.2353290837552264
34,8,LAA,7.615773105863909,2.45904727581107
34,9,Coronary,141.14531518970085,26.65612120990393
34,10,PV,4.123105625617661,1.084070655282309
830,1,Myocardium,2.449489742783178,0.6949683685136834
830,2,LA,1.4142135623730951,0.4440962594837433
830,3,LV,1.0,0.3726878484769638
830,4,RA,1.4142135623730951,0.6148505619086161
830,5,RV,3.605551275463989,1.200412405754261
830,6,Aorta,2.0,0.6403978184545792
830,7,PA,82.03048213926333,4.06347934283061
830,8,LAA,4.58257569495584,1.4224078315882056
830,9,Coronary,130.31116606031887,19.35536163671144
830,10,PV,3.3166247903554,0.9604791591663147
790,1,Myocardium,2.0,0.6885408629019307
790,2,LA,1.4142135623730951,0.5564125138429024
790,3,LV,1.4142135623730951,0.48853269741947697
790,4,RA,1.4142135623730951,0.5940208682840677
790,5,RV,6.164414002968976,1.914029094581239
790,6,Aorta,2.0,0.6062303114248426
790,7,PA,9.899494936611665,2.117390093483761
790,8,LAA,3.7416573867739413,1.082722997154799
790,9,Coronary,154.1103500742244,24.918102788310822
790,10,PV,7.615773105863909,1.383685021783518
263,1,Myocardium,2.0,0.5591454957979147
263,2,LA,1.7320508075688772,0.564627244491771
263,3,LV,1.0,0.34235607516816446
263,4,RA,1.4142135623730951,0.47287624711491383
263,5,RV,3.1622776601683795,1.0119884459864013
263,6,Aorta,2.0,0.6458030396278115
263,7,PA,3.605551275463989,1.1915849910276064
263,8,LAA,4.123105625617661,1.3688596666216504
263,9,Coronary,157.7276133085136,30.347083091551447
263,10,PV,5.0,1.1029229266031693
187,1,Myocardium,1.4142135623730951,0.44562780209425107
187,2,LA,1.7320508075688772,0.6185695500547296
187,3,LV,1.4142135623730951,0.4864271284235259
187,4,RA,1.4142135623730951,0.5069757571047417
187,5,RV,3.7416573867739413,1.2727990638485096
187,6,Aorta,2.0,0.6866414347896566
187,7,PA,5.385164807134504,1.4248397463406803
187,8,LAA,7.874007874011811,2.8842723788357
187,9,Coronary,125.88089608832628,22.57017412730378
187,10,PV,3.7416573867739413,0.910950144813039
690,1,Myocardium,2.0,0.5752531726688694
690,2,LA,2.0,0.7295142814222171
690,3,LV,1.4142135623730951,0.41781484695595195
690,4,RA,1.4142135623730951,0.5694497728319085
690,5,RV,3.605551275463989,1.170515160853871
690,6,Aorta,2.0,0.7303560425922343
690,7,PA,5.0990195135927845,1.3681276214168827
690,8,LAA,3.605551275463989,1.1425399420185713
690,9,Coronary,136.46244904734783,22.932475748712903
690,10,PV,3.605551275463989,0.8544167224826464
530,1,Myocardium,1.4142135623730951,0.4821212207909895
530,2,LA,1.4142135623730951,0.4462501103106254
530,3,LV,1.0,0.374133781549163
530,4,RA,2.0,0.7326510928561695
530,5,RV,4.242640687119285,1.6562069944273947
530,6,Aorta,2.0,0.6668777632868216
530,7,PA,102.10288928331069,7.669404950780868
530,8,LAA,3.605551275463989,1.0864527745495605
530,9,Coronary,140.70536592468676,27.63511412517246
530,10,PV,3.605551275463989,1.0758079578890571
730,1,Myocardium,2.0,0.5042987047699007
730,2,LA,1.4142135623730951,0.610821525061485
730,3,LV,1.0,0.3904513323815746
730,4,RA,1.4142135623730951,0.5191376497390521
730,5,RV,5.0990195135927845,1.3883143322818006
730,6,Aorta,2.0,0.6188169005545379
730,7,PA,81.36952746575342,5.9304481608625625
730,8,LAA,4.123105625617661,1.0494691813535493
730,9,Coronary,143.76717288727633,32.010877049524616
730,10,PV,3.7416573867739413,1.0435515579359191
85,1,Myocardium,1.7320508075688772,0.5228667469440914
85,2,LA,1.7320508075688772,0.6963700775142545
85,3,LV,1.4142135623730951,0.4084480067908146
85,4,RA,1.0,0.39076887302953445
85,5,RV,4.123105625617661,1.6397901668229085
85,6,Aorta,2.0,0.6049177329731488
85,7,PA,117.93218390244455,8.04229442293907
85,8,LAA,3.7416573867739413,1.2248529859737538
85,9,Coronary,139.62807740565648,32.034895381392346
85,10,PV,3.4641016151377544,1.0427533034065053
482,1,Myocardium,1.4142135623730951,0.469475625491881
482,2,LA,1.4142135623730951,0.6360905023552369
482,3,LV,1.4142135623730951,0.39153734479725943
482,4,RA,1.4142135623730951,0.6314324487034828
482,5,RV,3.7416573867739413,1.1977256698524812
482,6,Aorta,2.0,0.720493428649269
482,7,PA,4.898979485566356,1.292019478127128
482,8,LAA,3.7416573867739413,1.3084955684750494
482,9,Coronary,135.11476603243628,22.958371138894876
482,10,PV,10.04987562112089,1.4108732924979548
546,1,Myocardium,1.7320508075688772,0.5147758715616573
546,2,LA,1.4142135623730951,0.5803562312853039
546,3,LV,1.4142135623730951,0.38680820538151717
546,4,RA,1.4142135623730951,0.6164692311578025
546,5,RV,3.7416573867739413,1.2089713385373533
546,6,Aorta,2.0,0.6461851691731387
546,7,PA,5.0,1.2952437863381872
546,8,LAA,4.0,1.2064978638311477
546,9,Coronary,150.3096803269836,24.015682679846247
546,10,PV,3.0,0.8271332665415163
515,1,Myocardium,2.0,0.5451739410055318
515,2,LA,1.4142135623730951,0.4505574867098418
515,3,LV,1.0,0.3760553047047829
515,4,RA,1.4142135623730951,0.5944866737903232
515,5,RV,4.123105625617661,1.2269076909831456
515,6,Aorta,2.0,0.6444675933634114
515,7,PA,3.1622776601683795,1.0785681810872683
515,8,LAA,7.681145747868608,1.9046557324185258
515,9,Coronary,137.65173446055812,24.803056424836644
515,10,PV,2.8284271247461903,0.8016854270004194
509,1,Myocardium,1.4142135623730951,0.4687543818771532
509,2,LA,1.4142135623730951,0.5797543056869859
509,3,LV,1.0,0.36226219755764083
509,4,RA,1.4142135623730951,0.42606916721727184
509,5,RV,3.3166247903554,1.195213449421632
509,6,Aorta,2.0,0.7823353801829579
509,7,PA,2.23606797749979,0.917749662124425
509,8,LAA,5.744562646538029,1.3289886823713437
509,9,Coronary,132.62352732452865,28.033142147286647
509,10,PV,5.0,1.2425642800004049
404,1,Myocardium,2.449489742783178,0.7027863201955595
404,2,LA,2.0,0.6393926458394692
404,3,LV,1.4142135623730951,0.44034068171409113
404,4,RA,1.4142135623730951,0.39735954419236974
404,5,RV,3.3166247903554,1.2991318985925573
404,6,Aorta,2.0,0.6040798204012263
404,7,PA,63.671029518926424,4.067300757503443
404,8,LAA,8.306623862918075,1.8389125244712545
404,9,Coronary,133.33791658789335,34.16415798498109
404,10,PV,3.1622776601683795,0.8971635080805578
772,1,Myocardium,2.23606797749979,0.6177750612548012
772,2,LA,1.4142135623730951,0.5712114367962808
772,3,LV,1.4142135623730951,0.43665237913017596
772,4,RA,1.4142135623730951,0.5178616394197278
772,5,RV,4.58257569495584,1.2522518300105503
772,6,Aorta,2.0,0.6434553096233696
772,7,PA,4.69041575982343,1.1971790354559708
772,8,LAA,6.48074069840786,1.7394679561289652
772,9,Coronary,153.38187637397058,40.04852129110609
772,10,PV,3.3166247903554,1.0096755739505674
518,1,Myocardium,2.0,0.547845966924227
518,2,LA,1.4142135623730951,0.46625917592081034
518,3,LV,1.4142135623730951,0.42133938196777343
518,4,RA,1.4142135623730951,0.5426076079802182
518,5,RV,4.242640687119285,1.19549851886218
518,6,Aorta,2.0,0.6632993381163262
518,7,PA,4.58257569495584,1.2346773207014519
518,8,LAA,4.69041575982343,1.431499693896154
518,9,Coronary,136.65284482951682,30.717569377750102
518,10,PV,3.1622776601683795,0.8432549385332039
368,1,Myocardium,2.0,0.5301080728506076
368,2,LA,1.4142135623730951,0.6005967132946781
368,3,LV,1.0,0.3601805015278975
368,4,RA,1.4142135623730951,0.3713921407667905
368,5,RV,4.0,1.3512561329299846
368,6,Aorta,2.0,0.5656924061190446
368,7,PA,5.0,1.3674525057312947
368,8,LAA,4.242640687119285,1.4646531091939337
368,9,Coronary,113.4063490286148,19.529056951098823
368,10,PV,7.54983443527075,1.2627950868571263
837,1,Myocardium,1.4142135623730951,0.47591851710377475
837,2,LA,1.4142135623730951,0.5953519124081839
837,3,LV,1.0,0.33262136182749824
837,4,RA,1.0,0.3768620007989407
837,5,RV,3.7416573867739413,1.2105458124168176
837,6,Aorta,2.0,0.635058312515847
837,7,PA,6.4031242374328485,1.5441421206960775
837,8,LAA,7.3484692283495345,2.1944585055842674
837,9,Coronary,81.33879763065102,12.30454422586295
837,10,PV,3.1622776601683795,0.8281129156366197
419,1,Myocardium,2.23606797749979,0.6140447682854582
419,2,LA,1.7320508075688772,0.5972916715876804
419,3,LV,1.4142135623730951,0.43160463876526656
419,4,RA,1.4142135623730951,0.4600163002649943
419,5,RV,4.358898943540674,1.2436828712356622
419,6,Aorta,2.0,0.6477275824879031
419,7,PA,8.306623862918075,1.5659552464788054
419,8,LAA,4.123105625617661,1.0414422991772132
419,9,Coronary,144.68241081762497,20.561499025200064
419,10,PV,3.3166247903554,0.9222637583440283
396,1,Myocardium,2.23606797749979,0.6684793318804196
396,2,LA,2.23606797749979,0.8820067427672691
396,3,LV,1.0,0.35446372462586945
396,4,RA,1.4142135623730951,0.4788012321897189
396,5,RV,3.1622776601683795,1.153481835414617
396,6,Aorta,2.0,0.6818999521703961
396,7,PA,4.123105625617661,1.4095058544277999
396,8,LAA,5.385164807134504,1.77895387986826
396,9,Coronary,154.7449514523818,40.628444385318204
396,10,PV,3.7416573867739413,0.9057310805655031
874,1,Myocardium,1.4142135623730951,0.4415535976242808
874,2,LA,1.4142135623730951,0.48572977497473946
874,3,LV,1.4142135623730951,0.41577722429542074
874,4,RA,1.4142135623730951,0.4840791738226842
874,5,RV,3.605551275463989,1.2946823974992319
874,6,Aorta,2.0,0.6379753110690098
874,7,PA,3.605551275463989,1.1387415743276508
874,8,LAA,5.196152422706632,1.9763401142091759
874,9,Coronary,129.15494570476193,27.10633720057722
874,10,PV,3.0,0.8573020857581627
128,1,Myocardium,1.4142135623730951,0.4842370619539129
128,2,LA,1.4142135623730951,0.5082160848662425
128,3,LV,1.4142135623730951,0.3929110336888981
128,4,RA,1.4142135623730951,0.4220112789135926
128,5,RV,3.605551275463989,1.082822329530172
128,6,Aorta,2.0,0.5529823950781222
128,7,PA,6.4031242374328485,1.391503053829856
128,8,LAA,5.196152422706632,1.4177564531930384
128,9,Coronary,84.02975663418287,11.898659914073082
128,10,PV,3.0,0.8710573079492736
383,1,Myocardium,2.23606797749979,0.580561961466104
383,2,LA,1.4142135623730951,0.5657948870782299
383,3,LV,1.4142135623730951,0.3900292653156803
383,4,RA,1.4142135623730951,0.6205958754375882
383,5,RV,4.0,1.15491231595955
383,6,Aorta,2.0,0.6450063441757472
383,7,PA,3.1622776601683795,0.9085426645057597
383,8,LAA,11.575836902790225,2.7569503079728275
383,9,Coronary,133.69367973094316,28.270152074412117
383,10,PV,3.0,0.7576469007343751
639,1,Myocardium,2.0,0.5973172939203751
639,2,LA,2.0,0.7193140983803592
639,3,LV,1.4142135623730951,0.46439687362761445
639,4,RA,1.4142135623730951,0.49940427579521685
639,5,RV,5.744562646538029,1.4200924860641189
639,6,Aorta,2.0,0.7034342679801515
639,7,PA,85.871997764114,4.761743571050684
639,8,LAA,8.48528137423857,1.926308907350145
639,9,Coronary,131.35067567393781,30.779261454891316
639,10,PV,4.242640687119285,1.2271427386499851
974,1,Myocardium,1.4142135623730951,0.42707480086146965
974,2,LA,1.4142135623730951,0.5822165618582671
974,3,LV,1.4142135623730951,0.40809483726558127
974,4,RA,1.0,0.34903598890696175
974,5,RV,3.3166247903554,1.2773559560070753
974,6,Aorta,2.0,0.6214991747126617
974,7,PA,5.0990195135927845,1.4735291913569033
974,8,LAA,9.899494936611665,3.421115594952246
974,9,Coronary,126.83847996566341,25.462536621717465
974,10,PV,8.306623862918075,1.554084584460169
4,1,Myocardium,2.0,0.569831415103411
4,2,LA,1.7320508075688772,0.7423486035135258
4,3,LV,1.0,0.3949982014541533
4,4,RA,1.4142135623730951,0.4293142702755238
4,5,RV,5.0990195135927845,1.3262676201426844
4,6,Aorta,2.0,0.609040876950653
4,7,PA,7.0710678118654755,1.5361581860530704
4,8,LAA,4.0,1.1365954924792978
4,9,Coronary,131.03434664239754,24.51219646662432
4,10,PV,3.1622776601683795,1.1027898176794202
878,1,Myocardium,1.7320508075688772,0.571802638237453
878,2,LA,1.4142135623730951,0.5700140470689552
878,3,LV,1.7320508075688772,0.5869163515183071
878,4,RA,1.4142135623730951,0.6246587012888576
878,5,RV,3.0,1.2268996167985384
878,6,Aorta,2.0,0.6681213535762212
878,7,PA,4.123105625617661,1.1845345424811962
878,8,LAA,4.242640687119285,1.3725626645126507
878,9,Coronary,148.3104851316993,33.993203469425964
878,10,PV,4.123105625617661,0.8872239362187289
615,1,Myocardium,2.0,0.5909479792502106
615,2,LA,1.7320508075688772,0.6145430618840757
615,3,LV,1.0,0.3195174962698846
615,4,RA,2.0,0.695402736255117
615,5,RV,4.0,1.2232425438717263
615,6,Aorta,2.0,0.6639020333744776
615,7,PA,4.242640687119285,1.317509436741665
615,8,LAA,3.7416573867739413,1.323592811241237
615,9,Coronary,127.534309109353,16.042437568368808
615,10,PV,3.0,0.8586713613586954
403,1,Myocardium,2.23606797749979,0.6503361679634614
403,2,LA,1.4142135623730951,0.5751685642176931
403,3,LV,1.4142135623730951,0.5144258527326502
403,4,RA,1.0,0.3928441258098038
403,5,RV,5.0,1.6256930400256326
403,6,Aorta,2.0,0.7057948118501267
403,7,PA,5.0990195135927845,1.339770024684193
403,8,LAA,6.164414002968976,1.490395657676153
403,9,Coronary,138.50992744204294,38.01553151899873
403,10,PV,3.7416573867739413,0.9724807718007715
682,1,Myocardium,2.23606797749979,0.6264658484574668
682,2,LA,1.4142135623730951,0.49647944007948086
682,3,LV,1.4142135623730951,0.3843918486757193
682,4,RA,1.4142135623730951,0.47159545106408685
682,5,RV,3.1622776601683795,1.0167178731154236
682,6,Aorta,2.0,0.7036163097160444
682,7,PA,178.18529681205462,7.743936868886504
682,8,LAA,3.7416573867739413,1.0522236612667626
682,9,Coronary,171.38844768536765,35.65986865793554
682,10,PV,4.123105625617661,1.1279163721631003
823,1,Myocardium,1.4142135623730951,0.4965001063194662
823,2,LA,1.4142135623730951,0.5325575250018002
823,3,LV,1.4142135623730951,0.4332818375624352
823,4,RA,1.4142135623730951,0.6521064492093768
823,5,RV,3.1622776601683795,1.0113748463068921
823,6,Aorta,2.0,0.6388956397935974
823,7,PA,3.3166247903554,0.9660417865472399
823,8,LAA,5.744562646538029,2.185742098734553
823,9,Coronary,127.41271522104849,24.108565251521757
823,10,PV,2.449489742783178,0.667697758408947
216,1,Myocardium,1.7320508075688772,0.47496479775096695
216,2,LA,2.0,0.7073443605957406
216,3,LV,1.0,0.324374698213873
216,4,RA,1.4142135623730951,0.6218500655393207
216,5,RV,5.0990195135927845,1.238179259311976
216,6,Aorta,2.0,0.6678070154772546
216,7,PA,3.7416573867739413,1.1663806097897191
216,8,LAA,3.7416573867739413,1.3605691855435613
216,9,Coronary,127.04723531033645,23.162895805231603
216,10,PV,3.1622776601683795,0.837666775278038
365,1,Myocardium,2.0,0.6265772892879867
365,2,LA,1.4142135623730951,0.5957249147537309
365,3,LV,1.4142135623730951,0.44447450211522216
365,4,RA,1.4142135623730951,0.561078774794606
365,5,RV,4.123105625617661,1.2173565406097024
365,6,Aorta,2.0,0.6652055581448812
365,7,PA,3.7416573867739413,1.1926942286111513
365,8,LAA,4.358898943540674,1.3434038615059962
365,9,Coronary,146.92174787961108,29.909842516502053
365,10,PV,3.0,0.9139885449622478
988,1,Myocardium,2.0,0.5868052070922543
988,2,LA,1.4142135623730951,0.5775293916511421
988,3,LV,1.4142135623730951,0.3986805418382794
988,4,RA,1.4142135623730951,0.47288189027874394
988,5,RV,4.123105625617661,1.6591037339311945
988,6,Aorta,2.0,0.6013764493073749
988,7,PA,3.3166247903554,1.1278394970952954
988,8,LAA,3.605551275463989,1.2844862943512618
988,9,Coronary,128.90306435457614,24.883217937841724
988,10,PV,2.449489742783178,0.7405444884444039
483,1,Myocardium,1.4142135623730951,0.4365879598548875
483,2,LA,2.0,0.6874988137319913
483,3,LV,1.4142135623730951,0.38765928464163235
483,4,RA,1.0,0.3763791323597143
483,5,RV,3.0,1.0197827932070662
483,6,Aorta,2.0,0.7009821593314631
483,7,PA,125.47908192204787,4.584144141791754
483,8,LAA,5.385164807134504,1.5971584788992859
483,9,Coronary,115.90944741478151,16.22303250751133
483,10,PV,3.1622776601683795,0.8426889798492438
362,1,Myocardium,1.7320508075688772,0.5146985745397051
362,2,LA,1.4142135623730951,0.5416303369852461
362,3,LV,1.4142135623730951,0.3979185733331602
362,4,RA,1.4142135623730951,0.5421019582827872
362,5,RV,3.0,0.9383784103635466
362,6,Aorta,2.23606797749979,0.7564714510250474
362,7,PA,3.7416573867739413,1.1705104724864825
362,8,LAA,6.164414002968976,1.6236632403078795
362,9,Coronary,138.50992744204294,21.53990970974774
362,10,PV,3.1622776601683795,0.8846898718205901
282,1,Myocardium,1.7320508075688772,0.5253041337003059
282,2,LA,1.4142135623730951,0.5323707027802369
282,3,LV,1.0,0.36441793351064933
282,4,RA,1.4142135623730951,0.4026756744558812
282,5,RV,3.3166247903554,1.1882428158093359
282,6,Aorta,2.0,0.7009888648441768
282,7,PA,6.48074069840786,1.596743880874425
282,8,LAA,3.7416573867739413,1.307983016385186
282,9,Coronary,139.60659010233005,17.370852318252627
282,10,PV,5.385164807134504,1.0635597761656226
912,1,Myocardium,1.4142135623730951,0.47579272478229273
912,2,LA,1.4142135623730951,0.48776353469256284
912,3,LV,1.0,0.3542926766689942
912,4,RA,1.4142135623730951,0.48228215745383946
912,5,RV,4.358898943540674,1.4568014775181082
912,6,Aorta,2.0,0.6772367775993109
912,7,PA,3.7416573867739413,1.0960436121098576
912,8,LAA,3.7416573867739413,1.2920297111747798
912,9,Coronary,141.66862743741115,20.370101253713607
912,10,PV,3.605551275463989,0.9143994859601334
245,1,Myocardium,1.4142135623730951,0.42082060590656617
245,2,LA,1.4142135623730951,0.6106166404202966
245,3,LV,1.0,0.3705709631998868
245,4,RA,1.4142135623730951,0.5151998706942815
245,5,RV,3.1622776601683795,1.0873710321489034
245,6,Aorta,2.0,0.7110457023526217
245,7,PA,4.0,1.2404027662409938
245,8,LAA,4.123105625617661,1.3119232654552322
245,9,Coronary,131.10682667199293,16.395460253666965
245,10,PV,2.8284271247461903,0.7162942835938606
668,1,Myocardium,1.4142135623730951,0.4547358363047592
668,2,LA,1.4142135623730951,0.5618978429166156
668,3,LV,1.4142135623730951,0.4795367546794631
668,4,RA,1.4142135623730951,0.5831667386947759
668,5,RV,3.7416573867739413,0.9930061412027161
668,6,Aorta,2.0,0.651608783494505
668,7,PA,3.3166247903554,1.1336135148866757
668,8,LAA,3.1622776601683795,1.0680562249868681
668,9,Coronary,112.60994627474076,15.511132930049987
668,10,PV,3.605551275463989,0.9556526271059556
493,1,Myocardium,1.7320508075688772,0.5480588526802117
493,2,LA,1.7320508075688772,0.5932968423604823
493,3,LV,1.4142135623730951,0.3825277077350825
493,4,RA,1.4142135623730951,0.4081171842918961
493,5,RV,3.0,1.1064110102412197
493,6,Aorta,2.0,0.6178954229996356
493,7,PA,3.7416573867739413,1.132781252607511
493,8,LAA,4.242640687119285,1.2019410323132411
493,9,Coronary,111.07655018049489,17.22084154883441
493,10,PV,3.605551275463989,0.9232592751646929
252,1,Myocardium,2.0,0.5531025715145858
252,2,LA,1.4142135623730951,0.5695301913848807
252,3,LV,1.4142135623730951,0.4116745450052697
252,4,RA,1.7320508075688772,0.7044021543110218
252,5,RV,4.242640687119285,1.437742835969348
252,6,Aorta,2.0,0.6410113965522102
252,7,PA,4.358898943540674,1.2691848340783143
252,8,LAA,5.0,1.3333522927489778
252,9,Coronary,139.0,31.59048158635525
252,10,PV,2.8284271247461903,0.8030357470988381
575,1,Myocardium,1.7320508075688772,0.5060138813027893
575,2,LA,1.4142135623730951,0.5309742429108505
575,3,LV,1.4142135623730951,0.4234336221288372
575,4,RA,2.23606797749979,0.8084551499225077
575,5,RV,3.605551275463989,1.3064378623744424
575,6,Aorta,2.0,0.6900985228060768
575,7,PA,4.47213595499958,1.266051858667923
575,8,LAA,14.352700094407323,2.7389255174599905
575,9,Coronary,130.6942997991879,26.483833006170137
575,10,PV,3.1622776601683795,0.9830275596353365
502,1,Myocardium,1.4142135623730951,0.4834545915258688
502,2,LA,2.23606797749979,0.6447847397668593
502,3,LV,1.4142135623730951,0.4083123570787271
502,4,RA,1.4142135623730951,0.5195451410524896
502,5,RV,4.123105625617661,1.2672803308092475
502,6,Aorta,2.0,0.6822138611358641
502,7,PA,5.656854249492381,1.3158538778608626
502,8,LAA,4.123105625617661,1.297054941500139
502,9,Coronary,66.12866246946176,6.868086176663397
502,10,PV,3.1622776601683795,1.0153745586849745
426,1,Myocardium,1.7320508075688772,0.47277653658195695
426,2,LA,1.4142135623730951,0.5509319792348668
426,3,LV,1.4142135623730951,0.4395079480944403
426,4,RA,1.4142135623730951,0.47400352007647656
426,5,RV,4.123105625617661,1.1944276144155348
426,6,Aorta,2.0,0.5837583454290982
426,7,PA,4.69041575982343,1.2588589889375696
426,8,LAA,4.0,1.2436721469168766
426,9,Coronary,95.57196241576293,13.203373541022994
426,10,PV,2.449489742783178,0.8259597767076585
906,1,Myocardium,1.4142135623730951,0.502091858117936
906,2,LA,1.4142135623730951,0.5359593235260292
906,3,LV,1.4142135623730951,0.4374928372711623
906,4,RA,1.7320508075688772,0.6470129307486824
906,5,RV,4.123105625617661,1.3914208317175114
906,6,Aorta,2.0,0.7596917013362297
906,7,PA,3.605551275463989,1.085451831413479
906,8,LAA,11.357816691600547,3.590122014707
906,9,Coronary,138.80922159568507,27.70456994784546
906,10,PV,3.4641016151377544,0.995144712318558
825,1,Myocardium,1.4142135623730951,0.49786365893417217
825,2,LA,1.4142135623730951,0.6226996207503653
825,3,LV,1.4142135623730951,0.3940968497275076
825,4,RA,1.4142135623730951,0.613276984873854
825,5,RV,3.1622776601683795,0.9612001734743171
825,6,Aorta,2.0,0.6198667558144638
825,7,PA,3.605551275463989,1.1269122684169415
825,8,LAA,6.0,2.0191808515993555
825,9,Coronary,118.41030360572512,22.153060418838628
825,10,PV,3.1622776601683795,0.8797219528456772
469,1,Myocardium,2.23606797749979,0.6485045205960687
469,2,LA,1.7320508075688772,0.6206388301148422
469,3,LV,1.4142135623730951,0.48510298806321783
469,4,RA,1.7320508075688772,0.6307565776069776
469,5,RV,3.4641016151377544,1.3392088065940655
469,6,Aorta,2.0,0.611162992715109
469,7,PA,3.7416573867739413,1.011400821021814
469,8,LAA,7.681145747868608,2.5392869845926542
469,9,Coronary,95.58765610684259,10.312470929288562
469,10,PV,3.1622776601683795,0.9129683637215469
387,1,Myocardium,2.0,0.5286311264129353
387,2,LA,1.7320508075688772,0.7003265139283665
387,3,LV,1.0,0.3532198250608522
387,4,RA,1.4142135623730951,0.595940647083893
387,5,RV,3.0,0.9738290719361243
387,6,Aorta,2.0,0.643865802784953
387,7,PA,6.324555320336759,1.4297630271091024
387,8,LAA,4.123105625617661,1.0544788121091422
387,9,Coronary,140.18915792599654,25.854572480234456
387,10,PV,4.123105625617661,0.9703669493038911
231,1,Myocardium,1.7320508075688772,0.5181288480977844
231,2,LA,1.4142135623730951,0.5468177442392237
231,3,LV,1.0,0.36754047633004383
231,4,RA,1.4142135623730951,0.5308109220721413
231,5,RV,4.358898943540674,1.3110349849328906
231,6,Aorta,2.0,0.6493960628325247
231,7,PA,92.47702417357513,4.800124882593323
231,8,LAA,5.0990195135927845,1.3381924676307202
231,9,Coronary,137.45544732748863,27.557694252218397
231,10,PV,2.8284271247461903,0.8634216846123013
492,1,Myocardium,1.4142135623730951,0.5324085227811443
492,2,LA,1.4142135623730951,0.39050195792296344
492,3,LV,1.4142135623730951,0.4571581263889895
492,4,RA,1.4142135623730951,0.4947429535527451
492,5,RV,4.242640687119285,1.1728967218403419
492,6,Aorta,2.0,0.635239713162996
492,7,PA,3.7416573867739413,1.1522633915666503
492,8,LAA,2.449489742783178,0.805579791130697
492,9,Coronary,147.7193284577208,32.03841702610008
492,10,PV,5.656854249492381,1.1283794150031485
795,1,Myocardium,1.7320508075688772,0.5886201654212204
795,2,LA,2.0,0.8313441035828663
795,3,LV,1.4142135623730951,0.5266389546677135
795,4,RA,1.4142135623730951,0.5187056307152211
795,5,RV,3.7416573867739413,1.3760597656865232
795,6,Aorta,2.0,0.8146327612361415
795,7,PA,4.47213595499958,1.3716862332621576
795,8,LAA,4.58257569495584,1.5379655079547219
795,9,Coronary,129.40247292845683,26.345086879702844
795,10,PV,4.58257569495584,1.2438278539104553
130,1,Myocardium,2.0,0.5616603898324085
130,2,LA,1.4142135623730951,0.48299889920674677
130,3,LV,1.4142135623730951,0.40326343270820886
130,4,RA,1.4142135623730951,0.5857200844483186
130,5,RV,3.0,1.0860751306455563
130,6,Aorta,2.0,0.6444977804095233
130,7,PA,4.242640687119285,1.31984885851194
130,8,LAA,6.557438524302,1.891693589042418
130,9,Coronary,137.64446955835166,24.464873652639902
130,10,PV,2.449489742783178,0.8043465552710345
588,1,Myocardium,2.23606797749979,0.6216276557182945
588,2,LA,1.4142135623730951,0.5299891870963682
588,3,LV,1.4142135623730951,0.4565514438034246
588,4,RA,1.7320508075688772,0.613881304575892
588,5,RV,5.0,1.2211431950814484
588,6,Aorta,2.0,0.6892516051009869
588,7,PA,5.0,1.3356116099594257
588,8,LAA,5.0990195135927845,1.9094243471986792
588,9,Coronary,128.58071395042103,21.689201383836757
588,10,PV,3.0,0.8934674031712337
715,1,Myocardium,2.0,0.5615152342684903
715,2,LA,2.0,0.6125462467517162
715,3,LV,1.4142135623730951,0.390645882790445
715,4,RA,1.7320508075688772,0.7091376917495705
715,5,RV,4.0,1.3314980030068702
715,6,Aorta,2.0,0.6149810119033114
715,7,PA,7.14142842854285,1.7339322405046635
715,8,LAA,6.708203932499369,1.9211940003166
715,9,Coronary,128.84098726725125,25.7454211851766
715,10,PV,3.605551275463989,0.9716924324859325
654,1,Myocardium,1.7320508075688772,0.5216669783099764
654,2,LA,1.4142135623730951,0.5397775950817925
654,3,LV,1.4142135623730951,0.43609624383246026
654,4,RA,2.23606797749979,0.7831809698401313
654,5,RV,3.3166247903554,1.1912379057525495
654,6,Aorta,2.0,0.6962180047028472
654,7,PA,4.123105625617661,1.1334277015560272
654,8,LAA,8.94427190999916,2.7360800903290943
654,9,Coronary,128.47567863218313,18.356289005442825
654,10,PV,2.449489742783178,0.6373491086633705
33,1,Myocardium,1.4142135623730951,0.5269361501195323
33,2,LA,1.4142135623730951,0.49126666570079136
33,3,LV,1.0,0.31583446797057524
33,4,RA,1.4142135623730951,0.4783304403763029
33,5,RV,3.7416573867739413,1.2589385911085191
33,6,Aorta,2.0,0.7338839198206479
33,7,PA,6.0,1.6196147007330108
33,8,LAA,12.727922061357855,2.7846995767839546
33,9,Coronary,111.61541112229978,26.6060541975842
33,10,PV,3.0,0.8243710076656594
68,1,Myocardium,2.0,0.5375649073821474
68,2,LA,1.4142135623730951,0.4946047238610679
68,3,LV,1.4142135623730951,0.4163522638756252
68,4,RA,1.4142135623730951,0.5699989322064203
68,5,RV,4.58257569495584,1.2770360590867527
68,6,Aorta,2.0,0.6845570294804393
68,7,PA,4.358898943540674,1.3631544612229098
68,8,LAA,3.7416573867739413,1.1943885919019206
68,9,Coronary,152.85287043428397,32.735013857500526
68,10,PV,3.0,0.869309380020297
438,1,Myocardium,2.0,0.49596748219368847
438,2,LA,1.4142135623730951,0.6127259377896943
438,3,LV,1.0,0.3720566165151789
438,4,RA,1.4142135623730951,0.42714966324023573
438,5,RV,4.47213595499958,1.388624706882308
438,6,Aorta,2.0,0.5394854929044235
438,7,PA,4.123105625617661,1.185926632446403
438,8,LAA,5.0,1.3477432547299033
438,9,Coronary,142.2181423025909,27.38516086806469
438,10,PV,4.242640687119285,0.8731309848865931
776,1,Myocardium,1.7320508075688772,0.5063883902877677
776,2,LA,1.4142135623730951,0.5408091527714265
776,3,LV,1.4142135623730951,0.40503659361389266
776,4,RA,1.7320508075688772,0.6228998421739627
776,5,RV,3.605551275463989,1.0009663243070133
776,6,Aorta,2.0,0.6721112486316707
776,7,PA,84.74078120952154,5.622236884627443
776,8,LAA,4.58257569495584,1.3610839926390135
776,9,Coronary,101.03959619871806,14.54571447544533
776,10,PV,4.242640687119285,1.0690366222696526
485,1,Myocardium,1.4142135623730951,0.41469459774055717
485,2,LA,1.4142135623730951,0.5296526566741825
485,3,LV,1.0,0.33756724047009085
485,4,RA,1.4142135623730951,0.5326547591717329
485,5,RV,4.242640687119285,1.3532718603322489
485,6,Aorta,2.0,0.5894002452398506
485,7,PA,5.830951894845301,1.3839275641901152
485,8,LAA,3.4641016151377544,1.1831905186348908
485,9,Coronary,55.39855593785816,7.4080319499051805
485,10,PV,3.7416573867739413,0.9394213126862712
873,1,Myocardium,2.23606797749979,0.6018063001003917
873,2,LA,1.4142135623730951,0.5838306258279609
873,3,LV,1.4142135623730951,0.4171976160404825
873,4,RA,1.4142135623730951,0.6723779001447994
873,5,RV,3.7416573867739413,1.0298575630347253
873,6,Aorta,2.0,0.6277375414108275
873,7,PA,4.0,1.2697393816515836
873,8,LAA,5.477225575051661,1.4143500950813657
873,9,Coronary,152.1380951635717,37.740615067488925
873,10,PV,3.1622776601683795,0.8658561301951574
803,1,Myocardium,1.4142135623730951,0.5325115127113085
803,2,LA,2.0,0.6839223553137087
803,3,LV,1.4142135623730951,0.44262083233213567
803,4,RA,1.4142135623730951,0.46415837552087114
803,5,RV,4.242640687119285,1.2602933817001118
803,6,Aorta,2.0,0.6235646000093447
803,7,PA,8.831760866327848,1.7106801608893454
803,8,LAA,3.7416573867739413,1.2157740969734907
803,9,Coronary,138.88484438555562,20.895401819551402
803,10,PV,5.0990195135927845,1.117327096752578
917,1,Myocardium,2.23606797749979,0.6567409586091211
917,2,LA,2.0,0.6535578107622402
917,3,LV,1.4142135623730951,0.4583412808347017
917,4,RA,1.0,0.41165749471936147
917,5,RV,2.8284271247461903,0.848196836309322
917,6,Aorta,2.0,0.7406086861455883
917,7,PA,3.0,1.0540422712998656
917,8,LAA,6.324555320336759,2.1663940205377226
917,9,Coronary,133.0187956643722,25.961766456661376
917,10,PV,8.602325267042627,1.185110006234693
270,1,Myocardium,2.0,0.6026541751471578
270,2,LA,1.7320508075688772,0.6219577179707143
270,3,LV,1.7320508075688772,0.5844518986382654
270,4,RA,1.4142135623730951,0.45273983992795513
270,5,RV,3.0,1.2220070813678678
270,6,Aorta,2.0,0.6379601900711508
270,7,PA,3.7416573867739413,1.1276325782049175
270,8,LAA,12.083045973594572,3.94980706128835
270,9,Coronary,129.86531484580476,33.44200033679049
270,10,PV,2.23606797749979,0.6497930122742208
624,1,Myocardium,1.4142135623730951,0.4697162800504069
624,2,LA,1.4142135623730951,0.41964664092206905
624,3,LV,1.0,0.36496831347453274
624,4,RA,1.4142135623730951,0.6019563854304246
624,5,RV,4.47213595499958,1.5076584660045294
624,6,Aorta,2.0,0.6278371218552734
624,7,PA,5.744562646538029,1.4518531331152928
624,8,LAA,5.916079783099616,1.8396760953868037
624,9,Coronary,141.69685952765502,26.082248100342134
624,10,PV,3.7416573867739413,1.1195723567271973
904,1,Myocardium,3.0,0.7664631090189642
904,2,LA,1.7320508075688772,0.5054467340134307
904,3,LV,1.4142135623730951,0.41002550937217835
904,4,RA,1.4142135623730951,0.5111200885265154
904,5,RV,5.385164807134504,1.6597471947168618
904,6,Aorta,2.0,0.6928935923248014
904,7,PA,94.95788540189804,4.129928623328455
904,8,LAA,9.899494936611665,1.4419719247410114
904,9,Coronary,131.74976280813564,25.691822493507846
904,10,PV,4.0,1.0239161587192134
564,1,Myocardium,1.4142135623730951,0.4428352042903896
564,2,LA,1.7320508075688772,0.6720478153201184
564,3,LV,1.4142135623730951,0.4162471159227116
564,4,RA,1.4142135623730951,0.5594205457749497
564,5,RV,3.605551275463989,1.3335537141984055
564,6,Aorta,2.0,0.6357406626864959
564,7,PA,3.0,1.0240718570143235
564,8,LAA,6.164414002968976,1.8823883335233962
564,9,Coronary,126.53853168106544,30.006313942528333
564,10,PV,3.0,0.7538798166152738
183,1,Myocardium,1.7320508075688772,0.5004075290688598
183,2,LA,1.4142135623730951,0.4144550138210733
183,3,LV,1.4142135623730951,0.4126572614297197
183,4,RA,1.4142135623730951,0.5638666000942215
183,5,RV,3.1622776601683795,1.0515390897803647
183,6,Aorta,2.0,0.7968404238612005
183,7,PA,3.605551275463989,0.9845277690926673
183,8,LAA,5.656854249492381,1.7392565164217078
183,9,Coronary,132.47263868437136,22.632255744583873
183,10,PV,3.0,0.9170004142170548
939,1,Myocardium,1.7320508075688772,0.5105302127913616
939,2,LA,1.4142135623730951,0.569318772223228
939,3,LV,1.0,0.3471488616231602
939,4,RA,1.4142135623730951,0.5318409446380568
939,5,RV,4.123105625617661,1.471486766667311
939,6,Aorta,2.0,0.6470287783623979
939,7,PA,5.385164807134504,1.2556661017240813
939,8,LAA,4.58257569495584,1.4981082983317642
939,9,Coronary,132.1325092473461,21.988306500190287
939,10,PV,5.0,0.9035555376017954
834,1,Myocardium,1.4142135623730951,0.4391348628627012
834,2,LA,1.4142135623730951,0.5900072905563492
834,3,LV,1.0,0.2983102655362897
834,4,RA,1.4142135623730951,0.5058305788025926
834,5,RV,4.69041575982343,1.3211380919827465
834,6,Aorta,2.0,0.7190952858431428
834,7,PA,4.0,1.1588641153219923
834,8,LAA,17.349351572897472,2.5058862904126724
834,9,Coronary,129.41792766073794,23.672901331978036
834,10,PV,3.7416573867739413,0.8663625833608397
204,1,Myocardium,2.23606797749979,0.5822711957542099
204,2,LA,1.7320508075688772,0.6765258543803925
204,3,LV,1.0,0.3777479172800515
204,4,RA,1.4142135623730951,0.6946611092474599
204,5,RV,4.69041575982343,1.5999969518078911
204,6,Aorta,2.0,0.7232830616012798
204,7,PA,4.242640687119285,1.1467853536241583
204,8,LAA,5.744562646538029,1.8135205795848108
204,9,Coronary,79.98749902328488,13.534763631395936
204,10,PV,3.4641016151377544,1.0630229307801702
398,1,Myocardium,2.23606797749979,0.6168822226115674
398,2,LA,2.0,0.5611757624664324
398,3,LV,1.4142135623730951,0.4320550549997544
398,4,RA,1.4142135623730951,0.46345925135976973
398,5,RV,3.605551275463989,1.4600022631328493
398,6,Aorta,2.0,0.5878871884610933
398,7,PA,3.7416573867739413,1.20095883860191
398,8,LAA,4.123105625617661,1.0943150098968446
398,9,Coronary,119.55333537798099,20.347740984607896
398,10,PV,2.8284271247461903,0.909457290977724
916,1,Myocardium,1.4142135623730951,0.42823480661299224
916,2,LA,1.4142135623730951,0.4473141742483956
916,3,LV,1.0,0.3569268194026921
916,4,RA,1.4142135623730951,0.5066648997892
916,5,RV,3.7416573867739413,1.3342189274658125
916,6,Aorta,2.0,0.5281264910702925
916,7,PA,4.0,1.262233867986891
916,8,LAA,4.123105625617661,1.021663752819368
916,9,Coronary,140.26760139105536,28.029838813184735
916,10,PV,3.1622776601683795,0.8589800221014285
627,1,Myocardium,1.4142135623730951,0.5048234174661691
627,2,LA,1.4142135623730951,0.5540027688134512
627,3,LV,1.4142135623730951,0.48219230621559894
627,4,RA,1.4142135623730951,0.4679361532794094
627,5,RV,4.0,1.1140809150451245
627,6,Aorta,2.0,0.6465779008499386
627,7,PA,3.605551275463989,1.1035024906408366
627,8,LAA,6.324555320336759,1.9111820806622635
627,9,Coronary,138.7191407124482,29.93687580983942
627,10,PV,3.3166247903554,0.9128624618251732
481,1,Myocardium,1.4142135623730951,0.45081501177310324
481,2,LA,1.4142135623730951,0.5392577038283628
481,3,LV,1.0,0.33653485377677794
481,4,RA,1.4142135623730951,0.5158484497446105
481,5,RV,3.605551275463989,1.193233262286174
481,6,Aorta,2.0,0.5966406016951651
481,7,PA,3.605551275463989,1.1474568925003885
481,8,LAA,5.830951894845301,2.054717657134886
481,9,Coronary,138.60375175297384,27.167859298608263
481,10,PV,3.1622776601683795,0.8422815151861276
542,1,Myocardium,2.8284271247461903,0.687266838925972
542,2,LA,2.0,0.7125689961419861
542,3,LV,1.0,0.3589252268216542
542,4,RA,1.4142135623730951,0.5507182874147358
542,5,RV,4.242640687119285,1.2562350866296708
542,6,Aorta,2.0,0.6397404512542144
542,7,PA,4.358898943540674,1.324165085416357
542,8,LAA,3.4641016151377544,0.9834416686579295
542,9,Coronary,40.52159917870962,4.633545187251142
542,10,PV,10.677078252031311,1.4464654701201052
902,1,Myocardium,1.4142135623730951,0.4964331587894447
902,2,LA,1.4142135623730951,0.5875303078507497
902,3,LV,1.4142135623730951,0.3917580263726187
902,4,RA,1.4142135623730951,0.49628619393056556
902,5,RV,3.1622776601683795,1.1530379714419685
902,6,Aorta,2.0,0.6603536510170024
902,7,PA,5.477225575051661,2.7940455753575435
902,8,LAA,5.744562646538029,1.5935266831071258
902,9,Coronary,114.37657102746174,20.029545859454277
902,10,PV,2.8284271247461903,0.8774341672892682
143,1,Myocardium,2.0,0.533171716473066
143,2,LA,1.4142135623730951,0.45740274066078457
143,3,LV,1.4142135623730951,0.39748455877533806
143,4,RA,2.0,0.7331828954188941
143,5,RV,3.3166247903554,1.3065303572198164
143,6,Aorta,2.0,0.6343155618437986
143,7,PA,3.7416573867739413,1.1503674135136612
143,8,LAA,7.0,2.183959963254124
143,9,Coronary,88.43641783790206,14.419830495584481
143,10,PV,2.449489742783178,0.7215759885417233
60,1,Myocardium,1.4142135623730951,0.43577177584633
60,2,LA,1.4142135623730951,0.5147248105328512
60,3,LV,1.0,0.32532257702261363
60,4,RA,1.4142135623730951,0.4746679274002119
60,5,RV,3.1622776601683795,1.0383401824568157
60,6,Aorta,2.0,0.5996427440948369
60,7,PA,3.605551275463989,1.1306439939083728
60,8,LAA,4.123105625617661,1.286721068712573
60,9,Coronary,146.5708020036733,33.01899846327673
60,10,PV,3.0,0.8260958420834533
125,1,Myocardium,2.0,0.5266638776023045
125,2,LA,1.4142135623730951,0.5480570225328755
125,3,LV,1.4142135623730951,0.4184643379123698
125,4,RA,1.4142135623730951,0.504329976600587
125,5,RV,3.1622776601683795,1.2474721896814358
125,6,Aorta,2.0,0.6892074229190304
125,7,PA,6.48074069840786,1.5203746948349153
125,8,LAA,9.899494936611665,3.7998168721534444
125,9,Coronary,120.3204055844228,28.68471820638062
125,10,PV,3.0,0.8355261074841291
892,1,Myocardium,1.4142135623730951,0.4620595452859738
892,2,LA,1.4142135623730951,0.4764815999811157
892,3,LV,1.0,0.42248069851944536
892,4,RA,1.4142135623730951,0.5558831246691178
892,5,RV,3.605551275463989,1.438172736336258
892,6,Aorta,2.0,0.6348679804106434
892,7,PA,4.47213595499958,1.109141853218429
892,8,LAA,5.0,1.4318918821128432
892,9,Coronary,115.2128465059344,14.243518729374482
892,10,PV,3.1622776601683795,0.8096696186266428
54,1,Myocardium,1.4142135623730951,0.47132363294737506
54,2,LA,1.4142135623730951,0.5408254222809254
54,3,LV,1.0,0.3308821509352692
54,4,RA,1.4142135623730951,0.4894448572906283
54,5,RV,3.4641016151377544,1.2901288786048322
54,6,Aorta,2.0,0.7050865971720831
54,7,PA,6.324555320336759,1.5159483774033522
54,8,LAA,5.916079783099616,1.661737563861508
54,9,Coronary,131.03053079339944,26.679113678371074
54,10,PV,3.7416573867739413,0.9536702782690762
188,1,Myocardium,1.4142135623730951,0.47027945680771344
188,2,LA,1.4142135623730951,0.5805622976029019
188,3,LV,1.4142135623730951,0.4604771428277703
188,4,RA,1.4142135623730951,0.4316853128598102
188,5,RV,4.123105625617661,1.2881249312711835
188,6,Aorta,2.0,0.6041658205350702
188,7,PA,5.0,1.3691863355395775
188,8,LAA,5.830951894845301,1.5500738396271387
188,9,Coronary,152.9901957643038,25.729813009640868
188,10,PV,2.8284271247461903,0.8699337820780209
764,1,Myocardium,2.0,0.5439955883233121
764,2,LA,1.4142135623730951,0.5195901584791545
764,3,LV,1.4142135623730951,0.43442803348320225
764,4,RA,1.4142135623730951,0.6192874805998124
764,5,RV,3.605551275463989,1.1515883309280355
764,6,Aorta,2.0,0.6504730554636284
764,7,PA,5.744562646538029,1.379286344259315
764,8,LAA,5.0990195135927845,1.3259504640748876
764,9,Coronary,142.73401836983362,26.498749855900623
764,10,PV,3.1622776601683795,0.8127011516993827
517,1,Myocardium,1.4142135623730951,0.4944701896932364
517,2,LA,1.4142135623730951,0.5243862733457232
517,3,LV,1.4142135623730951,0.37287435555170767
517,4,RA,1.4142135623730951,0.5634046583701361
517,5,RV,3.1622776601683795,1.1085180717723508
517,6,Aorta,2.0,0.6245170699134719
517,7,PA,2.8284271247461903,0.8906429548884864
517,8,LAA,6.48074069840786,2.4989302705019547
517,9,Coronary,127.57350822173073,20.505008670389813
517,10,PV,5.744562646538029,1.1957345545662619
374,1,Myocardium,1.4142135623730951,0.4377082082269925
374,2,LA,1.4142135623730951,0.5212401184477637
374,3,LV,1.0,0.3432411055171557
374,4,RA,1.7320508075688772,0.6133081889742232
374,5,RV,3.7416573867739413,1.1805258579150943
374,6,Aorta,2.0,0.6237332484740299
374,7,PA,3.1622776601683795,1.0197851647971847
374,8,LAA,6.4031242374328485,2.274553016727659
374,9,Coronary,122.43365550370535,15.496211699941686
374,10,PV,3.0,0.7920027917891259
557,1,Myocardium,1.7320508075688772,0.5611992933480382
557,2,LA,1.4142135623730951,0.5983951868134098
557,3,LV,1.4142135623730951,0.3556110099933767
557,4,RA,1.0,0.37538154230736615
557,5,RV,3.0,1.2756082092877319
557,6,Aorta,2.0,0.7096614958318235
557,7,PA,4.58257569495584,1.146942677771023
557,8,LAA,12.083045973594572,1.9758993144750518
557,9,Coronary,120.15822901491184,24.280194213427475
557,10,PV,3.0,0.9608737299063652
160,1,Myocardium,2.0,0.5712526655571437
160,2,LA,1.4142135623730951,0.5859897101505669
160,3,LV,1.4142135623730951,0.39579870961309727
160,4,RA,1.4142135623730951,0.4572728668259696
160,5,RV,4.47213595499958,1.4774885261914394
160,6,Aorta,2.0,0.6227867934298257
160,7,PA,5.744562646538029,1.5678981138929204
160,8,LAA,3.7416573867739413,1.1567137400675134
160,9,Coronary,145.81152217846162,20.819883322791807
160,10,PV,3.1622776601683795,0.9321920932193541
797,1,Myocardium,1.4142135623730951,0.4606311194835817
797,2,LA,1.4142135623730951,0.5475213487351043
797,3,LV,1.0,0.3927984878016444
797,4,RA,1.4142135623730951,0.4857819824903808
797,5,RV,3.0,1.1059792263506287
797,6,Aorta,2.0,0.6525503794877563
797,7,PA,4.123105625617661,1.1078810235351753
797,8,LAA,6.557438524302,2.6332904288075327
797,9,Coronary,137.66989503882104,23.38472894913114
797,10,PV,4.123105625617661,0.9562715485595952
494,1,Myocardium,1.7320508075688772,0.48965656548057424
494,2,LA,1.4142135623730951,0.5454573503215705
494,3,LV,1.0,0.34398752218780376
494,4,RA,1.4142135623730951,0.47076221604151647
494,5,RV,3.605551275463989,1.0624839573983031
494,6,Aorta,2.0,0.6069995314907668
494,7,PA,2.8284271247461903,1.0049058724947244
494,8,LAA,3.7416573867739413,1.0938557098594488
494,9,Coronary,126.50691680694776,18.68285441081251
494,10,PV,2.8284271247461903,0.844563605582556
341,1,Myocardium,2.23606797749979,0.6569723446656456
341,2,LA,1.4142135623730951,0.6268684884956527
341,3,LV,1.4142135623730951,0.42113825834768653
341,4,RA,1.4142135623730951,0.4966755865093365
341,5,RV,5.0,1.3819806469739868
341,6,Aorta,2.0,0.674059803249361
341,7,PA,4.58257569495584,1.3144709975553908
341,8,LAA,3.4641016151377544,0.950877960574734
341,9,Coronary,111.0,15.545062206270533
341,10,PV,3.1622776601683795,0.9399024357145388
545,1,Myocardium,1.4142135623730951,0.46976856783402077
545,2,LA,1.0,0.4140085853190972
545,3,LV,1.0,0.3506141104200894
545,4,RA,1.7320508075688772,0.5914477273396971
545,5,RV,3.605551275463989,1.3744874192058858
545,6,Aorta,2.0,0.6409505815055159
545,7,PA,6.4031242374328485,1.4197527572968327
545,8,LAA,7.874007874011811,2.9373367929210548
545,9,Coronary,135.07405376311175,27.76634334410157
545,10,PV,3.1622776601683795,0.8417024868872056
318,1,Myocardium,1.4142135623730951,0.49432245692234533
318,2,LA,1.4142135623730951,0.5180684178588522
318,3,LV,1.4142135623730951,0.44371966609275626
318,4,RA,1.4142135623730951,0.4565635865374871
318,5,RV,3.605551275463989,1.2191325494939005
318,6,Aorta,2.0,0.5938722042968028
318,7,PA,4.123105625617661,1.2389862194386951
318,8,LAA,5.0990195135927845,1.6538280420370848
318,9,Coronary,138.32570260078205,24.96793764742084
318,10,PV,2.23606797749979,0.6649386386556602
233,1,Myocardium,1.7320508075688772,0.4790457165032336
233,2,LA,1.4142135623730951,0.4679865437874491
233,3,LV,1.0,0.33679508167618344
233,4,RA,2.23606797749979,0.9743798571152371
233,5,RV,4.47213595499958,1.299126819427258
233,6,Aorta,2.0,0.6590732424599521
233,7,PA,3.1622776601683795,1.3641125355063488
233,8,LAA,4.123105625617661,1.3118205685047006
233,9,Coronary,129.57623238850556,33.40394116906977
233,10,PV,4.123105625617661,1.0295571831994155
694,1,Myocardium,2.23606797749979,0.6477077781710572
694,2,LA,1.4142135623730951,0.5239356913177253
694,3,LV,1.0,0.3309280096289401
694,4,RA,1.4142135623730951,0.5308861874979692
694,5,RV,5.0,1.1652433396315818
694,6,Aorta,2.0,0.658833423173695
694,7,PA,2.449489742783178,1.1809457868036737
694,8,LAA,5.477225575051661,1.5686770589408856
694,9,Coronary,115.20850663036997,22.126291727297595
694,10,PV,3.1622776601683795,0.9108712975630988
123,1,Myocardium,2.0,0.593280365485494
123,2,LA,1.4142135623730951,0.49965646999842533
123,3,LV,1.4142135623730951,0.40879626977319794
123,4,RA,1.4142135623730951,0.5299142379490582
123,5,RV,4.358898943540674,1.1532705399369267
123,6,Aorta,2.0,0.6523294778611539
123,7,PA,4.123105625617661,1.143856584627299
123,8,LAA,4.47213595499958,1.4340353936434296
123,9,Coronary,119.81235328629515,23.51653573450221
123,10,PV,6.708203932499369,0.9128390629246735
930,1,Myocardium,1.4142135623730951,0.5331089881976041
930,2,LA,1.7320508075688772,0.6276713404244221
930,3,LV,1.0,0.38109125632886326
930,4,RA,1.7320508075688772,0.6725082598988134
930,5,RV,4.123105625617661,1.233103535461323
930,6,Aorta,2.0,0.656110959524587
930,7,PA,4.358898943540674,1.2185913331704976
930,8,LAA,4.69041575982343,1.514788088286324
930,9,Coronary,135.9632303234959,25.94309196463576
930,10,PV,4.123105625617661,0.9359305041753654
634,1,Myocardium,1.4142135623730951,0.45040784584566473
634,2,LA,2.0,0.6359559785237858
634,3,LV,1.4142135623730951,0.40496362817073706
634,4,RA,1.4142135623730951,0.4526631115541863
634,5,RV,3.4641016151377544,1.0958625863133347
634,6,Aorta,2.0,0.6694051360064139
634,7,PA,4.47213595499958,1.382627854459519
634,8,LAA,5.830951894845301,2.0677108252639695
634,9,Coronary,139.0179844480562,28.61042616327746
634,10,PV,6.4031242374328485,1.132571050528845
508,1,Myocardium,1.4142135623730951,0.4467024535655587
508,2,LA,1.4142135623730951,0.4278756704171601
508,3,LV,1.0,0.3153636447983932
508,4,RA,1.4142135623730951,0.4316925304675621
508,5,RV,3.0,1.1172427746323583
508,6,Aorta,2.0,0.6722136717334551
508,7,PA,4.123105625617661,1.023589781016338
508,8,LAA,8.602325267042627,2.794051661972097
508,9,Coronary,122.82507887235408,25.712786601657143
508,10,PV,3.0,0.9017830463798964
969,1,Myocardium,1.7320508075688772,0.5290073708459402
969,2,LA,1.7320508075688772,0.686284141091069
969,3,LV,1.4142135623730951,0.4184124573912432
969,4,RA,1.7320508075688772,0.6069650640307074
969,5,RV,3.3166247903554,1.148796781295099
969,6,Aorta,2.0,0.7587115803575726
969,7,PA,83.45058418010026,4.325294841215792
969,8,LAA,8.18535277187245,2.3070118672724744
969,9,Coronary,88.73556220591607,11.09199643150978
969,10,PV,12.0,1.7749366971794802
933,1,Myocardium,1.7320508075688772,0.5337876684016138
933,2,LA,1.4142135623730951,0.47513448590468144
933,3,LV,1.0,0.3213626456714135
933,4,RA,1.4142135623730951,0.4955700614463392
933,5,RV,4.242640687119285,1.1637249199739748
933,6,Aorta,2.0,0.6869652507114936
933,7,PA,6.708203932499369,1.6500710571532835
933,8,LAA,7.0710678118654755,1.605349332121068
933,9,Coronary,139.2336166304675,25.973209069179816
933,10,PV,3.1622776601683795,0.9491132446529238
18,1,Myocardium,2.8284271247461903,0.6947435981462082
18,2,LA,1.4142135623730951,0.6038455936015256
18,3,LV,1.4142135623730951,0.4455788775094777
18,4,RA,1.7320508075688772,0.6500348833962957
18,5,RV,6.0,1.3073638425751497
18,6,Aorta,2.0,0.7422841576769879
18,7,PA,4.47213595499958,1.1762294763833117
18,8,LAA,7.483314773547883,2.041513977419455
18,9,Coronary,129.9730741346068,26.16945937463032
18,10,PV,2.23606797749979,0.6545170283182422
311,1,Myocardium,1.7320508075688772,0.5295585246266911
311,2,LA,1.4142135623730951,0.4707723530322411
311,3,LV,1.4142135623730951,0.3901057972477424
311,4,RA,1.4142135623730951,0.46043050608414926
311,5,RV,4.0,1.5105391837957753
311,6,Aorta,2.0,0.6871635659543189
311,7,PA,5.0,1.2184289281257528
311,8,LAA,5.385164807134504,1.2318718569980722
311,9,Coronary,145.8012345626744,32.86205271000384
311,10,PV,3.0,0.9205477248709534
439,1,Myocardium,1.4142135623730951,0.5115469799444732
439,2,LA,1.4142135623730951,0.46111072065681524
439,3,LV,1.4142135623730951,0.42741475968483067
439,4,RA,1.4142135623730951,0.5509757627197517
439,5,RV,3.605551275463989,1.1413439416035815
439,6,Aorta,2.0,0.5450513477669687
439,7,PA,2.8284271247461903,1.0581948886205996
439,8,LAA,7.0710678118654755,2.3409787612327246
439,9,Coronary,119.11758896149637,13.563927313510755
439,10,PV,4.58257569495584,0.9897795227453412
28,1,Myocardium,2.0,0.5631861633067556
28,2,LA,1.4142135623730951,0.5142146096959765
28,3,LV,1.4142135623730951,0.41692262813535313
28,4,RA,1.4142135623730951,0.4159791995984144
28,5,RV,4.0,1.2662430477390672
28,6,Aorta,2.0,0.5872655737106771
28,7,PA,5.0,1.2934233575276637
28,8,LAA,5.385164807134504,1.633212129374899
28,9,Coronary,147.94931564559533,31.54398824040522
28,10,PV,2.8284271247461903,0.7799288986712134
87,1,Myocardium,1.7320508075688772,0.5141859845881926
87,2,LA,1.4142135623730951,0.575039018840012
87,3,LV,1.0,0.39763268663362095
87,4,RA,1.4142135623730951,0.4582239865495468
87,5,RV,3.605551275463989,1.2361191317554399
87,6,Aorta,2.0,0.5501256198291206
87,7,PA,3.7416573867739413,1.1033637325393615
87,8,LAA,4.898979485566356,1.6852757306709791
87,9,Coronary,127.01574705523721,21.46448653252029
87,10,PV,3.605551275463989,0.9559431131967644
431,1,Myocardium,1.7320508075688772,0.5227278912232751
431,2,LA,1.4142135623730951,0.49629488246006437
431,3,LV,1.0,0.35325820743623293
431,4,RA,1.4142135623730951,0.5305127445633162
431,5,RV,4.47213595499958,1.1695785939483105
431,6,Aorta,2.0,0.6227195953336229
431,7,PA,8.602325267042627,1.5912554963119157
431,8,LAA,4.123105625617661,1.2905106875546721
431,9,Coronary,162.1141573089778,28.4606442678809
431,10,PV,5.477225575051661,1.085713639007818
436,1,Myocardium,1.7320508075688772,0.5567089311373279
436,2,LA,1.4142135623730951,0.5096441679054264
436,3,LV,1.4142135623730951,0.41302617959555377
436,4,RA,1.7320508075688772,0.6456836101387706
436,5,RV,4.898979485566356,1.237232234849138
436,6,Aorta,2.0,0.6127081157104202
436,7,PA,3.7416573867739413,1.2166455700168364
436,8,LAA,5.0990195135927845,1.335527183246336
436,9,Coronary,154.41178711484432,28.578679962103962
436,10,PV,2.449489742783178,0.7794338441274836
315,1,Myocardium,2.0,0.6733093063466533
315,2,LA,1.4142135623730951,0.4459445273452804
315,3,LV,1.4142135623730951,0.38760774288050726
315,4,RA,1.4142135623730951,0.5260289649510232
315,5,RV,3.605551275463989,1.3255682191737348
315,6,Aorta,4.123105625617661,0.9540702034307865
315,7,PA,4.242640687119285,1.2648750972077578
315,8,LAA,5.477225575051661,1.7081466487111154
315,9,Coronary,109.77249200050075,15.60395333852979
315,10,PV,4.358898943540674,1.245285418311799
941,1,Myocardium,1.4142135623730951,0.5198563652515227
941,2,LA,1.4142135623730951,0.5192135881627074
941,3,LV,1.0,0.34576724950433324
941,4,RA,1.4142135623730951,0.5388545168544441
941,5,RV,3.1622776601683795,1.1830105040800087
941,6,Aorta,2.0,0.6352234987627103
941,7,PA,3.605551275463989,1.1339191154336907
941,8,LAA,5.656854249492381,1.4330393488794106
941,9,Coronary,137.5099996363901,35.96090836916673
941,10,PV,3.0,0.795338558478325
378,1,Myocardium,1.4142135623730951,0.49670106893983845
378,2,LA,1.4142135623730951,0.510833820626115
378,3,LV,1.0,0.32578651722738583
378,4,RA,1.4142135623730951,0.4553559921267901
378,5,RV,3.1622776601683795,1.2534871111518837
378,6,Aorta,2.0,0.6246968115643047
378,7,PA,3.1622776601683795,1.0008101837157821
378,8,LAA,7.483314773547883,2.6127264220609088
378,9,Coronary,136.36348484840067,21.850334945026653
378,10,PV,6.708203932499369,1.11314298975263
753,1,Myocardium,2.0,0.5887495327849003
753,2,LA,2.0,0.6079827100613191
753,3,LV,1.4142135623730951,0.4315525375950546
753,4,RA,1.4142135623730951,0.5529066815338637
753,5,RV,4.242640687119285,1.6167658089721497
753,6,Aorta,2.0,0.6480162036191874
753,7,PA,3.605551275463989,1.1402004448449716
753,8,LAA,9.273618495495704,1.8038208677955136
753,9,Coronary,137.09850473291092,25.00577436784554
753,10,PV,3.4641016151377544,0.9348500757361281
789,1,Myocardium,1.4142135623730951,0.4465335273140639
789,2,LA,1.4142135623730951,0.45750806316183235
789,3,LV,1.4142135623730951,0.409839063061626
789,4,RA,1.4142135623730951,0.500509125614159
789,5,RV,3.0,0.8560738624477807
789,6,Aorta,2.0,0.6660027676295373
789,7,PA,3.605551275463989,1.1771440660165082
789,8,LAA,4.358898943540674,1.517847693687422
789,9,Coronary,136.71503209230505,22.586941464711085
789,10,PV,3.1622776601683795,0.7695977876401341
883,1,Myocardium,1.4142135623730951,0.4841755710885812
883,2,LA,1.4142135623730951,0.5194638096685292
883,3,LV,1.0,0.33581098193924563
883,4,RA,1.0,0.37851587026074174
883,5,RV,4.0,1.2926553180216547
883,6,Aorta,2.0,0.664560856453457
883,7,PA,5.656854249492381,1.3825601931429519
883,8,LAA,3.7416573867739413,1.2634293645927732
883,9,Coronary,116.58902178164118,20.692708000398014
883,10,PV,3.1622776601683795,0.9148647187586603
201,1,Myocardium,2.23606797749979,0.5590770525621738
201,2,LA,1.4142135623730951,0.5436496423950139
201,3,LV,1.4142135623730951,0.4172268686806737
201,4,RA,1.4142135623730951,0.4755344507274788
201,5,RV,3.7416573867739413,1.1887732094743675
201,6,Aorta,2.0,0.6840425405592846
201,7,PA,4.242640687119285,1.1711085483660588
201,8,LAA,5.385164807134504,1.6440738700164488
201,9,Coronary,118.61281549647154,15.051104825791194
201,10,PV,2.23606797749979,0.8231387411845275
428,1,Myocardium,3.4641016151377544,0.9463372463813846
428,2,LA,1.4142135623730951,0.542882643396687
428,3,LV,1.4142135623730951,0.4919897203721585
428,4,RA,1.7320508075688772,0.6606405472799088
428,5,RV,5.0,1.8823675031715923
428,6,Aorta,2.0,0.6573599149012954
428,7,PA,4.358898943540674,1.0855109608541973
428,8,LAA,6.4031242374328485,2.0729951936085977
428,9,Coronary,134.8109787814034,35.76954078825706
428,10,PV,4.0,0.981310319664016
356,1,Myocardium,1.4142135623730951,0.4900956532362133
356,2,LA,1.4142135623730951,0.5994813748207601
356,3,LV,1.0,0.3213747760940182
356,4,RA,1.7320508075688772,0.6498557464391697
356,5,RV,3.1622776601683795,1.1090141891729322
356,6,Aorta,2.0,0.6085293171007348
356,7,PA,14.89966442575134,2.014704438041454
356,8,LAA,5.0990195135927845,1.4788320841098324
356,9,Coronary,164.46884203398528,30.218549452288176
356,10,PV,5.196152422706632,1.1348925892263892
921,1,Myocardium,1.7320508075688772,0.49866259684553627
921,2,LA,1.7320508075688772,0.599597086775381
921,3,LV,1.4142135623730951,0.3526637844281433
921,4,RA,1.4142135623730951,0.47549423851615097
921,5,RV,4.123105625617661,1.2508305810221267
921,6,Aorta,2.0,0.6302901319388273
921,7,PA,3.0,1.0729952224596513
921,8,LAA,5.0,1.4041225822755865
921,9,Coronary,104.98571331376475,12.878625454927814
921,10,PV,5.0990195135927845,1.1301627421079257
571,1,Myocardium,2.0,0.5731020456546497
571,2,LA,1.4142135623730951,0.6395053625992265
571,3,LV,1.4142135623730951,0.4145673147764486
571,4,RA,1.7320508075688772,0.6470443606328133
571,5,RV,4.0,0.9611274152230868
571,6,Aorta,2.0,0.6423277012603534
571,7,PA,4.898979485566356,2.2328463550240483
571,8,LAA,10.392304845413264,2.563745370251732
571,9,Coronary,129.6688088940436,28.343177115755427
571,10,PV,5.0,1.1050694748904877
289,1,Myocardium,2.0,0.5835687832662749
289,2,LA,1.4142135623730951,0.4857492287458172
289,3,LV,1.0,0.3465708338327135
289,4,RA,1.4142135623730951,0.5295783085359405
289,5,RV,5.0990195135927845,1.4021444950870068
289,6,Aorta,2.0,0.6271190718638016
289,7,PA,5.0,1.3606823700981614
289,8,LAA,3.7416573867739413,1.11520979265846
289,9,Coronary,154.89996772110703,34.33242838363425
289,10,PV,3.7416573867739413,1.087659492854857
955,1,Myocardium,1.4142135623730951,0.5190856384553627
955,2,LA,1.4142135623730951,0.5309127047713327
955,3,LV,1.4142135623730951,0.4466136439232131
955,4,RA,1.4142135623730951,0.5275167195674257
955,5,RV,3.4641016151377544,1.1140234163598466
955,6,Aorta,2.0,0.6466971328599371
955,7,PA,3.605551275463989,1.2461142789998914
955,8,LAA,4.58257569495584,1.3565692261912412
955,9,Coronary,152.85287043428397,34.00008784650854
955,10,PV,2.8284271247461903,0.7178598991756433
645,1,Myocardium,1.7320508075688772,0.49202284543381974
645,2,LA,1.4142135623730951,0.5238895706867929
645,3,LV,1.0,0.3273762615231498
645,4,RA,1.4142135623730951,0.447351484307174
645,5,RV,4.47213595499958,1.07766863408425
645,6,Aorta,2.0,0.6436800936777998
645,7,PA,10.816653826391969,1.8256265439763666
645,8,LAA,4.123105625617661,1.0714317912463684
645,9,Coronary,152.33187453714342,28.893070525317363
645,10,PV,3.605551275463989,0.9792428542651255
179,1,Myocardium,2.23606797749979,0.6442607700075595
179,2,LA,1.4142135623730951,0.5080596986029389
179,3,LV,1.4142135623730951,0.46136987240841626
179,4,RA,1.7320508075688772,0.5929112258175269
179,5,RV,3.0,1.1971018857466265
179,6,Aorta,2.0,0.6866812309327626
179,7,PA,6.928203230275509,1.418813950219925
179,8,LAA,6.324555320336759,1.6745452854665555
179,9,Coronary,129.6572404457229,18.358028768272252
179,10,PV,3.7416573867739413,0.835501368991102
547,1,Myocardium,1.7320508075688772,0.5402623440988491
547,2,LA,1.4142135623730951,0.4897214633137654
547,3,LV,1.0,0.3181261698943114
547,4,RA,1.4142135623730951,0.42347072395330376
547,5,RV,3.605551275463989,1.2907147894429518
547,6,Aorta,2.0,0.6402837181581618
547,7,PA,6.164414002968976,1.5665595593365822
547,8,LAA,3.1622776601683795,1.228107919697643
547,9,Coronary,145.2618325645109,21.94895723721323
547,10,PV,4.123105625617661,1.059644998577577
1000,1,Myocardium,1.7320508075688772,0.5146715628801377
1000,2,LA,1.4142135623730951,0.4445940638159728
1000,3,LV,1.0,0.3617475133663583
1000,4,RA,1.4142135623730951,0.4686899434278917
1000,5,RV,3.7416573867739413,1.0991282812831393
1000,6,Aorta,2.0,0.6400290807623306
1000,7,PA,4.242640687119285,1.2541986806080245
1000,8,LAA,4.123105625617661,1.147613347809854
1000,9,Coronary,158.68522300453813,29.880083727073522
1000,10,PV,2.8284271247461903,0.8078766709044112
799,1,Myocardium,2.0,0.5327054601333163
799,2,LA,1.4142135623730951,0.5333847142955099
799,3,LV,1.4142135623730951,0.374136826178455
799,4,RA,1.4142135623730951,0.49238290398566553
799,5,RV,3.7416573867739413,1.0434164573701767
799,6,Aorta,2.0,0.5886534050158184
799,7,PA,3.3166247903554,1.2337825784506762
799,8,LAA,4.69041575982343,1.5445601060178586
799,9,Coronary,110.87831167545798,22.165487342002667
799,10,PV,5.0,0.9514151325092501
911,1,Myocardium,1.4142135623730951,0.4442279923047508
911,2,LA,1.4142135623730951,0.4489190841039377
911,3,LV,1.4142135623730951,0.4059830361395122
911,4,RA,1.4142135623730951,0.5119807567255478
911,5,RV,5.0,1.2810575763029042
911,6,Aorta,2.0,0.5780071017850872
911,7,PA,92.5526876973327,5.2305039948439145
911,8,LAA,3.1622776601683795,1.094877812577546
911,9,Coronary,152.04275714416653,35.653982217635196
911,10,PV,2.8284271247461903,0.8654402565814059
342,1,Myocardium,2.0,0.5960018788177259
342,2,LA,1.4142135623730951,0.5094846454708105
342,3,LV,1.4142135623730951,0.37706658930039083
342,4,RA,1.4142135623730951,0.5371347573557206
342,5,RV,3.605551275463989,1.1201318708280852
342,6,Aorta,2.0,0.6213712071262527
342,7,PA,3.605551275463989,1.0777246442606097
342,8,LAA,3.605551275463989,1.242132059389765
342,9,Coronary,161.1614097729354,35.269121793519965
342,10,PV,2.449489742783178,0.7773198400325922
452,1,Myocardium,1.7320508075688772,0.5576190094197151
452,2,LA,1.7320508075688772,0.6777942410719711
452,3,LV,1.4142135623730951,0.4578089049245958
452,4,RA,1.4142135623730951,0.5076674764709833
452,5,RV,3.1622776601683795,1.0245617018323752
452,6,Aorta,2.0,0.5847961108391941
452,7,PA,3.605551275463989,1.0860594234112808
452,8,LAA,4.123105625617661,1.25386311140987
452,9,Coronary,142.1407752898513,28.44336520645847
452,10,PV,3.1622776601683795,0.8849059714251026
88,1,Myocardium,2.0,0.5442007707317146
88,2,LA,1.7320508075688772,0.6485598851000027
88,3,LV,1.0,0.37062562101502505
88,4,RA,1.4142135623730951,0.5423278214703333
88,5,RV,4.0,1.303711307089536
88,6,Aorta,2.0,0.6892540879227281
88,7,PA,5.0,1.4608068634405122
88,8,LAA,4.898979485566356,1.3816933612847877
88,9,Coronary,142.30249470757707,25.054813804959856
88,10,PV,3.605551275463989,0.942973068686372
742,1,Myocardium,1.4142135623730951,0.4740128853515393
742,2,LA,1.7320508075688772,0.5803660690021559
742,3,LV,1.4142135623730951,0.40967816736316454
742,4,RA,1.4142135623730951,0.6532479072393051
742,5,RV,3.605551275463989,1.288495195569221
742,6,Aorta,2.0,0.6805048312336037
742,7,PA,4.69041575982343,2.8612304409686384
742,8,LAA,5.0,1.4047360279913246
742,9,Coronary,138.25339055516866,25.43947596986595
742,10,PV,2.8284271247461903,0.7733525790371885
992,1,Myocardium,2.0,0.5958128850110078
992,2,LA,1.4142135623730951,0.4475419986799777
992,3,LV,1.0,0.3773604408205784
992,4,RA,1.4142135623730951,0.5483842941412012
992,5,RV,4.123105625617661,1.2089549859590414
992,6,Aorta,2.0,0.6520037370416133
992,7,PA,4.123105625617661,1.1900040667425784
992,8,LAA,4.358898943540674,1.2864244653298966
992,9,Coronary,125.76963067449948,23.834430677503057
992,10,PV,4.123105625617661,1.0540034477929034
486,1,Myocardium,1.4142135623730951,0.5388679511163676
486,2,LA,1.4142135623730951,0.4958197698587805
486,3,LV,1.4142135623730951,0.3915578506532778
486,4,RA,1.4142135623730951,0.4205251950983655
486,5,RV,4.0,1.2733188946264105
486,6,Aorta,2.0,0.6738606519188763
486,7,PA,4.58257569495584,1.3608757056105492
486,8,LAA,4.58257569495584,1.4077211280176938
486,9,Coronary,126.39620247459969,22.98679692345365
486,10,PV,4.358898943540674,1.0103164748471904
461,1,Myocardium,1.4142135623730951,0.47816464646854984
461,2,LA,1.4142135623730951,0.5540684051876013
461,3,LV,1.0,0.3604764837790557
461,4,RA,1.4142135623730951,0.510790001043367
461,5,RV,4.123105625617661,1.2053711983653308
461,6,Aorta,2.0,0.6027241049285357
461,7,PA,3.605551275463989,1.04116686718169
461,8,LAA,5.0990195135927845,1.7497249269042565
461,9,Coronary,134.36145280548286,32.82053804284654
461,10,PV,3.1622776601683795,0.8876858451110121
122,1,Myocardium,2.449489742783178,0.7766072906042226
122,2,LA,2.0,0.6020269530705183
122,3,LV,1.4142135623730951,0.4205605469974868
122,4,RA,1.7320508075688772,0.6831938676605438
122,5,RV,3.4641016151377544,1.4443247190248614
122,6,Aorta,2.0,0.6307172127837162
122,7,PA,5.385164807134504,1.455426061662397
122,8,LAA,4.898979485566356,1.6540236181678925
122,9,Coronary,116.48605066702193,23.49645924650814
122,10,PV,5.0990195135927845,1.1022806643860406
619,1,Myocardium,1.7320508075688772,0.5050198314667588
619,2,LA,1.4142135623730951,0.5830009176071351
619,3,LV,1.0,0.3264237132664206
619,4,RA,1.4142135623730951,0.5150643926726955
619,5,RV,3.605551275463989,1.0340030284209125
619,6,Aorta,2.0,0.6202137347662493
619,7,PA,4.0,1.2586246816014073
619,8,LAA,4.123105625617661,1.3701490052951535
619,9,Coronary,129.28650354928777,16.80838301422679
619,10,PV,4.242640687119285,0.9391427449535089
450,1,Myocardium,1.4142135623730951,0.47954557149128674
450,2,LA,1.4142135623730951,0.5409830452844864
450,3,LV,1.4142135623730951,0.43688749286398765
450,4,RA,2.0,0.7384170053597572
450,5,RV,3.1622776601683795,1.2895555889090926
450,6,Aorta,2.0,0.7859850004860212
450,7,PA,4.242640687119285,1.0139018214101618
450,8,LAA,10.488088481701515,3.11351723963874
450,9,Coronary,124.34226956268733,28.67663259298717
450,10,PV,3.0,0.8017145714118106
705,1,Myocardium,1.7320508075688772,0.5154262159416028
705,2,LA,1.4142135623730951,0.4957111961699317
705,3,LV,1.4142135623730951,0.43958386076261996
705,4,RA,1.4142135623730951,0.4396033015032649
705,5,RV,3.7416573867739413,1.1339513663520604
705,6,Aorta,2.0,0.6101283263470619
705,7,PA,4.898979485566356,1.2274243274060428
705,8,LAA,8.602325267042627,3.0744253016192564
705,9,Coronary,136.7845020461017,33.161634188575945
705,10,PV,3.605551275463989,0.9982570038097967
227,1,Myocardium,1.7320508075688772,0.5253672651081889
227,2,LA,1.7320508075688772,0.5959578855980145
227,3,LV,1.4142135623730951,0.459406604506501
227,4,RA,1.4142135623730951,0.5510666496694799
227,5,RV,3.605551275463989,1.291984708991305
227,6,Aorta,2.0,0.6238125840166995
227,7,PA,5.0990195135927845,1.3081508720544264
227,8,LAA,9.486832980505138,2.5566998855409646
227,9,Coronary,138.58571354941316,21.86924121829778
227,10,PV,4.47213595499958,1.0346179437938938
325,1,Myocardium,2.0,0.571527762823207
325,2,LA,1.4142135623730951,0.5467051427602522
325,3,LV,1.0,0.3429759750284016
325,4,RA,1.4142135623730951,0.5716130017335873
325,5,RV,2.8284271247461903,0.8830748034236104
325,6,Aorta,2.23606797749979,0.7237251785267038
325,7,PA,3.605551275463989,2.787346764879193
325,8,LAA,5.744562646538029,1.6075780067048533
325,9,Coronary,133.1277581873893,26.419421605137682
325,10,PV,4.358898943540674,1.1458215499652669
940,1,Myocardium,1.7320508075688772,0.5351629940134095
940,2,LA,1.4142135623730951,0.6271660861616968
940,3,LV,1.4142135623730951,0.3914297974234907
940,4,RA,1.4142135623730951,0.5010572795612991
940,5,RV,3.7416573867739413,1.13645649405185
940,6,Aorta,2.0,0.686269482261662
940,7,PA,4.0,1.3690749822498989
940,8,LAA,4.898979485566356,1.7743639077541662
940,9,Coronary,157.4357011608231,24.884192519283367
940,10,PV,3.1622776601683795,0.8832657365023481
344,1,Myocardium,1.4142135623730951,0.4648964272980991
344,2,LA,1.4142135623730951,0.5238225561133922
344,3,LV,1.4142135623730951,0.3822933282924543
344,4,RA,1.4142135623730951,0.6100802668787084
344,5,RV,4.123105625617661,1.585191091315877
344,6,Aorta,2.0,0.6275824397269048
344,7,PA,60.14149981501958,4.987604370098754
344,8,LAA,4.0,1.4483380334941454
344,9,Coronary,130.82048769210425,23.831754647311712
344,10,PV,3.605551275463989,0.9876930984508658
458,1,Myocardium,2.0,0.6004905625154757
458,2,LA,1.4142135623730951,0.5575989759105449
458,3,LV,1.4142135623730951,0.44032156318894977
458,4,RA,1.4142135623730951,0.5147972409402124
458,5,RV,5.0,1.8036820348008833
458,6,Aorta,2.23606797749979,0.9010306786684734
458,7,PA,5.0,1.181386697506594
458,8,LAA,11.180339887498949,2.7559960306954707
458,9,Coronary,120.3577999134248,32.15383905730014
458,10,PV,2.449489742783178,0.7658583405289854
699,1,Myocardium,2.23606797749979,0.5861721612818358
699,2,LA,1.4142135623730951,0.5591467087890382
699,3,LV,1.4142135623730951,0.4160404915354547
699,4,RA,1.4142135623730951,0.6166143546033931
699,5,RV,4.58257569495584,1.3841965568225325
699,6,Aorta,2.0,0.6924661382858106
699,7,PA,5.0,1.3248792964291205
699,8,LAA,6.164414002968976,1.9604737452588257
699,9,Coronary,124.16521251944927,18.75421480047849
699,10,PV,3.1622776601683795,0.9272800466981974
447,1,Myocardium,2.0,0.5506868696708074
447,2,LA,2.0,0.7265702864446764
447,3,LV,2.0,0.6264087383806834
447,4,RA,1.4142135623730951,0.584568837846822
447,5,RV,4.123105625617661,1.0948041566303832
447,6,Aorta,2.0,0.6926999175232738
447,7,PA,5.0,1.3659762852715587
447,8,LAA,12.529964086141668,2.7528231666215275
447,9,Coronary,134.80726983364065,35.40150340665133
447,10,PV,4.0,0.9574295269318287
863,1,Myocardium,2.0,0.597155243070432
863,2,LA,1.4142135623730951,0.5296942128182385
863,3,LV,1.4142135623730951,0.42184421737709465
863,4,RA,1.0,0.38437821187379534
863,5,RV,3.7416573867739413,1.2058027088641352
863,6,Aorta,2.0,0.6048917693572625
863,7,PA,78.03204469959762,4.272275797511788
863,8,LAA,4.123105625617661,1.320517422072351
863,9,Coronary,133.6487934850143,28.08233781068641
863,10,PV,2.23606797749979,0.7410380518187747
191,1,Myocardium,1.7320508075688772,0.5450430902146834
191,2,LA,1.4142135623730951,0.4919060595187069
191,3,LV,1.4142135623730951,0.40911212929583957
191,4,RA,1.4142135623730951,0.49756624670064753
191,5,RV,5.916079783099616,1.5151466707736445
191,6,Aorta,2.0,0.6299767063299087
191,7,PA,5.830951894845301,1.4618563645302498
191,8,LAA,3.3166247903554,1.0352892579401725
191,9,Coronary,157.00318468107582,35.38362041483635
191,10,PV,4.242640687119285,1.090591215565922
759,1,Myocardium,1.4142135623730951,0.46648109922188064
759,2,LA,1.4142135623730951,0.6395042420800919
759,3,LV,1.0,0.3371949792325819
759,4,RA,1.4142135623730951,0.545032645883416
759,5,RV,4.0,1.148122717019203
759,6,Aorta,2.0,0.6552374733865767
759,7,PA,3.4641016151377544,1.0602641880949164
759,8,LAA,3.605551275463989,1.1817322531965506
759,9,Coronary,137.03649149040558,23.473026750872023
759,10,PV,6.48074069840786,0.9686780679044686
729,1,Myocardium,2.0,0.5988615493234939
729,2,LA,1.4142135623730951,0.6644237426840013
729,3,LV,1.0,0.36524813295486935
729,4,RA,1.4142135623730951,0.46535823100683416
729,5,RV,4.242640687119285,1.566315644732358
729,6,Aorta,2.0,0.5917907596072061
729,7,PA,7.14142842854285,1.4028035797942005
729,8,LAA,9.273618495495704,1.8565974817082451
729,9,Coronary,162.7912774076056,34.36669261634912
729,10,PV,2.8284271247461903,0.8762229495850373
240,1,Myocardium,1.7320508075688772,0.5492060989596164
240,2,LA,1.7320508075688772,0.6188529797490272
240,3,LV,1.4142135623730951,0.4015105863600845
240,4,RA,1.4142135623730951,0.5138243423068634
240,5,RV,3.605551275463989,1.1359795867008189
240,6,Aorta,2.0,0.6365536575017743
240,7,PA,5.744562646538029,1.4915413330347325
240,8,LAA,21.61018278497431,3.7093298789960114
240,9,Coronary,139.94999106823838,22.33101342226386
240,10,PV,3.1622776601683795,1.0072967332952512
602,1,Myocardium,1.4142135623730951,0.4972720449436804
602,2,LA,1.4142135623730951,0.4688187829898046
602,3,LV,1.4142135623730951,0.4569524693678433
602,4,RA,1.4142135623730951,0.43198738731888126
602,5,RV,3.3166247903554,1.212390419966996
602,6,Aorta,2.0,0.6377504395618825
602,7,PA,4.123105625617661,1.0439307504082362
602,8,LAA,5.0990195135927845,1.5676209458969363
602,9,Coronary,136.12494260788506,32.705174371402656
602,10,PV,3.605551275463989,0.9647782493176916
296,1,Myocardium,1.4142135623730951,0.5285820192282862
296,2,LA,1.4142135623730951,0.5318157754197654
296,3,LV,1.4142135623730951,0.4625501207749749
296,4,RA,1.7320508075688772,0.7033288865238883
296,5,RV,3.7416573867739413,1.0920535490173673
296,6,Aorta,2.0,0.5910276943743138
296,7,PA,5.196152422706632,1.3404371245840938
296,8,LAA,3.0,0.9939883683404759
296,9,Coronary,141.14177269681716,20.744314670577193
296,10,PV,3.0,0.7912189142586551
449,1,Myocardium,2.23606797749979,0.5831831657691885
449,2,LA,1.4142135623730951,0.5790880687057803
449,3,LV,1.4142135623730951,0.5008731462947815
449,4,RA,1.4142135623730951,0.5136751748214825
449,5,RV,5.0,1.4444696468333018
449,6,Aorta,2.0,0.6292864066294824
449,7,PA,4.358898943540674,1.23990418599179
449,8,LAA,4.0,1.226734609865661
449,9,Coronary,141.20906486483082,28.26906171014844
449,10,PV,3.3166247903554,0.8661135199418117
717,1,Myocardium,2.0,0.5279760848576563
717,2,LA,1.4142135623730951,0.5403609996574651
717,3,LV,1.0,0.36221295509426554
717,4,RA,1.4142135623730951,0.5763421358879799
717,5,RV,4.123105625617661,1.1344614554116115
717,6,Aorta,2.0,0.658187435652823
717,7,PA,3.7416573867739413,1.1441762125041333
717,8,LAA,3.605551275463989,1.1667956727490578
717,9,Coronary,96.27564593395361,13.524596720888708
717,10,PV,2.8284271247461903,0.819225338332554
309,1,Myocardium,1.7320508075688772,0.5517122985680305
309,2,LA,1.4142135623730951,0.5732722526582394
309,3,LV,1.0,0.3652487818891338
309,4,RA,1.4142135623730951,0.5290080510673997
309,5,RV,4.0,1.2465236531484907
309,6,Aorta,2.0,0.7201843317697396
309,7,PA,4.0,1.1838175968848743
309,8,LAA,4.358898943540674,1.2684103099119612
309,9,Coronary,129.8961123359741,24.651782965441935
309,10,PV,2.8284271247461903,0.7829793937598726
922,1,Myocardium,1.4142135623730951,0.5044920620413577
922,2,LA,1.7320508075688772,0.5900836666194108
922,3,LV,1.4142135623730951,0.4107485803242992
922,4,RA,1.4142135623730951,0.5229326858045358
922,5,RV,4.123105625617661,0.9843934320056442
922,6,Aorta,2.0,0.7139143105887218
922,7,PA,3.1622776601683795,1.0464049185094604
922,8,LAA,7.810249675906654,2.5815289422202463
922,9,Coronary,98.17331613019904,9.955802750399588
922,10,PV,3.605551275463989,1.0079234439020643
706,1,Myocardium,1.4142135623730951,0.5085416815351844
706,2,LA,1.4142135623730951,0.47775623789505006
706,3,LV,1.4142135623730951,0.3716938951129213
706,4,RA,1.4142135623730951,0.4748324413343684
706,5,RV,4.0,1.4666755443124693
706,6,Aorta,2.0,0.5799827487202646
706,7,PA,4.123105625617661,1.1558263290665378
706,8,LAA,6.164414002968976,1.5623041649024247
706,9,Coronary,118.35962149314267,17.35569864538229
706,10,PV,3.605551275463989,1.0019703794574926
872,1,Myocardium,1.7320508075688772,0.4736359832844652
872,2,LA,1.4142135623730951,0.6172052125157558
872,3,LV,1.4142135623730951,0.37749487382794156
872,4,RA,1.4142135623730951,0.5072575682399467
872,5,RV,3.7416573867739413,1.2373615971771623
872,6,Aorta,2.0,0.6974114899522275
872,7,PA,5.0,1.2878048483345295
872,8,LAA,6.0,2.0632664056890064
872,9,Coronary,128.15615474880636,20.134268988455215
872,10,PV,4.358898943540674,1.055951592141169
669,1,Myocardium,2.23606797749979,0.6101499608171667
669,2,LA,1.7320508075688772,0.6482490525745996
669,3,LV,1.4142135623730951,0.509642452075658
669,4,RA,1.4142135623730951,0.5947223650872782
669,5,RV,3.605551275463989,1.056445428506564
669,6,Aorta,2.0,0.7175856069133434
669,7,PA,3.7416573867739413,1.1603343811942963
669,8,LAA,3.7416573867739413,1.0605049986108126
669,9,Coronary,130.77461527376022,20.66021825864095
669,10,PV,8.18535277187245,1.1477359276121273
379,1,Myocardium,1.7320508075688772,0.5126127577800997
379,2,LA,1.4142135623730951,0.5360882186150642
379,3,LV,1.4142135623730951,0.42185847718072866
379,4,RA,1.4142135623730951,0.41331418916226303
379,5,RV,3.1622776601683795,1.0838516986904492
379,6,Aorta,2.0,0.6475591131308158
379,7,PA,3.1622776601683795,0.8925419890614121
379,8,LAA,6.164414002968976,1.8614240103396393
379,9,Coronary,153.45683432157722,39.46898861545314
379,10,PV,2.449489742783178,0.7114574369930642
506,1,Myocardium,1.7320508075688772,0.491235198879714
506,2,LA,1.4142135623730951,0.5466869607565731
506,3,LV,1.4142135623730951,0.4587915012160314
506,4,RA,1.4142135623730951,0.5562941496989349
506,5,RV,4.0,1.1042314647792666
506,6,Aorta,2.0,0.5960637700914875
506,7,PA,2.8284271247461903,1.0994827334151092
506,8,LAA,3.605551275463989,1.242225095858485
506,9,Coronary,124.34629065637624,21.998294649548086
506,10,PV,3.0,0.7996521593271151
268,1,Myocardium,2.0,0.5523272046682612
268,2,LA,1.4142135623730951,0.5205676301671949
268,3,LV,1.4142135623730951,0.3673198015519819
268,4,RA,1.4142135623730951,0.42907479483755046
268,5,RV,4.898979485566356,1.3839302188412668
268,6,Aorta,2.0,0.6821200211870063
268,7,PA,3.1622776601683795,0.8828222834942501
268,8,LAA,5.385164807134504,1.9655764374373983
268,9,Coronary,133.15404612703287,22.7732513754825
268,10,PV,3.0,0.8393862623344027
5,1,Myocardium,2.23606797749979,0.5758631366159983
5,2,LA,1.4142135623730951,0.5655739393608523
5,3,LV,1.4142135623730951,0.4178418965577014
5,4,RA,1.4142135623730951,0.505312942135941
5,5,RV,4.58257569495584,1.301770397733012
5,6,Aorta,2.0,0.6552096689578818
5,7,PA,6.708203932499369,1.4807985181845655
5,8,LAA,4.123105625617661,1.1473526756205035
5,9,Coronary,164.14018398917432,33.57472790848789
5,10,PV,4.69041575982343,0.987172040810266
524,1,Myocardium,1.7320508075688772,0.5218282573792216
524,2,LA,1.4142135623730951,0.5007636897084916
524,3,LV,1.4142135623730951,0.42127381039594025
524,4,RA,1.4142135623730951,0.35687953627017216
524,5,RV,4.0,1.1881362028760867
524,6,Aorta,2.0,0.6023706270684832
524,7,PA,4.123105625617661,1.1222223489697296
524,8,LAA,8.602325267042627,3.2768234143694555
524,9,Coronary,130.64072871811456,31.490082905253225
524,10,PV,3.0,0.973484238939218
794,1,Myocardium,2.0,0.6194646090729193
794,2,LA,2.0,0.6750765201835225
794,3,LV,1.0,0.3420739919912213
794,4,RA,1.7320508075688772,0.6494101669238779
794,5,RV,4.0,1.1274494573651697
794,6,Aorta,2.0,0.6807346861724681
794,7,PA,5.196152422706632,1.5104042120034946
794,8,LAA,6.928203230275509,1.473725830373258
794,9,Coronary,65.57438524302,8.758200817521068
794,10,PV,7.54983443527075,1.2797267180473726
414,1,Myocardium,1.7320508075688772,0.5018458898877809
414,2,LA,1.4142135623730951,0.5773210260058659
414,3,LV,1.4142135623730951,0.46529863144534755
414,4,RA,1.4142135623730951,0.4379237835755745
414,5,RV,3.0,1.1723960800147428
414,6,Aorta,2.0,0.6578731240728803
414,7,PA,3.605551275463989,1.0870647642979137
414,8,LAA,5.916079783099616,1.3624959430959205
414,9,Coronary,132.41223508422476,29.775583550820638
414,10,PV,4.58257569495584,1.027388370109055
770,1,Myocardium,2.8284271247461903,0.8366290564219426
770,2,LA,1.4142135623730951,0.5368060691898335
770,3,LV,1.4142135623730951,0.43058897770529403
770,4,RA,1.0,0.39396977279425316
770,5,RV,4.0,1.3868194153105882
770,6,Aorta,2.0,0.683856040036591
770,7,PA,101.13851887386922,5.8623927060807555
770,8,LAA,4.123105625617661,1.2057731830905702
770,9,Coronary,137.42634390829147,22.53610806039473
770,10,PV,3.4641016151377544,1.0204991157670575
935,1,Myocardium,1.7320508075688772,0.4857386901983709
935,2,LA,1.4142135623730951,0.5120349981124099
935,3,LV,1.0,0.3865148060407162
935,4,RA,1.4142135623730951,0.42435216783595464
935,5,RV,3.3166247903554,1.147241737631953
935,6,Aorta,2.0,0.6681190565337336
935,7,PA,3.7416573867739413,1.1158802594981845
935,8,LAA,3.7416573867739413,1.2588290260518362
935,9,Coronary,145.9931505242626,29.57177450992015
935,10,PV,3.1622776601683795,0.8849462203842337
726,1,Myocardium,2.23606797749979,0.6033380558071845
726,2,LA,2.0,0.7631191340473262
726,3,LV,1.4142135623730951,0.36934606054211994
726,4,RA,1.7320508075688772,0.712872609144011
726,5,RV,3.605551275463989,1.1708056625495584
726,6,Aorta,2.0,0.6748259296824547
726,7,PA,16.881943016134134,3.3825516189173603
726,8,LAA,7.54983443527075,1.6514602212751022
726,9,Coronary,164.9151296879701,22.139657853218065
726,10,PV,9.273618495495704,1.392802392155328
277,1,Myocardium,2.0,0.5149545772916891
277,2,LA,1.7320508075688772,0.620056034423164
277,3,LV,1.4142135623730951,0.4003109956059777
277,4,RA,1.4142135623730951,0.49029340571474095
277,5,RV,5.0,1.6009325099228937
277,6,Aorta,2.0,0.7150338971874199
277,7,PA,3.605551275463989,0.970461216155807
277,8,LAA,5.916079783099616,1.552627602132317
277,9,Coronary,139.86064492915796,28.02169523925575
277,10,PV,2.0,0.6356298004720627
388,1,Myocardium,2.0,0.6045992626966377
388,2,LA,1.4142135623730951,0.5590961079631116
388,3,LV,1.4142135623730951,0.47995288704795397
388,4,RA,2.0,0.7270005572273907
388,5,RV,4.47213595499958,1.4609106050268958
388,6,Aorta,2.0,0.6137047524040178
388,7,PA,172.43549518588102,10.476952486069559
388,8,LAA,4.0,1.1367044479965718
388,9,Coronary,141.14531518970085,27.666644338788487
388,10,PV,3.0,0.7972295288737532
444,1,Myocardium,1.7320508075688772,0.53245691136519
444,2,LA,2.0,0.6661638048101401
444,3,LV,1.0,0.327201784125958
444,4,RA,1.4142135623730951,0.4475770264862617
444,5,RV,4.0,1.3474739022508575
444,6,Aorta,2.0,0.5979540320376162
444,7,PA,5.0990195135927845,1.34508139382458
444,8,LAA,4.242640687119285,1.0534734066136562
444,9,Coronary,144.64093473149293,26.049909973936714
444,10,PV,8.06225774829855,1.3378416793893573
91,1,Myocardium,2.0,0.5041720444505015
91,2,LA,1.4142135623730951,0.47622300468884476
91,3,LV,1.4142135623730951,0.42277362186944
91,4,RA,1.7320508075688772,0.6065496817846272
91,5,RV,4.123105625617661,1.1038231023881167
91,6,Aorta,2.0,0.6265818391072318
91,7,PA,4.47213595499958,1.2790643128986006
91,8,LAA,12.0,2.886772015534052
91,9,Coronary,114.8999564838908,20.246964846682467
91,10,PV,2.23606797749979,0.6777308125755757
736,1,Myocardium,1.4142135623730951,0.5355073354006742
736,2,LA,1.4142135623730951,0.5348809501665045
736,3,LV,1.4142135623730951,0.45404148381506865
736,4,RA,1.7320508075688772,0.6491688403237852
736,5,RV,4.898979485566356,1.6394580038576423
736,6,Aorta,2.0,0.6572882554781028
736,7,PA,5.0,1.3660099828269172
736,8,LAA,7.0710678118654755,2.6983150649818572
736,9,Coronary,131.55227098001768,23.537462257849572
736,10,PV,2.8284271247461903,0.7986457899166648
171,1,Myocardium,1.7320508075688772,0.5352310065024981
171,2,LA,1.4142135623730951,0.4801813126321375
171,3,LV,1.0,0.32971832825635394
171,4,RA,1.7320508075688772,0.7006726286271782
171,5,RV,4.358898943540674,1.3681619473335318
171,6,Aorta,2.0,0.6059802941997778
171,7,PA,4.69041575982343,1.2780290346100598
171,8,LAA,4.58257569495584,1.5576433296790402
171,9,Coronary,147.13938969562162,25.298344831774436
171,10,PV,3.605551275463989,0.8976243661732953
913,1,Myocardium,2.0,0.5534007994311045
913,2,LA,1.7320508075688772,0.6454128639555279
913,3,LV,1.0,0.32081283112146
913,4,RA,1.4142135623730951,0.4720764385462366
913,5,RV,4.69041575982343,1.4851630402937244
913,6,Aorta,2.0,0.6483443269092846
913,7,PA,3.0,1.04864360812717
913,8,LAA,4.69041575982343,1.5789732165254846
913,9,Coronary,143.8054240979804,29.175431483156558
913,10,PV,3.0,0.7453955635307262
609,1,Myocardium,2.0,0.6175684002444952
609,2,LA,2.0,0.674618683777578
609,3,LV,1.4142135623730951,0.3858381565142343
609,4,RA,1.7320508075688772,0.6279807893520826
609,5,RV,3.7416573867739413,1.2189477701099265
609,6,Aorta,2.0,0.6134039636762205
609,7,PA,6.6332495807108,1.4880642507810182
609,8,LAA,3.3166247903554,1.0383272760052291
609,9,Coronary,156.65567337316577,34.395998286684076
609,10,PV,5.656854249492381,1.1471771923818361
533,1,Myocardium,2.0,0.5473603124584916
533,2,LA,1.4142135623730951,0.5663194252934918
533,3,LV,1.4142135623730951,0.466578309160855
533,4,RA,2.23606797749979,0.9004669214304246
533,5,RV,4.0,1.4426933958756334
533,6,Aorta,2.0,0.7146165316681143
533,7,PA,5.744562646538029,1.444036199714561
533,8,LAA,5.744562646538029,1.7348980009517545
533,9,Coronary,130.7019510183379,31.440719652872
533,10,PV,3.3166247903554,0.8724379575059465
390,1,Myocardium,2.0,0.5535882818418068
390,2,LA,1.4142135623730951,0.5483305172883273
390,3,LV,1.4142135623730951,0.40505667398954154
390,4,RA,1.4142135623730951,0.516968934266766
390,5,RV,5.0,1.3406935378816183
390,6,Aorta,2.0,0.6543602134593399
390,7,PA,5.385164807134504,1.1898485290979808
390,8,LAA,6.324555320336759,1.5925509190270908
390,9,Coronary,88.57200460642177,11.448022557600096
390,10,PV,3.0,0.8516563266851613
653,1,Myocardium,1.4142135623730951,0.48200611055134424
653,2,LA,1.4142135623730951,0.4960512175530256
653,3,LV,1.4142135623730951,0.4727941758739894
653,4,RA,1.4142135623730951,0.4186615959330111
653,5,RV,3.605551275463989,1.1887481915149825
653,6,Aorta,2.0,0.6999925615724409
653,7,PA,4.242640687119285,1.0932766953502588
653,8,LAA,6.164414002968976,2.167193850749542
653,9,Coronary,125.89281155014372,24.55221024662214
653,10,PV,3.0,0.7330237385502116
405,1,Myocardium,2.0,0.586185616207644
405,2,LA,1.4142135623730951,0.6361891856835242
405,3,LV,1.4142135623730951,0.4701748806910748
405,4,RA,1.4142135623730951,0.46759128576743336
405,5,RV,4.0,1.318438313345443
405,6,Aorta,2.0,0.6457686402423339
405,7,PA,3.7416573867739413,1.16601372397471
405,8,LAA,5.0,1.532317197184447
405,9,Coronary,131.90147838443661,22.398315281209083
405,10,PV,5.744562646538029,1.1739733918815416
331,1,Myocardium,1.4142135623730951,0.502119530446815
331,2,LA,1.4142135623730951,0.5654812177292821
331,3,LV,1.4142135623730951,0.4166420688903185
331,4,RA,1.4142135623730951,0.5319930732370048
331,5,RV,4.0,1.0811991611493568
331,6,Aorta,2.0,0.6662459175464077
331,7,PA,3.0,1.025913708741335
331,8,LAA,7.3484692283495345,2.7096467014012564
331,9,Coronary,119.68291440301745,30.701885315078382
331,10,PV,3.0,0.8304786562272352
958,1,Myocardium,1.7320508075688772,0.5198036674245792
958,2,LA,1.4142135623730951,0.5692466098076231
958,3,LV,1.4142135623730951,0.48011645879203496
958,4,RA,1.4142135623730951,0.4968314978049032
958,5,RV,3.605551275463989,1.05380037612928
958,6,Aorta,2.0,0.6260065897744583
958,7,PA,4.242640687119285,1.2256631379803569
958,8,LAA,7.0,1.855644314047505
958,9,Coronary,137.0693255254435,25.86415972041868
958,10,PV,3.0,0.9438434432744067
319,1,Myocardium,2.0,0.49456034518839276
319,2,LA,1.4142135623730951,0.6042946172011767
319,3,LV,1.0,0.33485406120002004
319,4,RA,1.4142135623730951,0.5250990598280546
319,5,RV,4.58257569495584,1.395522240336138
319,6,Aorta,2.0,0.5987388832619223
319,7,PA,4.123105625617661,1.1898326772475982
319,8,LAA,5.477225575051661,1.7089152364268112
319,9,Coronary,128.79829191413992,21.500424754352846
319,10,PV,2.449489742783178,0.7765506977759953
737,1,Myocardium,1.7320508075688772,0.5509155439811546
737,2,LA,1.4142135623730951,0.5094461656947894
737,3,LV,1.4142135623730951,0.41741097819872675
737,4,RA,1.4142135623730951,0.5662395514275156
737,5,RV,3.7416573867739413,1.397896184777811
737,6,Aorta,2.0,0.6166774176462417
737,7,PA,3.7416573867739413,1.2785184277720152
737,8,LAA,3.7416573867739413,1.2604042170426617
737,9,Coronary,147.7294825009551,27.85204723458767
737,10,PV,3.0,0.9433207226791833
527,1,Myocardium,1.7320508075688772,0.49908173614588885
527,2,LA,1.4142135623730951,0.5124335163617978
527,3,LV,1.0,0.3226278203668823
527,4,RA,2.23606797749979,0.869111539471414
527,5,RV,3.605551275463989,1.243833374786852
527,6,Aorta,2.0,0.6438733198829897
527,7,PA,79.05061669588669,4.369024473755927
527,8,LAA,21.236760581595302,3.6890185972309215
527,9,Coronary,132.2800060477773,28.9457041528472
527,10,PV,4.47213595499958,1.003927558410256
499,1,Myocardium,1.7320508075688772,0.5736997452292256
499,2,LA,1.4142135623730951,0.49817806375467966
499,3,LV,1.4142135623730951,0.4728643650319273
499,4,RA,1.4142135623730951,0.5425075072664872
499,5,RV,5.477225575051661,1.5307548756372777
499,6,Aorta,2.0,0.6085641784654827
499,7,PA,4.47213595499958,1.3191239469341949
499,8,LAA,3.4641016151377544,1.19667601252459
499,9,Coronary,156.28819533157326,35.566629665914164
499,10,PV,3.0,0.7985972708151077
752,1,Myocardium,1.7320508075688772,0.5461214605647384
752,2,LA,2.0,0.6727392965966423
752,3,LV,1.4142135623730951,0.4358900585545953
752,4,RA,1.4142135623730951,0.4614381011058677
752,5,RV,4.0,1.119594522298394
752,6,Aorta,2.0,0.6209250598843568
752,7,PA,4.358898943540674,1.2659110561330746
752,8,LAA,4.242640687119285,1.5299275390717506
752,9,Coronary,138.28231991111517,23.744588358355287
752,10,PV,3.1622776601683795,0.9146228858965771
49,1,Myocardium,1.4142135623730951,0.4434073943798609
49,2,LA,1.4142135623730951,0.5536970101110184
49,3,LV,1.0,0.3293762833136364
49,4,RA,1.0,0.36282299219283
49,5,RV,3.4641016151377544,1.035265959142742
49,6,Aorta,2.0,0.6786281866952389
49,7,PA,6.082762530298219,1.4945683376599161
49,8,LAA,8.12403840463596,2.074943471762902
49,9,Coronary,121.98770429842509,15.550498263778692
49,10,PV,3.1622776601683795,0.9670584686135014
13,1,Myocardium,2.0,0.6357214892774311
13,2,LA,2.0,0.6494372501280687
13,3,LV,1.4142135623730951,0.45013600564814105
13,4,RA,2.23606797749979,0.7736201778313463
13,5,RV,3.1622776601683795,1.133530470709674
13,6,Aorta,2.0,0.6532929595175115
13,7,PA,3.4641016151377544,2.0305557963064413
13,8,LAA,5.0,1.5419277439754637
13,9,Coronary,105.8772874605314,17.970801833308922
13,10,PV,3.7416573867739413,1.0927801938439134
241,1,Myocardium,2.0,0.5131252304193433
241,2,LA,1.7320508075688772,0.65731954930317
241,3,LV,1.4142135623730951,0.4617183519956901
241,4,RA,1.4142135623730951,0.538815506463858
241,5,RV,3.605551275463989,1.3514162230622826
241,6,Aorta,2.0,0.8214264203240931
241,7,PA,6.082762530298219,1.5096369549988724
241,8,LAA,5.0990195135927845,1.5927827738901428
241,9,Coronary,127.6401190848708,31.73095471521864
241,10,PV,3.1622776601683795,0.9139420304033592
192,1,Myocardium,2.0,0.5497448317569107
192,2,LA,1.4142135623730951,0.5715035919805052
192,3,LV,1.4142135623730951,0.43875469473115525
192,4,RA,1.4142135623730951,0.44339242636363396
192,5,RV,4.0,1.0480928211252216
192,6,Aorta,2.0,0.6954273878670358
192,7,PA,4.58257569495584,1.2040418188858335
192,8,LAA,5.0990195135927845,1.6035102778184744
192,9,Coronary,140.97162835123953,20.879863880992065
192,10,PV,2.8284271247461903,0.8939545196790066
765,1,Myocardium,1.4142135623730951,0.4866862779662734
765,2,LA,1.4142135623730951,0.5644111764391506
765,3,LV,1.4142135623730951,0.3973771066900741
765,4,RA,1.4142135623730951,0.44538230654749067
765,5,RV,3.605551275463989,1.0495945873021841
765,6,Aorta,2.0,0.600458356352054
765,7,PA,4.242640687119285,1.1938415705425673
765,8,LAA,3.605551275463989,1.1932497469060075
765,9,Coronary,96.33794683301072,13.299860599726049
765,10,PV,3.4641016151377544,1.0007540914219595
151,1,Myocardium,2.23606797749979,0.6577777714300141
151,2,LA,1.4142135623730951,0.512760315059944
151,3,LV,1.4142135623730951,0.3846822987233369
151,4,RA,1.7320508075688772,0.628963433768857
151,5,RV,5.385164807134504,1.2253641724083666
151,6,Aorta,2.0,0.5873688116778548
151,7,PA,3.7416573867739413,1.0304814337282446
151,8,LAA,4.123105625617661,1.3635814492907383
151,9,Coronary,138.3726851658231,21.132816476147802
151,10,PV,3.0,0.8821969455647622
663,1,Myocardium,2.0,0.6088456274050755
663,2,LA,2.0,0.7177494039444461
663,3,LV,1.7320508075688772,0.5460976117334684
663,4,RA,1.4142135623730951,0.40341361364843853
663,5,RV,2.8284271247461903,0.9246054139438227
663,6,Aorta,2.0,0.7563800323053893
663,7,PA,5.830951894845301,1.4517897738441174
663,8,LAA,8.306623862918075,2.3102772877791318
663,9,Coronary,126.95668552699381,26.37752038376487
663,10,PV,8.246211251235321,1.3750140900503074
630,1,Myocardium,2.0,0.5431344878175208
630,2,LA,2.0,0.7772820951004282
630,3,LV,1.4142135623730951,0.3766054204778684
630,4,RA,1.7320508075688772,0.6214927274291905
630,5,RV,3.3166247903554,1.3880043979643055
630,6,Aorta,2.23606797749979,0.7250035983133472
630,7,PA,5.385164807134504,1.4216984565477815
630,8,LAA,5.916079783099616,1.6737732325172903
630,9,Coronary,69.18814927427962,7.5874166349179655
630,10,PV,7.211102550927978,1.3609541383415826
337,1,Myocardium,2.0,0.5335844192055242
337,2,LA,1.4142135623730951,0.5499820833863481
337,3,LV,1.0,0.3335990268442722
337,4,RA,1.4142135623730951,0.5565671530967303
337,5,RV,5.0,1.1999362168081247
337,6,Aorta,2.0,0.750613577810926
337,7,PA,5.0,1.2040973710525908
337,8,LAA,4.123105625617661,1.340300013136627
337,9,Coronary,135.79396157414365,26.04600329015034
337,10,PV,3.4641016151377544,0.8769578902226232
800,1,Myocardium,1.7320508075688772,0.5240228567574452
800,2,LA,1.4142135623730951,0.5044458055961654
800,3,LV,1.4142135623730951,0.426909810717766
800,4,RA,1.4142135623730951,0.5838305146786611
800,5,RV,4.123105625617661,1.3027122005887573
800,6,Aorta,2.0,0.6212739368429714
800,7,PA,3.605551275463989,1.1557765297341813
800,8,LAA,4.898979485566356,1.3309495679912144
800,9,Coronary,145.9588983241515,26.49680961896503
800,10,PV,4.123105625617661,0.9791300013428696
886,1,Myocardium,1.4142135623730951,0.5093399735628927
886,2,LA,1.4142135623730951,0.48524912060577463
886,3,LV,1.0,0.36802336117826506
886,4,RA,1.7320508075688772,0.6170788800532377
886,5,RV,3.7416573867739413,1.1545288909309241
886,6,Aorta,2.0,0.6298996875787439
886,7,PA,4.69041575982343,1.1819018278174984
886,8,LAA,7.3484692283495345,1.8516822542644815
886,9,Coronary,133.43163043296744,35.7188254216557
886,10,PV,4.123105625617661,0.8638897756107087
372,1,Myocardium,2.0,0.5637102149918995
372,2,LA,1.4142135623730951,0.5402633937986718
372,3,LV,1.0,0.2718281643247484
372,4,RA,1.7320508075688772,0.7170972376559316
372,5,RV,3.605551275463989,1.3401091032334276
372,6,Aorta,2.0,0.6491560232458253
372,7,PA,70.7248188403477,3.2012800876266185
372,8,LAA,7.3484692283495345,2.07509930776207
372,9,Coronary,145.3100134195851,40.20490422184934
372,10,PV,3.3166247903554,0.99246142746574
239,1,Myocardium,2.8284271247461903,0.6897195432041807
239,2,LA,1.4142135623730951,0.4685610230580537
239,3,LV,1.4142135623730951,0.44989896557286446
239,4,RA,1.7320508075688772,0.6280871318790049
239,5,RV,3.0,0.947038229596745
239,6,Aorta,2.0,0.6120796174838675
239,7,PA,4.123105625617661,1.1719239362391047
239,8,LAA,9.055385138137417,2.8531638017179786
239,9,Coronary,95.29952780575567,14.393712716641863
239,10,PV,24.041630560342615,2.2446101810255765
590,1,Myocardium,2.0,0.5704818128981157
590,2,LA,1.7320508075688772,0.6794370218251857
590,3,LV,1.4142135623730951,0.5276991459286298
590,4,RA,1.4142135623730951,0.4870326007008852
590,5,RV,4.123105625617661,1.7160788870927803
590,6,Aorta,2.0,0.667557819021054
590,7,PA,3.0,0.8648446094081573
590,8,LAA,7.810249675906654,2.772060315957284
590,9,Coronary,130.24592124131948,22.936506518598225
590,10,PV,2.449489742783178,0.7940235464849172
127,1,Myocardium,2.0,0.5528902211372482
127,2,LA,1.4142135623730951,0.6040601905367726
127,3,LV,1.4142135623730951,0.4381083558873502
127,4,RA,1.4142135623730951,0.5131347722367283
127,5,RV,4.242640687119285,1.1245520172625745
127,6,Aorta,2.0,0.5978591858971796
127,7,PA,7.280109889280518,1.4770546537613205
127,8,LAA,5.385164807134504,1.3208235089143066
127,9,Coronary,152.88230767489088,29.799898995328444
127,10,PV,3.0,0.9287599939028914
464,1,Myocardium,1.4142135623730951,0.47215160049878496
464,2,LA,1.4142135623730951,0.6181656718494761
464,3,LV,1.4142135623730951,0.3992309593745085
464,4,RA,1.4142135623730951,0.5056898198243334
464,5,RV,4.123105625617661,1.164296238758178
464,6,Aorta,2.0,0.6810027077337197
464,7,PA,4.242640687119285,1.323008418845998
464,8,LAA,10.816653826391969,2.2175625426572267
464,9,Coronary,141.09925584495477,28.172855559265148
464,10,PV,4.58257569495584,0.9175633251084079
394,1,Myocardium,2.23606797749979,0.6937554755037423
394,2,LA,1.7320508075688772,0.5362851382738951
394,3,LV,1.4142135623730951,0.4861887708636317
394,4,RA,1.0,0.4390831277827945
394,5,RV,3.7416573867739413,1.300549833365297
394,6,Aorta,2.0,0.651426892868358
394,7,PA,4.69041575982343,1.3680881514417356
394,8,LAA,4.123105625617661,1.1421803280041303
394,9,Coronary,145.72576985557495,23.54568645007435
394,10,PV,4.123105625617661,1.3419842546064453
808,1,Myocardium,1.7320508075688772,0.511861824293112
808,2,LA,1.4142135623730951,0.5276662820039331
808,3,LV,1.0,0.34163230161648805
808,4,RA,1.4142135623730951,0.5265840191658392
808,5,RV,3.3166247903554,1.2876222202664969
808,6,Aorta,2.0,0.6454431213645997
808,7,PA,3.7416573867739413,1.093492961575154
808,8,LAA,11.045361017187261,3.4641774463925286
808,9,Coronary,115.58979193683152,28.730642721936015
808,10,PV,4.358898943540674,1.2152621203295741
951,1,Myocardium,2.23606797749979,0.6491738576395039
951,2,LA,1.4142135623730951,0.504934105473142
951,3,LV,1.4142135623730951,0.42300773267789493
951,4,RA,1.4142135623730951,0.5812357101116314
951,5,RV,3.0,1.1030317761536623
951,6,Aorta,2.0,0.7062921590077919
951,7,PA,3.3166247903554,0.9311216125451429
951,8,LAA,8.306623862918075,2.6815074471327844
951,9,Coronary,133.13526955694348,30.69831931352029
951,10,PV,3.0,0.8702561341191561
326,1,Myocardium,2.0,0.5204204989710854
326,2,LA,1.4142135623730951,0.582022422567561
326,3,LV,1.4142135623730951,0.3844925573857644
326,4,RA,1.7320508075688772,0.6665106843364044
326,5,RV,5.0990195135927845,1.2576940797879166
326,6,Aorta,2.0,0.7818004230877924
326,7,PA,116.2841347734075,9.827165190877542
326,8,LAA,6.4031242374328485,1.7797819644380124
326,9,Coronary,116.83321445547922,17.174695202210366
326,10,PV,2.23606797749979,0.7188776016998736
207,1,Myocardium,1.4142135623730951,0.4139319705584463
207,2,LA,1.4142135623730951,0.4226883405139112
207,3,LV,1.0,0.3943442893951826
207,4,RA,1.4142135623730951,0.5016833282605472
207,5,RV,4.123105625617661,1.3128411321183613
207,6,Aorta,2.0,0.5624533852818242
207,7,PA,3.7416573867739413,1.0733244295303208
207,8,LAA,4.58257569495584,1.404339050889219
207,9,Coronary,125.23178510266473,22.441720004057196
207,10,PV,2.449489742783178,0.6767892141803693
999,1,Myocardium,1.7320508075688772,0.5538868194534277
999,2,LA,1.4142135623730951,0.5178805814899837
999,3,LV,1.4142135623730951,0.4060940564602177
999,4,RA,1.7320508075688772,0.5828507227864979
999,5,RV,5.744562646538029,1.3300952549956966
999,6,Aorta,2.0,0.7261327531886028
999,7,PA,5.385164807134504,1.3057073219164252
999,8,LAA,3.605551275463989,1.1618060449747194
999,9,Coronary,151.1853167473614,29.31751059387539
999,10,PV,3.1622776601683795,0.8231525566968345
285,1,Myocardium,1.4142135623730951,0.5039561750863011
285,2,LA,1.4142135623730951,0.6075414494856155
285,3,LV,1.4142135623730951,0.38825899282077525
285,4,RA,1.4142135623730951,0.5844048871739083
285,5,RV,4.0,1.1638111132111992
285,6,Aorta,2.0,0.6246976461631915
285,7,PA,6.0,1.431280894744194
285,8,LAA,5.830951894845301,1.7512514220987958
285,9,Coronary,139.31618714277246,20.51459704420556
285,10,PV,3.0,0.8328558848860854
850,1,Myocardium,2.0,0.5737977146253141
850,2,LA,1.7320508075688772,0.6194141096393624
850,3,LV,1.4142135623730951,0.39284084605170194
850,4,RA,1.4142135623730951,0.4819338139352836
850,5,RV,3.605551275463989,1.4433594173046356
850,6,Aorta,2.0,0.6799372052566364
850,7,PA,4.242640687119285,1.0996959978058696
850,8,LAA,8.18535277187245,2.640209526169941
850,9,Coronary,119.0,23.58369543087841
850,10,PV,3.7416573867739413,1.0009910407653915
111,1,Myocardium,1.7320508075688772,0.5278465517654424
111,2,LA,1.4142135623730951,0.5932855200327334
111,3,LV,1.4142135623730951,0.3908489448282144
111,4,RA,1.7320508075688772,0.6172762745559621
111,5,RV,4.0,1.3624597601700987
111,6,Aorta,2.0,0.6093305220951848
111,7,PA,3.605551275463989,1.0884304182999425
111,8,LAA,7.54983443527075,1.9326572563795277
111,9,Coronary,122.49897958758677,17.26038823581601
111,10,PV,14.212670403551895,1.8059664320799829
230,1,Myocardium,1.7320508075688772,0.5704867162968281
230,2,LA,2.0,0.6817823319920779
230,3,LV,1.4142135623730951,0.38912093909741086
230,4,RA,1.4142135623730951,0.47188198538660764
230,5,RV,3.7416573867739413,1.395273361468645
230,6,Aorta,2.0,0.6213423216715193
230,7,PA,4.123105625617661,1.1874183134188754
230,8,LAA,5.744562646538029,2.039390369145044
230,9,Coronary,131.60927019021113,20.460641531761986
230,10,PV,3.3166247903554,0.9654782479271633
327,1,Myocardium,1.4142135623730951,0.5194871263361729
327,2,LA,1.4142135623730951,0.5388123566743819
327,3,LV,1.0,0.33536910677729104
327,4,RA,1.4142135623730951,0.5856237346335151
327,5,RV,4.123105625617661,1.440163122695533
327,6,Aorta,2.0,0.7281420653936472
327,7,PA,4.358898943540674,1.3765711347545388
327,8,LAA,4.898979485566356,1.3562256982908862
327,9,Coronary,90.29950165975447,10.519220943374107
327,10,PV,3.0,0.9027339532835859
47,1,Myocardium,1.4142135623730951,0.4868432412970411
47,2,LA,1.4142135623730951,0.5775298682209904
47,3,LV,1.4142135623730951,0.4306970379646104
47,4,RA,1.4142135623730951,0.455712731976851
47,5,RV,5.196152422706632,1.4717845230746485
47,6,Aorta,2.0,0.5464989404104572
47,7,PA,5.0990195135927845,1.248874460710507
47,8,LAA,6.6332495807108,1.7137656056592971
47,9,Coronary,148.50252523105456,32.6636764401135
47,10,PV,2.449489742783178,0.7449447431852838
443,1,Myocardium,2.23606797749979,0.5805016201081634
443,2,LA,1.4142135623730951,0.41843028594831727
443,3,LV,1.4142135623730951,0.4990861874501896
443,4,RA,1.4142135623730951,0.501653852003587
443,5,RV,3.0,0.9054648111168173
443,6,Aorta,2.0,0.7440748315994223
443,7,PA,3.1622776601683795,1.0965409194130156
443,8,LAA,6.48074069840786,1.5072754528117924
443,9,Coronary,138.30762813380903,24.014365887064514
443,10,PV,2.8284271247461903,0.8732286641955675
369,1,Myocardium,2.0,0.5135605370025463
369,2,LA,1.7320508075688772,0.5875101546497652
369,3,LV,1.0,0.3495948466126111
369,4,RA,1.4142135623730951,0.6138862389953976
369,5,RV,4.123105625617661,1.3505631942667087
369,6,Aorta,2.0,0.5584836434722112
369,7,PA,3.7416573867739413,1.2137866818167597
369,8,LAA,4.69041575982343,1.261748833103312
369,9,Coronary,133.22912594474226,21.86330451027305
369,10,PV,3.0,0.8368157053547596
635,1,Myocardium,1.7320508075688772,0.5129356748353044
635,2,LA,1.4142135623730951,0.49464519963571596
635,3,LV,1.0,0.35349651472944266
635,4,RA,1.4142135623730951,0.42294558261644677
635,5,RV,4.0,1.191599688120407
635,6,Aorta,2.0,0.6334884157494491
635,7,PA,3.4641016151377544,1.000318462572627
635,8,LAA,5.477225575051661,1.4676374203037783
635,9,Coronary,143.6384349678038,27.16326148277187
635,10,PV,3.7416573867739413,1.0023382629234385
156,1,Myocardium,3.0,0.7147440323559926
156,2,LA,1.4142135623730951,0.5835452945744535
156,3,LV,1.0,0.35314676452800786
156,4,RA,1.4142135623730951,0.5067010948907965
156,5,RV,4.123105625617661,1.2395048850721342
156,6,Aorta,2.0,0.7836001595112086
156,7,PA,6.0,1.3588092108409464
156,8,LAA,6.48074069840786,1.4457795516064487
156,9,Coronary,154.12332724153083,24.93154136518888
156,10,PV,6.0,1.3833819659866933
552,1,Myocardium,2.0,0.6096503908729598
552,2,LA,1.4142135623730951,0.534450225470482
552,3,LV,1.4142135623730951,0.430535162195232
552,4,RA,1.4142135623730951,0.5069480950924113
552,5,RV,3.605551275463989,1.2678255957637203
552,6,Aorta,2.0,0.6183546269959201
552,7,PA,4.242640687119285,1.2095839386436622
552,8,LAA,3.7416573867739413,1.325882609812646
552,9,Coronary,126.49901185384809,24.720764439768583
552,10,PV,2.449489742783178,0.8133687063477337
514,1,Myocardium,2.449489742783178,0.6466067714843721
514,2,LA,1.4142135623730951,0.47168897937873266
514,3,LV,1.0,0.35181778953002196
514,4,RA,1.4142135623730951,0.56886989817023
514,5,RV,4.47213595499958,1.2726118487432299
514,6,Aorta,2.0,0.6170277418687989
514,7,PA,4.358898943540674,1.2541826955836575
514,8,LAA,5.656854249492381,1.516815221424463
514,9,Coronary,107.29864864013899,9.846629681226657
514,10,PV,3.0,0.8365522287712205
569,1,Myocardium,2.23606797749979,0.6296421661844055
569,2,LA,1.7320508075688772,0.6016296613503311
569,3,LV,1.4142135623730951,0.4591027278827158
569,4,RA,1.4142135623730951,0.42974685227382603
569,5,RV,3.1622776601683795,1.1413876255278188
569,6,Aorta,2.0,0.6353396693393276
569,7,PA,4.0,1.1414203344864093
569,8,LAA,5.385164807134504,1.305847330378492
569,9,Coronary,81.6394512475433,14.061770662353451
569,10,PV,2.449489742783178,0.6711597503705931
551,1,Myocardium,2.0,0.6275784297428619
551,2,LA,1.4142135623730951,0.4899411239938966
551,3,LV,1.4142135623730951,0.43962041896289455
551,4,RA,1.4142135623730951,0.5325410292637823
551,5,RV,4.123105625617661,1.4742339045319321
551,6,Aorta,2.0,0.7439233196030379
551,7,PA,4.58257569495584,1.3383029227310357
551,8,LAA,7.483314773547883,2.7265911016175903
551,9,Coronary,140.03213916812098,23.438788773613208
551,10,PV,2.449489742783178,0.6373078364451623
972,1,Myocardium,1.7320508075688772,0.48202775203951387
972,2,LA,1.7320508075688772,0.565509915977175
972,3,LV,1.4142135623730951,0.44524780914958334
972,4,RA,1.4142135623730951,0.5041144544496963
972,5,RV,3.1622776601683795,1.2210989949232707
972,6,Aorta,2.0,0.634593533290486
972,7,PA,3.605551275463989,1.002154181059039
972,8,LAA,4.69041575982343,1.6751206765035596
972,9,Coronary,137.17871555019022,21.606620081938058
972,10,PV,3.605551275463989,0.9360764497189659
968,1,Myocardium,2.0,0.5908364865031006
968,2,LA,1.4142135623730951,0.4903776446710195
968,3,LV,1.4142135623730951,0.4126081093179286
968,4,RA,1.4142135623730951,0.4788082461130837
968,5,RV,5.0,1.3677097446377067
968,6,Aorta,2.0,0.6612949622039743
968,7,PA,9.0,1.8309955589831723
968,8,LAA,3.605551275463989,1.1535589792139287
968,9,Coronary,125.94046212397349,24.81254734715963
968,10,PV,2.449489742783178,0.758859021445152
131,1,Myocardium,1.7320508075688772,0.5134797864486325
131,2,LA,1.7320508075688772,0.6381992125262428
131,3,LV,1.4142135623730951,0.4254789175697882
131,4,RA,1.7320508075688772,0.6763480682148151
131,5,RV,4.123105625617661,1.0662446065513849
131,6,Aorta,2.0,0.6495652047905713
131,7,PA,3.4641016151377544,1.2122498643752535
131,8,LAA,13.30413469565007,1.8202101169054146
131,9,Coronary,103.19883720275146,27.95376450483188
131,10,PV,6.082762530298219,1.1617977569246922
460,1,Myocardium,1.4142135623730951,0.4674818290035969
460,2,LA,1.4142135623730951,0.4957078104028705
460,3,LV,1.0,0.3419944637838497
460,4,RA,1.4142135623730951,0.6084775247583372
460,5,RV,3.1622776601683795,1.152380208123637
460,6,Aorta,2.0,0.6353049421321317
460,7,PA,2.8284271247461903,0.9500479653469649
460,8,LAA,7.3484692283495345,2.1871839077654864
460,9,Coronary,130.49137902558928,27.11042429029942
460,10,PV,3.1622776601683795,1.0243815069176434
437,1,Myocardium,1.7320508075688772,0.5346698081490247
437,2,LA,1.4142135623730951,0.5121002827623236
437,3,LV,1.0,0.36049388672000093
437,4,RA,1.7320508075688772,0.6715420663106181
437,5,RV,4.0,1.306778703429359
437,6,Aorta,2.0,0.6308057425601639
437,7,PA,3.605551275463989,1.1502649002870977
437,8,LAA,3.4641016151377544,1.1595546616641108
437,9,Coronary,144.5198948242075,22.699739528335844
437,10,PV,12.806248474865697,1.7566075687757088
1,1,Myocardium,2.0,0.5162886154467731
1,2,LA,1.4142135623730951,0.4627144809578907
1,3,LV,1.4142135623730951,0.41447597259246954
1,4,RA,1.4142135623730951,0.5595031860221644
1,5,RV,3.0,1.2947867561472635
1,6,Aorta,2.0,0.6272062506642055
1,7,PA,4.0,1.0077948264859096
1,8,LAA,9.433981132056603,3.360743237116422
1,9,Coronary,122.31516668017912,26.05815356111468
1,10,PV,5.916079783099616,0.9311823846301449
887,1,Myocardium,1.4142135623730951,0.4491170530448579
887,2,LA,1.7320508075688772,0.6716401891671414
887,3,LV,1.0,0.3262892885357783
887,4,RA,1.4142135623730951,0.5884693071868841
887,5,RV,3.7416573867739413,1.3340975645390873
887,6,Aorta,2.0,0.6562730043646756
887,7,PA,5.830951894845301,1.4784526675070997
887,8,LAA,4.242640687119285,1.1372093277684023
887,9,Coronary,121.66757990524839,26.982936500787158
887,10,PV,3.0,0.8987281966537184
475,1,Myocardium,1.4142135623730951,0.4902797452763709
475,2,LA,1.4142135623730951,0.4575798975432421
475,3,LV,1.0,0.33784487408798414
475,4,RA,2.23606797749979,0.87149489085798
475,5,RV,4.358898943540674,1.5789578934410426
475,6,Aorta,2.0,0.61418237112589
475,7,PA,4.0,1.1531901122557335
475,8,LAA,5.385164807134504,1.8969383457713378
475,9,Coronary,133.69741957120937,31.49203152549005
475,10,PV,3.7416573867739413,0.9511928089460582
891,1,Myocardium,1.4142135623730951,0.4954762891240446
891,2,LA,1.4142135623730951,0.4359165980228538
891,3,LV,1.0,0.3831714035264604
891,4,RA,1.0,0.2802532824652887
891,5,RV,3.3166247903554,1.2007938515287053
891,6,Aorta,2.0,0.6060497887431904
891,7,PA,4.58257569495584,1.377566372286041
891,8,LAA,4.123105625617661,1.3450259486756078
891,9,Coronary,134.95554823718808,19.255098503022396
891,10,PV,3.0,0.8474734598440035
757,1,Myocardium,1.7320508075688772,0.49960344828204684
757,2,LA,1.4142135623730951,0.5180736714395071
757,3,LV,1.0,0.3731470754940656
757,4,RA,1.4142135623730951,0.5008540719381984
757,5,RV,3.3166247903554,1.0155821201305384
757,6,Aorta,2.0,0.6139889444671033
757,7,PA,5.0990195135927845,1.3547611083541276
757,8,LAA,4.47213595499958,1.3277695266610783
757,9,Coronary,148.81196188478935,21.840694320441823
757,10,PV,5.744562646538029,1.2024468103310277
657,1,Myocardium,2.0,0.5560421832068678
657,2,LA,1.7320508075688772,0.6006267404556229
657,3,LV,1.4142135623730951,0.38768573130357087
657,4,RA,1.0,0.40974005104198014
657,5,RV,3.605551275463989,0.961936662297818
657,6,Aorta,2.0,0.6582038112485247
657,7,PA,3.0,1.054882876545547
657,8,LAA,4.0,1.5099528533428108
657,9,Coronary,141.98943622678414,25.640880979702025
657,10,PV,3.3166247903554,1.0635323905353986
472,1,Myocardium,1.4142135623730951,0.4597421171722673
472,2,LA,1.4142135623730951,0.5785167652732934
472,3,LV,1.0,0.29607222365415287
472,4,RA,1.4142135623730951,0.5509779951636504
472,5,RV,4.123105625617661,1.347024445441935
472,6,Aorta,2.0,0.5868297698423692
472,7,PA,3.1622776601683795,1.136747212117435
472,8,LAA,5.0,1.5144587401317082
472,9,Coronary,129.17043005270207,26.650207627856688
472,10,PV,3.0,0.8476987497843695
320,1,Myocardium,1.4142135623730951,0.4852561686738255
320,2,LA,1.4142135623730951,0.52724069528408
320,3,LV,1.0,0.3420000264713063
320,4,RA,1.7320508075688772,0.570243743560962
320,5,RV,4.242640687119285,1.1024615763402896
320,6,Aorta,2.0,0.6190403305945
320,7,PA,4.69041575982343,1.250836813839721
320,8,LAA,6.4031242374328485,1.9869291404713687
320,9,Coronary,139.11865439257238,26.062023254474628
320,10,PV,3.1622776601683795,0.8549558327762805
853,1,Myocardium,1.4142135623730951,0.46171408386000584
853,2,LA,1.4142135623730951,0.4767292400048677
853,3,LV,1.0,0.34933221973423967
853,4,RA,1.4142135623730951,0.6001867034716502
853,5,RV,3.1622776601683795,1.0941626965558977
853,6,Aorta,2.0,0.607258012343745
853,7,PA,2.449489742783178,0.86551633785537
853,8,LAA,4.242640687119285,1.4132503440366402
853,9,Coronary,125.09996003196804,23.50890820938508
853,10,PV,2.23606797749979,0.7226981227201348
947,1,Myocardium,3.605551275463989,0.8794317953242328
947,2,LA,2.0,0.6647293884312659
947,3,LV,1.4142135623730951,0.41010047705024744
947,4,RA,1.4142135623730951,0.5671490887248781
947,5,RV,4.242640687119285,1.5717076709450437
947,6,Aorta,2.0,0.7494492842422013
947,7,PA,5.385164807134504,1.3543602989505912
947,8,LAA,4.358898943540674,1.30132613332573
947,9,Coronary,161.2854612170607,46.802633214708635
947,10,PV,2.8284271247461903,0.8230175251358591
651,1,Myocardium,1.4142135623730951,0.4569491413218576
651,2,LA,1.4142135623730951,0.5643595782788295
651,3,LV,1.0,0.32110752890649363
651,4,RA,1.7320508075688772,0.6068936576361657
651,5,RV,3.3166247903554,1.478786406143385
651,6,Aorta,2.0,0.7261358359251896
651,7,PA,3.605551275463989,1.0241887269541323
651,8,LAA,27.16615541441225,3.1488077628214906
651,9,Coronary,128.14444974324874,22.74366735653086
651,10,PV,2.8284271247461903,0.7968125419712495
219,1,Myocardium,1.4142135623730951,0.4589918603452151
219,2,LA,1.7320508075688772,0.6106937155047983
219,3,LV,1.4142135623730951,0.4168131079505394
219,4,RA,1.4142135623730951,0.5997376013393203
219,5,RV,3.605551275463989,1.3268491272181406
219,6,Aorta,2.0,0.5786210660063065
219,7,PA,5.385164807134504,1.365655759028241
219,8,LAA,5.830951894845301,1.6301441501644947
219,9,Coronary,134.06341782902598,37.42996686850999
219,10,PV,4.123105625617661,1.0211664542993533
30,1,Myocardium,1.4142135623730951,0.5169441342065444
30,2,LA,1.4142135623730951,0.4252465178175987
30,3,LV,1.0,0.36452243399989304
30,4,RA,1.4142135623730951,0.5612731250735152
30,5,RV,3.7416573867739413,1.464420112279033
30,6,Aorta,2.0,0.6803511951594232
30,7,PA,4.242640687119285,1.1873086743179497
30,8,LAA,5.830951894845301,1.4352616984983118
30,9,Coronary,138.42326394071193,34.11012808725375
30,10,PV,3.0,0.8807844144707769
429,1,Myocardium,1.7320508075688772,0.5537947097279508
429,2,LA,1.4142135623730951,0.4788494723600718
429,3,LV,1.4142135623730951,0.4631861143382866
429,4,RA,1.4142135623730951,0.5809972604046705
429,5,RV,5.0,1.4626405956780528
429,6,Aorta,2.0,0.6043162629029972
429,7,PA,3.605551275463989,1.1705091980736775
429,8,LAA,4.123105625617661,1.2479250499880767
429,9,Coronary,129.634100452003,27.550525069033057
429,10,PV,2.449489742783178,0.7672306941836986
890,1,Myocardium,1.7320508075688772,0.551215529009115
890,2,LA,1.4142135623730951,0.6201656185338607
890,3,LV,1.4142135623730951,0.4450189994481051
890,4,RA,1.4142135623730951,0.465913442521936
890,5,RV,4.69041575982343,1.1786209929041986
890,6,Aorta,2.0,0.6541499045892637
890,7,PA,215.6223550562418,51.884544272400206
890,8,LAA,3.1622776601683795,0.9671798550552007
890,9,Coronary,145.45446022724775,39.67553657234123
890,10,PV,2.449489742783178,0.8067453026491551
626,1,Myocardium,1.7320508075688772,0.5548628514433009
626,2,LA,1.7320508075688772,0.6237489378532819
626,3,LV,1.4142135623730951,0.47963535126006046
626,4,RA,2.0,0.6085883236255638
626,5,RV,3.3166247903554,1.2548424932615405
626,6,Aorta,2.0,0.6599543613611478
626,7,PA,4.69041575982343,1.245095491119503
626,8,LAA,13.038404810405298,1.918510211095505
626,9,Coronary,135.98161640457138,16.13482635186443
626,10,PV,3.605551275463989,0.9650319063012418
169,1,Myocardium,1.7320508075688772,0.49496792721830474
169,2,LA,1.4142135623730951,0.4473290543798817
169,3,LV,1.0,0.3420057210538253
169,4,RA,1.4142135623730951,0.5471878082346475
169,5,RV,3.3166247903554,1.0443314390709417
169,6,Aorta,2.0,0.6533465950693401
169,7,PA,4.123105625617661,1.2404168036568444
169,8,LAA,3.0,1.0075678879866519
169,9,Coronary,135.87494250228775,27.258842107103103
169,10,PV,4.123105625617661,1.1096494978117672
255,1,Myocardium,1.4142135623730951,0.4717764083992864
255,2,LA,1.4142135623730951,0.5592423473556826
255,3,LV,1.0,0.400659129033064
255,4,RA,1.4142135623730951,0.5354645233412993
255,5,RV,3.1622776601683795,1.0544605419833764
255,6,Aorta,2.0,0.6982407425954712
255,7,PA,3.3166247903554,1.172246527681506
255,8,LAA,8.06225774829855,2.348433845394431
255,9,Coronary,132.15899515356494,26.038287747447324
255,10,PV,4.58257569495584,0.9948431209865389
856,1,Myocardium,1.4142135623730951,0.4559252780224241
856,2,LA,1.4142135623730951,0.45211957913880063
856,3,LV,1.0,0.36333706063251237
856,4,RA,2.0,0.6694213164240946
856,5,RV,3.4641016151377544,1.1859303837428596
856,6,Aorta,2.0,0.639822399054357
856,7,PA,3.3166247903554,1.0618032266727373
856,8,LAA,7.483314773547883,2.6890632153474927
856,9,Coronary,123.0,19.405063745644068
856,10,PV,3.0,0.8039210714385099
934,1,Myocardium,1.7320508075688772,0.5162368883995107
934,2,LA,1.4142135623730951,0.5823156104693237
934,3,LV,1.0,0.37600635141514605
934,4,RA,1.4142135623730951,0.5998413961482034
934,5,RV,3.3166247903554,1.1981140286053007
934,6,Aorta,2.0,0.5865393645085385
934,7,PA,3.7416573867739413,1.2001614775051723
934,8,LAA,4.358898943540674,1.2771821670948518
934,9,Coronary,147.5533801713807,26.636540716636368
934,10,PV,3.1622776601683795,0.8747238215230468
942,1,Myocardium,1.4142135623730951,0.5477359632196834
942,2,LA,1.7320508075688772,0.6343300373411203
942,3,LV,1.4142135623730951,0.4549483690710615
942,4,RA,1.4142135623730951,0.44163663491648253
942,5,RV,5.477225575051661,1.4877497676611204
942,6,Aorta,2.0,0.617230943925833
942,7,PA,65.03076195155643,3.1716324844435237
942,8,LAA,4.123105625617661,1.2226117716791252
942,9,Coronary,132.19304066402285,32.77854940614793
942,10,PV,3.3166247903554,1.0431824184131533
333,1,Myocardium,2.449489742783178,0.6917617421690601
333,2,LA,1.4142135623730951,0.552439671263346
333,3,LV,1.4142135623730951,0.4126969933324611
333,4,RA,1.4142135623730951,0.5435457504047814
333,5,RV,7.211102550927978,1.720037809932984
333,6,Aorta,2.0,0.66374147552801
333,7,PA,12.206555615733702,2.2687005490494228
333,8,LAA,5.385164807134504,1.423351459506672
333,9,Coronary,139.96070877214075,22.76056181427337
333,10,PV,4.47213595499958,1.1116153919930247
138,1,Myocardium,2.0,0.5345941116506727
138,2,LA,1.4142135623730951,0.613249798114381
138,3,LV,1.0,0.312143395473908
138,4,RA,1.0,0.35179317521629483
138,5,RV,3.605551275463989,1.3164416545989748
138,6,Aorta,2.0,0.6314645543201753
138,7,PA,3.0,0.9654921439125164
138,8,LAA,6.557438524302,2.6028601564989575
138,9,Coronary,139.4596715900335,28.623833411895998
138,10,PV,3.0,0.9002408638969421
489,1,Myocardium,1.4142135623730951,0.5157534475913341
489,2,LA,1.4142135623730951,0.5373955836625838
489,3,LV,1.4142135623730951,0.4057611492495178
489,4,RA,1.4142135623730951,0.5008810488738982
489,5,RV,4.0,1.3461809660870685
489,6,Aorta,2.0,0.6879305857619755
489,7,PA,5.385164807134504,1.3239992425691904
489,8,LAA,5.830951894845301,1.6580500594763175
489,9,Coronary,142.13373983681706,26.61279892556659
489,10,PV,3.605551275463989,0.9387717690204334
720,1,Myocardium,2.0,0.5263944861729717
720,2,LA,1.7320508075688772,0.6317808503654971
720,3,LV,1.0,0.3563129597013959
720,4,RA,1.4142135623730951,0.4763741719721404
720,5,RV,4.242640687119285,1.2616997755225643
720,6,Aorta,2.0,0.7232965054620382
720,7,PA,3.7416573867739413,1.2572547672600765
720,8,LAA,3.605551275463989,1.120513869476215
720,9,Coronary,103.40696301506973,17.209445396834457
720,10,PV,2.449489742783178,0.8299222898202643
986,1,Myocardium,2.449489742783178,0.8064166407971558
986,2,LA,2.0,0.6586273852893085
986,3,LV,2.0,0.6315328535267691
986,4,RA,2.0,0.6605399097483327
986,5,RV,4.0,1.399818683750183
986,6,Aorta,2.0,0.6973022215125605
986,7,PA,5.0990195135927845,2.5240445160043388
986,8,LAA,4.123105625617661,1.2226510158950465
986,9,Coronary,130.80519867344722,21.56780159310712
986,10,PV,6.082762530298219,1.2390618553272206
48,1,Myocardium,2.23606797749979,0.5533657087492544
48,2,LA,1.7320508075688772,0.6394255274758183
48,3,LV,1.4142135623730951,0.38710276884312567
48,4,RA,1.4142135623730951,0.510835755311918
48,5,RV,4.58257569495584,1.212042405818004
48,6,Aorta,2.0,0.698138393098436
48,7,PA,5.0,1.4155793071699223
48,8,LAA,6.48074069840786,1.7199912827878392
48,9,Coronary,130.62924634246346,22.27811932006402
48,10,PV,3.1622776601683795,0.9134969814016094
987,1,Myocardium,1.7320508075688772,0.5409884604707037
987,2,LA,1.7320508075688772,0.6344962689747129
987,3,LV,1.0,0.3096223369560002
987,4,RA,1.4142135623730951,0.5501320780902317
987,5,RV,3.3166247903554,1.3081719325911587
987,6,Aorta,2.0,0.6370967565146183
987,7,PA,3.3166247903554,1.2140694538235564
987,8,LAA,4.898979485566356,1.568179555959624
987,9,Coronary,140.8190328045183,30.558408542421418
987,10,PV,4.123105625617661,1.0311215138159366
597,1,Myocardium,2.449489742783178,0.6853637028666464
597,2,LA,2.23606797749979,0.7070712217309552
597,3,LV,1.4142135623730951,0.4252829642217737
597,4,RA,1.4142135623730951,0.6851323721304217
597,5,RV,3.605551275463989,1.1023512556767783
597,6,Aorta,2.0,0.6832525442627986
597,7,PA,183.45844216061576,28.59084454544653
597,8,LAA,4.58257569495584,1.4495178869978336
597,9,Coronary,142.13022197970423,25.120509911081562
597,10,PV,3.0,0.8952519347170587
541,1,Myocardium,1.4142135623730951,0.41086393494768597
541,2,LA,2.0,0.6190264059164758
541,3,LV,1.0,0.35467260968402015
541,4,RA,1.4142135623730951,0.45136345197521205
541,5,RV,3.7416573867739413,1.2622441345893387
541,6,Aorta,2.0,0.6760400082859479
541,7,PA,4.58257569495584,1.2788836491817772
541,8,LAA,4.242640687119285,1.2013088014761624
541,9,Coronary,136.11024943037904,22.866572351157906
541,10,PV,6.782329983125268,1.2590300814556517
79,1,Myocardium,2.0,0.5527353909312553
79,2,LA,1.4142135623730951,0.6070747301418897
79,3,LV,1.4142135623730951,0.35539420706789193
79,4,RA,2.0,0.748958688922181
79,5,RV,4.242640687119285,1.4894618284839842
79,6,Aorta,2.0,0.7017555204742117
79,7,PA,3.4641016151377544,0.9374644186225216
79,8,LAA,7.280109889280518,2.9124423011125655
79,9,Coronary,133.2066064427737,25.05769852355882
79,10,PV,3.0,0.7988342837618136
604,1,Myocardium,2.449489742783178,0.631973903292087
604,2,LA,1.4142135623730951,0.5000408327036556
604,3,LV,1.4142135623730951,0.41070485294761105
604,4,RA,1.4142135623730951,0.5915630413081766
604,5,RV,3.7416573867739413,1.174537066411034
604,6,Aorta,2.0,0.629448950908424
604,7,PA,5.0,1.3556522612093636
604,8,LAA,9.9498743710662,1.8042200140240316
604,9,Coronary,69.9714227381436,8.104534670798374
604,10,PV,3.1622776601683795,0.9725149502070594
570,1,Myocardium,1.7320508075688772,0.5297722678675462
570,2,LA,2.0,0.7216128189657562
570,3,LV,1.4142135623730951,0.49161573461846864
570,4,RA,1.4142135623730951,0.41993934294183843
570,5,RV,4.0,1.2036561565142725
570,6,Aorta,2.0,0.600138493628198
570,7,PA,4.123105625617661,1.288743884549247
570,8,LAA,5.656854249492381,1.2705966784834997
570,9,Coronary,137.4918179383777,30.391684797475165
570,10,PV,3.605551275463989,0.9582451063606476
50,1,Myocardium,1.4142135623730951,0.4101939744265165
50,2,LA,1.4142135623730951,0.605577005451607
50,3,LV,1.0,0.32201284971361827
50,4,RA,1.4142135623730951,0.49609264394408753
50,5,RV,4.0,1.3670793540263824
50,6,Aorta,2.0,0.5595912429973383
50,7,PA,3.605551275463989,1.0796924002766413
50,8,LAA,3.0,0.9027185649276168
50,9,Coronary,145.71547618561317,34.398823562995986
50,10,PV,5.0,0.9745238095480274
19,1,Myocardium,1.7320508075688772,0.5068911437446868
19,2,LA,1.4142135623730951,0.5144924418779393
19,3,LV,1.0,0.34454934817688354
19,4,RA,1.4142135623730951,0.41919711390210695
19,5,RV,4.0,1.2535558716717805
19,6,Aorta,2.0,0.7064222160087376
19,7,PA,5.196152422706632,1.3177885062334918
19,8,LAA,9.643650760992955,2.2249858820508823
19,9,Coronary,141.26216761751888,31.849354718609828
19,10,PV,3.0,0.901588374041269
395,1,Myocardium,1.7320508075688772,0.5284323084840278
395,2,LA,1.4142135623730951,0.4767096614809484
395,3,LV,1.4142135623730951,0.38016328151370093
395,4,RA,2.0,0.6774634905092126
395,5,RV,4.0,1.1935241516320172
395,6,Aorta,2.0,0.7194475414460595
395,7,PA,5.744562646538029,1.4257107365693764
395,8,LAA,9.0,2.7158421435512157
395,9,Coronary,148.08443537387717,20.215130827401858
395,10,PV,3.0,0.8963758902557777
6,1,Myocardium,1.7320508075688772,0.5003927496461401
6,2,LA,1.4142135623730951,0.5096434060133468
6,3,LV,1.0,0.3364864858592686
6,4,RA,1.4142135623730951,0.6331512238270646
6,5,RV,4.0,1.0332061686444454
6,6,Aorta,2.0,0.6266889795640906
6,7,PA,4.242640687119285,1.152108404268274
6,8,LAA,11.0,3.164721234422533
6,9,Coronary,126.55828696691498,20.304409581933502
6,10,PV,2.23606797749979,0.7036239608113799
689,1,Myocardium,1.7320508075688772,0.5654682684483614
689,2,LA,1.4142135623730951,0.5396128387676866
689,3,LV,1.0,0.3766666028067389
689,4,RA,1.4142135623730951,0.6381698044675438
689,5,RV,4.0,1.027543350334271
689,6,Aorta,2.0,0.6821553891659183
689,7,PA,4.123105625617661,1.311947275267711
689,8,LAA,4.47213595499958,1.3463429897286487
689,9,Coronary,158.22136391777187,23.202859932528096
689,10,PV,6.708203932499369,1.1430832340304378
924,1,Myocardium,1.7320508075688772,0.5774945982977853
924,2,LA,1.4142135623730951,0.39402763848212147
924,3,LV,1.4142135623730951,0.4311762113263987
924,4,RA,1.7320508075688772,0.5836964427303727
924,5,RV,4.58257569495584,1.6484844721735867
924,6,Aorta,2.0,0.5765239591663947
924,7,PA,6.164414002968976,1.271588295926804
924,8,LAA,4.123105625617661,1.1446770817179897
924,9,Coronary,157.68639763784319,27.44665386846548
924,10,PV,4.358898943540674,0.9371243049239804
279,1,Myocardium,1.7320508075688772,0.47559067573158753
279,2,LA,1.4142135623730951,0.48141493821859394
279,3,LV,1.0,0.35638226269579887
279,4,RA,1.4142135623730951,0.5597203927069858
279,5,RV,4.58257569495584,1.3326303363633982
279,6,Aorta,2.0,0.6266742522550541
279,7,PA,4.358898943540674,1.2282634717913703
279,8,LAA,7.0710678118654755,1.5461777559147258
279,9,Coronary,134.97407158413796,29.125764262119453
279,10,PV,2.449489742783178,0.7924641751394645
97,1,Myocardium,2.0,0.6108986933970708
97,2,LA,2.0,0.7810616736546816
97,3,LV,1.4142135623730951,0.4915650286171937
97,4,RA,1.4142135623730951,0.5201390590206189
97,5,RV,5.0990195135927845,1.484177808867583
97,6,Aorta,2.0,0.6324123203280803
97,7,PA,154.5606677004211,15.085781256044214
97,8,LAA,3.0,1.0471632075241148
97,9,Coronary,151.97368193210298,25.263202769849695
97,10,PV,2.8284271247461903,0.8828221774019704
826,1,Myocardium,1.7320508075688772,0.4666416097632151
826,2,LA,1.4142135623730951,0.4622332867032975
826,3,LV,1.0,0.36344770565411766
826,4,RA,1.4142135623730951,0.45092974957613985
826,5,RV,3.605551275463989,1.1283931258695339
826,6,Aorta,2.0,0.6450511463186217
826,7,PA,4.358898943540674,1.274105885236796
826,8,LAA,5.656854249492381,1.3820179557569123
826,9,Coronary,142.02464574854605,32.11834066917639
826,10,PV,3.1622776601683795,0.8546223600842677
425,1,Myocardium,2.0,0.5297034421231892
425,2,LA,1.4142135623730951,0.5635976349164882
425,3,LV,1.0,0.37226568974911634
425,4,RA,1.4142135623730951,0.4154636632253542
425,5,RV,3.3166247903554,1.199397959231816
425,6,Aorta,2.0,0.6348131984842741
425,7,PA,3.605551275463989,1.2064329993081
425,8,LAA,5.385164807134504,1.5757800760752572
425,9,Coronary,58.077534382926416,8.868334531902587
425,10,PV,3.605551275463989,0.9111203481743297
629,1,Myocardium,1.4142135623730951,0.5183498065938734
629,2,LA,1.4142135623730951,0.5085462347267071
629,3,LV,1.0,0.3601156643214701
629,4,RA,1.4142135623730951,0.6232965189020958
629,5,RV,3.7416573867739413,1.2143804719696245
629,6,Aorta,2.0,0.6470172629733784
629,7,PA,4.123105625617661,1.1462148494587443
629,8,LAA,5.744562646538029,1.7407501102326948
629,9,Coronary,142.66744548074027,19.032637281934214
629,10,PV,3.3166247903554,0.9125280638767613
672,1,Myocardium,2.23606797749979,0.6290264296542617
672,2,LA,1.4142135623730951,0.5935655418010388
672,3,LV,1.0,0.35866717810687665
672,4,RA,1.4142135623730951,0.5880075996470586
672,5,RV,5.0,1.315402462441639
672,6,Aorta,2.0,0.6561448591021146
672,7,PA,9.899494936611665,1.9277223047684213
672,8,LAA,3.4641016151377544,0.9880606294793282
672,9,Coronary,142.11966788590522,30.189947169018538
672,10,PV,3.0,0.8789749042410939
153,1,Myocardium,1.7320508075688772,0.5251190492533094
153,2,LA,1.4142135623730951,0.5468790033412623
153,3,LV,1.4142135623730951,0.384054271090618
153,4,RA,1.4142135623730951,0.5417036945458678
153,5,RV,3.0,1.2173001247379873
153,6,Aorta,2.0,0.6121477024866779
153,7,PA,3.0,1.0647261454020147
153,8,LAA,4.123105625617661,0.9969138948977257
153,9,Coronary,137.64446955835166,28.457029700019614
153,10,PV,3.605551275463989,0.9226691797139298
96,1,Myocardium,2.0,0.5589336021489222
96,2,LA,1.4142135623730951,0.4579054184705813
96,3,LV,1.0,0.3441118819380757
96,4,RA,1.4142135623730951,0.5703305176541571
96,5,RV,3.0,1.0213362140799338
96,6,Aorta,2.0,0.6243366446266663
96,7,PA,4.358898943540674,1.2426537921466767
96,8,LAA,4.69041575982343,1.3664939889768895
96,9,Coronary,145.557548756497,26.724873052202234
96,10,PV,3.0,0.8418659781378192
846,1,Myocardium,1.4142135623730951,0.4894668500092462
846,2,LA,1.4142135623730951,0.5006408679644428
846,3,LV,1.4142135623730951,0.4101058857553879
846,4,RA,1.4142135623730951,0.5429301444889056
846,5,RV,3.605551275463989,1.1680933500597366
846,6,Aorta,2.0,0.5902098858304288
846,7,PA,4.123105625617661,1.378610778314163
846,8,LAA,3.605551275463989,1.181490254450642
846,9,Coronary,153.81157303662167,28.720643174921403
846,10,PV,3.605551275463989,0.9623155373764892
205,1,Myocardium,2.0,0.5451746735904677
205,2,LA,1.4142135623730951,0.5435527284951099
205,3,LV,1.4142135623730951,0.39576803522144394
205,4,RA,1.4142135623730951,0.4538059920278781
205,5,RV,4.123105625617661,1.116314907521204
205,6,Aorta,2.0,0.6338917794369585
205,7,PA,4.58257569495584,1.4189828928659363
205,8,LAA,3.1622776601683795,1.114842775051756
205,9,Coronary,77.87810988975015,9.315152524435545
205,10,PV,3.7416573867739413,0.9319322869292006
440,1,Myocardium,2.23606797749979,0.6751909695356005
440,2,LA,1.4142135623730951,0.4158637350175101
440,3,LV,1.0,0.36003677638138076
440,4,RA,1.7320508075688772,0.7295470382008462
440,5,RV,4.0,1.2586094163995978
440,6,Aorta,2.0,0.6632622470674703
440,7,PA,3.0,0.9388316656991026
440,8,LAA,9.0,1.873439690721752
440,9,Coronary,129.1239714383042,27.31824438342366
440,10,PV,2.23606797749979,0.6945999552757429
966,1,Myocardium,1.7320508075688772,0.4885911047250509
966,2,LA,1.4142135623730951,0.5770952455602665
966,3,LV,1.4142135623730951,0.4174054753303726
966,4,RA,1.4142135623730951,0.6003271874850119
966,5,RV,3.0,0.9366582439124485
966,6,Aorta,2.0,0.6332415231424576
966,7,PA,3.0,0.836913616341831
966,8,LAA,4.58257569495584,1.5026881287968834
966,9,Coronary,145.3168950948237,30.485595538241252
966,10,PV,3.3166247903554,0.7960860474343199
910,1,Myocardium,2.0,0.5686721308488684
910,2,LA,1.4142135623730951,0.5553697944229041
910,3,LV,1.0,0.322547356554884
910,4,RA,1.4142135623730951,0.5229890998496647
910,5,RV,4.0,1.299495905250787
910,6,Aorta,2.0,0.6970256593834776
910,7,PA,3.1622776601683795,1.0741176559370327
910,8,LAA,4.123105625617661,1.1287073246094883
910,9,Coronary,133.45036530485783,30.459073367536384
910,10,PV,2.449489742783178,0.7357302589805639
566,1,Myocardium,2.449489742783178,0.6347758301369915
566,2,LA,1.4142135623730951,0.6098199481514239
566,3,LV,1.4142135623730951,0.5083537397531086
566,4,RA,1.4142135623730951,0.5820122599007226
566,5,RV,4.58257569495584,1.1353417155954628
566,6,Aorta,2.0,0.6703517685715815
566,7,PA,3.7416573867739413,1.1024632443682085
566,8,LAA,5.0,1.5217989142652777
566,9,Coronary,135.69450983735487,26.97858712335988
566,10,PV,3.0,0.8163406305354167
364,1,Myocardium,2.23606797749979,0.56716227522138
364,2,LA,1.4142135623730951,0.5081022717838165
364,3,LV,1.4142135623730951,0.3919045667867612
364,4,RA,1.4142135623730951,0.6591889137756692
364,5,RV,4.0,1.3504043742542824
364,6,Aorta,2.0,0.7020241638963587
364,7,PA,4.58257569495584,1.4434094398441601
364,8,LAA,11.704699910719626,3.181797729064682
364,9,Coronary,139.96428115772966,30.531094787981708
364,10,PV,2.8284271247461903,0.6547117002250432
849,1,Myocardium,1.4142135623730951,0.4670482913346758
849,2,LA,1.4142135623730951,0.5372247651718745
849,3,LV,1.4142135623730951,0.3956646960621004
849,4,RA,1.4142135623730951,0.4761954043082729
849,5,RV,4.123105625617661,1.2786168261273567
849,6,Aorta,2.0,0.7833068030671899
849,7,PA,5.0990195135927845,1.4271875920203032
849,8,LAA,7.874007874011811,2.477657888552137
849,9,Coronary,126.28935030318273,18.689935661392827
849,10,PV,5.916079783099616,1.1605739404808606
712,1,Myocardium,2.0,0.6003881260511532
712,2,LA,1.4142135623730951,0.4954173703890691
712,3,LV,1.4142135623730951,0.44586013100036603
712,4,RA,1.4142135623730951,0.5170556543250949
712,5,RV,4.242640687119285,1.1272409800282075
712,6,Aorta,2.0,0.6754678600154473
712,7,PA,7.615773105863909,1.7885697012003674
712,8,LAA,5.0,1.595058995674853
712,9,Coronary,140.3923074815711,37.48212867934554
712,10,PV,3.3166247903554,0.9363840705092461
339,1,Myocardium,2.0,0.6034491021354591
339,2,LA,1.4142135623730951,0.6155365746548831
339,3,LV,1.4142135623730951,0.4127895511299703
339,4,RA,1.4142135623730951,0.531500992250051
339,5,RV,3.605551275463989,1.2976657300227992
339,6,Aorta,2.0,0.6541633820944717
339,7,PA,4.58257569495584,1.3161263196599187
339,8,LAA,4.242640687119285,1.3491997643144233
339,9,Coronary,106.30616162763097,13.167922693849762
339,10,PV,4.242640687119285,1.047133460162084
534,1,Myocardium,1.4142135623730951,0.5254644816396983
534,2,LA,1.4142135623730951,0.4387188607372313
534,3,LV,1.0,0.35596908960248685
534,4,RA,1.4142135623730951,0.571320934169678
534,5,RV,3.3166247903554,1.1295494063928775
534,6,Aorta,2.0,0.621154906711063
534,7,PA,3.7416573867739413,1.198057838382356
534,8,LAA,4.123105625617661,1.131666090006108
534,9,Coronary,142.10207598765052,27.981643482104978
534,10,PV,3.3166247903554,0.9345250817790394
78,1,Myocardium,2.449489742783178,0.6675513414839298
78,2,LA,1.4142135623730951,0.6005608426869846
78,3,LV,1.4142135623730951,0.4205718457736299
78,4,RA,1.4142135623730951,0.4629523413783506
78,5,RV,4.123105625617661,1.5576181686643937
78,6,Aorta,2.0,0.6326061938636106
78,7,PA,184.1548261653764,11.702001865521405
78,8,LAA,4.123105625617661,1.3211508769301756
78,9,Coronary,124.95599225327291,20.84264388715894
78,10,PV,3.0,0.8879075359114349
39,1,Myocardium,1.4142135623730951,0.46358076331361775
39,2,LA,1.4142135623730951,0.5408033941702061
39,3,LV,1.4142135623730951,0.4246601362326107
39,4,RA,1.4142135623730951,0.4408346300962004
39,5,RV,3.605551275463989,1.1462760986784273
39,6,Aorta,2.0,0.6788436476101166
39,7,PA,5.656854249492381,4.758602813822496
39,8,LAA,5.385164807134504,1.458807622801559
39,9,Coronary,124.53915047084591,27.312385868056474
39,10,PV,4.123105625617661,1.0711929067433084
521,1,Myocardium,1.7320508075688772,0.5396887147857427
521,2,LA,1.4142135623730951,0.6003440927743103
521,3,LV,1.4142135623730951,0.4044807458475876
521,4,RA,1.4142135623730951,0.47522966051568793
521,5,RV,3.1622776601683795,0.9111957296365963
521,6,Aorta,2.0,0.6281987965905962
521,7,PA,4.0,1.114096685648923
521,8,LAA,6.48074069840786,1.566860135593413
521,9,Coronary,143.03496076134672,33.40770692505941
521,10,PV,2.449489742783178,0.8084671401312391
8,1,Myocardium,2.0,0.5439414705666357
8,2,LA,1.7320508075688772,0.6324962471636768
8,3,LV,1.4142135623730951,0.4112944478981427
8,4,RA,1.4142135623730951,0.4772023741206152
8,5,RV,4.898979485566356,1.4465148959812648
8,6,Aorta,2.0,0.794735087627386
8,7,PA,4.47213595499958,1.5897747315457678
8,8,LAA,7.280109889280518,2.17183836982508
8,9,Coronary,146.52303573158727,33.7661802764315
8,10,PV,5.477225575051661,1.090328121032603
640,1,Myocardium,2.8284271247461903,0.7583194673105231
640,2,LA,2.0,0.6529842449252987
640,3,LV,2.0,0.6224176526013081
640,4,RA,1.4142135623730951,0.4117318755669397
640,5,RV,3.605551275463989,1.0677945564986437
640,6,Aorta,2.0,0.8085212330662479
640,7,PA,3.7416573867739413,0.9612266295864083
640,8,LAA,6.782329983125268,2.167133835098249
640,9,Coronary,110.48076755707302,13.321367936729812
640,10,PV,3.7416573867739413,0.9738459063036913
976,1,Myocardium,1.4142135623730951,0.5005975705376464
976,2,LA,1.4142135623730951,0.48160413642857347
976,3,LV,1.4142135623730951,0.41397496675033185
976,4,RA,1.4142135623730951,0.4614791170925797
976,5,RV,4.58257569495584,1.4609706540898317
976,6,Aorta,2.0,0.6165058215743511
976,7,PA,5.385164807134504,1.4675941478585721
976,8,LAA,5.0990195135927845,1.603500924728877
976,9,Coronary,148.7212157024007,32.675231648566744
976,10,PV,3.0,0.9373457302437793
218,1,Myocardium,2.0,0.5167313818792798
218,2,LA,1.4142135623730951,0.5462660484643731
218,3,LV,1.0,0.3359249027127461
218,4,RA,1.4142135623730951,0.5084985300556283
218,5,RV,3.7416573867739413,1.2558093361634968
218,6,Aorta,2.0,0.6462887179657166
218,7,PA,3.0,0.8770578735866631
218,8,LAA,6.4031242374328485,2.7265555250337883
218,9,Coronary,119.57424471850115,19.062546473236385
218,10,PV,2.8284271247461903,0.7513433140339599
667,1,Myocardium,1.7320508075688772,0.5431561664277174
667,2,LA,1.4142135623730951,0.5056647551786817
667,3,LV,1.0,0.3768840599141204
667,4,RA,1.4142135623730951,0.4030433991436543
667,5,RV,3.1622776601683795,1.2719085358703706
667,6,Aorta,2.0,0.7095439379610538
667,7,PA,3.0,1.05879972596933
667,8,LAA,4.0,1.2163672989446774
667,9,Coronary,119.68291440301745,18.475599992547536
667,10,PV,2.449489742783178,0.6506299494045942
468,1,Myocardium,2.0,0.5099243443174591
468,2,LA,1.4142135623730951,0.4464991222919652
468,3,LV,1.4142135623730951,0.4248609752835909
468,4,RA,1.4142135623730951,0.45091323388215254
468,5,RV,4.47213595499958,0.937844920031184
468,6,Aorta,2.0,0.5941548455436274
468,7,PA,4.898979485566356,1.2252660328685847
468,8,LAA,7.0,2.236314994064695
468,9,Coronary,132.5028301584536,32.31187111766624
468,10,PV,2.8284271247461903,0.7437288119923655
766,1,Myocardium,1.7320508075688772,0.5322214006584916
766,2,LA,1.4142135623730951,0.5207432056666019
766,3,LV,1.0,0.3642260372785767
766,4,RA,1.4142135623730951,0.44766665416986795
766,5,RV,4.898979485566356,1.3268105181796435
766,6,Aorta,2.0,0.6631546865595337
766,7,PA,5.830951894845301,1.482689553324107
766,8,LAA,5.0990195135927845,1.5642038366593143
766,9,Coronary,131.24404748406687,27.68676526038923
766,10,PV,3.1622776601683795,0.8925143047599365
407,1,Myocardium,2.0,0.5569695803375609
407,2,LA,1.4142135623730951,0.6575409424680989
407,3,LV,1.4142135623730951,0.46181059767458665
407,4,RA,1.4142135623730951,0.49607689937219634
407,5,RV,3.4641016151377544,1.148338392786651
407,6,Aorta,2.0,0.6149103291062228
407,7,PA,3.7416573867739413,0.9905382903059243
407,8,LAA,5.830951894845301,1.9393116061702949
407,9,Coronary,75.1265598839718,8.711565514462208
407,10,PV,14.2828568570857,1.9077133145246774
585,1,Myocardium,2.8284271247461903,0.654946386655279
585,2,LA,1.4142135623730951,0.49311031727017807
585,3,LV,1.4142135623730951,0.4139100634288113
585,4,RA,1.4142135623730951,0.5460209852043358
585,5,RV,4.242640687119285,1.181238793580418
585,6,Aorta,2.0,0.7484958310664358
585,7,PA,54.59853477887479,3.0282543736953746
585,8,LAA,5.0,1.3840552618798496
585,9,Coronary,119.10499569707393,17.07255489865364
585,10,PV,4.0,1.0487958222471736
251,1,Myocardium,2.23606797749979,0.6165810172644028
251,2,LA,1.4142135623730951,0.6076314658739248
251,3,LV,1.4142135623730951,0.40859502872400033
251,4,RA,1.4142135623730951,0.44304646014815785
251,5,RV,4.242640687119285,1.1127291459133541
251,6,Aorta,2.0,0.6500493524497903
251,7,PA,9.539392014169456,1.619402134151243
251,8,LAA,4.123105625617661,1.1112325795654139
251,9,Coronary,142.0563268566381,24.90498768162172
251,10,PV,7.0,1.1831623629660826
741,1,Myocardium,1.7320508075688772,0.4516756575346681
741,2,LA,1.4142135623730951,0.5320136176402841
741,3,LV,1.4142135623730951,0.43101429385325
741,4,RA,1.4142135623730951,0.4931241295023231
741,5,RV,3.0,1.0285969722805244
741,6,Aorta,2.0,0.6414382588744537
741,7,PA,3.1622776601683795,1.075196140237629
741,8,LAA,6.164414002968976,1.411896114039224
741,9,Coronary,76.49182962905255,10.694736243136365
741,10,PV,4.123105625617661,0.9838116703494731
702,1,Myocardium,1.7320508075688772,0.5199425648994085
702,2,LA,1.4142135623730951,0.4156697376555244
702,3,LV,1.4142135623730951,0.4317999442144431
702,4,RA,1.4142135623730951,0.6178130566512356
702,5,RV,3.7416573867739413,1.2114698309177705
702,6,Aorta,2.0,0.6402584460895218
702,7,PA,4.123105625617661,1.1306338086124952
702,8,LAA,5.385164807134504,1.958273861052242
702,9,Coronary,125.81335382223939,31.685065295047277
702,10,PV,3.1622776601683795,0.8668327767455581
864,1,Myocardium,1.7320508075688772,0.5708161667480828
864,2,LA,2.0,0.7099671570321017
864,3,LV,1.4142135623730951,0.47261817219076085
864,4,RA,1.7320508075688772,0.6480607628656776
864,5,RV,3.1622776601683795,1.065401449462129
864,6,Aorta,2.0,0.6710053291382362
864,7,PA,5.0,1.2391459821358843
864,8,LAA,5.385164807134504,1.9580980084828843
864,9,Coronary,131.88252348207476,28.044949759004528
864,10,PV,5.0990195135927845,1.185134860127453
842,1,Myocardium,2.0,0.5506417233981948
842,2,LA,1.4142135623730951,0.6538711631194181
842,3,LV,1.4142135623730951,0.41600153158108755
842,4,RA,1.4142135623730951,0.4365991663021688
842,5,RV,5.0,1.3620196574542678
842,6,Aorta,2.0,0.6249524285401709
842,7,PA,5.385164807134504,1.2975518146950606
842,8,LAA,3.7416573867739413,1.2894521780743395
842,9,Coronary,137.20422734012243,21.58443790482107
842,10,PV,3.1622776601683795,1.03851849481139
589,1,Myocardium,1.4142135623730951,0.5468554867693342
589,2,LA,1.7320508075688772,0.6221519772811828
589,3,LV,1.4142135623730951,0.4385553459184432
589,4,RA,1.4142135623730951,0.4866776542820353
589,5,RV,5.477225575051661,1.5582392183118299
589,6,Aorta,2.0,0.6372595473659611
589,7,PA,4.123105625617661,1.3400203430648707
589,8,LAA,8.660254037844387,2.098994998939608
589,9,Coronary,132.9135057095403,26.487180912455187
589,10,PV,5.916079783099616,1.2964368879704224
246,1,Myocardium,2.23606797749979,0.6397531758789173
246,2,LA,1.4142135623730951,0.55390520725346
246,3,LV,1.4142135623730951,0.45420680952549564
246,4,RA,1.7320508075688772,0.6681578246326566
246,5,RV,3.3166247903554,1.0596545670651016
246,6,Aorta,2.0,0.7266980713141038
246,7,PA,3.605551275463989,1.199025389947658
246,8,LAA,5.0,1.6658939164332107
246,9,Coronary,128.49124483792662,31.998321729675546
246,10,PV,2.449489742783178,0.6752508840543104
673,1,Myocardium,1.7320508075688772,0.5805272557911508
673,2,LA,2.0,0.7411926271958053
673,3,LV,1.7320508075688772,0.5262812515606745
673,4,RA,1.7320508075688772,0.6005196398389521
673,5,RV,3.3166247903554,1.2970024823200013
673,6,Aorta,2.0,0.7028984041486632
673,7,PA,5.0990195135927845,2.995483437446475
673,8,LAA,7.54983443527075,1.6157435762885126
673,9,Coronary,145.50944986494864,39.166780980594474
673,10,PV,4.58257569495584,1.1143796009201994
400,1,Myocardium,1.4142135623730951,0.472751913444739
400,2,LA,1.4142135623730951,0.6104319387954823
400,3,LV,1.4142135623730951,0.40556568684645167
400,4,RA,1.4142135623730951,0.48826865643586514
400,5,RV,4.47213595499958,1.515405754743977
400,6,Aorta,2.0,0.7432878842046363
400,7,PA,2.8284271247461903,0.9241970775144828
400,8,LAA,3.605551275463989,1.1393454384742259
400,9,Coronary,87.16650732936361,13.831741286037955
400,10,PV,2.23606797749979,0.7259283463225199
723,1,Myocardium,2.0,0.6487869328033483
723,2,LA,1.4142135623730951,0.42184398584898153
723,3,LV,1.4142135623730951,0.4990917571410849
723,4,RA,1.4142135623730951,0.5240215168500568
723,5,RV,3.7416573867739413,1.1687814742795617
723,6,Aorta,2.0,0.6859003948630295
723,7,PA,3.605551275463989,1.0862147184219433
723,8,LAA,10.770329614269007,2.629088847260282
723,9,Coronary,128.84874853874211,20.617700833687934
723,10,PV,2.8284271247461903,0.7229092418085312
110,1,Myocardium,1.4142135623730951,0.4754342662752714
110,2,LA,1.4142135623730951,0.588877371320852
110,3,LV,1.4142135623730951,0.37659570094117156
110,4,RA,1.4142135623730951,0.475674967615738
110,5,RV,4.123105625617661,1.26658026082879
110,6,Aorta,2.0,0.5981119009910594
110,7,PA,3.605551275463989,1.1370082876833703
110,8,LAA,6.4031242374328485,2.2615763642056934
110,9,Coronary,135.29966740535616,27.597346530524014
110,10,PV,6.164414002968976,1.0385089130640324
997,1,Myocardium,2.23606797749979,0.6316446623532892
997,2,LA,1.7320508075688772,0.5892500052726775
997,3,LV,1.4142135623730951,0.44363642807744263
997,4,RA,1.7320508075688772,0.6350645325417295
997,5,RV,6.0,1.483055058825188
997,6,Aorta,2.0,0.6641862957289417
997,7,PA,4.58257569495584,1.3705006441859306
997,8,LAA,3.0,0.9790845348039514
997,9,Coronary,150.20652449211386,30.439262253941767
997,10,PV,3.1622776601683795,0.9065213686655272
463,1,Myocardium,2.0,0.5616163530238403
463,2,LA,1.4142135623730951,0.5566583887971153
463,3,LV,1.4142135623730951,0.37557670714415764
463,4,RA,1.4142135623730951,0.5130675862336611
463,5,RV,3.7416573867739413,1.272078631236699
463,6,Aorta,2.0,0.6450157403643846
463,7,PA,7.0710678118654755,1.5254353955287256
463,8,LAA,6.164414002968976,1.8371511796287168
463,9,Coronary,127.74192733789482,37.954299074128976
463,10,PV,4.123105625617661,0.9643486413653711
525,1,Myocardium,1.4142135623730951,0.5040589384233989
525,2,LA,1.4142135623730951,0.5705159768901473
525,3,LV,1.4142135623730951,0.4134479579378696
525,4,RA,1.4142135623730951,0.48074952824507233
525,5,RV,3.7416573867739413,1.1341392893371065
525,6,Aorta,2.0,0.6230594001248966
525,7,PA,4.47213595499958,1.1565061310808713
525,8,LAA,4.69041575982343,1.1059620103652312
525,9,Coronary,128.2380598730346,22.534928673083034
525,10,PV,2.8284271247461903,0.8198580336894731
126,1,Myocardium,1.7320508075688772,0.47782292260829184
126,2,LA,1.4142135623730951,0.5634425424043634
126,3,LV,1.0,0.3075935685376238
126,4,RA,1.4142135623730951,0.4455563812607413
126,5,RV,4.123105625617661,1.1521530296826001
126,6,Aorta,2.0,0.6158005962198029
126,7,PA,5.385164807134504,1.558486010372231
126,8,LAA,4.898979485566356,1.381550362598499
126,9,Coronary,54.055527006958314,7.045582177303377
126,10,PV,3.7416573867739413,1.0279889610321897
754,1,Myocardium,1.7320508075688772,0.5561537876163465
754,2,LA,1.4142135623730951,0.5645850260372084
754,3,LV,1.4142135623730951,0.43622201419955065
754,4,RA,1.4142135623730951,0.578661363601007
754,5,RV,4.123105625617661,1.421764735676772
754,6,Aorta,2.0,0.6245175272687122
754,7,PA,5.656854249492381,1.5316714613551696
754,8,LAA,7.0,2.070308587129829
754,9,Coronary,102.34744745229361,15.426385795160924
754,10,PV,2.8284271247461903,0.8336024967718338
979,1,Myocardium,1.7320508075688772,0.5430064294389307
979,2,LA,1.4142135623730951,0.4628032675506066
979,3,LV,1.4142135623730951,0.4455671165517643
979,4,RA,1.4142135623730951,0.5925804105040814
979,5,RV,3.3166247903554,0.9671450192523682
979,6,Aorta,2.0,0.679260227895441
979,7,PA,4.123105625617661,1.2918204459710245
979,8,LAA,3.605551275463989,1.016073543063301
979,9,Coronary,140.22838514366484,21.24761360062314
979,10,PV,3.4641016151377544,0.9069504796873378
413,1,Myocardium,1.7320508075688772,0.4906711918541947
413,2,LA,1.4142135623730951,0.48356749188295567
413,3,LV,1.0,0.3137972210635699
413,4,RA,1.7320508075688772,0.6425466268358601
413,5,RV,3.605551275463989,1.1601370968319757
413,6,Aorta,2.0,0.6449785389321543
413,7,PA,3.0,1.0573243220844442
413,8,LAA,8.246211251235321,2.3685225016072717
413,9,Coronary,133.82451195502264,24.84082903761721
413,10,PV,2.449489742783178,0.7706209626227621
152,1,Myocardium,1.4142135623730951,0.4844433571738098
152,2,LA,2.0,0.7423759896165123
152,3,LV,1.4142135623730951,0.42275848347158174
152,4,RA,1.4142135623730951,0.4881091106537608
152,5,RV,4.47213595499958,1.6850222467943985
152,6,Aorta,2.0,0.655229149958704
152,7,PA,77.20103626247513,4.554126838489124
152,8,LAA,5.0990195135927845,1.599570081310592
152,9,Coronary,144.15616532080756,29.81262875688092
152,10,PV,3.1622776601683795,0.9913520489655505
595,1,Myocardium,2.0,0.5426639300964695
595,2,LA,1.7320508075688772,0.6058740919421766
595,3,LV,1.4142135623730951,0.37869778943054466
595,4,RA,1.4142135623730951,0.5762805082387733
595,5,RV,4.58257569495584,1.4251944559086724
595,6,Aorta,2.0,0.6017318138122942
595,7,PA,7.681145747868608,1.6590031523651003
595,8,LAA,4.58257569495584,1.3668381833798466
595,9,Coronary,135.6687141532638,18.363012222041625
595,10,PV,3.3166247903554,0.979218603434518
371,1,Myocardium,2.23606797749979,0.6273563757500547
371,2,LA,1.7320508075688772,0.6356495705887515
371,3,LV,1.0,0.3740742106169743
371,4,RA,1.4142135623730951,0.5497592094191767
371,5,RV,6.708203932499369,1.5780719887162316
371,6,Aorta,2.0,0.7470434759222376
371,7,PA,79.88116173416608,9.367598440276836
371,8,LAA,4.58257569495584,1.3559812410063945
371,9,Coronary,120.25805586321442,24.032365352013766
371,10,PV,4.58257569495584,1.2577172916115287
779,1,Myocardium,2.0,0.5614015352192747
779,2,LA,1.7320508075688772,0.6274251923926955
779,3,LV,1.4142135623730951,0.47562919283538374
779,4,RA,1.4142135623730951,0.4076418939708669
779,5,RV,4.0,1.2861335676993426
779,6,Aorta,2.0,0.57103990449815
779,7,PA,5.0,1.2415208223371417
779,8,LAA,5.0990195135927845,1.2333190102494724
779,9,Coronary,145.43039572248986,28.686453652680445
779,10,PV,3.0,0.9056259600756937
159,1,Myocardium,1.4142135623730951,0.4392773282893445
159,2,LA,1.4142135623730951,0.6323965943002687
159,3,LV,1.4142135623730951,0.37492177586604786
159,4,RA,1.4142135623730951,0.4338686120042135
159,5,RV,3.605551275463989,1.0305629176048108
159,6,Aorta,2.0,0.6509598726613193
159,7,PA,3.605551275463989,1.149618169645108
159,8,LAA,3.605551275463989,1.2030962789512007
159,9,Coronary,132.984961555809,23.686924944998054
159,10,PV,2.23606797749979,0.7430201487274339
288,1,Myocardium,1.4142135623730951,0.5289940782030476
288,2,LA,1.4142135623730951,0.4341075389606581
288,3,LV,1.4142135623730951,0.44621299016381033
288,4,RA,1.4142135623730951,0.5868426817990413
288,5,RV,3.3166247903554,1.2801179733661545
288,6,Aorta,2.0,0.6642711913820927
288,7,PA,79.42291860665912,4.020186254889016
288,8,LAA,12.727922061357855,1.7453281997745536
288,9,Coronary,107.75435026020992,16.056034686023928
288,10,PV,4.58257569495584,1.0828593196071519
193,1,Myocardium,1.4142135623730951,0.4595764749970641
193,2,LA,1.4142135623730951,0.6488442342101486
193,3,LV,1.0,0.33293533605909464
193,4,RA,1.0,0.35788146329706516
193,5,RV,4.0,1.3183309637812624
193,6,Aorta,2.0,0.6413441485763576
193,7,PA,75.02666192761077,4.654547681624781
193,8,LAA,5.0,1.3376902137715005
193,9,Coronary,132.85330255586422,27.904254371297295
193,10,PV,3.1622776601683795,0.988759132523538
262,1,Myocardium,2.0,0.5649804933230482
262,2,LA,1.7320508075688772,0.633291696213353
262,3,LV,1.4142135623730951,0.4157755768939892
262,4,RA,1.4142135623730951,0.5546119850684794
262,5,RV,3.7416573867739413,1.182205478859088
262,6,Aorta,2.0,0.616593014935509
262,7,PA,3.0,0.861397067438971
262,8,LAA,5.830951894845301,1.9932191079727124
262,9,Coronary,84.27336471270148,9.822342782752779
262,10,PV,2.23606797749979,0.8085799065055005
724,1,Myocardium,1.4142135623730951,0.49206693974006377
724,2,LA,1.4142135623730951,0.5935615265333649
724,3,LV,1.0,0.32794719842178877
724,4,RA,1.4142135623730951,0.5869235078072574
724,5,RV,4.242640687119285,1.4079093300172665
724,6,Aorta,2.0,0.6690496934782775
724,7,PA,4.123105625617661,1.2627675192222079
724,8,LAA,7.681145747868608,2.4311494967789944
724,9,Coronary,90.49861877399013,13.215178945386592
724,10,PV,2.449489742783178,0.7203498661468948
161,1,Myocardium,2.23606797749979,0.6393144080030917
161,2,LA,1.4142135623730951,0.488938384158359
161,3,LV,1.4142135623730951,0.3801595653431361
161,4,RA,1.4142135623730951,0.5061353995152353
161,5,RV,3.605551275463989,0.9923899717989144
161,6,Aorta,2.0,0.6047061117853254
161,7,PA,4.898979485566356,1.223125950395786
161,8,LAA,5.830951894845301,1.432895261285513
161,9,Coronary,146.08559134972896,30.19282027493285
161,10,PV,2.449489742783178,0.757118979438768
691,1,Myocardium,1.4142135623730951,0.5026340507395322
691,2,LA,2.0,0.6804424022400352
691,3,LV,1.4142135623730951,0.40401618919431315
691,4,RA,1.4142135623730951,0.6232863777690452
691,5,RV,3.7416573867739413,1.2399083649100429
691,6,Aorta,2.0,0.6776951988219709
691,7,PA,5.0990195135927845,1.3626354832291896
691,8,LAA,4.123105625617661,1.215233465987592
691,9,Coronary,135.95955280891445,25.014429536167736
691,10,PV,4.123105625617661,1.0485836646370097
98,1,Myocardium,1.4142135623730951,0.49080853588680345
98,2,LA,1.7320508075688772,0.579120134825275
98,3,LV,1.0,0.3685218368678196
98,4,RA,1.4142135623730951,0.5605384142370802
98,5,RV,4.898979485566356,1.3113380548348839
98,6,Aorta,2.0,0.6697815517770895
98,7,PA,5.744562646538029,1.4374579339476907
98,8,LAA,5.385164807134504,1.6943706867819495
98,9,Coronary,136.7735354518556,20.398434862618608
98,10,PV,4.47213595499958,0.9115541904349673
839,1,Myocardium,1.4142135623730951,0.4412679651078798
839,2,LA,1.4142135623730951,0.5749543484965245
839,3,LV,1.4142135623730951,0.4461147093327049
839,4,RA,1.4142135623730951,0.40572916930666403
839,5,RV,4.0,1.2740541910911203
839,6,Aorta,2.0,0.6433671445651208
839,7,PA,5.477225575051661,1.429361339068722
839,8,LAA,3.7416573867739413,1.1803323203528273
839,9,Coronary,145.6331006330635,22.902234829107122
839,10,PV,4.242640687119285,1.054762578415691
267,1,Myocardium,2.23606797749979,0.6201695921422727
267,2,LA,1.4142135623730951,0.5259423592655114
267,3,LV,1.0,0.3623670451728927
267,4,RA,1.7320508075688772,0.6411748386483385
267,5,RV,3.7416573867739413,1.2376468823803846
267,6,Aorta,2.0,0.8003887461549716
267,7,PA,3.605551275463989,1.0499707773653535
267,8,LAA,6.782329983125268,2.1844234231158666
267,9,Coronary,121.04131526053408,22.7781227883421
267,10,PV,5.0,1.2033473895531377
938,1,Myocardium,2.0,0.5296489133579039
938,2,LA,1.4142135623730951,0.5275725162348656
938,3,LV,1.4142135623730951,0.44111384233828455
938,4,RA,1.4142135623730951,0.4861093171947194
938,5,RV,5.385164807134504,1.5322606074029972
938,6,Aorta,2.0,0.6463492443310197
938,7,PA,6.4031242374328485,1.5493004501629462
938,8,LAA,3.0,1.0746218210631668
938,9,Coronary,141.15594213493105,31.793319404327505
938,10,PV,3.0,0.9064573932741117
37,1,Myocardium,1.7320508075688772,0.504400491388629
37,2,LA,1.4142135623730951,0.6191800311103381
37,3,LV,1.4142135623730951,0.49946184668598537
37,4,RA,1.4142135623730951,0.5324423349877336
37,5,RV,3.7416573867739413,1.1452493933404602
37,6,Aorta,2.0,0.6188975259253046
37,7,PA,4.358898943540674,1.1826912723015792
37,8,LAA,4.58257569495584,1.4829257730838283
37,9,Coronary,139.40229553346674,26.569944563839325
37,10,PV,3.0,0.8385779905001272
137,1,Myocardium,2.0,0.5678537632664833
137,2,LA,1.4142135623730951,0.5001833794545435
137,3,LV,1.4142135623730951,0.45118155465443455
137,4,RA,1.4142135623730951,0.5824734576278485
137,5,RV,4.358898943540674,1.6096594538314704
137,6,Aorta,2.0,0.6260923323659469
137,7,PA,3.0,0.9477040718280008
137,8,LAA,9.16515138991168,2.368352850789254
137,9,Coronary,123.1665539016173,26.310279770099434
137,10,PV,2.23606797749979,0.7263430369790655
121,1,Myocardium,1.4142135623730951,0.43025087150009855
121,2,LA,1.4142135623730951,0.5034808896053612
121,3,LV,1.0,0.33462588587758996
121,4,RA,1.4142135623730951,0.42395412421044676
121,5,RV,3.3166247903554,1.193847939480766
121,6,Aorta,2.0,0.5661410287873945
121,7,PA,3.7416573867739413,1.2170411301385557
121,8,LAA,4.242640687119285,1.2533052375795162
121,9,Coronary,130.17296186228538,18.578393972954377
121,10,PV,6.0,1.0690373183970137
455,1,Myocardium,1.7320508075688772,0.5706274557591637
455,2,LA,2.0,0.6612813433481992
455,3,LV,1.4142135623730951,0.45744168685058184
455,4,RA,1.4142135623730951,0.5216905717949427
455,5,RV,3.605551275463989,1.199647370989155
455,6,Aorta,2.0,0.7167945958971489
455,7,PA,4.47213595499958,1.29918199680796
455,8,LAA,3.605551275463989,1.1726417443317239
455,9,Coronary,139.810586151407,29.861768076539892
455,10,PV,5.656854249492381,1.0545095477751147
178,1,Myocardium,1.4142135623730951,0.4781403705355195
178,2,LA,2.0,0.7552230506582285
178,3,LV,1.0,0.35547288829416634
178,4,RA,1.4142135623730951,0.657990914345707
178,5,RV,4.898979485566356,1.251109973036077
178,6,Aorta,2.0,0.6464335539401848
178,7,PA,128.35108102388543,8.07486675418386
178,8,LAA,3.1622776601683795,1.0777112342741304
178,9,Coronary,162.27754003558226,31.13242217196515
178,10,PV,4.58257569495584,1.1468985817934543
2,1,Myocardium,2.0,0.6329099759112864
2,2,LA,1.7320508075688772,0.5492442614487667
2,3,LV,1.0,0.318966415002535
2,4,RA,2.23606797749979,0.8585314605145631
2,5,RV,5.0990195135927845,1.2381708294185292
2,6,Aorta,2.0,0.6226435291384245
2,7,PA,5.744562646538029,1.5146517975681015
2,8,LAA,4.358898943540674,0.800249063083473
2,9,Coronary,138.3654581172628,32.94322096744386
2,10,PV,3.605551275463989,0.9812356552056175
478,1,Myocardium,1.4142135623730951,0.4460872940819167
478,2,LA,1.4142135623730951,0.5589119526604868
478,3,LV,1.0,0.28521915318124424
478,4,RA,1.4142135623730951,0.540936245007374
478,5,RV,4.47213595499958,1.7719181751104838
478,6,Aorta,2.0,0.624037369241796
478,7,PA,4.358898943540674,1.182247097116766
478,8,LAA,3.4641016151377544,1.1239726690254221
478,9,Coronary,134.70337783441067,20.47068027204335
478,10,PV,3.605551275463989,0.9972502764285482
601,1,Myocardium,1.7320508075688772,0.55757996494688
601,2,LA,1.4142135623730951,0.5272750102907752
601,3,LV,1.4142135623730951,0.4081904306127543
601,4,RA,1.7320508075688772,0.650431632518826
601,5,RV,5.0,1.642095751136975
601,6,Aorta,2.0,0.6586692080044675
601,7,PA,11.224972160321824,2.104086776020888
601,8,LAA,6.0,1.724029500501071
601,9,Coronary,151.00331122197287,23.00112152578704
601,10,PV,3.7416573867739413,1.0138575209784353
788,1,Myocardium,2.0,0.5983898839938104
788,2,LA,1.4142135623730951,0.4861242069505063
788,3,LV,1.4142135623730951,0.4051920005893609
788,4,RA,1.4142135623730951,0.38866197448745426
788,5,RV,4.58257569495584,1.4649858206457416
788,6,Aorta,2.0,0.5843609858876654
788,7,PA,4.47213595499958,1.2422953810474744
788,8,LAA,4.242640687119285,1.3342058643839925
788,9,Coronary,144.4887538876296,22.556624614772222
788,10,PV,4.358898943540674,1.0622463410180516
