case_id,shape_mismatch,Dice_Myocardium,Dice_LA,Dice_LV,Dice_RA,Dice_RV,Dice_Aorta,Dice_PA,Dice_LAA,Dice_Coronary,Dice_PV,CC_Myocardium,CC_LA,CC_LV,CC_RA,CC_RV,CC_Aorta,CC_PA,CC_LAA,CC_Coronary,CC_PV,Conn_PV_LA,Conn_LAA_LA,Conn_Cor_MyoAo
637,False,0.9488662425056622,0.9751267150674532,0.9796358502129509,0.9691679297880189,0.9527005573600271,0.953354553855632,0.9061252867207901,0.7874072965868046,0.4574046888206771,0.890250702654598,1,1,1,1,1,2,1,1,1,2,1.0,1.0,1.0
697,False,0.9415376261210763,0.9734995464830333,0.9827630360306973,0.9760668193912834,0.9479321401512496,0.9550644018185637,0.8077540184952886,0.8558243131725061,0.4118828168468926,0.8604487894686247,1,1,1,1,1,2,2,1,2,2,1.0,1.0,1.0
494,False,0.9426301121099668,0.9725111689432728,0.9840169185172095,0.9737182259588112,0.9533119272006153,0.9571374267332641,0.9179769632431997,0.849794175629986,0.5541572550285038,0.8750887154009936,1,1,1,1,1,2,1,1,1,3,1.0,1.0,1.0
308,False,0.9343014527632878,0.9681971607925716,0.9794642110715106,0.9749706903571786,0.9339239783184752,0.9542807627531038,0.8982546363972596,0.7523314872736664,0.41541633763271035,0.8669491301358997,1,1,1,1,1,2,2,1,2,2,1.0,1.0,1.0
566,False,0.942429486672467,0.9709729492203064,0.9781422530551478,0.9691786857116357,0.9480554438512712,0.9523199969836504,0.9190544517847786,0.7174727448751946,0.38891314839925534,0.8803858805481392,1,2,1,1,1,2,1,1,1,3,1.0,1.0,1.0
864,False,0.9392238812922986,0.9634321802391543,0.9803632587469336,0.964345115918927,0.9520473239614234,0.9653766981744191,0.8951780084643005,0.7948009642321975,0.3065398123860757,0.8588727291611299,1,1,1,1,1,2,1,1,2,2,1.0,1.0,1.0
749,False,0.9350287772139062,0.9694657510109312,0.9803067371016474,0.972457694043896,0.9497736306453716,0.9603147315524994,0.8837534878594453,0.8341473840868251,0.3969343527354577,0.8706846007932402,1,1,1,1,1,2,2,1,1,3,1.0,1.0,1.0
644,False,0.9424916094219679,0.9753324672157684,0.9807100342408683,0.9787670374600356,0.9495217496469477,0.9580076375299933,0.8621696048849194,0.8436387131673453,0.3791103330450739,0.8759800571758988,1,1,1,1,1,2,2,1,2,3,1.0,1.0,1.0
496,False,0.9470530277835624,0.9738587572650187,0.9770950699355505,0.9699641831767266,0.9403792936486338,0.9576598578813879,0.9019151883947732,0.8075020994681348,0.379873135607749,0.8692931604480605,1,1,1,1,1,2,2,1,1,3,1.0,1.0,1.0
655,False,0.9408132475837886,0.9632945536234023,0.9805283414975507,0.9674743464401877,0.9375405014705149,0.9523743856705623,0.8909244274517949,0.8177750416672923,0.6306435872412554,0.8225078152136158,1,1,1,1,1,2,1,1,2,3,1.0,1.0,1.0
219,False,0.9523633188846695,0.9680389745924516,0.9801671581240726,0.96859713818151,0.9513251600186158,0.9611164055217541,0.9048570413780856,0.7997271647874159,0.2886602905394011,0.8565642348893581,1,1,1,1,1,2,2,1,2,3,1.0,1.0,1.0
172,False,0.9532029237538522,0.9708314435847043,0.9814593694796118,0.9603713034571667,0.9468246236998398,0.9605242949206712,0.917180562798072,0.7960220865005785,0.3639606509147743,0.8776546853079193,1,1,1,1,1,2,1,1,2,3,1.0,1.0,1.0
6,False,0.951140671045,0.9747623226728932,0.9831816136698182,0.9696434273132758,0.9558597571203122,0.9579453756609099,0.9183346392193176,0.6370068740298748,0.45781196188726897,0.8705316493196997,1,1,1,1,1,2,1,1,2,2,1.0,1.0,1.0
841,False,0.9544379705400982,0.9723603388589596,0.9838447506913159,0.9756148771794558,0.9461604904416666,0.9556310368148161,0.8997994774260193,0.8527881109863911,0.47341851322373124,0.8632821428012336,1,1,1,1,1,2,2,1,2,3,1.0,1.0,1.0
201,False,0.9444737238367715,0.9713309513382861,0.9817027485565416,0.9736539381424054,0.9514202274409528,0.9566730486719126,0.8894666540670724,0.7856354296871436,0.46783601191725066,0.8822041003545419,1,1,1,1,1,2,1,1,2,3,1.0,1.0,0.5
122,False,0.9345492892805459,0.9712804631283299,0.9773994374653017,0.9657006714316656,0.9377898638321969,0.9558834684283408,0.8755755383841187,0.7879702353062634,0.34116504854368934,0.8534084159718516,1,1,1,1,1,2,2,1,2,3,1.0,1.0,1.0
527,False,0.9567222020930138,0.9724993465327465,0.9823352665257984,0.954711095819196,0.9458391358349957,0.9611436305844845,0.8890111127028631,0.4939577880492287,0.3693412104142337,0.8485454536713413,1,1,1,1,1,2,1,1,1,2,1.0,1.0,1.0
165,False,0.9295147925083236,0.9715089422305496,0.9734701180355994,0.9710606036741273,0.942353499266386,0.9582860525579426,0.902277106517695,0.7773435221373155,0.5312513706741524,0.8685279853191769,1,1,1,1,1,2,2,1,1,2,1.0,1.0,1.0
432,False,0.95095019351105,0.976679191649625,0.9807840097382998,0.9646092271216521,0.9591667246681582,0.9605020641401795,0.9179097162745631,0.8028618146962454,0.30477649807206825,0.8766532765567936,1,2,1,1,1,2,1,1,2,2,1.0,1.0,1.0
557,False,0.9432158922183312,0.9688556172361762,0.9801425947995186,0.9762236569761972,0.9413397693107474,0.9550222858550085,0.9059192991880333,0.7965426429873725,0.4160314379054022,0.8432312882950993,1,1,1,1,1,2,1,1,2,2,1.0,1.0,1.0
625,False,0.9506456878431645,0.9631479131704256,0.9787948646349462,0.9738164230875156,0.9420832006791893,0.9536637248246209,0.8947941766931897,0.8376328407593304,0.31152760691801146,0.8554366501204265,1,1,1,1,1,2,1,1,1,3,1.0,1.0,1.0
895,False,0.9463809578921464,0.9746094798432552,0.9813750540508668,0.96353583703521,0.9522149362909537,0.9570825644492353,0.9233459481418357,0.7732385935179931,0.4791009886551288,0.8650863279815026,1,3,1,1,1,2,2,1,1,2,1.0,1.0,1.0
321,False,0.9573916315315553,0.9767336555549841,0.9779615275109976,0.973609293028546,0.9501375014744692,0.9376723935845577,0.8940224799445823,0.8279300987404699,0.5100811123986095,0.8152697634997852,1,1,1,1,1,2,1,1,2,2,1.0,1.0,1.0
936,False,0.9392461307589728,0.9770540780180565,0.9806848592349426,0.9722978730705221,0.9533924206337016,0.9563940258697033,0.919579332652095,0.8074792243767313,0.6471567221975052,0.8388340372687759,1,1,1,1,1,2,1,1,2,3,1.0,1.0,1.0
554,False,0.9322515821021098,0.9743245104511497,0.9784475940017583,0.9771828926129218,0.9276469264180822,0.9560807927836972,0.8848356404444999,0.808472002113048,0.38646862340985005,0.8780012348116599,1,1,1,1,1,2,2,1,2,3,1.0,1.0,0.5
830,False,0.9376120809065153,0.9788687882929763,0.9809246390546588,0.966752269387643,0.949125646248022,0.952922713561228,0.8667005772165336,0.808353357362168,0.4648339060710195,0.8560017551842943,1,1,1,1,1,2,1,1,1,3,1.0,1.0,1.0
331,False,0.950379807695853,0.9735202912835469,0.9796833981438358,0.9716487087116458,0.9506645157707189,0.9537479921071353,0.9192069952433667,0.7081757382962203,0.3821603927986907,0.8741562010271015,1,1,1,1,1,2,1,1,1,3,1.0,1.0,1.0
208,False,0.9421028910332263,0.9669992158229502,0.9815298693964098,0.966466297446981,0.9622744559760212,0.9592494265350429,0.9244645479856912,0.7762040946025693,0.29679886833970764,0.9015864243276852,1,1,1,1,1,2,1,1,1,2,1.0,1.0,1.0
677,False,0.9325039743552751,0.9625087027298559,0.9798181883755971,0.9625086269350397,0.9502659974920832,0.9639814054597357,0.8922242656150937,0.8230353753362013,0.46928811845929397,0.7800353524794252,1,1,1,1,2,2,1,1,2,2,1.0,1.0,1.0
111,False,0.9405575817231685,0.9704303380615062,0.9825709940585081,0.9727354180601544,0.9429384055233767,0.9584633580337162,0.9039811664475987,0.8101638915629716,0.4266637856525497,0.8284649838837959,1,1,1,1,1,2,1,1,2,3,1.0,1.0,1.0
579,False,0.9335147580427703,0.9727657800702578,0.9796255575329028,0.9721927229586933,0.9417821269722099,0.9553549072903174,0.8969149352193385,0.8120251315020456,0.3019221948880457,0.8548290561751091,1,1,1,1,1,2,1,1,2,3,1.0,1.0,1.0
283,False,0.9382768485090754,0.9733007636219413,0.9802822562974224,0.9769612867407621,0.9487550102312179,0.9580976901183591,0.8858128598966198,0.7758246423753535,0.4340450424100614,0.8612578117322482,1,1,1,1,1,2,2,1,2,3,1.0,1.0,1.0
872,False,0.9450244054343733,0.9701021996380688,0.9810549181033973,0.9736119450349526,0.9473320824349383,0.9595936492285522,0.9106103885261136,0.7130188508702333,0.5626229995172849,0.8575482334460787,1,1,1,1,1,2,1,1,1,2,1.0,1.0,1.0
252,False,0.9386443708620592,0.9745354320782502,0.9804529835225868,0.9646880163846673,0.9350127121027334,0.9581272672122645,0.9142824542887298,0.8330253113700281,0.4051275449211925,0.862735149651622,2,1,1,1,1,2,1,1,1,2,1.0,1.0,1.0
966,False,0.9465991039461585,0.9704022506236719,0.9806148174523843,0.9666987737663836,0.9583037386573277,0.956081765190853,0.932484003533708,0.8136377661215675,0.3412526997840173,0.8811235700898339,1,1,1,1,1,2,1,1,1,3,1.0,1.0,1.0
169,False,0.9436838837813839,0.9746024174948378,0.982930808629154,0.9716025931565518,0.9527609417354491,0.9577083835606652,0.8702667475673611,0.8573155412291721,0.3890022811862168,0.8365452490441779,1,1,1,1,1,2,2,1,2,2,1.0,1.0,1.0
453,False,0.9532955953046648,0.9729617989299211,0.9783738923585322,0.9779180059553154,0.9496416367662104,0.9495157569813183,0.89284185397644,0.8271439021485804,0.34906128936127945,0.857500198236774,1,1,1,1,1,2,2,1,1,2,1.0,1.0,1.0
689,False,0.9448418906719993,0.9732247780040775,0.9840800750631093,0.9681496593057819,0.9602541681686042,0.9517110575348727,0.8640519493770521,0.8404689461991693,0.47312557360041496,0.8572549364408929,1,1,1,1,1,2,2,1,1,2,1.0,1.0,1.0
146,False,0.9603144186980803,0.9811486369393727,0.9714928962494244,0.9755751757273465,0.926138432008472,0.958128843430778,0.9157279081328716,0.6020775950263634,0.4451858539074459,0.8577478236899193,1,1,1,1,1,2,1,1,1,3,1.0,1.0,1.0
563,False,0.9439151045047015,0.9683093128106006,0.9833513466184731,0.9756486158376468,0.9505424561463107,0.9507970839591979,0.8107447583930026,0.8053883161512028,0.40549165120593694,0.8442662072976043,1,1,1,1,1,2,2,1,1,2,1.0,1.0,1.0
63,False,0.9552802480654334,0.9724560596575457,0.9809539956685999,0.9760262477489778,0.9540414319420036,0.954035872018314,0.8936936627872072,0.8688582844365093,0.44787862691720337,0.8767198025096827,1,1,1,1,1,2,2,1,1,2,1.0,1.0,1.0
845,False,0.9397904543209392,0.9711377199255182,0.9826760564887473,0.9716809149807544,0.942791162396595,0.9554942315382071,0.8557642328249889,0.8272067175418374,0.44916049064861985,0.8464104327487101,1,1,1,1,1,2,2,1,1,3,1.0,1.0,1.0
3,False,0.9499452577237364,0.9705732154090959,0.9784226798163547,0.9720619337567035,0.9531547454791238,0.957217410605518,0.9071177323480325,0.7937496764396279,0.4354284396263407,0.8762300467821071,1,1,1,1,1,2,1,1,1,3,1.0,1.0,1.0
778,False,0.942299889133484,0.9739918930700714,0.975812806592595,0.9712457505753596,0.9549945496847756,0.959434445202837,0.8951635111530104,0.8397746084298994,0.437827626918536,0.8731552428371248,1,1,1,1,1,2,2,1,1,2,1.0,1.0,1.0
663,False,0.9419016689176614,0.9717525825514641,0.9784198878426601,0.9772751522413072,0.9540468252544261,0.9536363517690418,0.9060431439232773,0.8079728374645955,0.5303246264473663,0.8268488906841183,1,3,1,1,1,2,2,1,1,2,1.0,1.0,1.0
325,False,0.9426587086122261,0.9770621292813683,0.9837808402523316,0.9741709872448892,0.9612538329767877,0.9510752193567721,0.9197348331958655,0.7909404286457369,0.41170194989652825,0.8469509210979463,1,2,1,1,1,2,4,1,2,3,1.0,1.0,1.0
815,False,0.9481761443374399,0.9553543001168354,0.979570049507634,0.9699397875473286,0.9300633687948381,0.9547433037522502,0.867901204166564,0.8122590705412471,0.40052303359485014,0.8008955852913286,1,1,1,1,1,2,3,1,2,2,1.0,1.0,1.0
24,False,0.9448280165984441,0.9703284400608374,0.9806575510325086,0.9687767165837792,0.9326785448168544,0.9596373761029167,0.9001678812621619,0.8666838082326266,0.3982338331340263,0.8456861501734492,1,1,1,1,1,2,1,1,2,2,1.0,1.0,1.0
892,False,0.9471762764731144,0.9744785883982188,0.9789877855718783,0.9709465078201098,0.9389685657428504,0.9572146674929776,0.9233291558653367,0.7842063299476548,0.5394651481294601,0.8697931199425998,1,1,1,1,1,2,1,1,1,2,1.0,1.0,1.0
695,False,0.931989947339806,0.9767355462818353,0.9841168460483531,0.9761506233891916,0.9567938127459141,0.9481026164534933,0.8389259093423236,0.8424145902902646,0.36755204594400576,0.8518968242563587,1,1,1,1,1,2,2,1,1,2,1.0,1.0,1.0
544,False,0.9405674757475683,0.9648646012520172,0.9798805461915097,0.9739924753648405,0.9478733833541503,0.9589598600963897,0.9035737057841202,0.8250105520543758,0.5727502921698481,0.8590732969613958,1,1,1,1,1,2,2,1,1,3,1.0,1.0,1.0
717,False,0.952968700160924,0.9737194756193635,0.9827041682805471,0.9707051552931371,0.9548591929264257,0.9566793472381979,0.9108493734848263,0.8122954937341317,0.6106307533756048,0.8678834478427193,1,1,1,1,1,2,1,1,1,2,1.0,1.0,1.0
665,False,0.9499782472316297,0.9798464049196984,0.9822882210805358,0.9741794418744331,0.9502603980820812,0.9558639272990761,0.8865426668130124,0.8257713551487643,0.487706405371076,0.8624946557052636,1,1,1,1,1,2,2,1,1,2,1.0,1.0,1.0
771,False,0.9345561159641289,0.9742668862483431,0.9818206984998651,0.9685909164162408,0.9504831513005108,0.9530459826720147,0.9364698000067,0.7347574445524432,0.3578764839269041,0.8700270352381062,1,1,1,1,1,2,1,1,1,2,1.0,1.0,1.0
957,False,0.9440226856904518,0.9731337275550948,0.9780447698768743,0.9765559771511709,0.9481060792742726,0.9582486057814915,0.9152219599659844,0.85439453125,0.42573634303935554,0.8607504223045028,1,1,1,1,1,2,2,1,1,2,1.0,1.0,1.0
831,False,0.9513687201005764,0.9749837483522635,0.9815586801384866,0.9744992030041165,0.9531384787578446,0.9599596687125097,0.9191050043739254,0.8397808655199853,0.4028135262270347,0.8665114098276804,1,1,1,1,1,2,1,1,1,3,1.0,1.0,1.0
713,False,0.943390371615634,0.9710787213401794,0.9816338078628817,0.9736295815226486,0.9510891337609746,0.960429666318306,0.8655013286550133,0.8166696589816976,0.5137927162480818,0.8587375780666955,1,1,1,1,1,2,2,1,1,2,1.0,1.0,1.0
98,False,0.9449765753977591,0.9727298074902614,0.9812445350549326,0.9738692312602396,0.9430384495515566,0.9574785161257432,0.9131447467009017,0.6947687749126953,0.5366737825754219,0.8799277206180625,1,2,1,1,1,2,1,1,1,2,1.0,1.0,1.0
372,False,0.9452372717623346,0.9730020189390172,0.984722018154096,0.963598189064001,0.9419901677779914,0.9534588440035161,0.9152181694263706,0.7148433711570168,0.23407093265843565,0.8396164650709261,1,1,1,1,1,2,1,1,1,3,1.0,1.0,1.0
185,False,0.9455876749772218,0.9733855011807392,0.9762200104277721,0.9616619299561843,0.9480388578345182,0.9471962085447135,0.916704048446787,0.7585934031999692,0.4875606861581616,0.8734503154898525,1,1,1,1,1,2,1,1,1,2,1.0,1.0,1.0
501,False,0.9502246982641456,0.976587243006132,0.9822811437776029,0.9775399405214745,0.9501031095124441,0.9583215117544982,0.8605156975353864,0.8190199847666025,0.41043518411635693,0.8015727270267031,1,1,1,1,1,2,2,1,1,2,1.0,1.0,1.0
91,False,0.9419397361221954,0.9757068343323865,0.9786523691888849,0.9689178193653377,0.9449706617375355,0.9546987868303195,0.9098845386762247,0.7021263750196216,0.5030126173031302,0.8750407029697831,1,1,1,1,1,2,1,1,1,3,1.0,1.0,1.0
571,False,0.9421385648753852,0.975837097151982,0.98270496181376,0.9666992639868238,0.9528093641319518,0.957377020961627,0.9290772580765293,0.7610980392156863,0.38129421120924195,0.8438492535566054,1,1,1,1,1,2,1,1,2,2,1.0,1.0,1.0
588,False,0.9458356002974686,0.9737566493481205,0.9784386484248897,0.9690506461223173,0.9518957465549708,0.9555289185017624,0.9071325985331733,0.7556858911697621,0.5513284491128961,0.854373463050385,1,1,1,1,1,2,2,1,2,3,1.0,1.0,1.0
263,False,0.9449403968280904,0.9725351137213619,0.9840158360743492,0.9743176596920273,0.9598345446490754,0.9577747449990097,0.8921527196374702,0.780110541573462,0.43359995690932107,0.8475652048735163,1,1,1,1,1,2,2,1,1,2,1.0,1.0,1.0
164,False,0.9307046375710575,0.9708368876347829,0.9817209039540999,0.9764426087837087,0.9490265759570955,0.9538742586116727,0.8352324444594276,0.8460324915399159,0.45682486483068263,0.8572853330398658,1,1,1,1,1,2,2,1,1,2,1.0,1.0,1.0
916,False,0.9510477806954794,0.9731808463315588,0.9821914551237212,0.9737438058179348,0.9459482839888871,0.9587747637619575,0.8916016509997446,0.8287782059957047,0.3957684646179434,0.878162062924915,1,1,1,1,1,2,1,1,1,3,1.0,1.0,1.0
329,False,0.9400756771821505,0.968531534192273,0.9795917626714522,0.9746026522580286,0.9386234193699491,0.9608936639870993,0.9250702173086569,0.7752551184134523,0.5392349406419463,0.8555527280609985,1,1,1,1,1,2,1,1,1,2,1.0,1.0,1.0
357,False,0.9438326682292647,0.9727475415923837,0.9823134992582825,0.9663020156360527,0.9443450826789036,0.9532429239068957,0.8882641038464831,0.8233523732819007,0.42181104335477404,0.8691954637711019,1,1,1,1,1,2,2,1,2,2,1.0,1.0,1.0
671,False,0.9446647652357982,0.971996909338688,0.9790672176144162,0.9777920098075712,0.948467103959883,0.9539724122317631,0.8889446353761633,0.808393471744199,0.5300646376129348,0.8753693813248054,1,1,1,1,1,2,2,1,1,2,1.0,1.0,1.0
277,False,0.9449189760522188,0.9685097434459554,0.9800132428862595,0.9743798943726097,0.9359643513532037,0.9437342708576159,0.9236441955945566,0.7806914097178974,0.4395320949385705,0.895606136369709,1,1,1,1,1,2,1,1,1,3,1.0,1.0,1.0
913,False,0.9420063566618894,0.9672078553493944,0.9832442453911051,0.9710098904419712,0.9437126057839519,0.9549444641277659,0.9155402410027002,0.8125827250702438,0.3965108401084011,0.884884816597666,1,1,1,1,1,2,2,1,1,3,1.0,1.0,1.0
191,False,0.9409626335064482,0.9744705946440118,0.9833340634948451,0.9732145273047808,0.9425654886511855,0.9546882367395187,0.8416646625082511,0.8370104240461492,0.36354187487507494,0.8656130333243776,1,1,1,1,1,2,2,1,1,2,1.0,1.0,1.0
944,False,0.9450803994502273,0.9610229484798185,0.9794391827458029,0.9756530627364657,0.9383395942799599,0.953713783071078,0.9115571377813695,0.6312840510748525,0.4892098483888678,0.8703907527436939,1,1,1,1,1,2,1,1,1,3,1.0,1.0,1.0
168,False,0.9479602971830342,0.9712890309797635,0.9834931719666771,0.977654447505826,0.9552432149876106,0.9622816722299385,0.9050892352528616,0.8112377087560481,0.3952670924303183,0.8542464500968429,1,1,1,1,1,2,1,1,2,2,1.0,1.0,1.0
327,False,0.9446197838381886,0.9730607793276113,0.9852135601050952,0.9715463188149458,0.9398005686419518,0.9516241470492952,0.8882828211273648,0.8100425452335313,0.522706379849237,0.8562406762804575,1,1,1,1,1,2,3,1,2,3,1.0,1.0,1.0
420,False,0.9523272631266075,0.96982794930561,0.9819703624378632,0.9774699186276182,0.9400251320084614,0.9582394393094492,0.9096835078835309,0.7613630947652713,0.40475592779387937,0.8517403406831516,1,1,1,1,1,2,1,1,1,3,1.0,1.0,1.0
134,False,0.9416598375755573,0.968922301940299,0.977986152738011,0.9697094816661066,0.9537318870385822,0.9551258033835778,0.899232003276786,0.8441590516176833,0.6052985179391532,0.860380130658201,2,1,1,1,1,2,2,1,2,3,1.0,1.0,0.5
549,False,0.9419009979972641,0.9743473681851794,0.98326860928991,0.9768670831052336,0.9396796286461374,0.9547917598975196,0.8784388391341744,0.825601422301239,0.542344489901105,0.8549648502676757,1,1,1,1,1,2,2,1,1,2,1.0,1.0,1.0
927,False,0.947228675156791,0.9736422300670008,0.9809358752166378,0.9671534566627744,0.9400448554354293,0.9518703557862153,0.904364756333974,0.7451900051196512,0.4588263447579037,0.8597401818127269,1,1,1,1,1,2,1,1,1,3,1.0,1.0,1.0
970,False,0.942415352789238,0.9736868305452285,0.9822443690229185,0.9729002765616106,0.9575499701945308,0.9494001739528903,0.8968768121628061,0.8534735715135414,0.4471269296740995,0.8813051987566403,1,2,1,1,1,2,2,1,2,3,1.0,1.0,1.0
272,False,0.9445692557019015,0.9766158272247182,0.9825197768317381,0.9683390927109496,0.9514635065915048,0.9526797850582451,0.9015501639023884,0.7627822621273356,0.395894375438155,0.8919807503081227,1,1,1,1,1,2,1,1,1,1,1.0,1.0,1.0
593,False,0.9407103312581527,0.9692417104994473,0.98290838170899,0.9695493730308838,0.959270929007753,0.9546125607830546,0.9293679940318196,0.7360182804912883,0.48881183290892344,0.8978559625304423,1,1,1,1,1,2,1,1,1,2,1.0,1.0,1.0
658,False,0.9412152697444526,0.9723623992942678,0.983013750451762,0.974161513867129,0.956411126755,0.9583060794679733,0.9279792876577605,0.5744742635005387,0.4946788531363466,0.8688637865769393,1,1,1,1,1,2,1,1,1,2,1.0,1.0,1.0
285,False,0.9473250912427394,0.9708625412825316,0.9807264812189228,0.9715044201722957,0.9523371511574747,0.9609688394891105,0.9112969649313583,0.7968095762485146,0.5264014887183066,0.8752283763224986,1,1,1,1,1,2,1,1,2,3,1.0,1.0,1.0
817,False,0.9380875481555354,0.966836603473798,0.9812446302995267,0.9775423320152657,0.9230376479167275,0.9531549460668333,0.9011183118394546,0.8089006420085769,0.49424912840897983,0.821671469740634,1,1,1,1,1,2,1,1,1,2,1.0,1.0,1.0
784,False,0.9489357049380058,0.9753895750505793,0.9834303627407076,0.9700202177884016,0.9536810680453899,0.955387429301055,0.8681558971987824,0.8430382428758078,0.5929158025715471,0.8594619388548751,1,1,1,1,1,2,2,1,2,3,1.0,1.0,1.0
365,False,0.9402588599148431,0.9727625804775915,0.9794542677660049,0.9702656454500606,0.9488270480504135,0.9558726379504032,0.9135544770883706,0.8301697801372264,0.3622193598878255,0.8594392407802405,1,1,1,1,1,2,2,1,2,2,1.0,1.0,1.0
832,False,0.9377720593731561,0.972491774574866,0.9821962969074033,0.9757371941217686,0.934649419190801,0.958921390006975,0.8828518090496933,0.7730447975192144,0.4211088974196997,0.8464043004173677,1,1,1,1,1,2,1,1,2,2,1.0,1.0,1.0
184,False,0.9458084362247633,0.9756006241955011,0.98188936897082,0.9737510316436616,0.9448054365913796,0.9581859176786481,0.9209069221055266,0.6792335311790137,0.40725637181409297,0.8689774683117504,1,1,1,1,1,2,1,1,1,3,1.0,1.0,1.0
687,False,0.9444820434738685,0.9674141967441314,0.9813015100219651,0.9734168300020201,0.954054158338671,0.9571542819191267,0.885267464024166,0.7673360403204146,0.4630528525952182,0.8808691729120794,1,1,1,1,1,2,1,1,1,2,1.0,1.0,1.0
580,False,0.9527449513031587,0.9769208779899993,0.9841345962967839,0.9739083657723838,0.9575215346804692,0.9490422806379237,0.8449740424960294,0.8570125060383232,0.5744180669030369,0.8653841238777142,1,1,1,1,1,2,2,1,1,2,1.0,1.0,1.0
343,False,0.9492644106931301,0.9720555535862949,0.9763362474015435,0.9607991993794006,0.9333222296246947,0.9532154439024905,0.9153223804047061,0.7825489575533959,0.4082844419311515,0.8567334742875116,1,1,1,1,1,2,1,1,2,3,1.0,1.0,1.0
367,False,0.9488979736935655,0.976094330194526,0.9847462853602584,0.9710805859798328,0.9443601570362282,0.9569861850455851,0.8991708245091353,0.8120925271648557,0.33909341347357874,0.857810143083885,1,1,1,1,1,2,1,1,2,2,1.0,1.0,1.0
66,False,0.9410704943375593,0.9763915793822604,0.9822617711553496,0.9720275602143572,0.9481708547445452,0.9495567974258352,0.9100232448755615,0.6093525867839724,0.35970116457921336,0.8629667047838975,1,1,1,1,1,2,1,1,2,2,1.0,1.0,1.0
237,False,0.9436437158978896,0.9721610953156485,0.9793324181525851,0.9729741807903293,0.9459041681383108,0.9530500285555875,0.8665013282019634,0.8199620717945959,0.43097611978233996,0.875992791092798,1,2,1,1,1,2,2,1,1,3,1.0,1.0,1.0
33,False,0.9570576393164857,0.9770001241670461,0.9733948431234807,0.9751041394821613,0.9262959666489772,0.9534091316153345,0.9069589121823655,0.7422040981995066,0.3492154823289884,0.8730684326710817,1,1,1,1,1,2,1,1,2,2,1.0,1.0,0.5
673,False,0.9349013727509875,0.9721336209140878,0.9765429601890324,0.975213948833174,0.9428229466332323,0.953318741151214,0.9079764493312056,0.768730283911672,0.2895459930928433,0.8469917391622195,1,2,1,1,1,2,1,1,1,3,1.0,1.0,1.0
392,False,0.9449128488707255,0.9720853521432199,0.978817525637381,0.9674133565280356,0.9505866880751609,0.9571435099688448,0.9006574141709277,0.8450673900874134,0.3777953646127756,0.8595497101773585,1,1,1,1,1,2,2,1,1,2,1.0,1.0,1.0
581,False,0.947205704664752,0.9784363554033952,0.9761807762858307,0.9744698976749231,0.9478570942851009,0.9579292385057471,0.8969937689793945,0.833659721364596,0.454276835294717,0.8686724526356296,1,1,1,1,1,2,1,1,2,2,1.0,1.0,1.0
118,False,0.9503963997590452,0.9738884484174297,0.9777059225240426,0.9759273761648231,0.9481092536835845,0.9591899462148239,0.8964241315658394,0.6328656414861377,0.5291728033405085,0.8649966689748647,1,1,1,1,1,2,1,1,1,3,1.0,1.0,1.0
422,False,0.9450961435864936,0.9708704230331633,0.9829809608969085,0.9782065811949933,0.9536956864516685,0.9596786777701702,0.8969391778884724,0.7710005600149338,0.4743207657252787,0.8455251344521999,2,1,1,1,1,2,1,1,2,3,1.0,1.0,1.0
349,False,0.951980842235427,0.9699658173224815,0.9827557998756585,0.9762280780682948,0.9481023454584178,0.9545635246820403,0.9154217593311,0.7490880667014069,0.5184424726846081,0.8883861351503445,1,1,1,1,1,2,1,1,2,3,1.0,1.0,1.0
701,False,0.9589295854699331,0.9748045828257383,0.9802519157052254,0.9723417194712165,0.9468071735578452,0.9459295723010614,0.8451228158781651,0.8261784131005157,0.4560517149402203,0.8349981170310062,1,1,1,1,1,2,2,1,2,2,1.0,1.0,1.0
811,False,0.9503295985971055,0.9782956732767434,0.9842254546066658,0.9675524583134334,0.9554010780429274,0.9578330157022764,0.8972394634054079,0.7893662320996296,0.5584670160419251,0.8567403888666112,1,1,1,1,1,2,1,1,2,3,1.0,1.0,1.0
904,False,0.9319990923829223,0.9762740681111479,0.9798902537185973,0.9705748605541069,0.9299239725043011,0.9531374506819702,0.8583389164837704,0.8044659959619666,0.37569388305039075,0.841067459280737,1,2,1,1,1,2,1,1,1,3,1.0,1.0,1.0
710,False,0.9401682857785812,0.9736409317133514,0.9828357344777086,0.9670423940972437,0.9426277782250677,0.9578537636091593,0.9145407837921548,0.8017880270542525,0.5225915986636727,0.8684814817621693,1,1,1,1,1,2,2,1,1,3,1.0,1.0,1.0
387,False,0.9425624130923094,0.9643985481449175,0.9826941047849447,0.9716013469498892,0.9543187475252211,0.9557475899822998,0.8700699040784526,0.8216324100983928,0.40618404390037993,0.8641883707521153,1,1,1,1,1,2,2,1,1,2,1.0,1.0,1.0
541,False,0.9568910599901569,0.9706537675228677,0.9815210781332758,0.976241036188782,0.9474453165363831,0.9580545534764215,0.9054880937771363,0.8058135511108035,0.4267217346411977,0.8329104954736667,1,1,1,1,1,2,1,1,2,3,1.0,1.0,1.0
413,False,0.9487485540063113,0.9753496404408865,0.9827862932744271,0.9676687956880436,0.9434817312491196,0.9565502958670054,0.9226130830985417,0.6877311781825771,0.4217042373113479,0.8818391027014326,1,1,1,1,1,2,1,1,2,3,1.0,1.0,1.0
954,False,0.946833792844394,0.9733317710977742,0.9824856107222424,0.9720240799010604,0.956337046574563,0.956374523875005,0.8769578971734266,0.8014381656604029,0.397476150223403,0.8655525731902906,1,1,1,1,1,2,2,1,1,2,1.0,1.0,1.0
694,False,0.9499430913316336,0.9760369480139287,0.9802177658408117,0.9747144020851245,0.94065882076986,0.9536730688140294,0.8633723660341359,0.8155936078612605,0.48132213344260055,0.8400655998409701,1,1,1,1,1,2,1,1,2,2,1.0,1.0,0.5
193,False,0.9479443090660412,0.9651257000234454,0.9823596135059932,0.9810854682093232,0.9408583816795693,0.9594391210192006,0.8935549357144036,0.7832656530361696,0.41298418707244733,0.8539016430294686,1,1,1,1,1,2,2,1,1,2,1.0,1.0,1.0
265,False,0.9508157559240724,0.9709004801558723,0.9809640215814601,0.9683338628309802,0.9536472475565194,0.953737359228267,0.8715865975525036,0.824585798547682,0.4023173903025116,0.8630765958383148,1,1,1,1,1,2,2,1,2,3,1.0,1.0,0.5
340,False,0.9464133753259809,0.9726226525970101,0.9813407746837999,0.9662969516673946,0.9263991913138713,0.9572288878511817,0.8931539862590092,0.8112453638205942,0.45152786544387924,0.8780778723107279,1,1,1,1,1,2,1,1,2,3,1.0,1.0,1.0
44,False,0.9485510837597937,0.9773865379658385,0.9814120568034406,0.9736299300542397,0.9538087024656542,0.9471732004732614,0.8945615293638637,0.8162382627792842,0.43737016811221757,0.885615665693896,1,1,1,1,1,2,2,1,2,3,1.0,1.0,1.0
97,False,0.9357952336407842,0.9665243704462338,0.980000449304701,0.9755820372864208,0.943512464654445,0.9495963399562009,0.7255095796262299,0.8135745556811922,0.4434326710816777,0.8761927508046448,1,1,1,1,1,2,5,1,1,2,1.0,1.0,1.0
251,False,0.9438532949842382,0.970413965325845,0.9818529248047583,0.9791534749509196,0.9539834363699988,0.9546495612058876,0.8275053058074474,0.8633571630462508,0.4171068449236822,0.8471341209477675,1,2,1,1,1,2,2,1,1,2,1.0,1.0,1.0
162,False,0.9404884988684767,0.9695311770537203,0.9823664950668689,0.9763248060020856,0.9350042783561789,0.956348055488311,0.8848475561368848,0.8383009126326149,0.35801916694634,0.8687405395856641,1,1,1,1,1,2,2,1,1,3,1.0,1.0,1.0
639,False,0.9553087983935551,0.9645068437093172,0.9767748624149243,0.9742879661368822,0.9422400634617012,0.95884573776749,0.8778595543355308,0.7975165316493377,0.33513974934361135,0.8376563944601633,1,1,1,1,1,2,2,1,2,3,1.0,1.0,1.0
983,False,0.9404913458667603,0.9661805270262339,0.9792931201231285,0.9698224706777872,0.950643702095452,0.9540615232768548,0.9052341348131313,0.7289389166821073,0.37686245836379884,0.8691365005118715,3,1,1,1,1,2,2,1,1,2,1.0,1.0,1.0
537,False,0.9504984378809938,0.9707714684045561,0.9795233994986886,0.9737516574496297,0.9526092019249521,0.9520851555497964,0.866322027022043,0.815052981142703,0.3977129856911932,0.8709781644029463,1,1,1,1,1,2,1,1,1,3,1.0,1.0,1.0
600,False,0.9380216147260427,0.9674540502577982,0.9821583537664111,0.9708806256604153,0.9419267580517545,0.9556777276989624,0.8805782661447638,0.7826590862816959,0.5325739572236335,0.8189037552798635,1,1,1,1,1,2,2,1,1,3,1.0,1.0,1.0
786,False,0.9376854922420798,0.9649580375845598,0.9825207386938434,0.9677789785795439,0.9550325653193735,0.952621429432325,0.8592933305456826,0.8206734709917921,0.40387621131603624,0.8586094829795282,1,1,1,1,1,2,2,1,2,3,1.0,1.0,1.0
646,False,0.9560471047046362,0.9757096365112693,0.9797878854679501,0.9732410514647906,0.9421031239728423,0.9446281201165688,0.910154060510258,0.8024326024652235,0.42757779684747754,0.869266254678388,1,1,1,1,1,2,1,1,1,3,1.0,1.0,1.0
155,False,0.9553642887033643,0.9736504465329702,0.9853253112986874,0.9718000746831251,0.951020814090218,0.9589090331586382,0.8865979883706484,0.8255991635837221,0.49160753096441384,0.8841819485708432,1,1,1,1,1,2,2,1,1,3,1.0,1.0,1.0
670,False,0.9509750438242375,0.9677833646693736,0.9791128465235983,0.9758517401497266,0.945700806019054,0.9552622734245791,0.9040111400099752,0.7846702021876035,0.41626351003602674,0.8568746402160917,1,1,1,1,1,2,1,1,2,3,1.0,1.0,1.0
320,False,0.9474255607657388,0.9743205105131977,0.9842598732571629,0.974195004457206,0.9561352202585176,0.9587065076078485,0.9174102507604928,0.7612513287241612,0.45012031083586446,0.870772493317723,1,1,1,1,1,2,2,1,1,2,1.0,1.0,1.0
473,False,0.9466015625984182,0.9720190478759999,0.9792457694174974,0.9698736679832602,0.945737230749618,0.9571746600203261,0.9083721590829975,0.7243045240189787,0.47030598309526445,0.8699624110094324,1,1,1,1,1,2,2,1,1,3,1.0,1.0,1.0
170,False,0.9410189655456508,0.9717931811083361,0.9713641940721289,0.955898908775009,0.9103033192932263,0.9525416584286174,0.9166685873035854,0.7239784024061748,0.43720558381602564,0.8582844897140247,1,1,1,1,1,2,2,1,1,3,1.0,1.0,1.0
991,False,0.9339151544305709,0.9731692251203369,0.9812053432743087,0.9690296660864411,0.9561324298757735,0.9429212444428939,0.9057694604817838,0.813139450576009,0.44473739965630077,0.8646977704757945,1,1,1,1,1,2,2,1,1,2,1.0,1.0,1.0
123,False,0.9376475134198049,0.9727822287297505,0.9795198308063222,0.969901580148694,0.9483959487906517,0.9559790619625032,0.8996877712276113,0.8416850949544478,0.49987881399294426,0.883029411492594,1,1,1,1,1,2,1,1,1,3,1.0,1.0,1.0
576,False,0.9519066214342996,0.9705981838524185,0.9705245219190219,0.9707502405080688,0.9037040153345761,0.9599185543680402,0.9233273413780351,0.8221332806272029,0.452693705098065,0.7675826281626222,1,1,1,1,1,2,1,1,1,2,1.0,1.0,1.0
961,False,0.9433249910172663,0.9733632909277167,0.9795074446089287,0.9700890943025045,0.9438404068221788,0.9512049726935738,0.8963277651347729,0.8520330920776316,0.4493027131687949,0.8322753260965329,1,1,1,1,1,2,2,1,1,2,1.0,1.0,1.0
159,False,0.9511618795334452,0.9669137547256474,0.9806906865936617,0.9766392645901141,0.95372291091143,0.9552819488667408,0.9003296341743523,0.8189663508025526,0.43861796026765953,0.8848534022284142,1,1,1,1,1,2,1,1,1,3,1.0,1.0,1.0
928,False,0.9448233377532751,0.9741612959032082,0.9842235116103497,0.9727886106076817,0.9635211659006299,0.9532366827132668,0.8937478739315663,0.7584302840607099,0.4619097491006785,0.8621710369771094,1,1,1,1,1,2,1,1,1,2,1.0,1.0,1.0
439,False,0.9458341537020829,0.9743921166377127,0.9796846781199853,0.9705284469207536,0.9493477559509221,0.9638392847741438,0.9172732362821948,0.7580935900209099,0.5779725243402153,0.8784144532829985,1,1,1,1,1,2,2,1,2,2,1.0,1.0,1.0
484,False,0.9355024547915594,0.9767643822642045,0.9790035512877728,0.9717381278701942,0.9407300592514536,0.952664942216104,0.9033876668015304,0.785857023141881,0.5026445302129919,0.8494040067570776,1,1,1,1,1,2,1,1,2,2,1.0,1.0,1.0
386,False,0.940819272310985,0.9759156843303588,0.980870369587543,0.9626390041949542,0.9400672279960514,0.9560522429137078,0.9011042145418362,0.8249609287787453,0.26454516716593157,0.8338080127774754,1,1,1,1,1,2,1,1,1,3,1.0,1.0,1.0
418,False,0.9468187245138365,0.9695417067835441,0.9829951939057134,0.9703909171738201,0.9570843270347948,0.9525192943396482,0.8420724502878403,0.8111710660638763,0.37775383786695393,0.8811325981804807,1,1,1,1,1,2,2,1,1,3,1.0,1.0,1.0
391,False,0.9283765159667551,0.9681785236396075,0.9815924315564837,0.9647448491871725,0.9400471950569566,0.9602755449579645,0.9119211814444509,0.8207195886302838,0.3647135767321971,0.8532145222252756,1,2,1,1,1,2,1,1,1,2,1.0,1.0,1.0
307,False,0.943076076825523,0.9754256357462434,0.9837554323836721,0.9750733699801016,0.9498244227833282,0.9587617630332129,0.9031709234732301,0.8206518820812974,0.5141682073727503,0.8635332202021468,1,1,1,1,1,2,2,1,2,3,1.0,1.0,1.0
179,False,0.9393836282987101,0.9770743396585386,0.9796080634240923,0.9692300262964962,0.9409902114046423,0.9479559819926333,0.9107715422040765,0.8179017764512474,0.4586857640569051,0.8581989424114073,1,1,1,1,1,2,2,1,1,3,1.0,1.0,1.0
718,False,0.9495485103136718,0.9742171336038549,0.9819830518836666,0.9703174517408985,0.9481218031080996,0.9546630138724125,0.8896234656077201,0.8359231595598,0.36078738211917805,0.849993106300841,1,1,1,1,1,2,2,1,1,3,1.0,1.0,1.0
226,False,0.9457345791002594,0.9685790012365955,0.9802566574430899,0.9753203028835962,0.9574939325584466,0.9489978055302236,0.8914713206476627,0.8523712617235888,0.4737357970014884,0.8610477007078456,1,2,1,1,1,2,1,1,2,3,1.0,1.0,1.0
793,False,0.9394867651270302,0.9711135486833907,0.9826821707085827,0.9715147689508568,0.9447090581375998,0.9557895224114709,0.8306691953400163,0.8046327339225846,0.3853648485562064,0.8509798537941449,1,2,1,1,1,2,2,1,1,2,1.0,1.0,1.0
287,False,0.942617619297388,0.9744451043215224,0.9819245807934962,0.977566706567325,0.9512626626306562,0.9524425846734504,0.8422708487209702,0.8408503750739253,0.47339839445931053,0.8641402192132328,1,1,1,1,1,2,1,1,2,2,1.0,1.0,1.0
102,False,0.9406684400073081,0.9666419937207811,0.97987098444478,0.9596407254971026,0.9309590035070746,0.9555797930833277,0.8799185991768798,0.8135114251021084,0.4530458165270452,0.8357777185941647,1,1,1,1,1,2,2,1,1,3,1.0,1.0,1.0
987,False,0.9401436101772299,0.9680020040900781,0.984265746813602,0.9721285360296521,0.9439858171703468,0.9576309239186609,0.9018770931652702,0.8133849305713635,0.39717847184201477,0.872540014940544,1,1,1,1,1,2,2,1,1,2,1.0,1.0,1.0
337,False,0.9459217564753115,0.9731032502922611,0.9833688081233455,0.970031538644963,0.9492460427826886,0.9562618244606381,0.9146521358373066,0.8264517159418656,0.42922230950510604,0.8834775904965484,1,1,1,1,1,2,2,1,1,2,1.0,1.0,1.0
502,False,0.9492049466901272,0.969787259256393,0.981149655530278,0.9729650737980418,0.9445682369224426,0.9455718905405038,0.8645903388140349,0.8455100387854683,0.5516679962879145,0.8398240350803063,1,1,1,1,1,2,2,1,2,4,1.0,1.0,1.0
113,False,0.9471672287989529,0.9713995484081109,0.9804673204765353,0.9673259599518351,0.9451626742607984,0.9587833120038283,0.8722833899910363,0.6658743282348077,0.4740101392543156,0.8147546275168905,1,1,1,1,1,2,1,1,1,3,1.0,1.0,1.0
38,False,0.9442985911347906,0.9694401926367903,0.9799660829573907,0.9715236690608914,0.9439666049927554,0.9609824022916652,0.8969373999885039,0.6689328944765194,0.3557146791517488,0.8604713794350526,1,1,1,1,1,2,1,1,1,3,1.0,1.0,1.0
824,False,0.940380324624654,0.9666727754021585,0.9798624213973066,0.9718429280106619,0.9513727939440345,0.9567581994249198,0.9126100973329837,0.7068099271521809,0.5092310594830607,0.875911880892762,1,1,1,1,1,2,1,1,1,2,1.0,1.0,1.0
583,False,0.9469223652898429,0.9735252134776667,0.9811350200510565,0.9777563222406049,0.9517050575628856,0.9563244169824109,0.8970680667808257,0.767404546129847,0.42064807064892473,0.8877669625521912,1,1,1,1,1,2,2,1,1,3,1.0,1.0,1.0
843,False,0.9511630558492139,0.9757310948069561,0.9743988656728175,0.9626485682211016,0.9447476111276897,0.9542044373012539,0.9180528145850954,0.7893376701494865,0.39772183818094864,0.8658037236353913,1,1,1,1,1,2,2,1,2,2,1.0,1.0,1.0
568,False,0.9447346404259286,0.9703004405223439,0.9801382078269296,0.9667464527124064,0.9408668853047407,0.949606641625585,0.8873429399777402,0.8127791896200653,0.487305381484592,0.872578072986824,1,1,1,1,1,2,2,1,2,2,1.0,1.0,0.5
279,False,0.949300849427002,0.9765306551245956,0.9810274754772188,0.9708058748361765,0.9388307339564926,0.9562898632282285,0.9034142520902554,0.7649456772360873,0.4366330620672902,0.8729312030201908,1,1,1,1,1,2,1,1,1,2,1.0,1.0,1.0
156,False,0.9325977006678563,0.9753229942334236,0.9834074570222147,0.9751714580509417,0.950365136141464,0.9479899897500479,0.8407666920900129,0.8110255773528682,0.46897224494933604,0.817640236709852,1,1,1,1,1,2,2,1,2,3,1.0,1.0,1.0
972,False,0.948143681093535,0.9656403081632579,0.9785452063386647,0.9729145985762893,0.9464509382863453,0.9593624075283959,0.9203227242880971,0.7910068426197459,0.4725324939073924,0.8487101796354366,1,1,1,1,1,2,1,1,2,2,1.0,1.0,1.0
979,False,0.9468624217360986,0.9763982943214307,0.9793519068603315,0.9734747561706933,0.9602720121538179,0.9518195033361924,0.8633117271128664,0.8646695899156491,0.46805738871081093,0.8478005376321109,1,1,1,1,1,2,2,1,1,3,1.0,1.0,1.0
234,False,0.9492109823654477,0.9642835607903041,0.9780123497032789,0.9771003938380565,0.9364419450739876,0.9574085883167788,0.9162380848053651,0.7499552633809582,0.317393271986725,0.8519057019694457,1,1,1,1,1,2,1,1,2,2,1.0,1.0,1.0
246,False,0.9383041130172962,0.9701522802330643,0.981284970969208,0.9644905856046444,0.9487727722094291,0.9568005236984194,0.9171244030779777,0.799513421220404,0.32983798009704746,0.8909578770088585,1,1,1,1,1,2,2,1,1,2,1.0,1.0,1.0
430,False,0.9398451558795874,0.9724730808496224,0.9829496658400104,0.9680250013167828,0.9603040738948426,0.9531561611695167,0.907084060601096,0.8507297978220584,0.4880979970203609,0.8705598029108145,1,1,1,1,1,2,2,1,1,3,1.0,1.0,1.0
322,False,0.9476151431958186,0.9626536888125976,0.9818210041985113,0.9633944136603548,0.9488065048708153,0.9579744513300074,0.9172236895739231,0.712113171249461,0.6645410846941914,0.8686881890857397,1,1,1,1,1,2,2,1,2,2,1.0,1.0,1.0
369,False,0.944470560365409,0.9707830121087612,0.9808779533599263,0.9682865501928204,0.9428307118168447,0.9579498685729567,0.9020241602762203,0.8253561876216345,0.48129263419003654,0.8753297063951967,1,2,1,1,1,2,2,1,1,3,1.0,1.0,1.0
190,False,0.943229532193058,0.9736383813431387,0.9799030719068087,0.9766773973676438,0.9447826883140223,0.9545280637083637,0.8792136797826101,0.846399032331884,0.534364889576593,0.8482864035653118,1,1,1,1,1,2,2,1,2,3,1.0,1.0,1.0
476,False,0.9506924888359963,0.9727010511134855,0.9848157753943234,0.9741071229414634,0.9361793187130515,0.9588589702733795,0.8487227108665942,0.8045760804206047,0.4419299849297132,0.8461553412399466,1,1,1,1,1,2,1,1,2,3,1.0,1.0,0.5
716,False,0.9479888655715082,0.9729015443074974,0.9836239115420118,0.9776299386563646,0.9461821810750597,0.9545473786595903,0.8992442331211125,0.8258519120772534,0.42144738881140553,0.8642789265482619,1,1,1,1,1,2,1,1,2,3,1.0,1.0,1.0
306,False,0.9447726009750669,0.9704308614327417,0.9812053434931657,0.9591258045053523,0.9447440609709238,0.9609879820463174,0.9268397176219695,0.523950154865663,0.5095006549082232,0.8575160690754455,1,1,1,1,1,2,1,1,1,2,1.0,1.0,1.0
528,False,0.9308900073219075,0.969623753729714,0.9809673664194376,0.9776865125521431,0.9540392485923537,0.9452854289530634,0.878708155186916,0.8316739346314926,0.40792034903233026,0.8509895608209884,1,1,1,1,1,2,1,1,1,3,1.0,1.0,1.0
396,False,0.9338568352145159,0.9629308570866193,0.9846359235680213,0.9739892315519776,0.9472036360329954,0.9536882458418352,0.8570894162030213,0.8333201255269914,0.2658554879573298,0.8639048985579274,2,1,1,1,1,2,2,1,1,2,1.0,1.0,1.0
595,False,0.9397334048294875,0.9653589791064333,0.9825503760305044,0.9689989322425268,0.94171022867325,0.9505477222090956,0.803089818058652,0.7897006995949714,0.5367485554016153,0.849559189370876,1,1,1,1,1,2,2,1,1,3,1.0,1.0,1.0
921,False,0.9601940278476586,0.972204193101511,0.9814545580694196,0.9763745001779206,0.9464952375662992,0.9590615983377758,0.9111533447618866,0.802009930722802,0.6023812688707013,0.8517970446257299,1,1,1,1,1,2,2,1,1,3,1.0,1.0,1.0
591,False,0.9550773424314907,0.9706020035577193,0.9827525853698714,0.972994948376839,0.9448208800876692,0.9581622333018841,0.90785739092945,0.745188726443938,0.4429601357082273,0.8290690876577599,1,1,1,1,1,2,1,1,1,3,1.0,1.0,1.0
794,False,0.9480191195108445,0.97099679200355,0.9828115182337319,0.9697878570089606,0.9533943717896137,0.9564821114825839,0.8212078878082855,0.8353870585160914,0.5977221632037948,0.8300859091311664,1,1,1,1,1,2,2,1,2,2,1.0,1.0,1.0
276,False,0.9327966790667882,0.9680607285767692,0.982974156767282,0.9687677201169986,0.9508418894377803,0.9553880250443917,0.9030403411578807,0.749256122682536,0.5180011175860142,0.8798524383515302,1,1,1,1,1,2,1,1,2,3,1.0,1.0,1.0
648,False,0.947095627840393,0.9722141893194525,0.9804854653734582,0.974183828288294,0.9533106226526193,0.9603626533582865,0.9090927951403296,0.798945548343207,0.5390364543612316,0.8600164958171321,1,1,1,1,1,2,1,1,1,3,1.0,1.0,1.0
206,False,0.9393783191092122,0.9720057013387263,0.9800264758939043,0.9692687255837783,0.9486235312304587,0.9547204854635236,0.9321191101555977,0.7779986291980808,0.34268222056755193,0.891012130579364,1,1,1,1,1,2,1,1,2,2,1.0,1.0,1.0
11,False,0.9462452695497654,0.9713003371446212,0.9827478361358913,0.9779501915343533,0.9451994924011171,0.9553322756918737,0.8908550083255328,0.7560574484646094,0.3875020341741253,0.8770010475530047,1,1,1,1,1,2,1,1,1,2,1.0,1.0,1.0
25,False,0.9408115739500867,0.9758117410975575,0.9786335895267947,0.9684903196619336,0.9437613941955086,0.9541494069121452,0.8491238766800095,0.829501692146108,0.24814550830231513,0.8216481769871723,1,1,1,1,1,2,2,1,1,2,1.0,1.0,1.0
417,False,0.9430218317830996,0.9717570545802273,0.9816734185988054,0.9672368829094188,0.9333045755110753,0.9601764145429632,0.8771107756969945,0.8529428003533569,0.45346820809248556,0.861404486882504,1,1,1,1,1,2,2,1,2,2,1.0,1.0,1.0
198,False,0.9481402509811151,0.9713817127237575,0.9819950934229903,0.9794243092835662,0.9483718693131952,0.957055683537981,0.9180964342520822,0.8319361762442797,0.4795706057956156,0.8754135818038843,1,1,1,1,1,2,2,1,1,2,1.0,1.0,1.0
125,False,0.946345350237269,0.9744426078042809,0.9787740225630094,0.9696946890066668,0.9348645395109044,0.9556044667802318,0.9185362448898196,0.6046696151755147,0.3651350755099176,0.8556598059737969,1,1,1,1,1,2,1,1,2,2,1.0,1.0,1.0
645,False,0.9497680680049584,0.973852519623956,0.9853691198602004,0.9778631250085019,0.9600961764236271,0.9556185849721852,0.8014433648442932,0.8193231141146091,0.44699990726143,0.8502033124315866,1,1,1,1,1,2,2,1,1,3,1.0,1.0,1.0
402,False,0.9461386039513996,0.9719678997825961,0.9819405798402298,0.972167312639274,0.9572740674807376,0.9573879507563221,0.9100094684613248,0.7460069077324311,0.3915674549731545,0.8859646686846167,1,1,1,1,1,2,1,1,1,2,1.0,1.0,1.0
462,False,0.9467799353871681,0.9759082590096075,0.9814063550573426,0.9783232932713568,0.945766519625852,0.9547262931778028,0.8996365978195869,0.8214775961969165,0.4614149008885851,0.8674831206619313,1,1,1,1,1,2,2,1,1,3,1.0,1.0,1.0
586,False,0.9607810498033216,0.9771793312888293,0.9747722657683027,0.974101927188161,0.9450658074014568,0.9559365375403652,0.8977359819375687,0.7826092915835715,0.48352856308611863,0.8807212067717269,1,1,1,1,1,2,2,1,2,2,1.0,1.0,1.0
431,False,0.9436562427449984,0.9760305948996704,0.9852444173734413,0.9764508561438916,0.9519292624264004,0.9531088618054121,0.8467290998670525,0.8274892180761297,0.3911359925355727,0.8678332220470707,1,1,1,1,1,2,2,1,2,2,1.0,1.0,1.0
516,False,0.94087736916369,0.9702871949902829,0.9829335454656712,0.9749320047652859,0.9550183583167586,0.9495388727793576,0.9169438296825094,0.6807949579947951,0.4665135470233135,0.8847863223375796,1,1,1,1,1,2,1,1,1,3,1.0,1.0,1.0
518,False,0.9434576446182232,0.9785249574204096,0.9800549678797116,0.9734242040528802,0.9496194092292899,0.9535218279724252,0.9094900332031804,0.8318805493754945,0.32633148965260084,0.874266298128554,1,1,1,1,1,2,1,1,1,3,1.0,1.0,1.0
814,False,0.9367733310367006,0.9670405031320304,0.9729048065761123,0.9745158511780715,0.9340483738724422,0.9585040226136117,0.8915678869236809,0.8092618938265244,0.45766288578211556,0.8434933027455044,1,1,1,1,1,2,2,1,2,3,1.0,1.0,1.0
867,False,0.9469230931416515,0.9779384768640205,0.9810919741326801,0.972687330795406,0.9459487274183579,0.9528126319092427,0.9286482693717796,0.759762441670946,0.26445048212668476,0.7995036871469051,1,1,1,1,1,2,1,1,1,2,1.0,1.0,1.0
166,False,0.9548657924207941,0.9720945254885073,0.9815292410178234,0.9747508733330603,0.9320445806106534,0.9616143378478317,0.8824731026461181,0.7902098421541318,0.39176880156421384,0.851969701517926,1,1,1,1,1,2,1,1,1,2,1.0,1.0,1.0
65,False,0.9497122366694051,0.9743626344868226,0.9850454852272982,0.9723430521532863,0.9604284455565366,0.954514024317281,0.8796581331856131,0.799832386140429,0.4829247445510704,0.8154512450513165,1,1,1,1,1,2,2,1,1,2,1.0,1.0,1.0
519,False,0.9467817342918896,0.9630194198256284,0.9837258883407999,0.9738955272214325,0.9575749661138305,0.9513058939229377,0.8129506792078636,0.7920377651180829,0.4668563698278677,0.8569865202890494,1,1,1,1,1,2,2,1,2,3,1.0,1.0,1.0
9,False,0.9490560513791844,0.9668218461392901,0.9784855674849223,0.9791662421358434,0.9489601368405682,0.9557551595951508,0.9022435481779276,0.7956127801621364,0.42255066698672883,0.8426716252803209,1,1,1,1,1,2,2,1,1,3,1.0,1.0,1.0
474,False,0.9469804791965017,0.9757763858322518,0.9847312909915285,0.9689935889105075,0.9492972174919846,0.9556036917936044,0.912047867284352,0.8292831940859312,0.46975688155310086,0.8711789340148596,1,2,1,1,1,2,1,1,2,3,1.0,1.0,1.0
399,False,0.9449355736675868,0.9726224572763832,0.9808095339398063,0.9731284774911482,0.956862342445212,0.9547387283048571,0.8758858312870178,0.8128605168733252,0.4598921441008909,0.8458275740080892,1,1,1,1,1,2,1,1,1,2,1.0,1.0,1.0
661,False,0.9451750346689967,0.9614013685186195,0.9741698230850473,0.9514974393803747,0.9459574260390545,0.9537574796622513,0.8981734588124004,0.4787565090931836,0.43373493975903615,0.8494474268517391,1,1,1,1,1,2,1,1,1,3,1.0,1.0,1.0
959,False,0.9383272636859579,0.9748657459771317,0.9851151147884154,0.9751210026047994,0.9452047762908387,0.958907009051657,0.901665235593243,0.760254456298456,0.26599731315845293,0.8464679568182926,1,1,1,1,1,2,2,1,1,2,1.0,1.0,1.0
720,False,0.9498469872732744,0.9690237369793788,0.9833579906131872,0.9759623787421295,0.9507267038929151,0.9469678268280668,0.9095950168957245,0.8340717628705148,0.4594074936119614,0.8646448229864614,1,2,1,1,1,2,1,1,2,2,1.0,1.0,1.0
608,False,0.9467134483087588,0.9686850065440347,0.9832939814289282,0.9729150138948278,0.946803522722489,0.9428387037723672,0.8753199444760934,0.8597849859840434,0.4924066111790462,0.8644322234885788,1,1,1,1,1,2,1,1,2,2,1.0,1.0,1.0
215,False,0.9455086075440221,0.9762543692698641,0.9834751302974658,0.9662370727662383,0.9468224394493409,0.9563096502682011,0.8971140970144427,0.8205740267121341,0.3533888228299643,0.8866257633229067,1,1,1,1,1,2,1,1,1,3,1.0,1.0,1.0
923,False,0.9457554273499431,0.9759026489914601,0.9825303514311057,0.9754688953959894,0.9467991726011923,0.9525752112946089,0.9072754678439642,0.8223138443197059,0.3911658924022179,0.8679220717221385,1,1,1,1,1,2,1,1,1,3,1.0,1.0,1.0
468,False,0.9474237573206925,0.9819970098149132,0.9800393356675758,0.9782324434017693,0.9569864576701262,0.9540525058739004,0.9104865208357255,0.7376541302947122,0.3513193959262643,0.8806662364897564,1,2,1,1,1,2,1,1,1,3,1.0,1.0,1.0
798,False,0.9351498009521773,0.9765370210595695,0.9785327560159316,0.9805139983797637,0.9420806538369043,0.9530759161597424,0.9132676921786362,0.7480470117529382,0.34198669813344773,0.8166368034839837,1,1,1,1,1,2,2,1,2,3,1.0,1.0,1.0
853,False,0.9463017015217617,0.9731261681129423,0.9813223761254563,0.9682592421465764,0.9514503119938102,0.9507449371391742,0.9281909528326587,0.8101170252925632,0.46715408718597107,0.8735372873136689,1,1,1,1,1,2,1,1,1,3,1.0,1.0,1.0
401,False,0.9446372129620986,0.9765284228371625,0.9838118570637046,0.971551801813542,0.9461250027426558,0.9542053260251603,0.9127652314182901,0.7549114043144195,0.40982044705020154,0.8612723790996687,1,1,1,1,1,2,1,1,2,3,1.0,1.0,1.0
433,False,0.9402625276179647,0.9650539176713905,0.9797826270115427,0.9653349191510631,0.9440802871675882,0.957489111910623,0.9068984982849133,0.7627425343862768,0.5081694402420575,0.8629135264692561,1,1,1,1,1,2,1,1,2,2,1.0,1.0,1.0
67,False,0.9511981795026712,0.969879994808533,0.9779959595959596,0.9754379376022748,0.9419834544894662,0.950379643794473,0.9186723168291876,0.769055715744967,0.3787553991361382,0.8725357773682513,1,1,1,1,1,2,1,1,1,3,1.0,1.0,1.0
732,False,0.9402971359979343,0.9742828459747528,0.9760639823621056,0.9738628377610665,0.9371497754768294,0.9531731057118162,0.9213099177166719,0.6348194464245708,0.31137503461431953,0.8811291794573965,1,3,1,1,1,2,1,1,2,2,1.0,1.0,1.0
292,False,0.9441129782691992,0.9729513236344055,0.9815106716406291,0.970652678633554,0.9379986079535048,0.9576581244207221,0.8870152305180912,0.7486550175625806,0.26892333581437494,0.852624073842122,1,1,1,1,1,2,2,1,1,2,1.0,1.0,1.0
421,False,0.9377831446947996,0.9705771364205115,0.9783339819136297,0.9705517087937648,0.9448204679745444,0.9518662611335025,0.9140412488006308,0.8185025221720352,0.36952838616270833,0.8688507285313938,1,1,1,1,1,2,1,1,2,2,1.0,1.0,0.5
34,False,0.9469360963210143,0.9751328125745133,0.9806136020067903,0.9773004789269478,0.9508500667429153,0.9528822125737871,0.9112909706675851,0.7616040704834206,0.5586473052723259,0.8604908340776658,1,1,1,1,1,2,1,1,2,3,1.0,1.0,1.0
79,False,0.9403751023286755,0.9699382685318862,0.98219921946653,0.9589792381824792,0.9365298126799082,0.9588396533542761,0.9320617920643308,0.6598770268024594,0.5273279961475953,0.8647547994876096,1,2,1,1,1,2,1,1,1,2,1.0,1.0,1.0
621,False,0.9512108307924542,0.9670339694463586,0.9782931764415217,0.9767765611011088,0.9526232400996357,0.9537942795449155,0.9033743870553125,0.8198467165548705,0.5129450185849644,0.8611307206680248,1,1,1,1,1,2,1,1,1,3,1.0,1.0,1.0
873,False,0.9463749545047413,0.9718071889247961,0.982499508507292,0.9658446675330189,0.9618530204684217,0.9543367295334552,0.8575447887790144,0.8411801352794589,0.31896523530758414,0.856359039378369,1,1,1,1,1,2,2,1,1,3,1.0,1.0,1.0
482,False,0.9493600762908806,0.9674136201971567,0.9813703618133596,0.9709647568768743,0.952946810158347,0.9497109601838589,0.8891037421030016,0.8208500172767739,0.449285443278108,0.8330672805064178,1,1,1,1,1,2,2,1,1,2,1.0,1.0,1.0
534,False,0.9442519178667313,0.9758740518040799,0.9834709448601522,0.9680871150886541,0.9537551470046276,0.9500022746917792,0.8727060638558071,0.8402433983485057,0.3534124347413384,0.8745534862160173,2,1,1,1,1,2,2,1,1,3,1.0,1.0,1.0
117,False,0.948405814057647,0.96679497777518,0.9799184090844781,0.9709242019692806,0.943630827517763,0.9562181605004587,0.9102141580641868,0.729612385914348,0.4763283231273582,0.8748464782008156,1,1,1,1,1,2,1,1,1,3,1.0,1.0,1.0
245,False,0.9520598277672578,0.9678354545105645,0.982926199714802,0.9724471026775853,0.9527920295707483,0.9533227988866813,0.9095657502178834,0.7936944948652039,0.5691066282420749,0.8986950033551333,1,1,1,1,1,2,1,1,1,3,1.0,1.0,1.0
578,False,0.9313768368845083,0.9716721925462025,0.9827632675062479,0.9753243030172722,0.938133134134326,0.9572410497285113,0.852820369203482,0.8156440947518205,0.4620209252629534,0.8570206669446494,1,1,1,1,1,2,2,1,1,2,1.0,1.0,1.0
180,False,0.9378495219981353,0.9752495978346909,0.9817194871174549,0.9728100500927567,0.9483047906920891,0.9571769575669179,0.8923405920933296,0.8197664521839785,0.3411072804704928,0.854074471178946,1,1,1,1,1,2,2,1,1,2,1.0,1.0,1.0
812,False,0.949937561830006,0.9698418371163324,0.9763083062168519,0.9725057086939138,0.9421802157021918,0.9532205136174511,0.9129406422070427,0.7458870104163287,0.5177839635042141,0.8584355265322652,1,1,1,1,1,2,1,1,2,2,1.0,1.0,1.0
423,False,0.9516791190560628,0.9711043082207124,0.9823241688159173,0.9776997887348406,0.954375087140877,0.958056818379753,0.9153355325658461,0.7539116838302691,0.41441019394734374,0.8574686106004247,1,1,1,1,1,2,1,1,1,3,1.0,1.0,1.0
939,False,0.9504050585721865,0.9724741455227838,0.9819543971890231,0.9715677569760651,0.9362443163632543,0.9591781297800169,0.9044554356750213,0.8286421643380605,0.45249393651797953,0.8787736464448793,1,1,1,1,1,2,2,1,2,2,1.0,1.0,1.0
436,False,0.9390720134369095,0.9741018632154412,0.9832777452929482,0.971534390122465,0.9535925468393713,0.9513761956782393,0.8804483076565004,0.850008684360707,0.4397371644949326,0.8927327013943241,1,1,1,1,1,2,2,1,1,3,1.0,1.0,1.0
447,False,0.9429653930198811,0.9733581541151404,0.9738264004913929,0.9708997863284259,0.9522264866573351,0.9509730284698407,0.8775946521058337,0.7858910494801316,0.3388855326371508,0.8389346048347818,1,1,1,1,1,2,1,1,1,2,1.0,1.0,1.0
223,False,0.9466838597852258,0.9673356814385351,0.9823254933847434,0.9705787408163156,0.9505497907431671,0.9572033265852941,0.9118734276408984,0.8030857565991126,0.4758365729095205,0.8752119715052935,1,1,1,1,1,2,2,1,1,2,1.0,1.0,1.0
354,False,0.9473676866727389,0.9695533923623622,0.9833652266115742,0.9749196735023506,0.9468923120388176,0.9531226196489709,0.9063945774072167,0.8059412334517275,0.4494273842099929,0.8699793082813231,1,1,1,1,1,2,1,1,1,2,1.0,1.0,1.0
933,False,0.9407695858980519,0.976131624016593,0.9850327934479148,0.9774320106931798,0.9521244879488314,0.9500697458739553,0.8908496810337007,0.8184466994875916,0.4708515575268486,0.8703512198858631,1,1,1,1,1,2,2,1,1,2,1.0,1.0,1.0
388,False,0.9533143485194145,0.9747284556856638,0.9702825213561669,0.9650015305453115,0.931854102132852,0.9571013607593786,0.8651127310074728,0.8437551272523718,0.4755457875457875,0.8616861603792579,1,1,1,1,1,2,2,1,2,3,1.0,1.0,1.0
573,False,0.9487705307286793,0.974120650792901,0.9816893752554997,0.9752422820692798,0.9508507773633064,0.9593369408210701,0.9141105734437529,0.7124764101488782,0.4120769326839016,0.8565130260521042,1,1,1,1,1,2,1,1,1,2,1.0,1.0,1.0
550,False,0.9396084671852991,0.9706503948382829,0.9835771688124024,0.9758056721649364,0.9438353970339485,0.9498421664385357,0.9251788349775089,0.7370636339654718,0.2398245392045215,0.8707622790256095,3,3,1,1,1,2,1,1,2,2,1.0,1.0,1.0
10,False,0.9487352928106964,0.9736297981503534,0.9814500594739887,0.9659152978540095,0.9572272394631239,0.9610200997783687,0.901166689017031,0.8233213189160326,0.5005159757783446,0.9054740698920395,1,1,1,1,1,2,1,1,1,2,1.0,1.0,1.0
891,False,0.940195228595815,0.9779380879521087,0.9827101846088439,0.9838261009436363,0.9472449442953215,0.9588884779967246,0.9023912508773719,0.823353799357855,0.5398992280771426,0.8601505263421099,1,1,1,1,1,2,1,1,1,3,1.0,1.0,1.0
672,False,0.9407024496987726,0.9695153148580108,0.982959503963359,0.9719336166471277,0.9484404075119676,0.949189965018091,0.75491425691278,0.8570112670044147,0.38765000793992876,0.8583921219271423,1,1,1,1,1,2,2,1,1,3,1.0,1.0,1.0
390,False,0.9410788147237616,0.9730223264329574,0.9802868543258743,0.9726457912127741,0.9410244571444206,0.9548617483126902,0.9216434386346976,0.8093555580445784,0.44805754540320425,0.865357797471703,1,1,1,1,1,2,2,1,2,3,1.0,1.0,1.0
828,False,0.9561084726349517,0.9617788705547974,0.9782889438813871,0.9755675380985238,0.943227594564571,0.9607181432887212,0.8722274453367508,0.8490814892718291,0.4811584526144473,0.8203177422040149,1,1,1,1,1,2,2,1,2,3,1.0,1.0,1.0
335,False,0.9450091472400598,0.9716796014468614,0.9815132159273756,0.9708005542642589,0.9481603690001235,0.9565341632170591,0.910256086898036,0.8467975715145217,0.4116874893827313,0.8650874986413254,1,1,1,1,1,2,2,1,1,2,1.0,1.0,1.0
693,False,0.9536078517878349,0.9779657405942223,0.9843515953324015,0.9719792115637756,0.956202185779211,0.9543099234775703,0.8973937544024418,0.83746918652424,0.42624260827872784,0.8639610172885656,1,1,1,1,1,2,2,1,1,3,1.0,1.0,1.0
990,False,0.9352166004617979,0.9759535197110446,0.9790340442522544,0.9754402243650028,0.9391911443860093,0.9546697241578912,0.8902593092225006,0.7980618409405041,0.4134806682806395,0.874001215076173,1,1,1,1,1,2,2,1,2,3,1.0,1.0,1.0
21,False,0.9343767437180414,0.9697696132269839,0.9771669846640895,0.978036757117124,0.9130892548866737,0.9565974993467911,0.8833128439604644,0.8307595011177785,0.4280712345306369,0.852520510800658,1,1,1,1,1,2,1,1,2,2,1.0,1.0,1.0
189,False,0.943749995336068,0.9670212963418777,0.9806965418297364,0.9715151401095282,0.9474785976563965,0.9578760167628417,0.9004421364422772,0.8236774022693475,0.4396842105263158,0.8223702461512566,1,1,1,1,1,2,2,1,1,3,1.0,1.0,1.0
736,False,0.9400100489799934,0.9725361252093847,0.9782464650103573,0.9689264088841989,0.9285222695999065,0.9600734998052334,0.9125929334545266,0.6665730485000614,0.4680234637670792,0.8770094906062367,1,1,1,1,1,2,1,1,1,2,1.0,1.0,1.0
988,False,0.9396333260863657,0.9703510846783685,0.9798624849941037,0.9732041867535753,0.9209289952969553,0.9517737073962439,0.8927257648453519,0.8330094429998631,0.439144270455906,0.8754565167769915,1,1,1,1,1,2,1,1,1,2,1.0,1.0,1.0
652,False,0.9476096779497004,0.9770516476450525,0.9797477840586951,0.9686139498770283,0.9523749683955812,0.9592748213938548,0.8954046463646587,0.7833193979933111,0.43853659847853554,0.8767788558549623,1,1,1,1,1,2,1,1,1,3,1.0,1.0,1.0
140,False,0.9419009070310691,0.9615881362298121,0.9785927715371266,0.9602484051261785,0.9481264569956239,0.9537713445663236,0.9047959914101646,0.7320143749953109,0.42804979253112035,0.8821955309174281,1,1,1,1,1,2,1,1,2,3,1.0,1.0,1.0
780,False,0.943513529058782,0.9661866098762145,0.9800779307059988,0.9655488607244269,0.9421379617156705,0.9398165470565872,0.9182552900481955,0.5793826300324134,0.45707490106825777,0.8864477076560924,1,1,1,1,1,2,1,1,1,3,1.0,1.0,1.0
55,False,0.9472803932888959,0.9769154901280341,0.9809018480935017,0.9724060170250856,0.950174428183583,0.9458709616982941,0.9036251105216623,0.8001208315801965,0.27045014832967884,0.8714849612391778,1,1,1,1,1,2,1,1,2,2,1.0,1.0,1.0
383,False,0.938326600441878,0.9717081073521981,0.9802202832212845,0.9663682806343353,0.9496305385792023,0.9521786800850995,0.927349926461414,0.6629985713734121,0.39173927073249437,0.8803857240029012,2,1,1,1,1,1,1,1,1,2,1.0,1.0,1.0
505,False,0.9399256138809973,0.9747462413033782,0.9836106995429476,0.9667707992423116,0.9465754205672846,0.9569101098481307,0.8792130329885999,0.8238098209271854,0.30103422484718745,0.8751143735767799,1,1,1,1,1,2,1,1,2,2,1.0,1.0,1.0
71,False,0.9438956970500268,0.9749694393625771,0.9804774955697761,0.9655994328595379,0.944370517217006,0.956519276953123,0.8993201141054219,0.8053405649359647,0.45862361137262286,0.8530221730119524,1,1,1,1,1,2,1,1,2,2,1.0,1.0,1.0
531,False,0.9356292226724573,0.9739878084657457,0.9744025716448945,0.9703959587962072,0.94793687680933,0.9535555362167494,0.9123462451160835,0.6960283342796117,0.4504640458764053,0.8648306393493257,1,1,1,1,1,2,1,1,1,2,1.0,1.0,1.0
257,False,0.948830084516014,0.9733662307796421,0.9807724741514076,0.9654726780879833,0.9492077134452662,0.957996137013765,0.9188620880184611,0.6338059079137953,0.38033950372077013,0.877569293055123,1,1,1,1,1,2,1,1,1,3,1.0,1.0,1.0
93,False,0.9447343333998433,0.9768888888888889,0.9803038682453764,0.9718722304348669,0.9569455469427216,0.9542878758186317,0.898024619826473,0.8040612642018705,0.42673826626682476,0.8503813587922513,1,1,1,1,1,2,2,1,1,2,1.0,1.0,1.0
880,False,0.951414244589791,0.9732361983771742,0.9798820627873174,0.9649339499945625,0.9540482963352421,0.9593322764079525,0.8705956741671027,0.7872976814238136,0.3794766142111954,0.8540933735520925,1,1,1,1,1,2,2,1,1,2,1.0,1.0,1.0
686,False,0.9535317579620388,0.9723011706960343,0.983541255499828,0.9687677697280692,0.9603122178782321,0.9557704736764236,0.9029886481496953,0.7992496118682076,0.553199766582377,0.8549836336155336,1,1,1,1,1,2,1,1,2,3,1.0,1.0,1.0
708,False,0.9444798355003353,0.9718724479915405,0.9836135650286937,0.9730968886733603,0.9438584498205687,0.9475783466000014,0.8834347486147466,0.8502469282624888,0.4392585352230678,0.8660233487274405,1,1,1,1,1,2,1,1,1,3,1.0,1.0,1.0
533,False,0.9486975669817004,0.9731899150912496,0.9788607794708836,0.953756440790721,0.9417987147327385,0.9575040378968879,0.894062960283323,0.7461160522538944,0.3248693906417539,0.8650148260424013,1,1,1,1,1,2,2,1,2,2,1.0,1.0,1.0
290,False,0.9398659503772557,0.9707930721637674,0.9823044602456367,0.9702479204442891,0.9261270067876511,0.9567653827187551,0.9244407564283185,0.7614715003069561,0.4122310966011776,0.8507707847256509,1,1,1,1,1,2,1,1,2,2,1.0,1.0,1.0
13,False,0.9528381154288335,0.9725873565266078,0.9702608878938948,0.9665008141163998,0.9424162345129423,0.9551944800466734,0.9045486970995749,0.7897318833387684,0.34982657540133216,0.8084582379312335,1,1,1,1,1,2,1,1,2,2,1.0,1.0,1.0
499,False,0.9397215154119222,0.9738960263992479,0.9808735107758235,0.9718891925772178,0.9466013657448884,0.9559141624540829,0.8692769346975211,0.8470291844764628,0.37228217653072815,0.883675635669559,1,2,1,1,1,2,2,1,1,2,1.0,1.0,1.0
834,False,0.9469193574595287,0.9723646020795595,0.9837117468651391,0.9753983725211912,0.9408819029072194,0.9513790661674137,0.908812978069096,0.7424845822997974,0.45755885222525206,0.8786028591279449,1,1,1,1,1,2,2,1,2,3,1.0,1.0,1.0
805,False,0.9513286199699006,0.9717583030683342,0.9825595234092911,0.9757260994119612,0.9483009339032586,0.9470093228564769,0.9122313905006268,0.8526692416268205,0.4119703299514025,0.8236417190106108,1,1,1,1,1,2,1,1,1,2,1.0,1.0,1.0
196,False,0.9472181788775675,0.9774342502499331,0.9852096654775526,0.9810422768525169,0.9471464419832306,0.9546188352674968,0.9062543061326914,0.7894585972536872,0.5609207117679534,0.884300939967243,1,1,1,1,1,2,1,1,1,3,1.0,1.0,1.0
217,False,0.9439873231912097,0.9702087251684727,0.9843958450371761,0.9751919363792735,0.9560748814645915,0.9562533240751684,0.8856185057934929,0.8045691777449532,0.6130107929993489,0.865234546251644,1,1,1,1,1,2,1,1,2,3,1.0,1.0,1.0
506,False,0.9491553658759088,0.9724036942490498,0.9784385610553664,0.969583588684966,0.9531055697362393,0.9623863552239932,0.9183608792105686,0.8035718968818022,0.4880770852934497,0.8689165532726816,1,2,1,1,1,2,2,1,1,3,1.0,1.0,1.0
443,False,0.9445997692299348,0.980112653495609,0.9798671116941604,0.9741382857048819,0.9608091116477746,0.9563721726901946,0.9211425974231287,0.839167030203495,0.4351137438399124,0.8650142254457464,1,1,1,1,1,2,2,1,1,2,1.0,1.0,1.0
840,False,0.9386754641780054,0.9681699242024053,0.9816050295248275,0.9741773273175871,0.9472588657387755,0.9486068853304837,0.9183375766037412,0.7377341912077322,0.38755955809204673,0.8757133234198854,1,1,1,1,1,1,1,1,2,3,1.0,1.0,1.0
204,False,0.9410989227722978,0.9663005143979523,0.9809316911648768,0.9595783490993621,0.9402367836327085,0.953518680041762,0.9149074573225516,0.7775448498286636,0.4286126958908067,0.8224354093700827,1,2,1,1,1,2,1,1,2,3,1.0,1.0,1.0
339,False,0.9405418096442116,0.969352988820731,0.9784234172467474,0.9697832132576558,0.9411654436553073,0.9550002435096425,0.9169093308025277,0.7859278280178135,0.587936655798789,0.8643434447493374,1,1,1,1,1,2,2,1,1,2,1.0,1.0,1.0
790,False,0.9327483425599018,0.9706652007531698,0.9810052967906484,0.9687715555748063,0.9263695741049585,0.9534053941945899,0.7551459293394778,0.838226839899238,0.45932325413966885,0.8401921948356808,1,1,1,1,1,2,2,1,1,3,1.0,1.0,1.0
138,False,0.9440400912417044,0.9673289516622751,0.9842745654252418,0.9798247845458891,0.9439314264245525,0.956503918447046,0.9213695386003351,0.661668060163084,0.42619172341540074,0.8684983069352665,1,1,1,1,1,2,2,1,1,2,1.0,1.0,1.0
242,False,0.9374862639399941,0.9720615414156446,0.9805269904423263,0.9701404221059858,0.935297820816404,0.9541372558059404,0.9067672701673315,0.668707711234133,0.4839547010314015,0.8530261146201721,1,1,1,1,1,2,1,1,1,3,1.0,1.0,1.0
260,False,0.9537211480974104,0.973887114055215,0.9804529934235807,0.9731435946153387,0.9213555934597957,0.9548684708786804,0.922255448346606,0.8259219673867213,0.33129175946547884,0.871402603560985,1,1,1,1,1,2,2,1,1,2,1.0,1.0,1.0
459,False,0.9420957574237747,0.969312226484413,0.9778273911524991,0.9760307280007317,0.9428706472954285,0.945718096985046,0.9161825543179567,0.8050277589460761,0.46993177502168665,0.8302978538113063,1,1,1,1,1,2,2,1,1,2,1.0,1.0,1.0
702,False,0.9469869492861522,0.9780358066008217,0.9797637014612735,0.9668230107401581,0.9485639146779213,0.9591922067896919,0.9025583814013171,0.753989410937095,0.31597058546243045,0.8437258341349327,1,1,1,1,1,2,1,1,1,2,1.0,1.0,1.0
315,False,0.9315623408975973,0.9773116720140483,0.9802228848117254,0.9707528003453997,0.9319381004882659,0.9519016976500825,0.8965113754890904,0.8096375336760744,0.43341040657541646,0.8278400151794255,1,1,1,1,1,2,2,1,2,3,1.0,1.0,1.0
60,False,0.9539113181566841,0.9700068504032513,0.9835213239862478,0.9739609606738301,0.9555799877587106,0.9562493349507332,0.9088128884093177,0.7884663348406477,0.3639835160463969,0.872685221729315,1,1,1,1,1,2,1,1,1,3,1.0,1.0,1.0
171,False,0.949307178364885,0.9766610251649318,0.9840965760707697,0.967786324183191,0.9446060599547572,0.9596821382829411,0.9049511936108,0.7687592475163814,0.40726020137784846,0.8707941731695252,1,1,1,1,1,2,2,1,2,4,1.0,1.0,1.0
380,False,0.9443804039263185,0.9711565205475363,0.9802709067834847,0.9724762712678265,0.9454202264012573,0.9480091518885531,0.8865016797810722,0.8338572963508297,0.49286973241467713,0.8408561452436683,1,1,1,1,1,2,2,1,1,2,1.0,1.0,1.0
192,False,0.9519831866148628,0.9743143172167517,0.9812710899141885,0.9768409915518246,0.9590540074234717,0.9556654596116221,0.8915975891817062,0.8068558504435099,0.5573252164885208,0.8577928901752512,1,1,1,1,1,2,2,1,2,2,1.0,1.0,1.0
818,False,0.9213009383602306,0.9679841220522121,0.9819610301532617,0.9657219211353347,0.9521468734070963,0.9487787109685739,0.9147236309713461,0.8061924511568459,0.4377626717062026,0.8731244081870493,1,1,1,1,1,2,2,1,2,2,1.0,1.0,1.0
511,False,0.9431856014220246,0.968144331630851,0.9757112698354202,0.9709417396754862,0.9446123928974788,0.9535070217174431,0.8847743072051689,0.8347116516280895,0.46275648833505106,0.8742555111512182,1,1,1,1,1,2,1,1,2,3,1.0,1.0,1.0
153,False,0.9457093371618949,0.9718047329047232,0.9805277669522183,0.9741832597331642,0.9470435343724353,0.9549674499682246,0.9106752695635713,0.805084378118086,0.3894044966007504,0.8566449670707444,1,1,1,1,1,2,1,1,1,3,1.0,1.0,1.0
948,False,0.945296152795477,0.9765311114735141,0.9805923749732283,0.9690395557504161,0.9421470271082598,0.9594294382417308,0.9002932789298483,0.748771186440678,0.30944466398568077,0.873917629994286,1,1,1,1,1,2,1,1,2,3,1.0,1.0,1.0
681,False,0.9405495405403723,0.9745181374055115,0.9796471860370182,0.9739099980122161,0.9489643632909435,0.9600384626262055,0.8638313609467455,0.8539163202440411,0.36107970823718893,0.8583907473349902,1,1,1,1,1,2,2,1,2,2,1.0,1.0,1.0
744,False,0.9434122369680433,0.9726231706745775,0.9817920276881186,0.9747171373164822,0.9544099320092758,0.958337999465053,0.9062702750744345,0.8251801426657493,0.369263556713237,0.8505640526651869,1,1,1,1,1,2,2,1,1,2,1.0,1.0,1.0
567,False,0.9457418082791845,0.974594183344848,0.9827584399061903,0.9716277497116035,0.9400724577848006,0.9582816806171689,0.8752615712005675,0.7874386485561009,0.3975480212451579,0.8520537396907739,1,1,1,1,1,2,2,1,2,3,1.0,1.0,1.0
643,False,0.9421076794951262,0.9693622138385215,0.9777210882920007,0.979259812811563,0.9460294260795785,0.9552147578491487,0.9180091490841346,0.700813137755102,0.5483085626840409,0.8487237000063184,1,1,1,1,1,2,1,1,1,3,1.0,1.0,1.0
650,False,0.9362360099170424,0.9700705739623273,0.9843539340011473,0.97065717534454,0.9493193209942834,0.9609194613014257,0.9294972602171462,0.7750182369115088,0.3124805692770044,0.8346195450362454,1,1,1,1,1,2,1,1,2,3,1.0,1.0,1.0
613,False,0.9489178341671758,0.9758275011384658,0.9829594260623365,0.9646377827391293,0.9358268780071112,0.956831419945129,0.9198961860092701,0.7814932257134621,0.37763934956718714,0.8581061043562409,1,1,1,1,1,2,1,1,2,2,1.0,1.0,1.0
825,False,0.9608278363085003,0.973167765555735,0.9777973287431067,0.972331523825574,0.950477075850412,0.9626853656614929,0.9172263046180807,0.771617103899327,0.49840496345231217,0.8635569314983951,1,1,1,1,1,2,1,1,1,3,1.0,1.0,1.0
878,False,0.9415633267759029,0.9705980654053988,0.9752692339746092,0.9705700627062962,0.9473789415250501,0.9590337626332922,0.9029703109957578,0.837994028877883,0.3276638217261117,0.8742637586841105,1,1,1,1,1,2,1,1,2,3,1.0,1.0,1.0
854,False,0.9449632147269541,0.9805922536034607,0.980799631671086,0.9777483690618443,0.9444542048022565,0.9609503345307316,0.9323207982477766,0.6932403404545986,0.5360139208253061,0.8742480572121963,1,1,1,1,1,2,1,1,1,2,1.0,1.0,1.0
48,False,0.9461208931076801,0.9748976638412239,0.9789595005903909,0.9746706250338515,0.9479813797357964,0.9488500114216782,0.8769361597176013,0.8219710640453352,0.47654551102826964,0.857934145676909,1,1,1,1,1,2,2,1,1,2,1.0,1.0,1.0
504,False,0.938753119334542,0.9689902565530968,0.978443661184979,0.9759613226582352,0.9476048128200671,0.9553850918789861,0.9084804719359728,0.7235633056441176,0.3393066980023502,0.8832774571302999,1,1,1,1,1,1,1,1,1,2,1.0,1.0,1.0
850,False,0.9417214810144118,0.969723773099051,0.9802245443870432,0.973194993656575,0.937591665032187,0.9535875800804426,0.9198033171287023,0.7223736659380223,0.39201963279403745,0.8579222761444177,1,1,1,1,1,2,1,1,2,3,1.0,1.0,1.0
900,False,0.9382425527387289,0.9657785126734622,0.9823000006782129,0.9680148354256997,0.9524496169133996,0.9550947618037443,0.7727944673685293,0.8039297465128133,0.49745754581214624,0.8262831754939787,1,1,1,1,1,2,1,1,2,2,1.0,1.0,1.0
132,False,0.9404377552802133,0.97693200562038,0.9836979502417225,0.9738194095555979,0.957930629305452,0.9506406130340204,0.9225972817828537,0.746545308944598,0.39699282378403006,0.8611867533380183,1,1,1,1,1,2,1,1,1,2,1.0,1.0,1.0
520,False,0.9499391817461351,0.9747342082444395,0.9831635387042312,0.9715984973220012,0.9525820281602777,0.9525239450342892,0.9015516445538578,0.844332868788301,0.48978109259976754,0.8981262347364659,1,1,1,1,1,2,1,1,1,3,1.0,1.0,1.0
64,False,0.9388159124080219,0.9707499972511463,0.9786861989175113,0.9709732093824448,0.932973784700688,0.9532553768905151,0.9110169491525424,0.6441143073429221,0.47096282224511365,0.868581841992119,1,1,1,1,1,2,1,1,1,2,1.0,1.0,1.0
761,False,0.9429703769542236,0.9722965848843557,0.9795873325908252,0.9729023479909976,0.9565950124458981,0.9551790546217921,0.9216053021492185,0.6601496868794868,0.28866572394123147,0.8863375879135191,1,1,1,1,1,2,1,1,1,2,1.0,1.0,1.0
84,False,0.9456504249886319,0.9731449476154674,0.9782339337341295,0.9665059646455554,0.9544023001600767,0.9578833144706412,0.8886113937100841,0.8427347310847767,0.34006450420099016,0.8286064616299907,1,1,1,1,1,2,2,1,2,3,1.0,1.0,1.0
70,False,0.9435025384920924,0.9805985913124206,0.9808101958116324,0.9638948687465861,0.9561984332590759,0.9458747890009737,0.9038882590168481,0.5950845167376284,0.37621493319146326,0.8587236390387445,1,1,1,1,1,2,1,1,2,3,1.0,1.0,1.0
804,False,0.942699091368808,0.9727005494113741,0.977200202538674,0.9789986342314464,0.9502631811018534,0.9539624183858382,0.9183144429502899,0.736359973357235,0.4972140463893671,0.8193421998393318,1,1,1,1,1,2,2,1,1,2,1.0,1.0,1.0
551,False,0.9350502332904309,0.9743573988986965,0.9816430791189683,0.9736001788056406,0.9385962009488135,0.958721573448064,0.8990716670676533,0.6904907975460123,0.46766279831423874,0.9016682592360462,1,1,1,1,1,2,1,1,2,2,1.0,1.0,1.0
910,False,0.93395011348795,0.9706635609326473,0.9834326564581145,0.973318773125815,0.9415085387957138,0.9519033949372494,0.9212535581306925,0.8208094169750298,0.30580039376041196,0.8729805644051502,1,1,1,1,1,2,1,1,1,3,1.0,1.0,1.0
553,False,0.9458447824487765,0.9778092560276819,0.9795681114909134,0.971346519957407,0.9334459801845578,0.9560714696435914,0.9194845124575095,0.5521172418450733,0.3211625222956668,0.8605088626371854,1,1,1,1,1,2,1,1,1,2,1.0,1.0,1.0
144,False,0.9495438504172553,0.9720229476847425,0.9829428703143859,0.9653806364076506,0.938225370750127,0.9469976030793014,0.9231088890703969,0.6439204938098083,0.4330873137446038,0.8728810767720556,1,1,1,1,1,1,1,1,1,2,1.0,1.0,1.0
906,False,0.9456236179498952,0.9711199472769991,0.9757631313382353,0.9684183960748594,0.9367497846447845,0.9543530296428937,0.9225770893944559,0.5874614718265879,0.4702274565875868,0.863722760663121,1,1,1,1,1,2,1,1,1,2,1.0,1.0,1.0
529,False,0.9380137489890449,0.9664197729651397,0.9841960338974772,0.9748872046169468,0.9360167505614968,0.9539529830509462,0.9090976529497826,0.7860208559809961,0.5340265486725664,0.8454564236221473,1,1,1,1,1,2,1,1,1,4,1.0,1.0,1.0
726,False,0.9473344562987429,0.9688321909580069,0.9841119557886947,0.9655831648040306,0.9537528962150423,0.9529872398526208,0.6930916870168924,0.7603139920692725,0.5072461058024945,0.820882461544687,1,2,1,1,1,2,2,1,1,2,1.0,1.0,1.0
427,False,0.9357986199846665,0.9688423584801904,0.9786654455018384,0.97115568696688,0.9508636282836397,0.9551193399888194,0.9129375460646869,0.7914071873393133,0.5307564599208208,0.8431152521299181,1,1,1,1,1,2,1,1,1,2,1.0,1.0,1.0
919,False,0.944848980047258,0.9727734602774034,0.9836746209362883,0.9726313107994077,0.9479110446960314,0.9583126539587332,0.8808771144428912,0.8557394182198224,0.3843474222015792,0.8668095786165668,1,1,1,1,1,2,2,1,2,2,1.0,1.0,1.0
211,False,0.9462590814551625,0.9740006197706849,0.9800644864637665,0.9726155682082503,0.9339194784742357,0.9587697756894803,0.9100499578475897,0.7257889469900914,0.3208661124578023,0.8559389377681966,1,1,1,1,1,2,1,1,1,2,1.0,1.0,1.0
480,False,0.9453994412901902,0.9709790958740556,0.9787446889291841,0.9756645632775383,0.9469248094630762,0.9561434189536183,0.92063593683312,0.7938307041861911,0.3752900666217531,0.8596813659634076,1,1,1,1,1,2,1,1,1,3,1.0,1.0,1.0
765,False,0.948963804898718,0.9721208772066817,0.9808942685883983,0.9764608556818659,0.9522317396366211,0.9598055671315552,0.9080379407121905,0.8521785618818498,0.499081048898553,0.8699976393703331,1,1,1,1,1,2,2,1,1,3,1.0,1.0,1.0
302,False,0.9380770109689214,0.9710994880266203,0.9810530429249256,0.9696851876602312,0.9522747445850404,0.9519154106393101,0.9278559870092928,0.8537599065972068,0.4902082044939188,0.8590384983719594,1,1,1,1,1,2,2,1,2,2,1.0,1.0,1.0
451,False,0.954530831916694,0.9725250925937032,0.9800317202077719,0.9631888497940959,0.9526777805429776,0.9585229048931204,0.8960804135314838,0.8339354991559806,0.32592725855296695,0.8729570944161964,1,1,1,1,1,2,2,1,2,3,1.0,1.0,1.0
409,False,0.9273610870700101,0.9753668360939326,0.9809388951647964,0.9742469789868444,0.9632921058548407,0.9549194590722749,0.821406943351318,0.8268812889450851,0.47783578127765,0.8796108448386866,1,1,1,1,1,2,2,1,1,3,1.0,1.0,1.0
27,False,0.9368791232709359,0.9761853891891047,0.9823928173121498,0.9685602860701867,0.935822442769214,0.9574509439294656,0.8764494840496034,0.8161093148939182,0.49323504429074144,0.8695861291365403,1,1,1,1,1,2,2,1,1,3,1.0,1.0,1.0
43,False,0.9459654526909953,0.9649203193804132,0.9828570122293885,0.9675994208624819,0.9552585795347138,0.9594052523139622,0.9171263780127912,0.7050221018109226,0.4900435819026751,0.8724586104965296,1,1,1,1,1,2,2,1,2,2,1.0,1.0,1.0
803,False,0.9439386482638841,0.9700160516018315,0.9796017533794613,0.9759919355436466,0.9450068164496496,0.9600856761185388,0.8763093766130872,0.795471536900566,0.5021982047994138,0.8519370774368623,1,1,1,1,1,2,2,1,1,3,1.0,1.0,1.0
42,False,0.9420231118900269,0.9748901831661907,0.9824097234136695,0.9724260435561041,0.9524327923835291,0.9613337533444064,0.8757578573685483,0.8450386116416175,0.2809667673716012,0.8741692572462536,1,1,1,1,1,2,2,1,1,3,1.0,1.0,1.0
403,False,0.9289703191464082,0.9716571540075125,0.9779309535417006,0.9761476170961099,0.9282442290246883,0.9551342833981316,0.8964604746223754,0.8241169626588809,0.28638645679221947,0.8563866900849313,1,1,1,1,1,2,1,1,1,2,1.0,1.0,1.0
876,False,0.9484224057638574,0.9694317216139096,0.9819664160436323,0.9758904889649943,0.944918150662817,0.9512071908640249,0.8900869620616061,0.8397169179106126,0.44708535347840794,0.877950866571919,1,1,1,1,1,2,1,1,1,2,1.0,1.0,1.0
688,False,0.9548887042856857,0.9745934385076278,0.9835195108011336,0.972013254902436,0.9473728668505745,0.9495690372919524,0.8981991764151523,0.8379226824350838,0.4182301632663204,0.8353765544046876,1,1,1,1,1,2,2,1,1,2,1.0,1.0,1.0
623,False,0.9387226440375167,0.9664466294862086,0.9777028261917026,0.9682329077613915,0.9397313646376831,0.9548198480823399,0.9177879932638477,0.7975983844335707,0.3901409801476935,0.8581028186476753,1,1,1,1,1,2,2,1,2,2,1.0,1.0,1.0
350,False,0.944477974917234,0.9693757115719055,0.9763755076451227,0.9637365431470953,0.9550473728969742,0.9543546516901577,0.8979222330253175,0.8122671477312836,0.3354499055580115,0.8788972729983258,1,1,1,1,1,2,1,1,1,3,1.0,1.0,1.0
333,False,0.9333735918505259,0.9670149490961109,0.9805147557298999,0.9700902980122897,0.9374935551939478,0.9477734011741296,0.6588954277953826,0.8247466014501753,0.47136092866961965,0.8418264332685005,1,1,1,1,1,2,2,1,1,3,1.0,1.0,1.0
721,False,0.9470399405436141,0.9736222366053667,0.9815180733753222,0.976765122160607,0.9395438725336009,0.951729784359569,0.9056330966812001,0.7753333971923326,0.5033132305859579,0.8626932305392755,1,1,1,1,1,2,2,1,1,2,1.0,1.0,1.0
363,False,0.9509565813507166,0.9705397256546127,0.9807348414744395,0.9772429822186118,0.9479341955700632,0.9609120835482782,0.8825548239929494,0.7915142965655689,0.4044434972561138,0.8587089649633571,1,1,1,1,1,2,1,1,1,3,1.0,1.0,1.0
186,False,0.9499502508332116,0.9722609455851429,0.9848956973263966,0.9742299079470902,0.958960559800659,0.9571654870516572,0.907956043587524,0.7707057846664821,0.5403705997237175,0.8770648878107944,1,1,1,1,1,2,2,1,2,2,1.0,1.0,1.0
475,False,0.9428449867666575,0.9736927059925686,0.9828962882259004,0.9567063416685483,0.9391293943705906,0.9580863947372954,0.9065363259080998,0.7484095843967848,0.40838709677419355,0.8694826281606659,2,1,1,1,1,2,1,1,2,2,1.0,1.0,1.0
698,False,0.9498948394003658,0.9748164826173495,0.9829489138442741,0.9698429727293921,0.9598103350409799,0.9546694105384058,0.9157067004404297,0.831261407568158,0.5832914606087853,0.8880352033966217,1,1,1,1,1,2,1,1,1,2,1.0,1.0,1.0
956,False,0.9520735995375945,0.9720419630834085,0.9812682801183484,0.9719450992812233,0.9497295620610391,0.9528709073658692,0.796834394554405,0.8513548743271634,0.3891259586404464,0.8645795859979093,1,1,1,1,1,2,2,1,2,3,1.0,1.0,1.0
753,False,0.9377900346866515,0.968130527816391,0.9813790752217286,0.9698255653779417,0.9361540261879,0.9533455155428737,0.8978554201160289,0.7367948526111028,0.46636513372898636,0.8667501325096412,1,1,1,1,1,2,2,1,1,3,1.0,1.0,1.0
788,False,0.9430728194156921,0.974993311294616,0.9834169464671277,0.9786110611226001,0.9441685747951348,0.9579688655097707,0.8758208448843117,0.8342758097714223,0.5047862156987875,0.8344317954863192,1,1,1,1,1,2,2,1,1,3,1.0,1.0,1.0
435,False,0.9495077129548603,0.9718166300000616,0.9793195631387573,0.9648159025979227,0.9550391242330953,0.9556232048943125,0.9047119120266331,0.8090107892344781,0.39964309409961335,0.8608755181987602,1,1,1,1,1,2,2,1,2,2,1.0,1.0,1.0
870,False,0.9417192055571861,0.9698015456252541,0.9798434906331516,0.9577250117004842,0.9527136648390038,0.9516585018747092,0.9376839217248104,0.6652149580259475,0.32416539705449976,0.8839464041779886,1,1,1,1,1,2,1,1,2,3,1.0,1.0,1.0
490,False,0.9444816786253118,0.9745222262726316,0.9846593374928181,0.9770859913243174,0.9511406056745159,0.9577937911424453,0.9159304982847172,0.8026870908390741,0.3641387237240556,0.8779539249964079,1,1,1,1,1,2,2,1,1,2,1.0,1.0,1.0
167,False,0.94902796760392,0.9718310673827475,0.983039554182567,0.970807881067921,0.9408294529774915,0.9566522740051558,0.9047701036503477,0.8025158244823517,0.3900517713937671,0.8679344783663403,1,1,1,1,1,2,1,1,2,3,1.0,1.0,1.0
642,False,0.9423086347698627,0.9754656923677949,0.9813956577399514,0.9724588360661373,0.9575081057735007,0.9596158567236763,0.9044144588055439,0.7772818063395571,0.6677282163948965,0.8805148959425727,1,1,1,1,1,2,1,1,1,3,1.0,1.0,1.0
124,False,0.9393830453115289,0.9708017041336955,0.9790805078460764,0.9802035840412854,0.9288396465583996,0.9576543061068697,0.9152013999497024,0.8038762713389938,0.3137874796135993,0.8165561345333965,1,1,1,1,1,2,1,1,2,2,1.0,1.0,1.0
914,False,0.9427760576869137,0.9728842573127515,0.982203720165235,0.9755552902367086,0.9463814457832607,0.9571738932344745,0.8676688891684489,0.7659255721047376,0.49570729018718335,0.8650200502728014,1,1,1,1,1,2,2,1,2,2,1.0,1.0,1.0
973,False,0.9442411373324827,0.9750467134073496,0.9796447431589054,0.9782156043765279,0.9402808518641146,0.9576691858337472,0.9207948561902998,0.6274434596786346,0.3340193253758256,0.8548724595077943,1,1,1,1,1,2,1,1,1,3,1.0,1.0,1.0
305,False,0.9521878789930559,0.9742714322318471,0.9833131899940077,0.9806892535950005,0.9475134171900446,0.9592595558337964,0.9193150971663455,0.8332658746220328,0.49139664220997936,0.8341862015214087,1,1,1,1,1,2,2,1,2,2,1.0,1.0,1.0
1000,False,0.9467546014334264,0.9777763414000998,0.9832435021062296,0.9756592619762797,0.9574486408126687,0.9580802867870796,0.8802802660559985,0.8637109792729527,0.4233839603717198,0.871682795238503,1,1,1,1,1,2,2,1,2,3,1.0,1.0,1.0
678,False,0.9366412979880161,0.9682439424278668,0.985133331267957,0.9793540087912356,0.9549052673498422,0.9543575335859764,0.7407515535721734,0.8317849503559684,0.4624605794589012,0.8589769307923771,1,1,1,1,1,2,2,1,2,3,1.0,1.0,1.0
256,False,0.9453002485829494,0.9739106329671073,0.9798103694730642,0.9642006072266119,0.9458965725548696,0.956622919807497,0.8872204538173688,0.8648284889884492,0.37926336970242336,0.8696644832452242,1,1,1,1,1,2,1,1,1,3,1.0,1.0,1.0
887,False,0.9501498752946022,0.967379876753966,0.9831045622951563,0.9708942505260661,0.9445964282156668,0.9570509516136233,0.8960279348421084,0.844796635379802,0.3503686496313504,0.8716888208118495,1,1,1,1,1,2,3,1,1,2,1.0,1.0,1.0
908,False,0.9435866192780569,0.9642245041793188,0.9803088573635909,0.9597198180211611,0.9552322846345516,0.9535751361909455,0.9226980245243422,0.7173078212237002,0.448530149493328,0.8719325725367345,1,1,1,1,1,2,1,1,1,2,1.0,1.0,1.0
18,False,0.92934539449601,0.976089835310131,0.981546518410047,0.9700297553186239,0.9504362818999955,0.9498200576674036,0.9112411072254544,0.8101837153227675,0.4341950316828352,0.9041070956255635,1,1,1,1,1,2,2,1,2,2,1.0,1.0,0.5
377,False,0.9378538979211954,0.9723026309036225,0.9798023777639744,0.9723089628119436,0.9531815160336489,0.9576643073270165,0.8899120114589728,0.8230091913184522,0.45870926391559436,0.8672404855038623,1,1,1,1,1,2,1,1,1,3,1.0,1.0,1.0
638,False,0.9454939430421242,0.9743183277792594,0.982058880870834,0.9776432484630923,0.9544836560055506,0.9535590738343344,0.8532275174904994,0.8492415287628053,0.4226351120940791,0.8446992147786022,1,1,1,1,1,2,2,1,1,3,1.0,1.0,1.0
108,False,0.9479514548078137,0.9760980761338035,0.9830707106734774,0.9631967633981406,0.9521576352782327,0.9612056190540044,0.8968993605611537,0.7923182542827392,0.40946685328922255,0.8540137943192084,2,1,1,1,1,2,1,1,1,2,1.0,1.0,1.0
449,False,0.9420930872997495,0.9703482233602716,0.9779662620562225,0.9711256817358469,0.9447801376009572,0.9535880192894749,0.8901344906641167,0.7787662192968924,0.3849716932578487,0.8679795769511306,1,1,1,1,1,2,1,1,1,3,1.0,1.0,1.0
971,False,0.9437777931341037,0.9635343406800757,0.9760378928725134,0.9768749451061987,0.9266312903757677,0.9555508112395074,0.8917730554950051,0.8227315485724456,0.5073759095751403,0.8322014406814581,1,1,1,1,1,2,2,1,1,2,1.0,1.0,1.0
513,False,0.9371964708878033,0.9638933406350919,0.9816621883880244,0.9712434922213489,0.932864151171946,0.962068433722014,0.919401907662783,0.8400856215104484,0.38174678779711424,0.8258692243843955,1,2,1,1,1,2,1,1,2,2,1.0,1.0,1.0
653,False,0.9481471671448574,0.9723573278050787,0.9750428601437933,0.9749925706871934,0.9440766229576538,0.9510496841201801,0.9188807144922415,0.6922223124610845,0.38399492477795905,0.8834840543816658,1,1,1,1,1,1,1,1,1,3,1.0,1.0,1.0
783,False,0.9381389174630682,0.9689422149735163,0.9788512203868798,0.9694069231476782,0.9526485178172344,0.9521260452386282,0.792212628497692,0.8626730994055755,0.45333783441640646,0.8695900322653398,1,1,1,1,1,2,2,1,1,2,1.0,1.0,1.0
338,False,0.9483440357277885,0.9720408149734464,0.9826740378310477,0.9650190977473585,0.945184385659773,0.9600941900219961,0.8139589132699874,0.8252610122892051,0.43072633686016587,0.8536287672519012,1,1,1,1,1,2,2,1,2,2,1.0,1.0,0.5
37,False,0.9519101609957337,0.9670345495921885,0.9782754049900879,0.9731064441727195,0.9521254280178808,0.9574041576205703,0.9106548911656254,0.7855141865198132,0.428760903943274,0.8705923166511106,1,1,1,1,1,2,1,1,1,2,1.0,1.0,1.0
50,False,0.9447317019463282,0.9699877647961999,0.9822396185940584,0.9732187332636582,0.9378712804028574,0.9579360094611818,0.902479533131186,0.8651476474110491,0.2483342024451011,0.8726499560277325,1,1,1,1,1,2,1,1,1,2,1.0,1.0,1.0
197,False,0.949580653300409,0.9761652560687599,0.9811963760724786,0.9667128015788979,0.954075751844781,0.9586509318495003,0.9071564084789667,0.8075440754407545,0.42353854614862024,0.8643171039463952,1,1,1,1,1,2,1,1,1,2,1.0,1.0,1.0
996,False,0.932480665286167,0.9743056739114441,0.981430425864848,0.9713964482557621,0.9475963434223826,0.9570880152535219,0.914719345640102,0.8031056670846136,0.3578340071775769,0.8629923642076963,1,1,1,1,1,2,2,1,2,3,1.0,1.0,1.0
905,False,0.9379028079730681,0.967351361607573,0.9789438785465508,0.9686502208415376,0.9409223186669745,0.9589005511341452,0.9045475868169572,0.845905640231382,0.5409722687013364,0.8611378637002218,1,1,1,1,1,2,2,1,1,2,1.0,1.0,1.0
366,False,0.9497894604236523,0.9697764814945327,0.978419804956221,0.9731454990783293,0.9419799554642119,0.9583208493040786,0.9018460882796955,0.7492482033333899,0.34015149191940874,0.8664676680447587,1,1,1,1,1,2,2,1,1,2,1.0,1.0,1.0
808,False,0.9551125463922495,0.9746686076712434,0.9776055321003636,0.9705390056061651,0.9296231333284611,0.9579703467472934,0.9269631123979244,0.5773114948869181,0.25316821316388055,0.8442709027599413,1,1,1,1,1,2,1,1,2,2,1.0,1.0,1.0
119,False,0.9520320540803235,0.9711820229612843,0.9797025555771101,0.9781052231478256,0.9423934982453944,0.9519538406058421,0.9189258328584011,0.6229422733743709,0.39630947087594487,0.8390572068135841,1,1,1,1,1,2,1,1,1,3,1.0,1.0,1.0
149,False,0.9514126847273499,0.9780446572947211,0.9819610881669582,0.9653421447849105,0.9459140232658922,0.9432743492991328,0.9256909503423695,0.5888803596885623,0.4368992164570936,0.8374274759204684,1,1,1,1,1,2,1,1,1,2,1.0,1.0,1.0
943,False,0.9499385752812649,0.9729043248522807,0.9827270730031376,0.9705700198330431,0.956309360113551,0.9494475558302284,0.8633646107977792,0.8127027626090636,0.5027505827505827,0.8702487035741853,1,1,1,1,1,2,2,1,2,2,1.0,1.0,1.0
999,False,0.9467894513222674,0.9754913710450623,0.9808173345933825,0.9694939371229049,0.9455503499414656,0.9501702588438068,0.8878376824078448,0.8329654027515321,0.32073918214253044,0.878157003764221,1,1,1,1,1,2,2,1,2,2,1.0,1.0,1.0
619,False,0.9442603444405548,0.972421973227026,0.9844837063741244,0.9706242955295525,0.9528082754076582,0.9576893404638324,0.8992396257538193,0.826494699495901,0.5313539485031415,0.8682733385006399,1,1,1,1,1,2,1,1,1,3,1.0,1.0,1.0
932,False,0.9470437733447046,0.9706185597241201,0.9822098257703329,0.9746129807717798,0.9453708396994782,0.9544571740316421,0.8870182765352344,0.8490122422506283,0.43320415484131214,0.8759437564951732,1,1,1,1,1,2,2,1,1,2,1.0,1.0,1.0
58,False,0.9403815110184359,0.9706575133938699,0.9811082559188403,0.969971411832594,0.9547902746173552,0.9577748399769955,0.8437370346622411,0.8528924053631497,0.38201203505512704,0.8721078755653191,1,2,1,1,1,2,2,1,1,2,1.0,1.0,1.0
934,False,0.9473203115481422,0.9715296155511717,0.9838234757258262,0.9700770816189405,0.9503884000661406,0.9549253763629525,0.8766586691475298,0.8219779764432888,0.46343301476381327,0.8675116625088098,1,1,1,1,1,2,2,1,1,3,1.0,1.0,1.0
546,False,0.9425414771237621,0.9714003158591001,0.9818824569155987,0.9704562653860723,0.952675918105249,0.9562236574173804,0.872671418130011,0.8552665939568964,0.42234616605450503,0.8712461445797743,1,1,1,1,1,2,2,1,1,2,1.0,1.0,1.0
610,False,0.9449893725559863,0.9671728262591868,0.9817275647440192,0.9749447934076193,0.940223935517332,0.9519243021867138,0.855749855709353,0.8128631992555061,0.4950096452235176,0.8640770820245385,1,1,1,1,1,2,2,1,1,3,1.0,1.0,1.0
782,False,0.9451811849587878,0.9683696900830827,0.9807979651612461,0.9770098244995956,0.9464730303988937,0.9546395644938555,0.904754783052764,0.8343338579412125,0.23203504202675507,0.8646792693195353,1,1,1,1,1,2,1,1,1,3,1.0,1.0,1.0
806,False,0.9446499494723978,0.9746933930504087,0.9834457442799022,0.9729071006907568,0.9546965294448962,0.9551575855013945,0.9131777838121716,0.8141466748362163,0.49098233086148496,0.8858172556290014,1,1,1,1,1,2,1,1,2,2,1.0,1.0,1.0
883,False,0.9437766852692047,0.9749321828937477,0.9838947265049592,0.979275235769916,0.9482017872765904,0.951578003804279,0.885824924390175,0.8020825501841967,0.4547562351171826,0.8438727990420012,1,1,1,1,1,2,2,1,1,3,1.0,1.0,1.0
609,False,0.9398334029019293,0.9685256599735576,0.983838192056816,0.9697418670890118,0.9540203378037236,0.951547121155417,0.7440271171614455,0.8131401998366116,0.4248108427282589,0.8359819086475286,1,1,1,1,1,2,2,1,2,2,1.0,1.0,1.0
723,False,0.9375950025734092,0.9776319781266954,0.9776231900286236,0.9732245825904894,0.9523427109560691,0.9536133071576378,0.9129878984148628,0.6768466562413762,0.4752799004798294,0.8768180322474498,1,1,1,1,1,2,1,1,1,2,1.0,1.0,1.0
989,False,0.9467416010644195,0.9675786412114223,0.9782929599772967,0.9786529422461249,0.9446192724416922,0.9560036587162799,0.8929995041754673,0.8156881713928694,0.3189952162529283,0.8105761880287986,1,2,1,1,1,2,1,1,2,3,1.0,1.0,1.0
977,False,0.9474295322240376,0.97071675222161,0.980210593322848,0.9734662292841556,0.95506929288372,0.9525802038908868,0.852124012237264,0.8197589402369065,0.4774077656487495,0.8765757400281654,1,1,1,1,1,2,2,1,1,3,1.0,1.0,1.0
787,False,0.9482008620324743,0.9731928993111655,0.9832505277439756,0.9767705081650422,0.9541004083342741,0.9599148570637047,0.9038222312487987,0.862046242037314,0.5904876084146639,0.8820320015773031,1,1,1,1,1,2,1,1,2,3,1.0,1.0,1.0
633,False,0.9473339387503983,0.9725631887337212,0.9831920372155631,0.9666960705594452,0.9495508660737637,0.9576967311853746,0.8993719147148409,0.826069373152901,0.37450404272202803,0.900196032499476,1,1,1,1,1,2,1,1,1,3,1.0,1.0,1.0
278,False,0.9482939606534933,0.970585803101797,0.9815643335769565,0.976987566512811,0.9401891274382596,0.9530219449624542,0.8957938666582,0.6667706617009038,0.39227620027585,0.8815470687083691,1,1,1,1,1,2,1,1,2,3,1.0,1.0,1.0
5,False,0.9495211526723464,0.9742354031510658,0.9822018974814006,0.9769290433988848,0.952066839849853,0.9566308493938271,0.8510241089790025,0.8289148729473179,0.38870604538368264,0.855960923453883,1,1,1,1,1,2,2,1,1,2,1.0,1.0,1.0
106,False,0.9381271577814644,0.9607699376071736,0.9800723317537622,0.975931936462562,0.9500321007190028,0.9553407929951929,0.8674922138567821,0.7748648820950181,0.47371656665887385,0.8485687424659273,1,1,1,1,1,2,2,1,2,2,1.0,1.0,1.0
700,False,0.945972007017454,0.9727500050163916,0.9805588550790535,0.9735325111729517,0.9549345887051692,0.9561036035206938,0.8239223740864831,0.8333650089747651,0.48076038089843887,0.8552363645505249,1,1,1,1,1,2,2,1,2,3,1.0,1.0,1.0
438,False,0.9401182250869594,0.969504045249979,0.9817043582278195,0.9768257387683975,0.9441534761340423,0.9572514576367201,0.9027933397862709,0.8329333122433962,0.5046929824561404,0.8739080745699895,1,1,1,1,1,2,1,1,1,2,1.0,1.0,1.0
378,False,0.9470407954128397,0.9713456680091405,0.9835853554579445,0.975109604153005,0.9459032125622252,0.9569935698223154,0.9106520819800064,0.6314201950724474,0.3998099411345458,0.8374870955013972,1,1,1,1,1,2,1,1,2,3,1.0,1.0,1.0
73,False,0.9472509499292916,0.978015795470178,0.9819092498579225,0.9724263074092053,0.9552007135922089,0.9562308026030368,0.8099516453685209,0.8627354613474787,0.3896123113347144,0.8549540052739337,1,1,1,1,1,2,2,1,2,3,1.0,1.0,0.5
632,False,0.9478648529703253,0.9757592896932961,0.9822571671886084,0.9691124716084335,0.9533216651656645,0.956812070781596,0.9060928061297596,0.8356862902829358,0.446284001920498,0.8367045692627088,1,2,1,1,1,2,2,1,1,2,1.0,1.0,1.0
690,False,0.9436035873829907,0.9711449598815178,0.9821699528271125,0.9746759088794511,0.9514258464662168,0.9531295215563212,0.851623366780853,0.8670909068133135,0.47010542168674696,0.8585059309113896,1,1,1,1,1,2,2,1,1,2,1.0,1.0,1.0
774,False,0.9482364551881927,0.9644722923316754,0.9803389543719917,0.9717759744578954,0.9519028063804638,0.95933361351223,0.8663933528228015,0.8571451191512944,0.4804420143004627,0.8331135682935559,1,1,1,1,1,2,2,1,1,3,1.0,1.0,1.0
408,False,0.9304887622601727,0.9745957204656328,0.9790192194818527,0.9696039386559175,0.9508676102160117,0.9515565788488373,0.8721040017430459,0.8375203614346743,0.5141405461949415,0.8669289764555024,1,1,1,1,1,2,2,1,1,2,1.0,1.0,1.0
561,False,0.9430813207286052,0.9769728691342902,0.9801478578295767,0.9653631516066802,0.94569349254575,0.9462104010302398,0.9122920810361408,0.7914844562507048,0.5093278057447439,0.8688115701041194,1,1,1,1,1,2,1,1,1,2,1.0,1.0,1.0
997,False,0.9449262530051088,0.9706941671188848,0.9802404585035215,0.965272218143449,0.9404737495570601,0.9560380035095059,0.8626822300420555,0.8596296079464513,0.4185343681245618,0.8737897061321556,1,1,1,1,1,2,2,1,1,3,1.0,1.0,1.0
660,False,0.9507192468901248,0.9713476829714317,0.9798277316945024,0.9656774528795712,0.9445868009438758,0.9619926714287798,0.9145522219480579,0.6477835105822891,0.2867091164419137,0.8628504035245039,1,1,1,1,1,2,1,1,1,3,1.0,1.0,1.0
542,False,0.9465192412928088,0.9647695332677451,0.9826016940964283,0.9693690719173971,0.9486293262074704,0.9533735909369742,0.8587029464847674,0.8285537528188549,0.6009109554377647,0.8312404773109557,1,1,1,1,1,2,2,1,2,2,1.0,1.0,1.0
376,False,0.9343761252137907,0.9726851721336474,0.9777957883263698,0.9772705631608484,0.9312865125289846,0.9542753540036261,0.852990051054365,0.7908513972721771,0.40116765593071907,0.821401146927639,1,1,1,1,1,2,1,1,1,2,1.0,1.0,1.0
103,False,0.9505668089108564,0.9722744469479985,0.9803267249286731,0.9742472246160085,0.9428185424324678,0.9515137657586498,0.8724665015200991,0.8513993303430413,0.31900996906153317,0.8485950566378652,1,1,1,1,1,2,3,1,1,3,1.0,1.0,1.0
238,False,0.9418989616466303,0.9665188831830044,0.9839060524359174,0.9737905961604862,0.9364098123403931,0.9504961523993177,0.8557805188807843,0.7391704633979368,0.350062262894211,0.8108964761057952,1,1,1,1,1,2,2,1,1,2,1.0,1.0,1.0
967,False,0.9441255548751926,0.968022838134576,0.9758332119542908,0.9729101733421276,0.9521660240656454,0.9522526515424814,0.886897893932022,0.8179537464002403,0.39599688162880503,0.872420985079416,1,1,1,1,1,2,2,1,1,3,1.0,1.0,1.0
235,False,0.937706399192278,0.97157779667193,0.9804262206636094,0.979517091585303,0.9416772582934335,0.9542996963422533,0.8925708669881146,0.795214888879553,0.3920982050753043,0.8695451535884111,1,1,1,1,1,2,1,1,1,3,1.0,1.0,1.0
41,False,0.9525803372017735,0.9708539523820815,0.9763770259491857,0.9735235505962972,0.9304383057233959,0.9498116273466779,0.90236866377534,0.829965602475239,0.40790422616471944,0.8546472207080846,1,1,1,1,1,2,1,1,1,3,1.0,1.0,1.0
460,False,0.9480098666597738,0.9743945197705762,0.9822561089349002,0.9690783891211782,0.9473195300626065,0.9571111180850439,0.9302254897551883,0.7552984662650313,0.40014872345699415,0.8465148573412367,1,1,1,1,1,2,1,1,1,3,1.0,1.0,1.0
584,False,0.9476062751333554,0.9743171796961528,0.9844339390301596,0.9756580174931331,0.9454446662746409,0.9590617539146745,0.8956488089086089,0.834713978214076,0.437052534597593,0.8754398311048557,1,1,1,1,1,2,2,1,2,2,1.0,1.0,1.0
975,False,0.9446388777438862,0.9770281825356565,0.9816847964397345,0.9694614273864021,0.9443755478445041,0.9527715990058285,0.9054658866647871,0.8256817082188405,0.34550378970795104,0.8724149161374369,1,1,1,1,1,2,1,1,1,3,1.0,1.0,1.0
763,False,0.9509669847019117,0.979124769779952,0.9807174955288035,0.9805977382735042,0.9553070649503783,0.956127894023891,0.9088872251794201,0.652045008871043,0.4063588850174216,0.8616380588834582,1,1,1,1,1,2,1,1,1,2,1.0,1.0,1.0
902,False,0.9422091443617462,0.9730928933726999,0.981047330940794,0.9747637482549962,0.9492513897001525,0.954022625292296,0.90657456205407,0.8415478572401295,0.4325693041772782,0.848510414908975,1,1,1,1,1,2,1,1,1,3,1.0,1.0,1.0
585,False,0.9461714683139064,0.9776666992025289,0.9815245538981074,0.9734429170161824,0.95088901498667,0.9471658810518291,0.8905239335538689,0.8044398787301746,0.43563981042654026,0.8528117723506796,1,1,1,1,1,2,1,1,2,3,1.0,1.0,1.0
809,False,0.9446149436817517,0.9712817200908914,0.9835253489526399,0.9662500367268988,0.9594458273260387,0.9508025329388982,0.8642688113874624,0.7712149892521416,0.6112832336623676,0.8824828831182713,1,1,1,1,1,2,1,1,1,2,1.0,1.0,1.0
303,False,0.9350823381698036,0.9723912384887452,0.982618387404513,0.9742364664232674,0.9552827144101469,0.9549846679385119,0.882616304425834,0.7894892235016239,0.6155088852988692,0.8709703869563846,1,1,1,1,1,2,2,1,2,2,1.0,1.0,1.0
109,False,0.944942296990923,0.9651533245340205,0.981256679800284,0.9785877783123351,0.952399626277172,0.9562477540235808,0.8721529244320544,0.7293880784210179,0.3160516788999967,0.8549085332110614,1,1,1,1,1,2,2,1,1,2,1.0,1.0,1.0
342,False,0.9464119895709602,0.976478551021823,0.9832816752904837,0.9743596674595737,0.9570752101595618,0.9580839941834379,0.9124816866488085,0.8387375213137023,0.33285605005590096,0.8858251651719438,1,1,1,1,1,2,2,1,1,3,1.0,1.0,1.0
181,False,0.9430834372385675,0.9708077684787538,0.9796031360504777,0.9766648784338241,0.9599154882551116,0.9550386920663999,0.8930825299098487,0.7891749459327329,0.5081147398882473,0.850274437082507,1,1,1,1,1,2,3,1,2,3,1.0,1.0,1.0
147,False,0.9530255024242369,0.972574887890962,0.9812150579051127,0.9719710962734643,0.9507903810312219,0.9613630773451071,0.889705347238609,0.744269005367285,0.4641603463014496,0.8595971818174016,1,1,1,1,1,2,1,1,2,2,1.0,1.0,1.0
846,False,0.9497891190409187,0.9730254044045734,0.9809679955570032,0.9748923005456086,0.9505839615696143,0.9552237090833874,0.8547614859979286,0.8639777828010463,0.4516645692712504,0.8477480743090168,1,1,1,1,1,2,2,1,1,4,1.0,1.0,1.0
379,False,0.946272910299722,0.9726067889915301,0.980111548305191,0.9789441658936611,0.9506828848551261,0.9505665869633018,0.9216138423464787,0.7335657571238563,0.2889587887188783,0.8906398782990702,1,1,1,1,1,2,1,1,2,3,1.0,1.0,1.0
746,False,0.9473240801704748,0.972059397653641,0.9799555403386523,0.9582932670142448,0.937529531101731,0.9612237841829828,0.9085318622871479,0.7356857086639995,0.4651614017834598,0.8892583348569436,1,1,1,1,1,2,1,1,1,3,1.0,1.0,1.0
926,False,0.9225932053690273,0.9714321459600348,0.9781456739495074,0.9749877805072963,0.9449274136349143,0.9554665533718727,0.8717653501074122,0.8302614630330252,0.5145284136156658,0.8744489224965746,1,1,1,1,1,2,2,1,2,3,1.0,1.0,1.0
143,False,0.9444452355659098,0.9765010368450514,0.9789679263980867,0.953412129231416,0.9444607422377232,0.9599039996952371,0.9122564623066799,0.6837583186905931,0.49239154131240465,0.8629783598153108,2,1,1,1,1,2,1,1,2,2,1.0,1.0,0.5
304,False,0.9513055751587862,0.9741080650396907,0.9837364922283719,0.9730612622006348,0.9481604595532686,0.9550368377024562,0.9000292212045182,0.8381744629935616,0.4690470364584314,0.8653794194843292,1,1,1,1,1,2,1,1,1,3,1.0,1.0,1.0
813,False,0.9467693784875402,0.9694256946365071,0.9816507452235671,0.9740992916928423,0.9557726171752708,0.9586439045968845,0.8957469311881029,0.7930877092422167,0.5022465325258839,0.8845433939614118,1,1,1,1,1,2,1,1,1,3,1.0,1.0,1.0
946,False,0.944685302919513,0.9699977612622697,0.9822954406593878,0.9670725120843444,0.9541229319488005,0.9477305342221709,0.924422266279469,0.8356966207377277,0.49947898575894406,0.8968348552219546,1,1,1,1,1,2,1,1,1,2,1.0,1.0,1.0
341,False,0.9392987515553982,0.9703266243845815,0.9819260356836267,0.9737370234124139,0.9500429797227807,0.9543980977207357,0.8656447498766037,0.8613866724175113,0.4802298458212437,0.8560256206097281,1,2,1,1,1,2,2,1,2,3,1.0,1.0,1.0
244,False,0.9415649701401688,0.9686981118879308,0.9764482796982643,0.9708206497621588,0.9438969506329371,0.9487287871725728,0.9284059371592824,0.7549104191643604,0.35522180687419364,0.8656188523741484,1,1,1,1,1,2,1,1,2,2,1.0,1.0,1.0
75,False,0.9323920483889322,0.9739264982893169,0.9808205066325442,0.962973222229102,0.9474250445097038,0.9561697454173497,0.9117136068268338,0.5975619347227684,0.0,0.8537994018421065,4,1,1,1,1,2,1,1,0,2,1.0,1.0,True
160,False,0.9424124258054538,0.9698785527779539,0.9843411184774966,0.9779474149877654,0.9450344683486058,0.9559498301486867,0.8322911817621378,0.8478848036733178,0.5225324694191824,0.868883875350912,1,1,1,1,1,2,2,1,1,3,1.0,1.0,1.0
288,False,0.9382993929478624,0.9756849755971957,0.9796632013121539,0.9711864328115065,0.9420430238791553,0.9529674262847838,0.879866632120113,0.809456029226864,0.4983698838982057,0.8518792866941015,1,1,1,1,1,2,2,1,1,3,1.0,1.0,1.0
907,False,0.9380878580176286,0.972557982423044,0.9817867424859402,0.9696132517187693,0.9492453662651922,0.9496052138374665,0.8986005401424012,0.8212844582253749,0.5230413844407031,0.8815856297089905,1,1,1,1,1,2,2,1,1,2,1.0,1.0,1.0
770,False,0.9289359962420328,0.9759550154536415,0.9816498925231353,0.9780484024785994,0.9421740824436998,0.9495937374037381,0.8473877221481864,0.8330292367174943,0.42066789610505034,0.8455979345411908,2,1,1,1,1,2,1,1,2,2,1.0,1.0,0.5
719,False,0.9475040894021334,0.9741395268329154,0.9816758764872349,0.9776295324195586,0.952659196587224,0.9492294765927948,0.8303332166158112,0.8337038066129481,0.28836639281013116,0.8586792565385238,1,1,1,1,1,2,2,1,2,3,1.0,1.0,1.0
85,False,0.9402160091663793,0.9678189574957425,0.979791906219421,0.9778728380948367,0.9237942446955693,0.953744868734803,0.859503458080605,0.8398343283477135,0.3230735647238594,0.8549102250047108,1,1,1,1,1,2,3,1,1,3,1.0,1.0,1.0
871,False,0.9424363360257724,0.976082248915105,0.9786139000186359,0.9719224592705995,0.9461316260304701,0.956582784745924,0.9096728205859291,0.8098283278139393,0.4064134718738803,0.8644196581717221,1,1,1,1,1,2,2,1,2,3,1.0,1.0,1.0
135,False,0.9394263008851985,0.97147777762764,0.9811902709325795,0.9770217112555147,0.9495406631820352,0.9563417058009704,0.8790437304857095,0.8317699818243262,0.397442928635086,0.8339784608647876,1,1,1,1,1,2,1,1,2,2,1.0,1.0,1.0
133,False,0.940522516914696,0.9702165237892912,0.9804415807424794,0.9799073079939282,0.9485521822157744,0.9511349516684913,0.9013017920040831,0.8175255201490059,0.33512425883511354,0.85878610203493,1,1,1,1,1,2,2,1,2,2,1.0,1.0,1.0
797,False,0.9448168291988227,0.9744555782672589,0.9812377984249888,0.9748800286058344,0.952189307007963,0.9563306457336721,0.9122051751774674,0.7330967443295787,0.3721041318366372,0.8588186111582511,1,1,1,1,1,2,2,1,1,2,1.0,1.0,1.0
521,False,0.9490026234615345,0.9662334901900584,0.9812350628117582,0.9767452618053325,0.9565727973825661,0.9562600207086759,0.8912021471383618,0.79827539746699,0.3241560003436131,0.865605658709107,1,1,1,1,1,2,2,1,1,2,1.0,1.0,1.0
826,False,0.9508150290309838,0.9747805822693406,0.9797446826490892,0.9750502350447046,0.9492493941329199,0.953272299135236,0.9168406609795383,0.8134761315322103,0.3202792787774126,0.8456697110964843,1,1,1,1,1,2,2,1,1,2,1.0,1.0,1.0
890,False,0.9406151446402382,0.969192394152288,0.9806853458914346,0.9759790084681748,0.953249797535071,0.9471504513143841,0.5612331449594572,0.8415665586742739,0.3360194090633394,0.8765899512784623,1,1,1,1,1,2,2,1,1,3,1.0,1.0,1.0
737,False,0.9453570939941499,0.9727359062604695,0.9806762480430266,0.9741220644355927,0.945939482166996,0.9577719879206014,0.872424797034117,0.8130612589063619,0.42334898035716595,0.8660624699726445,1,1,1,1,1,2,2,1,2,3,1.0,1.0,1.0
510,False,0.9524819950645003,0.9706464877490937,0.9793788637032675,0.9755726912297561,0.9506698041281968,0.9561663015740385,0.9053335838216846,0.8316208444382102,0.4323202791596916,0.8502696319297057,1,1,1,1,1,2,2,1,1,2,1.0,1.0,1.0
458,False,0.9412476060649143,0.9686656802158586,0.9782590651885212,0.9702011827513826,0.9245815437111324,0.9513905292591583,0.9133187521583976,0.6557702816831438,0.21189119740334386,0.8802343223880112,1,1,1,1,1,2,1,1,2,2,1.0,1.0,1.0
539,False,0.9558734786259382,0.9777550017358334,0.9731494645884032,0.9687055397694659,0.9368585455020729,0.9598800903921836,0.9275175587451115,0.8324191112171079,0.38610920721955677,0.8373529403244077,1,1,1,1,1,2,2,1,2,2,1.0,1.0,1.0
498,False,0.9434146258008776,0.9718255499807025,0.9831264054730308,0.9730212858989226,0.9401395208232268,0.949959882174496,0.8332743295092476,0.8332151873546494,0.5,0.8265148220444408,1,1,1,1,1,2,2,1,1,3,1.0,1.0,1.0
727,False,0.9486602569548205,0.970456003135171,0.9824023789423283,0.9739456781874982,0.9481238791806337,0.9582614272799479,0.8617260729176464,0.8274831270830045,0.30109881198556543,0.8673600500708724,1,1,1,1,1,2,2,1,1,3,1.0,1.0,1.0
607,False,0.9458788954409267,0.9698920883666842,0.9809920491347588,0.9770064739054053,0.9481249895171164,0.9503988344940175,0.917533195885099,0.8254652927550123,0.25338726432818337,0.8910767593277842,1,1,1,1,1,2,1,1,1,3,1.0,1.0,1.0
259,False,0.9479043240412035,0.9792050709040915,0.9802812723718123,0.9730026703463784,0.9382025802713166,0.9550736359019693,0.8314864395099074,0.8513268169231052,0.5202154896522295,0.8175408266171748,1,1,1,1,1,2,1,1,1,3,1.0,1.0,1.0
981,False,0.9428273241776516,0.9769105377623755,0.9838478106400813,0.9724767267234775,0.9394244901325841,0.9530503830843343,0.8618857769691426,0.8492510189318419,0.4310282794847809,0.8778293934285056,1,1,1,1,1,2,2,1,1,3,1.0,1.0,1.0
532,False,0.9507622123165489,0.9652147291077235,0.9795314666889068,0.9744173048223248,0.9497397132821881,0.9578256176594586,0.9174197032018894,0.7419701899863546,0.4722846105471207,0.8665855017436702,1,1,1,1,1,2,1,1,1,2,1.0,1.0,1.0
592,False,0.9610976725645277,0.973111431528196,0.9633080354456927,0.9757957337701649,0.9497864701709686,0.9533943438735418,0.8837391112881399,0.7900045928521612,0.42702475870751155,0.8419823202118648,1,1,1,1,1,2,2,1,1,2,1.0,1.0,1.0
351,False,0.9516179491859965,0.9686959180683288,0.9830374352431116,0.9695172909745199,0.9497959535217251,0.9577184265775167,0.9015979288170037,0.8509661215050109,0.4297285135743213,0.8717945131226942,1,1,1,1,1,2,2,1,1,3,1.0,1.0,1.0
80,False,0.9380206887556312,0.9747108171655359,0.983519934194635,0.9667312869231264,0.9553606385017979,0.951799059136822,0.9210051626547241,0.6168151767749354,0.4065896545837364,0.8589628678509045,1,1,1,1,1,2,1,1,2,2,1.0,1.0,1.0
740,False,0.9469616978011746,0.9741924840806361,0.9833294089574994,0.9733460073603556,0.9488235360869266,0.9548555315336305,0.8999029296889929,0.803965619173223,0.43708393160161857,0.845324879766515,1,1,1,1,1,2,1,1,1,2,1.0,1.0,1.0
545,False,0.9468468039896611,0.9805773711380882,0.982928127522622,0.9700187816935129,0.9418486973725932,0.9593596606258644,0.9145597876558711,0.6733718465566685,0.36816050880241286,0.8656293991257317,1,1,1,1,1,2,2,1,1,2,1.0,1.0,1.0
960,False,0.9543212904144484,0.9681717678968458,0.9805352857772837,0.9778607413735265,0.9483827643383862,0.9566288715355181,0.9052066583123551,0.7853245829050368,0.28357214261912694,0.8500312728490006,1,1,1,1,1,2,1,1,1,3,1.0,1.0,1.0
216,False,0.9490711238059502,0.9691099391304819,0.9829252650365529,0.9672901862649037,0.947666559459147,0.959853363434588,0.9013250816999816,0.8300189135967746,0.44981188618707146,0.866755997233203,1,2,1,1,1,2,2,1,1,2,1.0,1.0,1.0
120,False,0.9455560141098867,0.9769460395559679,0.9800917894484409,0.9696607688025375,0.9501653008871189,0.9522563992082348,0.9191799597562043,0.6958005519863493,0.41576276246392674,0.8709790744483433,1,1,1,1,1,2,1,1,1,2,1.0,1.0,1.0
598,False,0.9431673406960934,0.9730718594851242,0.9786630874464909,0.9688884028651101,0.9496395295756432,0.9558785519352153,0.9104352662681456,0.841595161790551,0.41766295872751846,0.8799839711480665,1,1,1,1,1,2,1,1,1,3,1.0,1.0,1.0
515,False,0.9449810579319631,0.9757782135123456,0.981892436888991,0.9702885099501096,0.9487629160719586,0.9546707667118979,0.9082840113976185,0.7078125,0.43098377763020584,0.8623644928770078,1,1,1,1,1,2,1,1,2,3,1.0,1.0,1.0
635,False,0.9462578156869005,0.9722424021342962,0.9836261754295651,0.9779676432276613,0.950463681409891,0.9537020996280683,0.906403408749925,0.8115783461114553,0.43833615978895796,0.8542166991831088,1,1,1,1,1,2,2,1,1,3,1.0,1.0,1.0
332,False,0.9449899910408196,0.9698381822245085,0.9774792084484524,0.9782402514700702,0.9565314011590385,0.9560927095398493,0.8868552307595177,0.8285739412289408,0.2762398837933181,0.851443826139269,1,1,1,1,1,2,2,1,1,3,1.0,1.0,1.0
800,False,0.9490568938016805,0.9745350343436467,0.9802205853220675,0.9723046585503613,0.9456622756625909,0.9558814473526143,0.8958017436139101,0.8680422287725179,0.4071409539035438,0.8657707408944361,1,1,1,1,1,2,2,1,1,3,1.0,1.0,1.0
187,False,0.948312742913906,0.9697572486924557,0.9757211000261838,0.9693147503250334,0.9421720479070533,0.958094404223622,0.9164918505169396,0.659432153817042,0.49590686576987947,0.8648446585811597,1,1,1,1,1,2,1,1,2,3,1.0,1.0,1.0
935,False,0.9484834830338957,0.9757310906791046,0.9827405108149125,0.9772674698193818,0.9506612687959585,0.9527307803680151,0.9119371206191604,0.8192879283872649,0.4478354518702788,0.8641660465687514,1,1,1,1,1,2,1,1,1,2,1.0,1.0,1.0
221,False,0.9412832577570724,0.9751173246130966,0.9808293830017544,0.9702884211788692,0.9485413959375205,0.9563120089703689,0.8784074331754831,0.8371119774959286,0.40617944569874315,0.8411800410521585,1,1,1,1,1,2,2,1,1,3,1.0,1.0,1.0
683,False,0.9396841531269687,0.9652344086080243,0.9820430086790771,0.9601534311264358,0.9660573474413063,0.9491109089569976,0.7855364376231001,0.8310749990998668,0.36227966650169413,0.8456824512534818,1,1,1,1,1,2,2,1,1,3,1.0,1.0,1.0
95,False,0.9420731268325473,0.9766583136009854,0.9837477418861935,0.9755400373911806,0.9506672300587666,0.9558556949938087,0.9164430506016469,0.8243051469315704,0.48706308451787356,0.8430067426314044,2,1,1,1,1,2,1,1,1,2,1.0,1.0,1.0
523,False,0.9374261066169407,0.9756178651259577,0.979735275171911,0.9632987073289697,0.946313954722189,0.9593105541465701,0.911404667547336,0.7225939319405199,0.4989152371342079,0.8960413153754436,1,1,1,1,1,2,1,1,1,3,1.0,1.0,1.0
659,False,0.9411209436183233,0.9731224536275527,0.9832997570432138,0.977792076435067,0.9567716964584607,0.9531374610309578,0.9202344219056637,0.7924338410387743,0.36296739588181837,0.8849403640929064,1,1,1,1,1,2,2,1,1,2,1.0,1.0,1.0
993,False,0.9453596978498923,0.9765296303499954,0.979718511061776,0.9765214366283299,0.954364161317549,0.9423687027292861,0.8941621729732224,0.7460616094722055,0.27817948247384844,0.8708955612218349,1,1,1,1,1,2,1,1,1,2,1.0,1.0,1.0
898,False,0.9513081648958152,0.9735416494596897,0.9790007455761343,0.9714313890073801,0.9439668273196995,0.9555432635045803,0.9201886849253528,0.7378357426239227,0.4860596138103722,0.8798175934098265,1,1,1,1,1,2,1,1,1,4,1.0,1.0,1.0
51,False,0.9484811933152248,0.9702914090292409,0.977075672676042,0.9711944598377736,0.9387858924487902,0.9557731060353137,0.9225005917220218,0.795541883487144,0.4182083137797318,0.8575937223791148,1,1,1,1,1,2,1,1,2,3,1.0,1.0,1.0
30,False,0.9450800375393604,0.9758145292892916,0.982713377519275,0.971496569699025,0.938741911970284,0.9588151971915326,0.898983496613847,0.8163261603222411,0.3327069972631837,0.856279056767257,1,1,1,1,1,2,2,1,1,4,1.0,1.0,1.0
704,False,0.9501890288971959,0.9604224983751058,0.9698771982838087,0.9731072188902593,0.9330134375306078,0.9564941614323095,0.9215342702210546,0.7802218344965105,0.4310069645966338,0.8191203607414849,1,1,1,1,1,2,1,1,1,4,1.0,1.0,1.0
852,False,0.9344484231782638,0.9711495341073297,0.9752701238135899,0.9728325701312195,0.9288328983470522,0.9591422106859517,0.8933808094786435,0.7905882352941176,0.4196759854524081,0.8769913353802626,1,1,1,1,1,2,1,1,2,2,1.0,1.0,1.0
442,False,0.9540607289020362,0.9687909690789115,0.9817500220805433,0.9754970497658325,0.9562134263067782,0.9545523932071365,0.8904584914153431,0.8423131170662905,0.4488436563901241,0.8541839811676247,1,1,1,1,1,2,2,1,2,3,1.0,1.0,1.0
885,False,0.9458820054555247,0.9779254887145316,0.9818782636007904,0.9720933478357124,0.9410642000783092,0.9556985945335361,0.8987492327557884,0.840216481615801,0.42987515051650926,0.8571297842648303,1,1,1,1,1,2,2,1,2,2,1.0,1.0,1.0
849,False,0.9478020884823972,0.9749321925167057,0.980547943577919,0.9767463280111393,0.9426600488501147,0.945568802405368,0.9089537348177635,0.6858705328754928,0.5377917204174973,0.8682919225800263,1,1,1,1,1,2,1,1,2,2,1.0,1.0,0.5
963,False,0.9455058540070398,0.9742852302740496,0.9818197637113059,0.97196085543394,0.9522105928748523,0.9549350941215501,0.8910932874975301,0.8035705390677147,0.422345988690957,0.8762119686266439,1,1,1,1,1,2,2,1,2,3,1.0,1.0,1.0
174,False,0.9415182203091271,0.970783773270244,0.9830303557679123,0.9758192780974007,0.947768362048437,0.957408460792036,0.898296674770441,0.7888082516643332,0.32161822032597687,0.864609192434744,1,1,1,1,1,2,1,1,1,3,1.0,1.0,1.0
489,False,0.9449110928911172,0.9743573053454733,0.9802266022627808,0.97424414584538,0.9438053122804371,0.9546559961935224,0.9154300822124385,0.7831938850329955,0.42419069682375177,0.8529636102914576,1,1,1,1,1,2,2,1,1,2,1.0,1.0,1.0
947,False,0.9292099206962185,0.9696619171383664,0.9837144372651778,0.9687378475126663,0.9351610677847232,0.9491918384998408,0.8836543610222842,0.815223535773097,0.19752648295686429,0.8753407238239223,1,1,1,1,1,2,2,1,1,2,1.0,1.0,1.0
984,False,0.9430642759627383,0.9715586051954505,0.9794421546787059,0.9603605475093291,0.9528747016772555,0.9583023896039231,0.8917131868683232,0.7790331581884615,0.4090129688216968,0.8494023904382471,1,1,1,1,1,2,2,1,1,2,1.0,1.0,1.0
791,False,0.9529161268702159,0.9678358213792612,0.9797160561284883,0.9705448710646483,0.9474511373528103,0.9569766545958857,0.9240943799684421,0.8197456204347482,0.35258899325364973,0.8741696143559659,1,1,1,1,1,2,1,1,1,3,1.0,1.0,1.0
514,False,0.9379387827294323,0.9754310544996185,0.9829153422682971,0.9685562410274318,0.9484963984290823,0.9550510671659805,0.89841056809249,0.819793035914356,0.6483947848030281,0.8744584429500575,1,1,1,1,1,2,1,1,1,3,1.0,1.0,1.0
950,False,0.9487371251754612,0.9769304439496392,0.9807818977351881,0.9747339655237037,0.9478364595038465,0.9519267705092632,0.9209366682361081,0.7563712210208339,0.4015057466661327,0.8564160723270692,1,1,1,1,1,2,1,1,1,3,1.0,1.0,1.0
293,False,0.9477919259606428,0.976207767531299,0.9779395445058935,0.9762535750161555,0.9406511735213055,0.9516312102389152,0.8990856990960144,0.6808714887933554,0.3382845711427857,0.8706247827110927,1,1,1,1,1,2,1,1,1,3,1.0,1.0,1.0
738,False,0.9503473030231308,0.9739478345855476,0.9788599397294326,0.9732519242170278,0.9537712057804244,0.9584687957274544,0.9174410352359973,0.8209614368726889,0.4431373243803483,0.8787231146702765,1,1,1,1,1,2,1,1,1,2,1.0,1.0,1.0
559,False,0.942819325895503,0.9757544507844148,0.980578142629265,0.9776126876774596,0.9571565288998687,0.9584976068513847,0.8973560390387488,0.8204540861011925,0.47196527818692435,0.8629117684216664,1,1,1,1,1,2,2,1,1,3,1.0,1.0,1.0
535,False,0.9568632580425309,0.9690739643718529,0.9794977671322657,0.978334411711031,0.9459872993945507,0.955548666296431,0.8973041318582072,0.6464042903593599,0.3880867474357932,0.8546459073331558,1,1,1,1,1,2,2,1,1,3,1.0,1.0,1.0
929,False,0.9400379060438036,0.9792018112693937,0.9819928870405714,0.9798951043480818,0.9585056569621808,0.9530293415119018,0.9127216388362885,0.7908693663138301,0.3502707965678817,0.8557413410680771,1,1,1,1,1,2,2,1,1,2,1.0,1.0,1.0
150,False,0.9511671929806665,0.967597204901872,0.9790337160852509,0.9673454646236168,0.946813367394372,0.9578644087412075,0.9027469230893966,0.6323525691299619,0.5788811012716666,0.8664797013712937,1,1,1,1,1,2,1,1,2,2,1.0,1.0,1.0
792,False,0.9423704585523436,0.9775167684517284,0.9796647107598174,0.9737042722310151,0.94502057874442,0.9546556022384547,0.8976592956503144,0.8301604755850315,0.5656056041522993,0.8620788150554582,1,1,1,1,1,2,2,1,2,2,1.0,1.0,1.0
406,False,0.9390966687104026,0.9762051092731693,0.9837942091934738,0.9746141109099943,0.9587011924707544,0.9530174864113136,0.9116892619601589,0.771895380368754,0.4304817238436082,0.863517134795616,1,1,1,1,1,2,1,1,1,2,1.0,1.0,1.0
562,False,0.9525796240295683,0.9750851055094103,0.9777760290526496,0.9674706096710818,0.94983794479672,0.9490315518018958,0.9205938275652134,0.7455364364713796,0.48443980475693366,0.8802798685198387,1,1,1,1,1,2,1,1,1,3,1.0,1.0,1.0
605,False,0.9470596465419716,0.970883253157211,0.981427495115683,0.9732181276786175,0.9460660297186809,0.9534887922955035,0.9134324542213663,0.6490797269593819,0.4385774361545103,0.8651373072766486,1,1,1,1,1,1,1,1,1,3,1.0,1.0,1.0
83,False,0.9459479552555182,0.9714987684188755,0.9832445249567237,0.9719105095702237,0.9507511981264857,0.951182295594849,0.8981520141186542,0.8195421171659593,0.5259745272095716,0.8773010434224552,1,1,1,1,1,2,1,1,1,3,1.0,1.0,1.0
311,False,0.944745881846112,0.9721275169013639,0.9816545557384904,0.9734194704985003,0.9393927448441128,0.9576257445682784,0.9124506792992183,0.8281147000659196,0.3561347536905856,0.8574758186691528,1,1,1,1,1,2,2,1,1,2,1.0,1.0,1.0
863,False,0.932462744575477,0.972141310893497,0.9796495286068497,0.9784657478173289,0.9477933177884852,0.9586574000891609,0.8806714496011905,0.8068869591368746,0.36471481179546283,0.8808474706379059,1,1,1,1,1,2,1,1,1,2,1.0,1.0,1.0
375,False,0.94368517541877,0.9793852580337467,0.9809585827481062,0.9690568240144378,0.9606674820546435,0.9573861661452903,0.9345069903437431,0.6589641063790218,0.48889007727479344,0.8847130259533005,1,1,1,1,1,2,1,1,1,2,1.0,1.0,1.0
827,False,0.9456905589687175,0.9777648940049934,0.9785218809565918,0.9750176429075512,0.9487498253445639,0.9554157786601178,0.8697348062946125,0.7843735162931905,0.5281830716358323,0.8328916297164602,1,1,1,1,1,2,2,2,2,3,1.0,1.0,1.0
12,False,0.9371326033723741,0.9716957371559519,0.97882006583003,0.9736955656175634,0.9534588954080963,0.9442828333591052,0.8998629751050098,0.6078734016799623,0.4467862011114606,0.8374012219588647,1,1,1,1,1,2,1,1,2,3,1.0,1.0,1.0
685,False,0.9463708223904423,0.9749108331449526,0.983606825882666,0.9726750930874642,0.9473288480453799,0.9534364422265551,0.9225015575799418,0.6166851441241685,0.46591344312523936,0.8638891025322011,1,1,1,1,1,2,1,1,1,3,1.0,1.0,1.0
994,False,0.9547223211547875,0.9713237926520109,0.9827099871925831,0.9640288128101205,0.9442270823320106,0.9565642169032791,0.8879453323417571,0.8105873755366767,0.40050988938689913,0.8697135622498722,1,1,1,1,1,2,2,1,1,2,1.0,1.0,1.0
920,False,0.9519498534611333,0.975102195685946,0.9822002930367065,0.9681514544784807,0.955329738360725,0.9553762796123279,0.9208123182250504,0.8355164438427258,0.48545245665125974,0.8723869172492902,1,1,1,1,1,2,1,1,1,2,1.0,1.0,1.0
101,False,0.9518223404530162,0.9775112158590392,0.9790865695324096,0.9671343496649515,0.9430742215300197,0.9472931815420925,0.901354758750374,0.7737539641872897,0.3555007704160247,0.7770961145194274,1,2,1,1,1,2,1,1,2,2,1.0,1.0,1.0
52,False,0.9433385280366962,0.9747302736025365,0.9833618828162731,0.9709674253603856,0.9521955304601174,0.9548431411800534,0.9210455742928807,0.8053434500940408,0.5103493034791275,0.8756677747739591,1,1,1,1,1,2,1,1,1,3,1.0,1.0,1.0
461,False,0.9460658784991454,0.9688270849857341,0.9833355583785338,0.9720191071338393,0.9483150788624041,0.9628777777227011,0.9140708735961031,0.730528228585751,0.384737791293893,0.8562076264406439,1,1,1,1,1,2,1,1,1,2,1.0,1.0,1.0
709,False,0.9530955743034077,0.9692633342653596,0.9813258132188285,0.9714421090694475,0.9433253770846937,0.9531529994026794,0.8980095770504947,0.8141123149039208,0.3436371453138435,0.8446865813804543,1,1,1,1,1,2,2,1,1,2,1.0,1.0,1.0
301,False,0.9442968485313517,0.9736547533766748,0.9825384000075539,0.9777511959651809,0.9541355927217099,0.9445746498464598,0.8922091621174353,0.8477318845323034,0.4650159863186854,0.8747469199277005,1,1,1,1,1,2,1,1,2,3,1.0,1.0,1.0
328,False,0.94312311239073,0.9721359439500875,0.981876926504995,0.9693461945214203,0.9487263966036471,0.9561904364617932,0.8876946548098464,0.8009991977244548,0.38304533190534057,0.8091298329201945,1,1,1,1,1,2,2,1,2,2,1.0,1.0,1.0
590,False,0.9375916535133381,0.9636574719048946,0.9726467627693075,0.9733300183930907,0.9269170814440368,0.9489765006275155,0.9338862153834687,0.6540061842485613,0.4292000327967422,0.8690939281150011,1,1,1,1,1,2,1,1,1,3,1.0,1.0,1.0
729,False,0.9409764495612454,0.9689014743310481,0.9828597039097198,0.9745738118447195,0.9337503772133908,0.9575247336377474,0.8886044704484162,0.8143642036094572,0.40988628257311904,0.8592557304764965,1,2,1,1,1,2,2,1,2,2,1.0,1.0,1.0
23,False,0.9454246339342347,0.976113513892382,0.9798485772794032,0.9608898305084745,0.9471992865750594,0.9585412936716711,0.9236777659280325,0.6822662611996653,0.6008474576271187,0.87199519665502,1,1,1,1,1,2,1,1,2,2,1.0,1.0,1.0
444,False,0.9413997902043476,0.9650011088358376,0.9851463482659899,0.975825572390238,0.9423506911910049,0.9589691783423897,0.8238968633705476,0.8558010994402667,0.39825839403834884,0.8248875948993882,1,1,1,1,1,2,2,1,1,2,1.0,1.0,1.0
601,False,0.9444536933890982,0.9713891761461565,0.9833694325523261,0.9684807285367416,0.9390204941040086,0.9546889717154236,0.7980249746145678,0.7778073982448096,0.5208431035381168,0.8739409554636112,1,1,1,1,1,2,2,1,1,3,1.0,1.0,1.0
980,False,0.941366793607675,0.9814100866221294,0.9819904608264364,0.9778508970247577,0.952059484124411,0.9586216865587092,0.890238940464592,0.8342387399039981,0.35468747746058304,0.8742209283916472,1,1,1,1,1,2,1,1,2,3,1.0,1.0,1.0
2,False,0.9237282109477355,0.9689525770187796,0.9839005716083696,0.9551033475398684,0.9401825420882077,0.9561652647686625,0.802217140689379,0.8107960741548528,0.3471518876820452,0.8475878055438599,1,1,1,1,1,2,2,1,1,3,1.0,1.0,1.0
952,False,0.944477242351938,0.974045776728302,0.9838777134496461,0.9695464670631736,0.9517452007860638,0.9558893950852145,0.8412532884601711,0.7809302999565281,0.2846965699208443,0.8590171199773822,1,1,1,1,1,2,1,1,1,3,1.0,1.0,1.0
823,False,0.9467412249526478,0.9723856146796993,0.978812414879006,0.9644092937796221,0.9556063651848328,0.9560355307509532,0.9303479068394414,0.7178277638688848,0.4769042837325825,0.8949149734774473,1,1,1,1,1,2,1,1,2,2,1.0,1.0,1.0
74,False,0.9368500896981566,0.9761088994977849,0.9816008156101912,0.9699988774135608,0.9489621268582149,0.9530856107009412,0.9063218830993954,0.8209634414428838,0.504431853731447,0.8770004789670146,1,1,1,1,1,2,2,1,2,2,1.0,1.0,1.0
582,False,0.9350094470208405,0.9673733502818355,0.9809784313198383,0.9769202935559992,0.9336193413868524,0.9536478081207738,0.7946873270614278,0.831441990067639,0.41709746564115496,0.8146627631770815,1,1,1,1,1,2,1,1,2,3,1.0,1.0,0.5
404,False,0.9320540063311749,0.9736630127262106,0.978677895630112,0.9780837018992223,0.932567198494578,0.9580621405183215,0.8893964018711401,0.7935380077758413,0.3214597341271878,0.8560022099363886,1,1,1,1,1,2,1,1,1,2,1.0,1.0,1.0
858,False,0.9412355714652679,0.9718571376560964,0.9816297128669834,0.9705389444369347,0.9415293137527158,0.9532929170967731,0.914946567802732,0.7456272910899977,0.237820118828109,0.8701281360645698,1,1,1,1,1,2,1,1,1,3,1.0,1.0,1.0
565,False,0.9466633327348412,0.9665421517583617,0.9797324113697768,0.9667226627950791,0.945604587024871,0.9548534712377958,0.8281305481439398,0.7915289509119844,0.4146960513723804,0.8328653382715698,1,2,1,1,1,2,1,1,1,2,1.0,1.0,1.0
488,False,0.9543443972940059,0.973685722431255,0.982342540795919,0.9730279937093647,0.9543706896899313,0.955963287159004,0.8279109243018228,0.7788674895538159,0.43837700487157494,0.8456511529797582,1,1,1,1,1,2,2,1,1,3,1.0,1.0,1.0
495,False,0.9497586904475719,0.9658282492507091,0.9790354453853813,0.9758781149109793,0.9489767045998975,0.9577180072827347,0.8682781191515415,0.8152366256006843,0.37989350077185924,0.8280589457593924,1,1,1,1,1,2,2,1,1,3,1.0,1.0,1.0
575,False,0.9440081720115735,0.9729260248769365,0.9793051948590725,0.958058434312177,0.9376276115812946,0.962202299030699,0.9111506872876861,0.642420591594192,0.42552955323281844,0.8738734258676925,1,1,1,1,1,2,2,1,1,2,1.0,1.0,1.0
49,False,0.9455996317041356,0.9729487354257664,0.9829262009040448,0.9802046556598937,0.9538903339434514,0.957078827574659,0.8963810622633211,0.7167432556630805,0.5410945164761018,0.8890966587180411,1,1,1,1,1,2,1,1,1,2,1.0,1.0,1.0
968,False,0.9409097776071206,0.9731656916673943,0.9795267731232875,0.9743005077350536,0.939499474101697,0.9530633278543958,0.8736396776566216,0.8196601889743534,0.47368791167576946,0.8794960651427987,1,1,1,1,1,2,2,1,1,3,1.0,1.0,1.0
669,False,0.9415635413182702,0.9638590193085169,0.978834020970281,0.9686099788725433,0.9582045264772411,0.9499627901766067,0.9032295049075207,0.8418827445071626,0.4908571016651849,0.865080369115994,1,1,1,1,1,2,1,1,1,2,1.0,1.0,1.0
615,False,0.9464160579943374,0.9702421519843858,0.9846306854786754,0.9656928977090963,0.9504505536606719,0.9542821914094344,0.8749947063403384,0.8056569801945341,0.5534583021994087,0.8589412794459033,1,1,1,1,1,2,2,1,1,3,1.0,1.0,1.0
622,False,0.9487638540047044,0.9751757134884738,0.9806792055074278,0.9657706528938785,0.9381470191469222,0.9558219925196735,0.8821617076661262,0.8352375261788795,0.579326455129453,0.8415150232754972,1,1,1,1,1,2,1,1,1,2,1.0,1.0,1.0
240,False,0.9455363819872957,0.9723929253089852,0.9829549813082679,0.9751424816370649,0.9518160666062402,0.9568731163322134,0.8430024934796939,0.7444495042702266,0.5673917991740643,0.8683439882184995,1,1,1,1,2,2,2,1,1,2,1.0,1.0,1.0
175,False,0.9435644001844778,0.9723977968690874,0.9808493232188011,0.9753760627561459,0.9508868918175387,0.957412028423269,0.8860585287999896,0.7950596505123508,0.5019574286019896,0.8708848784747489,1,1,1,1,1,2,2,1,1,3,1.0,1.0,1.0
558,False,0.9488251896601217,0.9732930043596286,0.9812802911320664,0.9713372406714846,0.9537301363693117,0.9554671201354771,0.8823346203473454,0.7823225806451612,0.3682829181494662,0.8519268712021454,1,1,1,1,1,2,2,1,1,2,1.0,1.0,1.0
224,False,0.9336093866890659,0.967354755125248,0.9778905707566194,0.9731621655189545,0.9389889035338271,0.9465134620894002,0.8238134470783318,0.8359044640451676,0.3882130920170073,0.8259087152960367,1,1,1,1,1,2,2,1,1,3,1.0,1.0,1.0
481,False,0.9497878946574537,0.9728970763040554,0.983214921771769,0.9726482607703877,0.9476539431088118,0.9625685112620702,0.9150044639740759,0.7483264228301406,0.44909750337381915,0.8730728015405725,1,1,1,1,1,2,2,1,1,2,1.0,1.0,1.0
395,False,0.9454855241217358,0.9790794911779679,0.9800596634083191,0.9665144959987166,0.948287904647639,0.953326821032845,0.9213868489299304,0.7082539304430682,0.3563356912060082,0.8529806217425173,1,1,1,1,1,2,1,1,2,2,1.0,1.0,1.0
766,False,0.9434048818746161,0.973073558463829,0.9835388251466216,0.9761197832456321,0.944879014665906,0.9551214818461159,0.8744678040502779,0.8310525343351605,0.35197830403409364,0.8688361573108195,1,1,1,1,1,2,2,1,1,3,1.0,1.0,1.0
100,False,0.9548241747730933,0.9689439049052128,0.9840511614995245,0.9750708675487544,0.9507819357819358,0.9522238443582197,0.9067660302054097,0.8298680754389682,0.49947441385719293,0.8312978325591253,1,1,1,1,1,2,1,1,1,3,1.0,1.0,1.0
275,False,0.9482509981427778,0.9692685500154621,0.9777271864292116,0.9712265647837357,0.9495304089986141,0.9572546719521074,0.9171929853341645,0.6141655253375073,0.3593160242479698,0.7995106743196928,1,1,1,1,1,2,1,1,1,2,1.0,1.0,1.0
949,False,0.9559389114976968,0.9708806896475698,0.9811801374082952,0.9676114175481859,0.9518939333830554,0.9569756103168111,0.9066448449434885,0.811474655534455,0.4418003725737636,0.8674698795180723,1,1,1,1,1,2,2,1,1,3,1.0,1.0,1.0
664,False,0.9424560241920955,0.9706069907586821,0.979695315453115,0.9778945805398863,0.937533057652546,0.9548404351676273,0.8842047284128464,0.8536194510959662,0.6539341619428988,0.8706197569455519,1,1,1,1,1,2,2,1,2,3,1.0,1.0,1.0
230,False,0.9451436327533577,0.9682937176797037,0.9812006075517883,0.975069915433188,0.9417908106183016,0.9565026311884296,0.9049961069066491,0.771374671238347,0.4928112849263044,0.8524546777821888,1,1,1,1,1,2,1,1,1,4,1.0,1.0,1.0
407,False,0.939318146774547,0.9672138759188269,0.9791249169839884,0.9742358855493034,0.9518154461886685,0.9550313931783472,0.9190773442465516,0.7813430773482359,0.6152439721174723,0.7824867206435976,1,1,1,1,1,2,1,1,1,3,1.0,1.0,1.0
151,False,0.9424473840830183,0.9765101823870468,0.9818421959844241,0.9698188133130771,0.9514927630247824,0.961618325860678,0.9130072790125862,0.8282606269264121,0.5172977081951835,0.8574014500880481,1,1,1,1,1,2,2,1,1,3,1.0,1.0,1.0
833,False,0.9424265541638103,0.9739043199960102,0.977642332351889,0.9683146608593131,0.9566230477847019,0.9579199468125292,0.9133668979133243,0.8470186284877572,0.43941777526614023,0.8813667195893476,1,1,1,1,1,2,1,1,2,2,1.0,1.0,1.0
526,False,0.9405093242804777,0.9746717210338876,0.9770320280224428,0.9652878804328159,0.9527087818425268,0.9561790933925658,0.9187443605451868,0.7601537186346168,0.400098138436532,0.8784849622974027,1,1,1,1,1,2,2,1,1,3,1.0,1.0,1.0
680,False,0.9436665405847965,0.9726771822503155,0.9819078742523887,0.972020731502267,0.9561610814763944,0.9492112662835004,0.8632256712037495,0.8644241826844093,0.4607468959853133,0.8840044779266131,1,1,1,1,1,2,2,1,1,3,1.0,1.0,1.0
620,False,0.948335851686179,0.9606968532836117,0.9809626892345298,0.9685382923253503,0.9506842172704658,0.9544918977254203,0.9179892005820277,0.7665092385450327,0.35931340140551926,0.889573677516806,1,2,1,1,1,2,1,1,1,2,1.0,1.0,1.0
415,False,0.9304038250837938,0.9734896538762469,0.9839534557435812,0.9662614301760435,0.9545479145520233,0.9457864202558863,0.8689174120382452,0.7102776093354828,0.5209962657648136,0.8881990488016306,1,1,1,1,1,2,2,1,1,3,1.0,1.0,1.0
741,False,0.9449060862528742,0.9705917056298965,0.981188404469116,0.9726135692449487,0.9565691013781463,0.9557583709056579,0.9171502680269756,0.783443879748471,0.5171672694868166,0.8664573131786246,1,1,1,1,1,2,1,1,1,2,1.0,1.0,1.0
112,False,0.9424367107062094,0.9692436064097444,0.9846424231323695,0.9782972406155006,0.958694878733452,0.9521728722317263,0.8417563340865896,0.8267168590856673,0.3510998441165819,0.8571369299770559,1,1,1,1,1,2,2,1,2,2,1.0,1.0,1.0
410,False,0.948713126363906,0.9704353568344136,0.9837537819509651,0.9759096868787978,0.9558075009920916,0.9551064830687536,0.8586137379724376,0.773636763412489,0.41550756297873515,0.860187648788685,1,1,1,1,1,2,1,1,1,3,1.0,1.0,1.0
758,False,0.9441424562403429,0.9789997569184273,0.9823916532203405,0.962025096117652,0.9417303151072989,0.9525149981026305,0.8792011424142084,0.81659144701057,0.5104989112941399,0.8790468138882469,1,1,1,1,1,2,2,1,1,3,1.0,1.0,1.0
183,False,0.9484509819034445,0.9798208693183591,0.979055249047005,0.969183123964861,0.9536151290500655,0.9493672786635527,0.9241765342337784,0.7544787578911448,0.529550297185152,0.8517566339438499,2,1,1,1,1,2,1,1,2,2,1.0,1.0,1.0
847,False,0.945779242531585,0.9757680419957808,0.9814915328894255,0.9713026957748272,0.9555680625344856,0.9547802163044259,0.882008126349433,0.8140273837042993,0.5775042872995056,0.877929340357914,1,1,1,1,1,2,2,1,1,3,1.0,1.0,1.0
255,False,0.9434588628737294,0.9725102130499178,0.9813133734467503,0.9706187652217858,0.9501925013856524,0.9578634449781013,0.9207724633408971,0.7361247692493488,0.4074496035713455,0.8685422590246255,1,1,1,1,1,2,1,1,1,2,1.0,1.0,1.0
572,False,0.9536636140382074,0.9718482793101496,0.9818627322685767,0.9722326050037784,0.9491945848233279,0.9548106665743886,0.9023445033197727,0.8075156978776229,0.3815518932084902,0.8650846307723774,1,1,1,1,1,2,1,1,2,2,1.0,1.0,1.0
822,False,0.955133077388326,0.9717995372554306,0.9780121975590079,0.9758255740713282,0.9467075722789979,0.9558804603060127,0.9097262536282654,0.7205228462939175,0.5126723214741029,0.8868534443309575,1,1,1,1,1,2,1,1,2,3,1.0,1.0,1.0
938,False,0.9455471634208298,0.971174793936646,0.9805192107995846,0.9737071583012719,0.940580995995981,0.9498169007083068,0.8362344324341516,0.8385602041501579,0.32147813028684397,0.8644793994855142,1,1,1,1,1,2,2,1,1,3,1.0,1.0,1.0
336,False,0.9507568981985887,0.9704203184649062,0.9774054046549725,0.9657159174290372,0.948710670948401,0.9546988701046645,0.8947589915171413,0.8401567871912837,0.36660642291116363,0.8540586086700769,1,1,1,1,1,2,1,1,1,2,1.0,1.0,1.0
640,False,0.9405434280137654,0.9696348602473572,0.9749389093459369,0.9748874900513711,0.9490922449928039,0.945250558813977,0.9291251652557917,0.704661723920754,0.5261878039655817,0.8368103421866863,1,1,1,1,1,2,1,1,2,3,1.0,1.0,1.0
730,False,0.9467931631748577,0.9681938493485223,0.9826356180662771,0.9761460567665985,0.9494652161676406,0.9581080732952308,0.8252696081865609,0.835964049365051,0.3961373314091257,0.8511533044564322,1,1,1,1,1,2,2,1,1,3,1.0,1.0,1.0
371,False,0.9421861051546582,0.9736382108546209,0.9821652656380221,0.9729415616158588,0.9410056197089279,0.9469405741633891,0.8046139474432396,0.8547623383718813,0.3602204025407515,0.8292498537310097,1,1,1,1,1,2,2,1,2,3,1.0,1.0,0.5
722,False,0.9449035787259754,0.9758141202689791,0.9812304152444876,0.9719695138681623,0.9379552458492916,0.9587997179235267,0.9156833762328296,0.63954887961879,0.3799466005530657,0.859030975256558,1,1,1,1,1,2,1,1,1,3,1.0,1.0,1.0
911,False,0.948153864364102,0.9755039048743605,0.9816843991771106,0.9736320187274442,0.9483677600368885,0.9569522202707141,0.8466989434796834,0.7930078633252249,0.35691444600280503,0.865275525954611,1,1,1,1,1,2,1,1,1,3,1.0,1.0,1.0
446,False,0.9521866435806806,0.9766035685402346,0.9778319623910784,0.971989259636707,0.9523801071630631,0.9527013465935629,0.9286815614168348,0.8107499337514353,0.3626445322411106,0.8485015097970531,1,1,1,1,1,2,2,1,1,3,1.0,1.0,1.0
82,False,0.9471262061543513,0.9735339775190733,0.9818041585318403,0.976299567887707,0.9350355086231927,0.95168102372951,0.9117789736410181,0.8358814531235941,0.37020299303600535,0.8240042308013472,1,1,1,1,1,2,2,1,1,3,1.0,1.0,1.0
266,False,0.9467812322858973,0.9728223218480503,0.98155906911804,0.9732547917428661,0.9426787957062774,0.9584277247937271,0.8928389984029989,0.8259226274518322,0.6179805891367274,0.8810690522659563,1,1,1,1,1,2,1,1,2,3,1.0,1.0,1.0
868,False,0.9369111695928617,0.9654127949436784,0.9805596791644661,0.9752747928900878,0.9359229341202162,0.9501052368059933,0.9023629712604709,0.7368860967685401,0.6502440611780019,0.858989372083533,1,1,1,1,1,2,1,1,1,2,1.0,1.0,1.0
218,False,0.9487262698058315,0.9722416732737874,0.9828808622349576,0.9721621238234273,0.9444223518692836,0.960483809604972,0.9272464438533595,0.6103605383055489,0.46679655252121655,0.8852120037832518,1,1,1,1,1,2,1,1,1,2,1.0,1.0,1.0
992,False,0.933193474715014,0.9760979606609127,0.9828376781796142,0.9708241523763075,0.9533912205113434,0.9549851361498031,0.9009348807221148,0.8216445623342175,0.47187736154593546,0.8410040304440833,1,1,1,1,1,2,2,1,1,2,1.0,1.0,1.0
485,False,0.9485736523634031,0.9734547455335834,0.983152115364192,0.972343238855457,0.9418254559490241,0.9551638979645054,0.8960317727441015,0.8164806797979087,0.5679246456105447,0.8692582351204059,1,1,1,1,1,2,2,1,2,3,1.0,1.0,1.0
735,False,0.9455977030338208,0.972453722821364,0.9810333267828037,0.9753439409481421,0.9421088968611752,0.9605569391173917,0.9093574383022592,0.8244842293858887,0.3746495448409539,0.8537163845770501,1,4,1,1,1,2,2,1,1,2,1.0,1.0,1.0
17,False,0.9397877365049921,0.9731877613144576,0.975009992109383,0.9683659142107915,0.93907245996457,0.951251144670878,0.9158946530035174,0.6340806699528276,0.4204253396221086,0.8515806527652537,1,1,1,1,1,2,1,1,1,3,1.0,1.0,1.0
314,False,0.946745855619893,0.9750012251025745,0.981347818887997,0.9732808022097181,0.9518305426178063,0.9491199015313125,0.9050790209777073,0.770217083621464,0.27013516959959194,0.8587943977065904,1,1,1,1,1,2,1,1,2,3,1.0,1.0,1.0
807,False,0.9453935305879863,0.9735869931213622,0.9826872104713754,0.9788954621290292,0.9438876773418932,0.953021149464409,0.8441594601677149,0.7602249440914748,0.39559804591059516,0.8793876109670083,1,1,1,1,1,2,2,1,1,3,1.0,1.0,1.0
543,False,0.9424851459096945,0.9717564693088525,0.9824083696990639,0.9742416547892566,0.9563508367176019,0.9574660204180114,0.9040575335790745,0.8426306583330548,0.4338439525292484,0.8735342153245249,1,1,1,1,1,2,2,1,1,3,1.0,1.0,1.0
866,False,0.9510115503049329,0.9765743854782217,0.9809233980228232,0.9711248741147258,0.9427525532367458,0.9575849610852581,0.8600348101991917,0.8063854418425168,0.5647351938681938,0.8600846306633065,1,1,1,1,1,2,2,1,2,3,1.0,1.0,1.0
319,False,0.9446228927713943,0.9733603847650568,0.9830867749362932,0.9731150457686145,0.9431993805960737,0.9594067744122802,0.9063427348875913,0.8257604978271491,0.41817393190197355,0.8745691583543898,1,1,1,1,1,2,2,1,2,2,1.0,1.0,1.0
330,False,0.9390551240574528,0.9769619017597753,0.9776297727772367,0.972499289785606,0.9497532211001255,0.9538759644769593,0.910047490862933,0.7365399565451393,0.39105224517926973,0.8615871542531945,1,1,1,1,1,2,2,1,1,2,1.0,1.0,1.0
799,False,0.9493632704377009,0.9727344596084885,0.9823037523853283,0.974376660334077,0.952056720359361,0.9584278218522209,0.8740642283618285,0.81165486393079,0.4014169021718091,0.873761596739339,1,1,1,1,1,2,2,1,2,3,1.0,1.0,1.0
59,False,0.9491972986742692,0.976809886224709,0.9755750131080864,0.9675580616565246,0.9394866395992527,0.9563860820765095,0.9295831686395252,0.7873846051301421,0.3592818985001027,0.8666895866758346,1,1,1,1,1,2,1,1,2,2,1.0,1.0,1.0
212,False,0.9558355336660723,0.9725860532922977,0.9833818353666878,0.9731959440312452,0.9477017166732266,0.9502790309820608,0.8926220950012318,0.7887708538677765,0.408542868920033,0.8466595429380543,1,1,1,1,1,2,2,1,2,3,1.0,1.0,1.0
884,False,0.9362663449310333,0.9751952464216228,0.9842007736550813,0.972971904938628,0.9542134634818805,0.9539915510984298,0.786607510944463,0.852540138339564,0.32480803648750073,0.8695145935415974,1,1,1,1,1,2,2,1,1,3,1.0,1.0,1.0
452,False,0.9371764457991085,0.966798331664253,0.9803080952625509,0.9729621963066,0.9551067653859888,0.9582782405796508,0.9058958692359914,0.8404457565031918,0.44666772777916736,0.8878995824717147,1,1,1,1,1,2,2,1,1,3,1.0,1.0,1.0
412,False,0.9464265846613945,0.9709958708099948,0.978744451075449,0.9756430763611995,0.9431082300018432,0.9506766738618135,0.8711875848300527,0.8135747893383268,0.44136655026841093,0.8248205160196925,1,2,1,1,1,2,2,1,1,3,1.0,1.0,1.0
398,False,0.9363883654292943,0.9705893775843364,0.9795683889918598,0.9768392565712258,0.9334041990572578,0.9570967633000034,0.8804214676721663,0.8336453396946973,0.42287923798745697,0.8438555668099318,1,1,1,1,1,2,2,1,1,2,1.0,1.0,1.0
425,False,0.9451292190101408,0.9711675102100648,0.9823042458055095,0.9749691500076708,0.9456383564786717,0.9583824550894388,0.9055863801787736,0.7290636367351944,0.5156892487070305,0.8565230864580106,1,1,1,1,1,2,1,1,2,2,1.0,1.0,1.0
888,False,0.9470748773582499,0.9724748259527218,0.9819838542327246,0.9753866046030515,0.9500252059297026,0.9563742514624606,0.8872248451775093,0.8028395355011808,0.5714472565561441,0.8548332831618649,1,1,1,1,1,2,1,1,2,2,1.0,1.0,1.0
194,False,0.9453152585690654,0.9740149994718496,0.9825640999565898,0.9673980543505779,0.9540808058476759,0.9624231274326919,0.8967198431593212,0.6646487175402263,0.3818670764502497,0.8369308579635897,1,1,1,1,1,2,1,1,1,3,1.0,1.0,1.0
524,False,0.9448126152895565,0.9759774692233145,0.9789219401693116,0.9790369871692407,0.9459100734812549,0.9594230598030279,0.9222411155082784,0.6908825912397195,0.30836888743025925,0.8549993542358331,1,1,1,1,1,2,1,1,1,2,1.0,1.0,1.0
152,False,0.9509979526208845,0.960155187740888,0.9775683280882311,0.9752405073845929,0.9331377780644142,0.9545738195433381,0.8829752528312439,0.8041161208891382,0.37314737076572485,0.8471933554711452,1,1,1,1,1,2,1,1,1,2,1.0,1.0,1.0
978,False,0.9491995331439884,0.9697000405350629,0.9820348383233298,0.9740786224267985,0.9392894208402092,0.9532318608355868,0.9283391358324562,0.6975151912817733,0.3571410266266882,0.8748051571430298,1,1,1,1,1,2,1,1,2,2,1.0,1.0,1.0
463,False,0.9369664558708864,0.9756174183858097,0.9829659471156651,0.9713582683818808,0.9445444828549143,0.9571734132292977,0.8978825058163,0.7754774168971629,0.25116294094844294,0.8525930091107216,1,1,1,1,1,2,2,1,1,2,1.0,1.0,1.0
200,False,0.932383665716999,0.9736240185159499,0.978375828062248,0.969898808761368,0.9280889424185228,0.9564269701413032,0.8793992878154513,0.8074108755267206,0.29156701674118746,0.8685418257349983,1,1,1,1,1,2,2,1,1,2,1.0,1.0,1.0
597,False,0.936650470303203,0.9644319117300276,0.9823933605411809,0.9674120619575964,0.9569121964484912,0.9487386534499082,0.7677464383955331,0.7697006285734579,0.42348351191244604,0.8765400659246851,1,1,1,1,1,2,4,1,2,3,1.0,1.0,1.0
552,False,0.9342839538185878,0.9725528097920707,0.9797078649002036,0.9718949955153362,0.9467486304118059,0.9558518727528107,0.8785723042435069,0.8530372945251589,0.4025205960589861,0.8755581854043393,1,1,1,1,1,2,4,1,1,3,1.0,1.0,1.0
893,False,0.9474829737338232,0.9703997012188358,0.9823870717589387,0.9738911035061038,0.9442746016259516,0.9582779680472118,0.8821231126073885,0.8232662492047015,0.43069382236119325,0.8044633120059161,1,1,1,1,1,2,1,1,1,2,1.0,1.0,1.0
382,False,0.931496979663611,0.971868767504744,0.9775455060669613,0.9678764374901926,0.9398091629147093,0.9488091290354043,0.9182876323993039,0.7098052861703255,0.41177367034593865,0.8792746450756275,1,2,1,1,1,2,1,1,2,3,1.0,1.0,1.0
617,False,0.950883455291808,0.972618383228573,0.9820112243805854,0.9743467516636548,0.9489703223012819,0.9572082899984158,0.9285068085562644,0.6005526980911263,0.4647347362429478,0.8725234629801877,1,1,1,1,1,2,1,1,1,3,1.0,1.0,1.0
470,False,0.9383048590107325,0.9745535042661566,0.9810550188151271,0.964399941326922,0.9370811901779671,0.9563416884779498,0.9213821087569741,0.6792600776989699,0.32716379090127956,0.8792894476242912,1,1,1,1,1,2,1,1,1,2,1.0,1.0,1.0
839,False,0.9498759467316544,0.9724809278149291,0.9807084101118859,0.9794157669485903,0.9458833392508849,0.9543210076087879,0.8759324753337344,0.8274673148376182,0.5095788771990841,0.8506669232024026,1,1,1,1,1,2,2,1,1,2,1.0,1.0,1.0
121,False,0.950836060889539,0.9734473961770069,0.9837665368329048,0.9770493567593123,0.9489522994133281,0.9593343310042971,0.8917665418370894,0.8450853380870854,0.48654809393839415,0.8568202522550264,1,1,1,1,1,2,1,1,1,3,1.0,1.0,1.0
299,False,0.9467751481035083,0.964603642652659,0.9817654975694026,0.9661629103090644,0.9541037937849275,0.9573375634540147,0.9053155345466984,0.7846429080726499,0.6843451675297935,0.8830014839902038,1,1,1,1,1,2,2,1,2,2,1.0,1.0,1.0
267,False,0.9386351064908766,0.9714001567114701,0.9803956303513434,0.9660050166123485,0.9461320276664495,0.9524099266046695,0.9217584010164243,0.7317362692801341,0.42001617276316416,0.8260210109525178,1,1,1,1,1,2,1,1,1,2,1.0,1.0,1.0
94,False,0.949002326373201,0.9711955743735631,0.9827481027466564,0.9757894720863194,0.9493696647144547,0.96115243725098,0.8873646159386167,0.7790651938772165,0.44396308714874927,0.8459085811839925,1,1,1,1,1,2,1,1,1,2,1.0,1.0,1.0
691,False,0.948946816431863,0.9719163219032563,0.9831684644077454,0.9714724098626892,0.9510275175925335,0.9545625385426587,0.8758648675025554,0.8416979316034493,0.46589916956000893,0.8607962253911785,1,1,1,1,1,2,2,1,2,2,1.0,1.0,1.0
509,False,0.9515400345854481,0.972867118927494,0.9806362741391508,0.975525541904217,0.9464423568298703,0.9519872273186147,0.9251777714042705,0.820057950446455,0.3838509945506386,0.8199996441977548,1,1,1,1,1,2,1,1,2,2,1.0,1.0,1.0
629,False,0.9423779315283278,0.9756643786667553,0.9832534340084012,0.971155603370874,0.9479362451611297,0.9541757200424991,0.9147351416238858,0.7907655338139375,0.5031297765485115,0.8630384170018454,1,1,1,1,1,2,1,1,1,2,1.0,1.0,1.0
836,False,0.9376669196967915,0.9721678280100249,0.9803701481099569,0.9704265779605188,0.9380495306155531,0.9552758517147241,0.9072365127603521,0.8186193423800364,0.43622117752406536,0.8689697855084145,1,1,1,1,1,2,1,1,2,3,1.0,1.0,1.0
405,False,0.9390304447659892,0.9659277668064585,0.9779976783213253,0.9742704423186701,0.9410253367800664,0.9592929537939102,0.8906444456468806,0.8170133385909171,0.4133546506160068,0.8553149572517564,1,2,1,1,1,2,2,1,1,2,1.0,1.0,1.0
491,False,0.948197937700795,0.9740862182521923,0.9859363425079564,0.9757511311593214,0.947539068582588,0.9574776117081898,0.9073314244834294,0.7825708908478299,0.5455379865659811,0.8673078840856806,1,1,1,1,1,2,2,1,1,2,1.0,1.0,1.0
500,False,0.9421069603754124,0.973586810015482,0.9741822602763757,0.9778039810083318,0.9460998047856733,0.949342598982065,0.8891770625307985,0.7983676868623777,0.463385297516568,0.8312831454988949,1,1,1,1,1,2,1,1,1,2,1.0,1.0,1.0
469,False,0.940136747961177,0.9690743330380204,0.9778015053744841,0.968091600428168,0.9442983308089505,0.9605607695524885,0.9260550705761775,0.6514747635047176,0.5682212284384411,0.8807089415716677,1,1,1,1,1,2,1,1,2,2,1.0,1.0,1.0
985,False,0.9359033271342933,0.9690893991290728,0.9785680718583883,0.9778873283047265,0.9390311348433218,0.9503376792741619,0.8115786399902035,0.8225909054349495,0.4165685697469099,0.8542952315489724,1,1,1,1,1,2,1,1,1,2,1.0,1.0,1.0
860,False,0.9454980620381775,0.9740694522803126,0.9807875560978832,0.9712368380388954,0.9521953129298091,0.9600140859566585,0.9004941694462437,0.818809020144621,0.35463042398518985,0.8957179632500051,1,1,1,1,1,2,1,1,1,3,1.0,1.0,1.0
310,False,0.9267123764079628,0.9770138537101073,0.9824691235255552,0.9726263386761528,0.9521315746558031,0.9476953520640254,0.8421019874693996,0.7990311556455092,0.3605686010525764,0.8332266362940125,1,1,1,1,1,2,2,1,2,3,1.0,1.0,1.0
762,False,0.9525836358335212,0.9739287691750019,0.982750946262264,0.9738244151030808,0.9437474927663643,0.9530131736983586,0.9125196272872245,0.775339424472718,0.42440333128388574,0.8772148076030272,1,1,1,1,1,2,1,1,2,2,1.0,1.0,1.0
856,False,0.9455195167374103,0.9781553448733018,0.9806514034100445,0.9665225264127001,0.9479779140183825,0.9574428911101298,0.9220985551379974,0.656722434992945,0.5288033895628832,0.8881570371506345,1,1,1,1,1,2,1,1,1,2,1.0,1.0,1.0
229,False,0.9564171326968329,0.9740591931467185,0.9772758409955404,0.9729034159378135,0.949244127383123,0.9458777133067188,0.9294468825677766,0.7636788717523285,0.5604750123701138,0.8435809810833356,1,1,1,1,1,1,1,1,2,3,1.0,1.0,1.0
641,False,0.951387435873248,0.9683801899190068,0.9806213115597463,0.9633306112093366,0.9512299900243435,0.9555650435584158,0.9101763427719162,0.8173318815003943,0.5383702296872218,0.8572212230840272,1,1,1,1,1,2,2,1,1,2,1.0,1.0,1.0
454,False,0.9329654372700469,0.9764827167706992,0.9786229044674141,0.9583674522927941,0.9380387612849646,0.9561403679226768,0.8770645802519833,0.8458577935839038,0.2338278127751812,0.8766910765817545,1,1,1,1,1,2,2,1,1,2,1.0,1.0,1.0
88,False,0.9524731439557446,0.9730231014236596,0.9824553603123254,0.9762406395222846,0.9480734339862498,0.9554742212992215,0.8895218161011728,0.7852494028737884,0.47989764496682136,0.8652106845269486,1,1,1,1,1,2,1,1,1,3,1.0,1.0,1.0
801,False,0.9506088915648611,0.9744427297776752,0.9766556230947556,0.9688223967016104,0.947624699002408,0.9521625607340809,0.9189616601850348,0.7127935178039907,0.46363802894302986,0.8739839920580753,1,1,1,1,1,2,1,1,1,3,1.0,1.0,1.0
362,False,0.9413222244845683,0.970691205128062,0.9810920009212318,0.9710435461718687,0.9571846782658463,0.9478339978362675,0.9014111285269922,0.8217116176199545,0.4708022299914958,0.8864147159503475,1,1,1,1,1,2,2,1,1,3,1.0,1.0,1.0
105,False,0.9370517235931625,0.9764686576515853,0.9799473355384323,0.9783563583885064,0.9380757647588481,0.9544600330599388,0.8970614644855495,0.8098446294529819,0.43360140005833575,0.854823769756569,1,1,1,1,1,2,2,1,2,2,1.0,1.0,1.0
248,False,0.9504043554137505,0.9716899466458846,0.9827779289485307,0.9750228893551155,0.9521277104515586,0.9562782657140985,0.9030860988924067,0.8306757591418451,0.4065219887472729,0.8467056092878608,1,1,1,1,1,2,1,1,1,3,1.0,1.0,1.0
445,False,0.9458686424223866,0.9720721056002696,0.9807907754035575,0.972665430230939,0.9576331028544728,0.9511723523698499,0.8608849832399342,0.7804331396106434,0.5056702931956482,0.8546311775644758,1,1,1,1,1,2,2,1,1,2,1.0,1.0,1.0
22,False,0.942409030476874,0.9795225915965199,0.9815014338294079,0.9793160931739797,0.9470827554505639,0.9576155210022721,0.9011787937595428,0.7815353478301797,0.3429423035980413,0.8180863903519521,1,1,1,1,1,2,1,1,2,2,1.0,1.0,1.0
627,False,0.9488188829812977,0.9687821889077799,0.9771422386168691,0.9759177210710335,0.9519066042337455,0.9586459036593509,0.9158456519308095,0.7784352829633504,0.3993710014432501,0.874484155449597,1,1,1,1,1,2,1,1,1,2,1.0,1.0,1.0
205,False,0.9482966873415533,0.9744163659831478,0.980494216308324,0.9751757115833736,0.9557088758521524,0.9559835701109854,0.8463902801317819,0.8342849308092333,0.5681635069141852,0.8676223223513994,1,1,1,1,1,2,2,1,2,2,1.0,1.0,1.0
684,False,0.9427472560780523,0.9705694565617243,0.9828195373337806,0.9736310753662786,0.9430848373155212,0.9534182666052691,0.8813971482259313,0.7711997487437185,0.32903225806451614,0.8420959993373643,1,1,1,1,1,2,1,1,1,2,1.0,1.0,1.0
356,False,0.9478997227254894,0.9730738079065614,0.9839355579199585,0.9686384233643067,0.9478033986334546,0.9589894675074964,0.8766578724318645,0.8405723678891913,0.3516593972681421,0.8692595098702598,1,1,1,1,1,2,2,1,1,3,1.0,1.0,1.0
739,False,0.9350785855825918,0.9717041840307403,0.9811140403011613,0.9657676044851339,0.9500933776741415,0.9475894775806694,0.8296297382076163,0.7705604075691412,0.14096590032402406,0.8705446389390024,1,1,1,1,1,2,2,1,1,3,1.0,1.0,1.0
525,False,0.9432286903279598,0.9718657716124731,0.9793120561860683,0.9742854859645751,0.9500168260189639,0.9544693750702699,0.9049741905208822,0.8196623248440982,0.44053333333333333,0.8728289582598556,1,1,1,1,1,2,1,1,1,4,1.0,1.0,1.0
46,False,0.9400184098043275,0.9762524964105038,0.9798794447371768,0.9780243450622986,0.9596569302858965,0.9557381898265983,0.9148508114592966,0.570073931211829,0.46256765098551517,0.8864748238992434,1,1,1,1,1,2,1,1,2,2,1.0,1.0,1.0
602,False,0.9464515611450052,0.9726087616294259,0.9784523107734096,0.9758563865741083,0.9470635272570398,0.9536929903012766,0.9139505248892574,0.7807306102484919,0.3685420339663907,0.8596458098999171,1,1,1,1,1,2,2,1,2,3,1.0,1.0,1.0
450,False,0.9500702893984198,0.9747630496068735,0.9774999513911843,0.9638908745167984,0.9420732578178806,0.9502996233157617,0.9281142570585867,0.6566815670155854,0.3127064977973568,0.8701676182080528,1,1,1,1,1,2,1,1,1,2,1.0,1.0,1.0
679,False,0.9348827943227271,0.9759367271520337,0.9829297882305145,0.9762837705606321,0.953427219851385,0.9554484005174421,0.8518411888898029,0.849141773217049,0.5090645395213923,0.8630091265867946,1,1,1,1,1,2,2,1,1,3,1.0,1.0,1.0
87,False,0.9405769900844897,0.9695389997296405,0.9804857688059311,0.9748045744654836,0.9471116104057822,0.9574514160795201,0.9109922920653035,0.779553236588945,0.4801894574385993,0.8543746469379133,1,1,1,1,1,2,2,1,1,4,1.0,1.0,1.0
611,False,0.9511054901644631,0.9692770054331137,0.9822986047447746,0.9746605215581997,0.9566561111605701,0.9565511327118591,0.9022413583817093,0.8026567294548713,0.36831443230655636,0.8678135881474023,1,1,1,1,1,2,2,1,1,3,1.0,1.0,1.0
903,False,0.9453627814207801,0.9700608447601282,0.9823463839810924,0.9720995652167503,0.9500501166914569,0.9532809838468962,0.9155798211061008,0.826497619094276,0.5144681093610473,0.8883998370343029,1,1,1,1,1,2,1,1,1,3,1.0,1.0,1.0
789,False,0.9488655583736533,0.9775654626694291,0.9813370596102076,0.9746033246783828,0.9612119394030298,0.9521400968746302,0.9000634981594262,0.7831407837445573,0.5351067860490158,0.8823704492762704,1,1,1,1,1,2,1,1,1,2,1.0,1.0,1.0
964,False,0.943643680088952,0.9645988566053819,0.9737894759761487,0.9794117002640703,0.948087197693315,0.9556108359243608,0.7830768671104805,0.8252858794809199,0.505058882069995,0.8090750639653155,1,1,1,1,1,2,2,1,2,2,1.0,1.0,1.0
72,False,0.954055821559513,0.9695112756863918,0.9822065962049034,0.9688663761686777,0.9543143362380827,0.9595561412501089,0.9126824647555181,0.8299109611241396,0.5651927161875111,0.8706980821612821,1,2,1,1,1,2,2,1,1,2,1.0,1.0,1.0
428,False,0.9143311813956853,0.9710382134879622,0.9768941253477336,0.9671277195968426,0.9224801743988428,0.9634644342030744,0.916857595429024,0.6815078534031414,0.2419235462383229,0.8546395573676054,1,1,1,1,1,2,1,1,1,2,1.0,1.0,1.0
881,False,0.9419517792972179,0.972508068434546,0.9817450121372681,0.9748345516674597,0.9457764747463908,0.9569550989158527,0.8931678857500006,0.8213951232962676,0.3795239509525224,0.8491816042692317,1,1,1,1,1,2,2,1,2,2,1.0,1.0,1.0
940,False,0.9416944009929917,0.973406335893228,0.983025527716402,0.9764445516015388,0.9538691805573352,0.9553345168577675,0.9058238714748269,0.7821709217776909,0.4521786941580756,0.8747449861855373,1,1,1,1,1,2,1,1,1,3,1.0,1.0,1.0
353,False,0.9486359824899252,0.9680110344546516,0.9815197535175301,0.9686261805167344,0.9410756237076864,0.9592333291577106,0.9060623028040705,0.7873438893844782,0.572898264574457,0.8750400184404974,1,2,1,1,1,2,2,1,1,3,1.0,1.0,1.0
649,False,0.9424171809157711,0.9708494341831189,0.9785061387679723,0.9709511301145186,0.9426780655509374,0.9542241972327278,0.9019928434016085,0.8299025147600891,0.485816535971791,0.867396575123134,1,1,1,1,1,2,2,1,1,3,1.0,1.0,1.0
397,False,0.9426369956752614,0.970164404565847,0.9826698804567477,0.9689494551920752,0.9524353961055901,0.9604824752570946,0.9363732610739696,0.8256680633337979,0.48487123294305673,0.8640577527331273,1,1,1,1,1,2,2,1,1,2,1.0,1.0,1.0
656,False,0.9471843663993794,0.9795090794668438,0.9807657195195321,0.974977563898723,0.9503697033852853,0.9563206132311282,0.9010394975053759,0.7808174362329795,0.3785573037572006,0.8709604201397857,1,1,1,1,1,2,2,1,1,2,1.0,1.0,1.0
594,False,0.9465154790567721,0.9762567092640431,0.9818956801851414,0.9699375580005386,0.9568748959085105,0.9543312463986311,0.9259378914179588,0.739877658025051,0.3457956787008578,0.8177785333236192,1,1,1,1,1,2,1,1,1,1,1.0,1.0,1.0
282,False,0.9415292452141922,0.9772975143557001,0.9827900148494012,0.9796432628320008,0.9402293000724733,0.9578299191049221,0.8828537892573018,0.8195301721007915,0.5915447934148486,0.85012771636342,2,1,1,1,1,2,2,1,1,2,1.0,1.0,1.0
705,False,0.9495198878798267,0.9763449322254454,0.9790036070263649,0.9768248643277608,0.9513413200766881,0.9598477197769179,0.9139105665391702,0.6701646503130361,0.3320356853203569,0.8648590853915483,1,1,1,1,1,2,2,1,2,3,1.0,1.0,1.0
654,False,0.9413272865722142,0.9725764841726394,0.97942227980133,0.958968025250446,0.9484214220421966,0.9536102487573318,0.9191470610295772,0.6991946859989644,0.4742054693274205,0.9035383366563299,1,1,1,1,1,2,1,1,1,2,1.0,1.0,1.0
448,False,0.9440043163802492,0.971333737388956,0.9825540030886881,0.9736373850825568,0.9483516423843217,0.9624905306762301,0.903893652656523,0.7601493417174298,0.3651665003175755,0.8784249629492705,1,1,1,1,1,2,1,1,1,3,1.0,1.0,1.0
347,False,0.9416552451238798,0.9757232323523616,0.9795182823324311,0.9655056541838704,0.9357954368645744,0.951971324207894,0.9067151475534856,0.6280852392475217,0.3927296332359623,0.8850343120125501,1,1,1,1,1,1,1,1,1,2,1.0,1.0,1.0
465,False,0.9494034316985164,0.9760431139741484,0.9826801762377554,0.9787062880587156,0.945350655666138,0.9617866748285675,0.8499295356001114,0.8528499942112507,0.4465519687113705,0.8428797248704732,1,1,1,1,1,2,2,1,1,3,1.0,1.0,1.0
775,False,0.9450637651606074,0.9750957984333141,0.9836745186550698,0.9783374616971917,0.9568827052400509,0.9551342799072393,0.886733126094258,0.8213483270429114,0.3397222541030644,0.8870148083360979,1,1,1,1,1,2,2,1,1,3,1.0,1.0,1.0
941,False,0.9389640077931499,0.9742814943608583,0.9842299702912017,0.9713823477317989,0.9487743780406701,0.9506205453544199,0.8973350364997164,0.7885263555375299,0.3534072448485194,0.8679532259383432,1,1,1,1,1,2,1,1,2,3,1.0,1.0,1.0
675,False,0.9369856928112791,0.964418928703991,0.9818295214296803,0.970250600240096,0.9581953550634804,0.952764614707373,0.9251873208202552,0.6918881755595403,0.41664520191179416,0.8900669825191962,1,1,1,1,1,1,1,1,1,3,1.0,1.0,1.0
222,False,0.9395207341296699,0.9683469673520525,0.978477940177324,0.9734068205923586,0.934050041193538,0.9510955815814663,0.8981041310285515,0.8290019227407796,0.25746723964136026,0.8476312632570805,1,1,1,1,1,2,2,1,1,2,1.0,1.0,1.0
986,False,0.9282722172886569,0.9689462585131299,0.9765671014928563,0.9691391240840258,0.932699147632298,0.9571462092127805,0.8977014609467762,0.8435655456417296,0.42353758474739805,0.810477657935285,1,1,1,1,1,2,1,1,1,2,1.0,1.0,1.0
14,False,0.945835440938508,0.9734787443071908,0.9835160061564899,0.9758778975512299,0.9330490977349595,0.9515755808823397,0.8354700002847624,0.7695937510737478,0.3746656176239182,0.8525748542380207,1,1,1,1,1,2,2,1,1,3,1.0,1.0,1.0
4,False,0.9418591362173706,0.9596705136372391,0.9787587499888756,0.9752070146007471,0.9407248662060721,0.9593673803531394,0.8771278721883744,0.8179417402844619,0.440295519889362,0.835458197786517,1,1,1,1,1,2,2,1,1,3,1.0,1.0,1.0
962,False,0.948577631539272,0.9719904704955532,0.9780857782095499,0.974784540872957,0.9523893041996965,0.95581963960808,0.9110706393185932,0.7534689642230293,0.2960999093002163,0.8661569035468724,1,1,1,1,1,2,1,1,2,2,1.0,1.0,1.0
261,False,0.9501383486931279,0.969045694720259,0.9808575158148408,0.9771083375606089,0.9424447188942993,0.9478395297479952,0.9318906599384008,0.6505173091895623,0.4488100662437349,0.8964270795852617,1,1,1,1,1,1,1,1,2,2,1.0,1.0,1.0
158,False,0.9528733250315191,0.9687927047379765,0.9772691166837502,0.9717871677183755,0.9430217997817825,0.9594526906535193,0.9099414259745506,0.7612224101524335,0.3686440677966102,0.8557232283873051,1,1,1,1,1,2,2,1,1,3,1.0,1.0,1.0
370,False,0.9600647791334576,0.9729740117482015,0.9714774854193416,0.9805535434166279,0.9444713677495311,0.9548004264985397,0.90051691228875,0.8311745154627894,0.45694400056816165,0.8418279290699984,1,1,1,1,1,2,2,1,1,3,1.0,1.0,1.0
909,False,0.9469362138735643,0.968103274372985,0.9822310271258763,0.9713938192169509,0.9432843272602113,0.9519425095237691,0.8973017585953149,0.8194401875429717,0.46913418208863805,0.825964260936416,1,1,1,1,1,2,1,1,2,3,1.0,1.0,1.0
213,False,0.9470080351770944,0.9669132261592072,0.9814874474413022,0.9732457342611996,0.9504243453458033,0.9549588995909103,0.8855573789556656,0.8064347873829851,0.2893552804404326,0.8693040495143342,1,1,1,1,1,2,3,1,1,3,1.0,1.0,1.0
394,False,0.9398662290616815,0.9739434060442873,0.9817615979141296,0.9776277378042665,0.9416936919733483,0.9575143165303658,0.8700185750105485,0.8659918492809856,0.5037017350696685,0.8300434719304449,1,1,1,1,1,2,2,1,2,2,1.0,1.0,1.0
662,False,0.9427015342637879,0.9733488897667454,0.9816095709297703,0.9759078941648137,0.9302063452387349,0.952502142571849,0.8980830369227863,0.82500066237448,0.4191655044165504,0.8663082556039696,1,1,1,1,1,2,1,1,1,3,1.0,1.0,1.0
493,False,0.9398118874780574,0.9702001223455388,0.9818088707995272,0.9768579259234131,0.9507610592679062,0.9577391774871299,0.8968037475372043,0.8429718682375571,0.4961848019232779,0.8646823329702714,1,1,1,1,1,2,2,1,2,3,1.0,1.0,1.0
254,False,0.9396855538473565,0.9692439522108236,0.9819263748769971,0.9733162329802832,0.9395802249294247,0.9537294001318392,0.9072477520305917,0.7868753093778097,0.5158045292014303,0.8703781731711896,1,1,1,1,1,2,2,1,1,2,1.0,1.0,1.0
616,False,0.9522823074577035,0.9687134201728674,0.9794017216419958,0.9608037428786641,0.9426892848337612,0.9523541202267781,0.8887372567720792,0.7988376555732222,0.3874798295337002,0.8438540168987454,1,1,1,1,1,2,1,1,2,3,1.0,1.0,1.0
316,False,0.9424849730605126,0.9707877505478825,0.982459240619069,0.9743693990518859,0.9410280826758851,0.9566531145070889,0.9041209916597027,0.7571435770800786,0.2822161133432015,0.8653490285942921,1,1,1,1,1,2,1,1,1,2,1.0,1.0,1.0
56,False,0.9417932215636164,0.9698399698065927,0.9787137295538579,0.9689119111970651,0.9352880525063839,0.9613162199431663,0.9145154918933773,0.7899293688767373,0.2742705783200225,0.8460272523785427,1,1,1,1,1,2,1,1,2,2,1.0,1.0,0.5
844,False,0.9399245633308466,0.972985285308634,0.9843045332470263,0.9739688841153091,0.9503981670209712,0.9565529319251989,0.9282044466728485,0.7442780320874628,0.4199915706659174,0.8494497879046035,1,1,1,1,1,2,1,1,1,3,1.0,1.0,1.0
78,False,0.9305996875203786,0.9692909607095924,0.9792513559171334,0.9726865538180567,0.9371698521011517,0.9537664816935195,0.8689564534810879,0.8188308262175753,0.46208617534520047,0.8376004997689077,1,1,1,1,1,2,2,1,1,2,1.0,1.0,1.0
674,False,0.945645218956098,0.9709456022631465,0.9846668047698041,0.9767870428549164,0.9525360521875157,0.9533103489907049,0.8709335533288466,0.8113544325662629,0.3587108827650631,0.8793457569381825,1,1,1,1,1,2,1,1,2,2,1.0,1.0,1.0
233,False,0.9483161987041037,0.9765111468627902,0.9819510758273526,0.9516171606040694,0.9459899430173275,0.9531889001351501,0.8657570156276256,0.7842202516974819,0.34132114907888983,0.8270613639698945,1,1,1,1,1,2,2,1,1,2,1.0,1.0,1.0
851,False,0.9441522550956568,0.972899602153054,0.9828369911533817,0.9716356599054279,0.9488633383588855,0.956375675247235,0.7805011250191144,0.8000807265388497,0.40917043541412207,0.823141829159695,1,1,1,1,1,2,2,1,2,2,1.0,1.0,1.0
374,False,0.9529433865766047,0.9728462632361362,0.9826821563094869,0.9680523757355498,0.9450670279383098,0.9555683150087549,0.914571693146466,0.7567783960607811,0.5405148263650299,0.8689888858769315,1,1,1,1,1,2,1,1,1,3,1.0,1.0,1.0
768,False,0.9441028264781994,0.9706707760356303,0.9811802471966594,0.9616909285905146,0.9334594475297382,0.9550485457834036,0.9272274431739271,0.7850968789882817,0.3177150192554557,0.8588110924264795,1,1,1,1,1,2,1,1,1,2,1.0,1.0,1.0
20,False,0.9349491706555834,0.9690610464318408,0.9786998605494925,0.9685864367336782,0.9253145544030859,0.9594743349203423,0.8732092296983323,0.7188046740310325,0.3647239646076517,0.8608396034034175,1,1,1,1,1,2,2,1,2,2,1.0,1.0,1.0
40,False,0.9500109827040126,0.9693856215709888,0.9810346434809252,0.970985650685539,0.9459925136699661,0.9557265606699825,0.8667030416632946,0.7610486039002603,0.3059995986890509,0.8047934600854648,1,1,1,1,1,2,4,1,2,3,1.0,1.0,0.5
492,False,0.9428926525109538,0.9784513650654104,0.979993129102683,0.9731992041431088,0.9494717688575209,0.9542201919577628,0.8888004643846903,0.8358298046969725,0.4373916447625972,0.8427434365637908,1,1,1,1,1,2,2,1,2,3,1.0,1.0,1.0
280,False,0.9424194622874387,0.9685611962819821,0.9821001888119503,0.9727557422243084,0.9523209642205076,0.9523021618561615,0.9240728351655999,0.8037148068174671,0.3650071493565579,0.8787589977678012,1,1,1,1,1,2,1,1,1,2,1.0,1.0,1.0
62,False,0.9546859927437833,0.9731878446833789,0.9821399159701614,0.9725493614448446,0.9552049372456264,0.9570902413802465,0.9035454293059497,0.7951959883290355,0.353728355168417,0.8547723061590785,1,1,1,1,1,2,1,1,1,3,1.0,1.0,1.0
522,False,0.9444080949171925,0.9659551104669039,0.9806620145297946,0.9739570432751848,0.9455475241626347,0.9545331359054596,0.8744045152532686,0.8137164553229136,0.3897494361694218,0.8362853365478088,1,1,1,1,1,2,6,1,1,2,1.0,1.0,1.0
32,False,0.9444122768876468,0.9692903571879339,0.9747463424741757,0.9780655088586455,0.9288933734745923,0.956335495974361,0.9115157338009711,0.7869659713366857,0.5206011246072879,0.7185047671633096,1,1,1,1,1,2,2,1,1,2,1.0,1.0,1.0
487,False,0.9469621976895517,0.9714648696698874,0.9795399769281038,0.9796926982471821,0.9526807206347268,0.9578493679759682,0.9096916299559471,0.783102721524787,0.2983649468192962,0.844703502030064,1,2,1,1,1,2,2,1,2,2,1.0,1.0,1.0
676,False,0.9440977505411635,0.9748293116643976,0.9819230199749747,0.9730660098637446,0.9546234481397987,0.9588964308927803,0.9150133023335648,0.5918919683524608,0.4681214421252372,0.8654298532799806,1,1,1,1,1,2,1,1,1,2,1.0,1.0,1.0
247,False,0.9298586713825048,0.9736861304701955,0.9800243750185785,0.9591829348293257,0.9417044291095551,0.9571390580841624,0.9163533012680367,0.5752999958478083,0.44857545978860863,0.8640732879007932,1,1,1,1,1,2,1,1,1,2,1.0,1.0,1.0
747,False,0.9514761337342763,0.973726753702334,0.9814913941880219,0.9748013739937593,0.9503950417574911,0.9572952595823359,0.8982062780269058,0.8122529082169573,0.4805751765893037,0.8713559435913132,2,1,1,1,1,2,1,1,2,3,1.0,1.0,1.0
668,False,0.9513401589242054,0.9691604815672215,0.9776720340153806,0.9699075087394549,0.9579738484937136,0.9512477116194075,0.9040783124931857,0.822523765716038,0.5647647806738716,0.8573520352133425,1,1,1,1,1,2,1,1,1,3,1.0,1.0,1.0
300,False,0.9420704238809176,0.9721368286479286,0.9791935742218785,0.9753411526680297,0.9425840076308111,0.9580211303191593,0.8867087011349306,0.7879434800592419,0.42057117358322177,0.8511879086940769,1,1,1,1,1,2,2,1,1,2,1.0,1.0,1.0
400,False,0.9461192633332572,0.9694164775003338,0.9803095090726317,0.9709594641375483,0.9342398176216954,0.9520640721447987,0.9242540311981314,0.817065166432255,0.4751296062771473,0.8696017523651264,1,1,1,1,1,2,1,1,2,3,1.0,1.0,1.0
842,False,0.9395160052107608,0.9667965657749644,0.9819468932519168,0.9771451040510475,0.9431121650147314,0.9529217164108897,0.8863860983421845,0.8345587593216787,0.4563103286215249,0.8604348904505994,1,1,1,1,1,2,2,1,1,2,1.0,1.0,1.0
560,False,0.9486491415034523,0.9745627460910228,0.9784505717065081,0.9738453124448678,0.9482637016139069,0.9550580563400377,0.9045739414302529,0.8197224196625641,0.3585914372818451,0.8542360505084685,1,1,1,1,1,2,2,1,1,3,1.0,1.0,1.0
955,False,0.942049391531314,0.97089248248626,0.9817161312768535,0.9712323196004555,0.9541182255086292,0.9544696076430041,0.8971643081905674,0.8244357295227804,0.41675239253093926,0.8900141127474306,1,1,1,1,1,2,1,1,1,3,1.0,1.0,1.0
47,False,0.9480869326685024,0.971192772284343,0.9801726050124947,0.9750600812351118,0.9408424224767384,0.9594462694447239,0.8837460328236113,0.7939574230733476,0.2639565138985496,0.8849623112218193,1,1,1,1,1,2,3,1,1,2,1.0,1.0,1.0
434,False,0.9486623560888972,0.9755815189122982,0.9780408316906222,0.9755525577662572,0.9383573093795216,0.9525055510145282,0.9159583899911341,0.7219924940293415,0.2281871577334506,0.8662599969265923,1,1,1,1,1,2,1,1,2,2,1.0,1.0,1.0
715,False,0.9452024265674399,0.9734520323844792,0.980255241057701,0.9666110893160716,0.9421303237252981,0.9619285217470981,0.8761004095810776,0.8382827082979807,0.42022730271217745,0.8560454035418665,1,2,1,1,1,2,1,1,1,3,1.0,1.0,1.0
178,False,0.9531648543428648,0.9682025624911377,0.9835919278684795,0.9708034942411957,0.9516888525454553,0.9570973225669358,0.8288984239208014,0.8593855795424127,0.4166317620904082,0.8351379163215621,1,1,1,1,1,2,1,1,1,3,1.0,1.0,1.0
161,False,0.9392524990431311,0.9742763614534676,0.9832033174146804,0.9765725815912344,0.9579255948654836,0.9576161184084038,0.87840767260067,0.7793619367783255,0.4123785411249487,0.8862542445271725,1,1,1,1,1,2,2,1,1,3,1.0,1.0,1.0
777,False,0.9519926134677384,0.9738814976615469,0.9830223433364343,0.9696923440669318,0.9558602852234945,0.9573560973808392,0.912741068605754,0.7593558630074847,0.4429003920790114,0.8468929575139353,1,1,1,1,1,2,1,1,1,3,1.0,1.0,1.0
820,False,0.944408000488052,0.9728656068432402,0.9819698970319654,0.9687251119318299,0.9439132320412288,0.9517184011551485,0.8862077563908057,0.8039680986397886,0.3945677159074917,0.8574003378301882,1,1,1,1,1,2,2,1,2,3,1.0,1.0,1.0
173,False,0.9445441879261018,0.9690825072080256,0.9838267250060361,0.9712674210849689,0.9345333685400459,0.9562956194921567,0.8839034723613775,0.8431680751520979,0.44194476409666283,0.8708574044896915,1,1,1,1,1,2,2,1,1,2,1.0,1.0,1.0
569,False,0.9427051254136074,0.9713651965467947,0.9822584500018656,0.9749193052138675,0.9410190651499644,0.9571183533447685,0.9157356338908593,0.833817724374268,0.45262925428802786,0.882026452527161,1,1,1,1,1,2,1,1,2,2,1.0,1.0,1.0
666,False,0.9472845010700007,0.9666826570301048,0.9815560520705436,0.9670596003536782,0.9412223468173828,0.9571610216423366,0.8890449406891693,0.7628609406374615,0.6101272743841317,0.8623381231151321,1,1,1,1,1,2,1,1,1,2,1.0,1.0,1.0
760,False,0.9409337103276832,0.9742811243356841,0.9827855374372648,0.972855756538856,0.946177803954068,0.956253025056778,0.8821269214609793,0.8136654080743537,0.4190805109922757,0.8810151165828118,1,1,1,1,1,2,2,1,1,3,1.0,1.0,1.0
634,False,0.9509896099779686,0.9713242302328614,0.9800973190803699,0.9786689196223136,0.9503490499611295,0.9542369920217048,0.9162292964155564,0.765663753587243,0.4424406372107003,0.8452211522466406,1,1,1,1,1,2,1,1,2,3,1.0,1.0,1.0
857,False,0.9463513612480489,0.9734344626812438,0.9770147907012627,0.964190032319652,0.9475294172086561,0.9489174528668459,0.9207968190062263,0.6545629315756435,0.35790518739141225,0.8811700811219579,1,1,1,1,1,2,1,1,1,2,1.0,1.0,1.0
540,False,0.9397654420868116,0.9752439523761696,0.982051146224321,0.9667997336444508,0.95209938091249,0.9574915862158471,0.9116158695726918,0.8077963808557416,0.37592644190582336,0.8555257001730968,1,1,1,1,1,2,1,1,2,3,1.0,1.0,1.0
479,False,0.9533053336809313,0.9701448868444634,0.9812870214428008,0.9629964940711552,0.9491331208798794,0.9537582105867349,0.912494630740937,0.8050732747135625,0.4937976660847193,0.8542122248203347,1,1,1,1,1,2,1,1,2,2,1.0,1.0,1.0
564,False,0.9445867253175487,0.9636454377165753,0.979704050351446,0.9702953376177167,0.9431916182699446,0.9463184651393002,0.9164679452622451,0.7526984608562727,0.3245562026994036,0.8882760611028495,1,1,1,1,1,2,1,1,1,3,1.0,1.0,1.0
570,False,0.9488948607915162,0.9646674866411773,0.9789566055780795,0.977335125821294,0.9512237769901384,0.9578805837164002,0.8921291031020825,0.8091053735445144,0.33196199847315294,0.8695657948474455,1,1,1,1,1,2,1,1,1,3,1.0,1.0,1.0
810,False,0.9386620852496608,0.9750588909724731,0.9844665310644249,0.9761812096209231,0.9600016305587084,0.9532309920172392,0.8998469058615477,0.7958294710871672,0.41126489606156147,0.8657565085684253,1,1,1,1,1,2,1,1,1,3,1.0,1.0,1.0
618,False,0.9394594184155746,0.9710820442081454,0.9800205364386253,0.9764881631636824,0.9315100307384961,0.9535207100591716,0.8651409264265931,0.8386701070174697,0.48522929394478387,0.8408821064394468,1,1,1,1,1,2,2,1,1,2,1.0,1.0,1.0
110,False,0.9451203867500304,0.9728797191301443,0.9817517136781561,0.9754079078435193,0.9421630981385604,0.9571642923713102,0.9132747383722366,0.7364869811366798,0.3666676117837194,0.8676359962641683,1,1,1,1,1,2,1,1,2,3,1.0,1.0,1.0
214,False,0.937053162957584,0.9735573967331393,0.9794361825925473,0.9780683891487445,0.9407673779081209,0.9579875049044759,0.841793385556876,0.802376263196978,0.46992005982160345,0.854094464632068,1,1,1,1,1,2,2,1,2,3,1.0,1.0,1.0
176,False,0.9502876628753516,0.9698112254065223,0.981270178919187,0.9767156782553881,0.9504992168704609,0.9559992559340381,0.8919667451294636,0.8085907738309158,0.47069929293303225,0.8696139868088479,1,1,1,1,1,2,2,1,2,2,1.0,1.0,1.0
937,False,0.9282127577221612,0.9738208729894796,0.9847002546702567,0.9721313434049942,0.9363907000200696,0.9519376331026933,0.8991713701179204,0.762540109325656,0.5817529914899132,0.8106546715331643,1,1,1,1,1,2,2,1,1,3,1.0,1.0,1.0
241,False,0.9503027140323689,0.9680815821086668,0.9765580267517016,0.9712171522898566,0.9426803809467622,0.9527723358004799,0.8979250221185059,0.8349361387807205,0.34412168993604236,0.8757636004343236,1,1,1,1,1,2,2,1,1,2,1.0,1.0,1.0
821,False,0.9301908451714737,0.970764429717295,0.9829529555454797,0.9767548680524889,0.9523807639522284,0.9551701496368923,0.8967629125089602,0.7256603343959404,0.31672979346816266,0.8544373599180953,1,1,1,1,1,2,1,1,1,2,1.0,1.0,1.0
767,False,0.9445633293839907,0.9736273808245338,0.9791568911241378,0.9674350855972836,0.9468694651811148,0.9598125607587168,0.9052435712018061,0.8321208432075929,0.46383643489462,0.8883178433874042,1,1,1,1,1,2,2,1,1,3,1.0,1.0,1.0
636,False,0.9447142327115126,0.9631379416148542,0.9770899048842139,0.9767506920173221,0.9351428123013906,0.9503964102313568,0.9264588362095462,0.7523537251192984,0.27203794244225193,0.8810199927776501,1,1,1,1,1,2,1,1,1,2,1.0,1.0,1.0
861,False,0.9424972788508883,0.9709036346513001,0.9790420096291854,0.9650861206987356,0.950982194501863,0.9465840960572625,0.9151132592991739,0.7935808970401308,0.5314764325890993,0.8642094919101466,1,1,1,1,1,2,1,1,2,3,1.0,1.0,1.0
512,False,0.9331625496991967,0.9711906872964776,0.9829861113611471,0.9786438902369932,0.9354379253495358,0.9572446024338541,0.8644247809660852,0.8304737801927873,0.36531871144619604,0.8575973736473068,1,1,1,1,1,2,2,1,1,3,1.0,1.0,1.0
284,False,0.9369634592658534,0.967940917645969,0.9826077360765522,0.9703545948054244,0.9363576983776021,0.9566666882030276,0.8868909512761021,0.8238045993992219,0.49061106575394087,0.8509354569481151,3,1,1,1,1,2,2,1,1,2,1.0,1.0,1.0
154,False,0.933128262959961,0.9786752838331151,0.9818420249912561,0.9774387570340006,0.9506090699626699,0.953432499326096,0.9011195804465468,0.7915901204327414,0.4589667297809034,0.8378924192385074,1,1,1,1,1,2,2,1,2,2,1.0,1.0,0.5
137,False,0.9408812319221813,0.9734303080372949,0.9741440232025997,0.9687230784812539,0.9262709847194616,0.9586986807177215,0.9296875847690793,0.5751278772378516,0.460158931387403,0.866853757405675,1,1,1,1,1,2,1,1,1,2,1.0,1.0,1.0
324,False,0.9339745015341975,0.9740135445164025,0.9784241867107698,0.9745335647126876,0.9388087090079268,0.9572675027338933,0.912435642800671,0.777613471350732,0.37006611540470913,0.8524933667798111,1,1,1,1,1,2,2,1,1,3,1.0,1.0,1.0
131,False,0.9419493683440767,0.9695564305453963,0.9810537635422906,0.9667562767778185,0.9511852752053657,0.9587824575114964,0.8941507454932215,0.8219890133690366,0.2825488340074004,0.8450308655754472,1,1,1,1,1,2,2,1,2,2,1.0,1.0,1.0
53,False,0.9376191066532508,0.9750003340415013,0.9814469277969571,0.9687619907244754,0.9188071403492767,0.9568861936020242,0.9157098930364167,0.7365405990822812,0.33225260783760924,0.8520252087882572,1,3,1,1,1,2,1,1,1,2,1.0,1.0,1.0
220,False,0.9565618933920563,0.9739423732644864,0.979889113215696,0.9646048698822184,0.9484781003965478,0.9518270693617079,0.9139621656881931,0.6805215836440006,0.48241952418755923,0.8525833311211984,1,1,1,1,1,2,1,1,1,2,1.0,1.0,1.0
28,False,0.9385035037906323,0.9742234523421802,0.9811446449298435,0.9779324101352624,0.9509125106341069,0.9598473539975062,0.90379031625206,0.7984030591188188,0.44337541831457256,0.888002030035295,1,1,1,1,1,2,1,1,2,3,1.0,1.0,1.0
859,False,0.9443629344633738,0.9735294441073298,0.9817951733481888,0.9750017971825025,0.9443239597257821,0.955651039401583,0.8634979217428694,0.8177125960345328,0.4194342545039537,0.8526395305939602,1,1,1,1,1,2,2,1,2,2,1.0,1.0,1.0
309,False,0.9395233434532975,0.9728696691553606,0.9817893307595413,0.9693984068342996,0.9384764302420745,0.9546036453392523,0.9153996626432411,0.818728615162975,0.42790514998281703,0.876482182098276,1,1,1,1,1,2,1,1,1,2,1.0,1.0,1.0
437,False,0.942936878869229,0.9767633883075375,0.9836540858629849,0.9725435226218956,0.9461103119520364,0.9543360114024689,0.8936274587375184,0.8179343323154132,0.4874561123523779,0.8361947859815756,1,1,1,1,1,2,2,1,2,2,1.0,1.0,1.0
236,False,0.9403598568636564,0.9723865263347837,0.9797763574759255,0.9689763858958218,0.9374811194454,0.9576407857557238,0.8993165003953683,0.8030641499877904,0.45113377975259195,0.8585620354488279,1,1,1,1,1,2,1,1,2,2,1.0,1.0,1.0
478,False,0.9515096854766874,0.9703930207158702,0.9847782586220027,0.973108840059459,0.929442654133931,0.9557098381981086,0.8957164119325346,0.8479046655150634,0.5505121865065348,0.847672532391532,1,1,1,1,1,2,2,1,1,3,1.0,1.0,1.0
599,False,0.946250543418098,0.9636496348416935,0.9801285256047674,0.9760567840328673,0.9516449718339813,0.9573827297388274,0.8967555099948744,0.8105908743795341,0.33142556095691944,0.8705189976605009,1,1,1,1,1,2,2,1,1,3,1.0,1.0,1.0
296,False,0.9406806285551522,0.9726971288636831,0.9799885040207409,0.9670795142999263,0.9516563641035923,0.9529512582559987,0.8887235659111055,0.8501831069108092,0.5097899184669404,0.8714540205172308,1,2,1,1,1,2,1,1,1,2,1.0,1.0,1.0
273,False,0.947349028972259,0.9732377572152764,0.9780194821977072,0.9687556843910009,0.9534884890422118,0.9571048905889074,0.9062335098128175,0.8165325362152219,0.618959942518412,0.8660618927012995,1,1,1,1,1,2,2,1,1,2,1.0,1.0,1.0
486,False,0.9401291694695286,0.9738117825447551,0.9816966475312884,0.9777998108082131,0.9445720722365191,0.952495921925729,0.8971037830521132,0.84308846386795,0.45970514093652126,0.8385857884591239,1,1,1,1,1,2,2,1,2,2,1.0,1.0,1.0
207,False,0.9537224153261661,0.9759715033242347,0.9798478918384009,0.9714124605282943,0.9403836267597941,0.9583770866470034,0.902959692197421,0.7801425399590289,0.41516723116003384,0.8842101494033712,1,1,1,1,1,2,1,1,2,3,1.0,1.0,1.0
795,False,0.9408821968038893,0.961698126535022,0.9772661834242169,0.9730298321283054,0.9444370296381766,0.9467362892842122,0.8977862863747486,0.8247647515378547,0.37972740667976423,0.8354144954997631,1,1,1,1,1,2,2,1,2,3,1.0,1.0,1.0
203,False,0.9412017937219731,0.9735375527869042,0.9808841601912731,0.9749069267089138,0.9532415008746303,0.9539285855479648,0.8922743934617963,0.8273168120615055,0.34087080954581367,0.8679755303350273,1,1,1,1,1,2,2,1,1,3,1.0,1.0,1.0
835,False,0.954341796623077,0.971798189525833,0.9812274315819528,0.9702463874534778,0.9442973148359262,0.952793797466584,0.9260377628720788,0.6953866242641871,0.42886766975308643,0.8625860026038492,1,1,1,1,1,2,1,1,2,3,1.0,1.0,1.0
816,False,0.9403989546229579,0.9703120477304905,0.983777506338719,0.9691391482326875,0.9436610458512494,0.9527269419204403,0.8075303682911484,0.7712173986916999,0.5204001273437108,0.8644745986869184,1,1,1,1,1,2,2,1,1,3,1.0,1.0,1.0
802,False,0.9424795562100038,0.9719716373087423,0.9841731277727793,0.9711196309287508,0.9546846558704057,0.9584366792817666,0.9096956746888084,0.7543709698988877,0.4922311388638193,0.8738809936776143,1,1,1,1,1,2,1,1,1,2,1.0,1.0,1.0
819,False,0.9395286008169599,0.9777389413270754,0.9828954829464679,0.9693671038866983,0.9546176726583899,0.952586693245073,0.8834470733167845,0.8010648717884321,0.6277900896594678,0.8801394032435264,3,1,1,1,1,2,1,1,2,2,1.0,1.0,1.0
177,False,0.9517155136220028,0.9629662283111636,0.9798313307935268,0.9659022677477205,0.9285224617470315,0.9584203278397228,0.9055716058764369,0.772770995190529,0.37608755266372496,0.8652028261350596,1,1,1,1,1,2,1,1,1,2,1.0,1.0,1.0
291,False,0.9426872170250359,0.9680745154943202,0.9805058559125777,0.9741044856747174,0.9377846968555388,0.9536966025001917,0.8591436629254589,0.8113646012557817,0.4575540277469752,0.8798989498087985,1,1,1,1,1,2,2,1,1,3,1.0,1.0,1.0
416,False,0.9533533035463967,0.9775282504035772,0.9807364999120144,0.9747108985389831,0.9550997149708695,0.9538357472622752,0.8791693279074436,0.7559744931052201,0.4857586881380456,0.8631397399678472,1,1,1,1,1,2,1,1,2,2,1.0,1.0,1.0
630,False,0.9464065879562388,0.9665949312917077,0.9830840212292548,0.9668457378523088,0.9381972512987627,0.9472220352605344,0.9012378288367362,0.7962268944927905,0.44769675776022105,0.8297088796469729,1,1,1,1,1,2,1,1,2,2,1.0,1.0,1.0
724,False,0.942446799097465,0.9707355092709877,0.9829262981419622,0.9702261319335067,0.9381778906745987,0.9535846346458069,0.9136033546943225,0.7133821334659939,0.5597533120146185,0.885769306347023,1,1,1,1,1,2,1,1,1,3,1.0,1.0,1.0
334,False,0.9501374302124929,0.9702515940314205,0.9801148073696112,0.9722425598567912,0.9560005640953321,0.9563096037337518,0.8262707109997381,0.8564300809236637,0.5031446540880503,0.8191558555365579,1,1,1,1,1,2,2,1,1,2,1.0,1.0,1.0
35,False,0.9460347348978614,0.9745088926442693,0.9766977301656616,0.9745065495054397,0.9338999219244962,0.9436688891135291,0.9019852750303792,0.8210010578475586,0.4151944682823859,0.8329267772814899,1,1,1,1,1,2,2,1,1,3,1.0,1.0,1.0
995,False,0.9429770166061104,0.9707565544327974,0.9787558157674978,0.9695964783565664,0.9447202871318787,0.9514641197586076,0.9211206777102976,0.8092338145212344,0.44352654387865653,0.8746701647284377,1,1,1,1,1,2,1,1,2,3,1.0,1.0,1.0
703,False,0.9482237364492004,0.966093964621986,0.9804071149111916,0.9720198121125238,0.9488462688550734,0.9591164442746362,0.9046187579572783,0.8053501414462256,0.47482394639886827,0.8446023767220521,1,1,1,1,1,2,1,1,1,3,1.0,1.0,1.0
262,False,0.9377869897959183,0.9667996159243667,0.9791581137898329,0.9676130298046683,0.9484752592496242,0.9588026500141891,0.9294316962520942,0.6990385366997577,0.5579140899214441,0.8638980553307183,1,1,1,1,1,2,1,1,2,2,1.0,1.0,0.5
385,False,0.943165319617928,0.9701261699136897,0.9810802277985015,0.9784962752476768,0.950510692664987,0.9600053759880326,0.8809992334257964,0.769786420385668,0.4395894726145717,0.8606141199226306,1,1,1,1,1,2,2,1,1,3,1.0,1.0,1.0
424,False,0.9420275925942106,0.9636237540285842,0.9821158042431225,0.9736310151642497,0.923372489279994,0.9589709420794761,0.9073927273041286,0.79315313741758,0.3341768383447455,0.8690675332368315,1,1,1,1,1,2,1,1,1,3,1.0,1.0,1.0
725,False,0.9452342988329244,0.9692045955068319,0.9807861595504643,0.9737463705455439,0.9545852188312821,0.9576177642306033,0.8545841123493308,0.7868529534543937,0.47766245093763626,0.8640408701384311,1,1,1,1,1,2,2,1,2,2,1.0,1.0,1.0
755,False,0.9499097049206032,0.9725180209188395,0.9793697623683749,0.9750307860976738,0.9352458714803801,0.9564664994069151,0.92051282917062,0.7403407833591502,0.47024489278010406,0.8668896556890846,1,1,1,1,1,2,1,1,2,2,1.0,1.0,1.0
508,False,0.9451048889771645,0.9780837122782542,0.9816751612668609,0.975796329130468,0.9441197329937965,0.9557586651165193,0.9194950309777328,0.6019711069263652,0.39375936927433236,0.8451541268873377,1,1,1,1,1,2,1,1,1,3,1.0,1.0,1.0
96,False,0.9327681966962854,0.9773908121112467,0.984275787547943,0.9742846686551598,0.9538336575048328,0.9549007276011662,0.8811631096230257,0.836462021511123,0.4174453537760282,0.8757998335772288,1,1,1,1,1,2,2,1,1,2,1.0,1.0,1.0
384,False,0.9396363806293243,0.9732096905499359,0.9843446735506426,0.9736084732936768,0.9362613896317922,0.9550758953593448,0.8515473048588544,0.7890177600579921,0.5037974683544304,0.8587389024971459,1,1,1,1,1,2,2,1,1,2,1.0,1.0,1.0
361,False,0.9349637820498319,0.9727432195385238,0.9710355779012354,0.96410399476378,0.9448976874428718,0.9554302152546282,0.9064525135386983,0.742463952993931,0.3812316715542522,0.856924020542741,1,1,1,1,1,2,1,1,2,2,1.0,1.0,1.0
750,False,0.9459580941611966,0.9734194617523451,0.9788145614847715,0.9611114431627252,0.9530544940204566,0.9528652623359604,0.8941008658548298,0.8095478401291886,0.23526177290758415,0.8864540310729004,1,1,1,1,1,2,2,1,1,2,1.0,1.0,1.0
711,False,0.937265707915056,0.979535509285671,0.9821795536641649,0.9726318499362252,0.949480003329569,0.9550026016236983,0.9243503861415711,0.6859925747202166,0.3741336527765894,0.8767645969160276,1,1,1,1,1,2,1,1,2,3,1.0,1.0,1.0
115,False,0.9369411549226445,0.9709332419605299,0.9815718682075452,0.972035828852144,0.9570737381224702,0.9573189880542108,0.9193321105842355,0.8168385546484381,0.42533633787733427,0.8663054640745069,1,1,1,1,1,2,1,1,1,3,1.0,1.0,1.0
15,False,0.9426519322145904,0.9783023875825542,0.9828215888290621,0.9693358975891126,0.9479117376453707,0.9517813321177395,0.7631241997439181,0.8496757294878362,0.4217056559076103,0.8467201177844992,1,1,1,1,1,2,3,1,1,3,1.0,1.0,1.0
886,False,0.9432809313215816,0.974251959951185,0.9824301386531393,0.9696570348147519,0.9510182260024301,0.9599131712098498,0.9176061612285341,0.7749548146297739,0.2315273093600806,0.8746440594880224,1,1,1,1,1,2,1,1,1,3,1.0,1.0,1.0
829,False,0.948648230033226,0.9745000460428445,0.9796836120001984,0.9723184666859354,0.9472894976968151,0.9532408745437175,0.9261863594179012,0.6763325511230305,0.42246392680730954,0.8831623112632686,1,1,1,1,1,2,1,1,2,2,1.0,1.0,0.5
626,False,0.9437640550459898,0.9661525751804764,0.9789130101127236,0.9693641752262065,0.9475972720256627,0.9544123077805624,0.9018560465194901,0.7538001735385802,0.5756584610087795,0.8447981051356944,1,1,1,1,1,2,2,1,1,3,1.0,1.0,1.0
199,False,0.9485357582183076,0.9729841783403723,0.979773033741913,0.9686964051518311,0.929872409619631,0.9569384887535407,0.909932173730786,0.7703055352945943,0.5950819672131148,0.8582613217413659,1,1,1,1,1,2,1,1,2,2,1.0,1.0,1.0
976,False,0.9456224180979548,0.9758062538046617,0.9818667567264879,0.9755788754777447,0.9373343266155089,0.9567954627139196,0.859300690461519,0.8189135037908973,0.36105778377350006,0.8461371255632749,1,2,1,1,1,2,2,1,2,2,1.0,1.0,1.0
467,False,0.9530185908487288,0.9698406437907818,0.9808463813033422,0.9790706507670385,0.9444670198754094,0.9578365370357033,0.9013109797653123,0.7756284522601736,0.4345104263104528,0.8861715846165517,1,1,1,1,1,2,2,1,1,3,1.0,1.0,1.0
682,False,0.9411172141498196,0.9759060440579803,0.9833631894626724,0.9757527813714039,0.9574165365654825,0.9563500393500164,0.8741224082016539,0.8764547093027998,0.29431133323533737,0.8271299254526091,1,1,1,1,1,2,2,1,2,2,1.0,1.0,1.0
924,False,0.9446924063491172,0.9766140623412071,0.9829150040760286,0.9727776369627403,0.9366919670939826,0.9532551252945758,0.8482352002668775,0.8742246857519755,0.48566475862671005,0.8750553097345133,1,1,1,1,1,2,2,1,1,2,1.0,1.0,1.0
930,False,0.9404422037793206,0.9716811198531606,0.9818938635084578,0.9653953033865698,0.9481199681398432,0.955925687899706,0.9010606405585914,0.83906502682349,0.4168210278156239,0.8610088310133214,1,1,1,1,1,2,2,1,1,2,1.0,1.0,1.0
271,False,0.9447853019613138,0.9714993420543385,0.98337063827935,0.9743892778384396,0.9440949301953283,0.9559491404799813,0.8309529938732431,0.7641250147237818,0.526299107221469,0.8696229822029241,1,1,1,1,1,2,2,1,1,2,1.0,1.0,1.0
239,False,0.9381067274773013,0.9784385371809394,0.9802777046225922,0.9698165296730605,0.953444620719671,0.9574553583844909,0.9208687787920753,0.7146292615011205,0.5683186576744355,0.8234218573377948,1,1,1,1,1,2,1,1,1,2,1.0,1.0,1.0
258,False,0.9434965904587507,0.9761104780826053,0.9783966052690303,0.9651976635272078,0.9489406623184456,0.9492855464837842,0.927796913920242,0.5412655003184356,0.6104627766599597,0.8673073583048688,1,1,1,1,1,2,1,1,2,2,1.0,1.0,1.0
54,False,0.9464171004170854,0.9729830953260551,0.9839326724805875,0.9742912214861053,0.9429392945887576,0.9550460932408784,0.8994879595346853,0.7687013871464927,0.3968998965027559,0.8665066408258221,1,1,1,1,1,2,2,1,1,3,1.0,1.0,1.0
250,False,0.9506115817794817,0.9756840633138463,0.9811894147684989,0.9762916260675187,0.9474790296574089,0.9572552154746964,0.9193338439293455,0.735096167384754,0.2957651652864741,0.8613761027801531,1,2,1,1,1,2,1,1,1,2,1.0,1.0,1.0
39,False,0.9539307036725899,0.9714007462644313,0.9780779635510419,0.9758752147473481,0.9499930202988962,0.9552477033538888,0.9091030414033989,0.8142040457343888,0.3251870710934774,0.8514916107445487,1,1,1,1,1,2,2,1,1,3,1.0,1.0,1.0
274,False,0.9413020596161454,0.975568252629157,0.9836139199386963,0.9725633823012346,0.9400644458605059,0.9593098026644685,0.8816846384432852,0.8304290800074948,0.5231776397028558,0.8568333851507888,1,1,1,1,1,2,2,1,2,2,1.0,1.0,1.0
714,False,0.9412439773822294,0.9732012404326266,0.9819131017367385,0.9749075871281782,0.9486861431758895,0.9552181704064994,0.887051722199642,0.8278766158965826,0.47059410136870183,0.8542060999369068,1,1,1,1,1,2,2,1,1,2,1.0,1.0,1.0
243,False,0.9521170488803564,0.975479216891737,0.981988963780827,0.9721848315681466,0.9528178130450464,0.9557203664311754,0.9204335028643429,0.7406638013371538,0.3991293071507966,0.8953800680235383,1,1,1,1,1,2,1,1,1,3,1.0,1.0,1.0
455,False,0.9428063815228743,0.9702921372454236,0.981316621608638,0.9727349303225997,0.9436030801292806,0.9529597103269698,0.8845825805445758,0.836742132760925,0.4001125492402926,0.8525540543902864,1,1,1,1,1,2,2,1,1,3,1.0,1.0,1.0
294,False,0.9393495275269728,0.969740666924364,0.9824324725486768,0.9757146983848652,0.9474109965351113,0.9462862004707275,0.9095662136684785,0.79068983481965,0.5401357001730713,0.8576363829963441,1,1,1,1,1,2,2,1,2,3,1.0,1.0,1.0
456,False,0.9451216366166701,0.9705044564917762,0.9802692689593321,0.96433209190573,0.94987658557172,0.9611288630706544,0.9082878222602644,0.781346266251718,0.5635117257967529,0.8469246492411979,1,2,1,1,1,2,2,1,1,2,1.0,1.0,1.0
61,False,0.9349477312219492,0.9764028038706885,0.9800407796660824,0.9749659593583426,0.9462973682473431,0.9419068694092785,0.9199075047298718,0.7917237420583669,0.46950808625336926,0.8772515295426346,1,1,1,1,1,2,1,1,1,2,1.0,1.0,1.0
606,False,0.9378484139649782,0.9780654622966415,0.9811827754716429,0.9706141635762511,0.9452686815277694,0.9576355082324767,0.9096588329236406,0.8339516375011526,0.5479131748298053,0.8621028763976561,1,1,1,1,1,2,2,1,1,2,1.0,1.0,1.0
603,False,0.9467644975020297,0.9657300959703414,0.9829549498469181,0.9770079900747048,0.951673174227918,0.9543118118187287,0.822380649478319,0.7487146064161054,0.48956260855834516,0.871141648133886,1,1,1,1,1,2,2,1,1,2,1.0,1.0,1.0
945,False,0.9528280247658083,0.968577975695887,0.9809938911706702,0.977386696531581,0.9445159752815906,0.9564408648316922,0.9086237584499184,0.78522174773076,0.48020765736534715,0.8626625406598972,1,1,1,1,1,2,1,1,1,2,1.0,1.0,1.0
745,False,0.9542909565963686,0.9736476072328107,0.9807953870693098,0.9687924640171338,0.9530026916748304,0.9568585897761835,0.9081878920240383,0.8455179866867477,0.3448133558431814,0.8695176230458431,1,1,1,1,1,2,1,1,1,2,1.0,1.0,1.0
917,False,0.9513913886538995,0.9724056682192054,0.9809701544384625,0.9745796982803261,0.9588481874083797,0.9497954556656316,0.9197886483722516,0.7498805656411236,0.42887126432511746,0.8551086638765232,1,1,1,1,1,2,1,1,2,3,1.0,1.0,1.0
86,False,0.9385314842659028,0.9739552595193954,0.9783087355728356,0.9775109451722748,0.924590223835377,0.9439187561854699,0.9110041012616503,0.7893780120969046,0.3788653207257858,0.8432697655100561,1,1,1,1,1,2,1,1,1,3,1.0,1.0,1.0
614,False,0.9496406422683533,0.9699485003879206,0.983516442427774,0.9639312454655129,0.9415099654566728,0.9461988268404741,0.9216316264768003,0.8329226582325034,0.49582307421737604,0.8654987284543656,1,1,1,1,1,2,1,1,1,3,1.0,1.0,1.0
81,False,0.9324535298224416,0.9740398048570006,0.9801495428984662,0.9728862308872244,0.9378523990636901,0.952606005894379,0.8364373049839428,0.8487661861715123,0.4035684252860956,0.8354522440873299,1,1,1,1,1,2,2,1,2,3,1.0,1.0,1.0
756,False,0.9360253211166237,0.9693062330987002,0.9798453774412134,0.9697865177952611,0.9476776996621533,0.9479677204590793,0.8441364158029411,0.8590898990148391,0.5646426834168728,0.8799839413562119,1,1,1,1,1,2,2,1,1,3,1.0,1.0,1.0
712,False,0.9458350013472993,0.9745347312768183,0.979976760113583,0.9737770428551743,0.9531318098121769,0.9562368298883226,0.816890109106468,0.8155469813890149,0.3103234409402425,0.8593656832959482,1,1,1,1,1,2,2,1,1,3,1.0,1.0,1.0
838,False,0.9434320341429183,0.9683425592856385,0.9823315868371989,0.9786039702715033,0.9439216849195069,0.957510775044738,0.903565643118197,0.818619053421545,0.4039266739382851,0.8577199584564129,1,1,1,1,1,2,2,1,1,3,1.0,1.0,1.0
373,False,0.9466469323354464,0.970033834739717,0.9701096547485206,0.9729109995728108,0.9321689786695436,0.9463359870944225,0.9270189043091157,0.7029508196721311,0.525190470431733,0.8661928825514115,1,1,1,1,1,2,1,1,1,2,1.0,1.0,1.0
195,False,0.9448547318730345,0.9745406050446431,0.9836432816264645,0.9786717108265399,0.9584381903117373,0.9541585778567357,0.9026560689016376,0.8192732977404418,0.3957208754539209,0.8504740904684887,1,1,1,1,1,2,2,1,1,2,1.0,1.0,1.0
136,False,0.9491295605917773,0.9667505406383182,0.9811666314287404,0.9683482238659608,0.9520172964921676,0.9559177091920391,0.9081142094160481,0.855341604544776,0.39132044208633726,0.880354419707984,1,1,1,1,1,2,1,1,1,2,1.0,1.0,1.0
145,False,0.9503242398513542,0.9711946285235348,0.9801461179082763,0.971276248393987,0.949515341177598,0.9518007824782602,0.8249403921756258,0.8412725282414147,0.5992404089076278,0.8599543898671075,1,1,1,1,1,2,2,1,2,3,1.0,1.0,1.0
313,False,0.9416315008851252,0.9717012444140863,0.9822848436505336,0.9733731786625214,0.949983308402619,0.9520869077471295,0.8739862815547571,0.8069555628165332,0.3606329461264063,0.8348116795972333,1,1,1,1,1,2,2,1,1,2,1.0,1.0,1.0
202,False,0.9443422022848127,0.9775196766560331,0.9831140034521689,0.9715880576515025,0.9525016639351346,0.9562631905145769,0.9032473756710263,0.8553531571747426,0.44878071525155033,0.883391265788382,1,1,1,1,1,2,2,1,2,2,1.0,1.0,1.0
297,False,0.9228054133138259,0.9651238112063127,0.9796899778318374,0.9770759641795287,0.9433166937225317,0.95105803788047,0.8950711757441101,0.8057418305125983,0.4322451410318878,0.8471477889199408,2,1,1,1,1,2,2,1,2,3,1.0,1.0,1.0
225,False,0.9527691985552007,0.9700647956883617,0.9818647315259261,0.9747049875083906,0.9547730826758054,0.9614824124362255,0.9093740309816241,0.8351338971500073,0.459057117962218,0.8516738248678896,1,1,1,1,1,2,2,1,1,2,1.0,1.0,1.0
128,False,0.9473061838013895,0.972497381415532,0.9809971509123332,0.9767413119515201,0.9462638803234825,0.9590440055317188,0.8638731729168087,0.7939135317237507,0.4883157131788758,0.8745740375911826,1,1,1,1,1,2,2,1,2,3,1.0,1.0,1.0
389,False,0.9486553062355083,0.9670457633039631,0.9814260843739558,0.9761664457454023,0.9363576171094669,0.9550585208443255,0.9013543894280858,0.7497192991618142,0.33996294872243,0.8570648592676269,1,1,1,1,1,2,2,1,1,3,1.0,1.0,1.0
982,False,0.9462927853914258,0.9714669471530463,0.9803891936879223,0.971011092189273,0.9607022444671535,0.9448459532864312,0.91594934861527,0.7304402507651931,0.4038546970577179,0.8490046162723601,1,1,1,1,1,2,1,1,2,2,1.0,1.0,1.0
323,False,0.9540873528064711,0.9748067334293573,0.9841340750828866,0.9751113746710648,0.9551264782993061,0.9564080485290313,0.9024981666087953,0.7591196819145485,0.417657438745697,0.864883006462828,1,1,1,1,1,2,1,1,1,3,1.0,1.0,1.0
348,False,0.938279403261673,0.9710121835930446,0.9831270372610429,0.9716448292668941,0.948071945369577,0.9462737812212353,0.8388399812776107,0.6931969309462915,0.5059913283405597,0.8734495874754231,1,1,1,1,1,2,2,1,2,3,1.0,1.0,1.0
358,False,0.9482302386068077,0.9745914123888678,0.9815125168545042,0.9594327645503898,0.9476747314135916,0.9574718407509432,0.9087944479033782,0.7946547884187083,0.4592949465122905,0.8663039585216517,1,1,1,1,1,2,2,1,2,2,1.0,1.0,1.0
953,False,0.9436408970421413,0.9721798569807258,0.9821669937323535,0.9712672924181251,0.9468802874836326,0.9525413213106663,0.9067516241417232,0.8466469325936506,0.4260312944523471,0.8593276467636729,1,1,1,1,1,2,1,1,2,2,1.0,1.0,0.5
974,False,0.9515602702022675,0.9705307018609327,0.9787464853331206,0.978139186103483,0.9413240400403867,0.9573694222785643,0.9062577994217014,0.6261571502629045,0.4128413941187253,0.8215265584834642,2,1,1,1,1,2,2,1,2,2,1.0,1.0,1.0
381,False,0.9400846546732675,0.9741315783671248,0.9803485878723625,0.9659172131684487,0.9391881181102215,0.942564446660067,0.912556464298124,0.6329249986100558,0.42505099279856806,0.8754940171313935,1,1,1,1,1,2,1,1,1,2,1.0,1.0,1.0
77,False,0.9548738666481832,0.970265609830317,0.9807126722203744,0.9767539582431237,0.9495897830311311,0.9503709700272824,0.8914703418574391,0.8410004721908223,0.4215161844102207,0.872233429603936,1,1,1,1,1,2,2,1,1,2,1.0,1.0,1.0
922,False,0.9491769465740251,0.9717987402319755,0.9790824234491785,0.9733294342113661,0.9564824572693411,0.9515913921131657,0.9166042911937771,0.7401232076100883,0.5578775319596054,0.8392395857964406,1,1,1,1,1,2,1,1,1,3,1.0,1.0,1.0
848,False,0.942733589885223,0.9735229795829786,0.9826795303827106,0.9716378924769657,0.9530817333259981,0.9516050214610797,0.8675108946423994,0.8705801579128046,0.4772170271492136,0.8757296172513328,1,1,1,1,1,2,2,1,2,3,1.0,1.0,1.0
555,False,0.9403867215129796,0.9653621658997096,0.9802323670695708,0.9725719146068282,0.9412358105225036,0.9583245958246209,0.8281891496850118,0.8184675375316826,0.38036748385374075,0.8009768146859035,2,1,1,1,1,2,2,1,1,4,1.0,1.0,1.0
157,False,0.950886711643684,0.9720737680408681,0.9815857746725687,0.97020430425466,0.9542404136803483,0.9549815728824902,0.925498259552243,0.713375431634775,0.5558564102564103,0.8872174799124668,1,1,1,1,1,2,1,1,1,3,1.0,1.0,1.0
869,False,0.9524204138892107,0.9743861438697657,0.9811467329980411,0.9678086083562639,0.9450630827283326,0.9569956843633546,0.9210861476941049,0.7289108735977388,0.38905715361569065,0.8536672901615879,1,1,1,1,1,2,1,1,2,3,1.0,1.0,1.0
99,False,0.9514336097274243,0.9681206992349447,0.9822925633221055,0.964461390763871,0.9440720135025317,0.9519827140642049,0.8916196361572658,0.7995111756579647,0.2944367674906597,0.8856479582136746,1,1,1,1,1,2,1,1,1,3,1.0,1.0,1.0
548,False,0.942225095553221,0.9711656778509292,0.9814638783269962,0.9676103594219425,0.9472199838839646,0.9540113276776627,0.8971492917269703,0.7459127734924562,0.4455492876948083,0.8747222523303707,1,1,1,1,1,2,1,1,2,2,1.0,1.0,1.0
497,False,0.941697216086758,0.9758087143199129,0.9790316594277509,0.9696476393423811,0.9471239096887648,0.9537382759966084,0.8989215405339539,0.8061406557756923,0.3826131164209456,0.8552595209204923,1,1,1,1,1,2,2,1,1,2,1.0,1.0,1.0
796,False,0.9436496401339077,0.9796884552136598,0.9820600691162784,0.9766248966391873,0.9560078366829758,0.9535965101104549,0.9017819735016459,0.7713534447032596,0.40801670571457677,0.8651792412957708,2,1,1,1,1,2,1,1,1,2,1.0,1.0,1.0
628,False,0.94489548085879,0.9734150041202807,0.9803261627713872,0.9711773472747194,0.9436231700708274,0.951163693263023,0.9145216884032235,0.7863868667115836,0.4495931965045033,0.8820369138094071,1,1,1,1,1,2,1,1,1,2,1.0,1.0,1.0
7,False,0.9459357747383262,0.9732283046069284,0.9839522276117882,0.9707809195644692,0.952510092916351,0.9582488122917869,0.8370701315735541,0.846419093354516,0.20648822472335193,0.8712822334106308,1,1,1,1,1,2,2,1,1,3,1.0,1.0,1.0
752,False,0.9444903023927059,0.9648829248852178,0.9808044079096699,0.9759417792768191,0.9513413786293781,0.9631064587467483,0.8684792325769377,0.797263828281637,0.49417693333138013,0.8579719615320129,1,1,1,1,1,2,2,1,1,3,1.0,1.0,1.0
882,False,0.9519326659707036,0.9654888068963486,0.9832847352186591,0.9756746226686769,0.9558723899143894,0.9595541270535053,0.8995999613644778,0.835932772038604,0.4420016307794522,0.849982203326182,1,1,1,1,1,2,2,1,1,3,1.0,1.0,1.0
503,False,0.9482895600220315,0.9752451050044048,0.9786644004992895,0.9690357403457076,0.9484768418855001,0.9531480228075974,0.9148869490274939,0.7375928914390453,0.26586826347305387,0.8196286107919827,1,1,1,1,1,2,1,1,2,2,1.0,1.0,1.0
352,False,0.9289683031015911,0.9703590248773675,0.9745113341885753,0.9593487047532556,0.9280719931322341,0.9527515009044516,0.9256677574005022,0.5946270500240171,0.3995866345160179,0.8798188024606847,1,1,1,1,1,1,1,1,2,2,1.0,1.0,0.5
393,False,0.940545239319594,0.9719892547152696,0.9828383269803701,0.9784785462080714,0.9462604919632693,0.9576605916764925,0.9029531714890912,0.8229391117642132,0.42691207658034513,0.866760899696716,1,1,1,1,1,2,2,1,2,3,1.0,1.0,1.0
965,False,0.944932485895459,0.9726401063257492,0.9786540429320262,0.9750512715240442,0.9426735954231854,0.9504650715502319,0.9001065776746366,0.7690706129182082,0.280358066008217,0.884967959351155,1,1,1,1,1,2,1,1,1,3,1.0,1.0,1.0
227,False,0.9466425194345707,0.9723844622954894,0.9779793783935362,0.9729594231986803,0.9471977535414767,0.9598199471756371,0.8989864188422555,0.7132871434833093,0.49207605278354044,0.8590022121049283,1,1,1,1,1,2,1,1,2,3,1.0,1.0,1.0
142,False,0.9492026726675705,0.9699317083218012,0.9805981815937795,0.9661397902391128,0.9501810648927828,0.9526230092753698,0.9301962224661096,0.5184763308653556,0.4492951793749845,0.8763263768186403,1,1,1,1,1,2,1,1,1,3,1.0,1.0,1.0
104,False,0.9569346789751438,0.9690730563656734,0.9828390929234831,0.9734026417962214,0.946367681485225,0.9615184718559732,0.9023982875088319,0.7332851692713285,0.5261922482395374,0.8647346424112865,1,1,1,1,1,2,2,1,1,3,1.0,1.0,1.0
116,False,0.9401061059353097,0.9715697041937549,0.980997859561022,0.9703009479210252,0.9483036818902577,0.9541320281604487,0.7136448526155683,0.8606828869351871,0.2385354524340817,0.8113254387924828,1,1,1,1,1,2,2,1,1,2,1.0,1.0,1.0
264,False,0.9326488736991929,0.972175446003413,0.9837547434519999,0.9688513380424914,0.9550648501656215,0.9509775501658776,0.9005721964111286,0.8185163698845495,0.5597686626460513,0.8844255961788361,1,1,1,1,1,2,2,1,1,2,1.0,1.0,1.0
536,False,0.9480237098822565,0.9723931754661623,0.9804957720921498,0.9734244067319203,0.9469697335351327,0.9563500727190893,0.9128159266306168,0.6402522829413897,0.42713527639262955,0.8734363144685902,1,1,1,1,1,2,1,1,1,2,1.0,1.0,1.0
114,False,0.9459029503572933,0.9694105912261757,0.9778024357414785,0.9759786791545231,0.9397068501956543,0.9510272444785401,0.9032833351415862,0.713076923076923,0.5669701594652913,0.8321190070464699,1,1,1,1,1,2,1,1,1,4,1.0,1.0,1.0
457,False,0.9404862723252001,0.9737910257546251,0.9816138517047177,0.9676836829623168,0.9408576069353838,0.9574315056523971,0.9182448128156704,0.6158783199861727,0.45600546728173585,0.8642607795459469,1,1,1,1,1,2,1,1,1,2,1.0,1.0,1.0
36,False,0.948492105244915,0.9647525066381326,0.9772763593799266,0.9794272328864818,0.9484651623454899,0.9564859506098911,0.8852717038258028,0.8064846053715167,0.5604481555860903,0.847313114358924,1,1,1,1,1,2,1,1,2,2,1.0,1.0,1.0
1,False,0.9459666689011058,0.9747074675968594,0.977847177780622,0.9675454928867538,0.9378701140900667,0.9569153514044084,0.9258339929985987,0.5646629781813186,0.39390332413993323,0.8678970662494926,1,2,1,1,1,2,1,1,1,3,1.0,1.0,1.0
731,False,0.9434834649031338,0.9731281388428862,0.9803449912336352,0.975826958232961,0.9473472406433622,0.9586346409520393,0.9181843125470133,0.7904946653734238,0.6236531999810698,0.8627688502232124,1,3,1,1,1,2,1,1,1,3,1.0,1.0,1.0
268,False,0.9484257230640118,0.9736685890263602,0.9808581791270897,0.9763494656313102,0.9404653376390611,0.9517472560736348,0.9303795166849159,0.7091372009748527,0.4499989345607194,0.8595540389086833,1,1,1,1,1,2,1,1,1,2,1.0,1.0,1.0
69,False,0.9445812598719407,0.9670225538315753,0.9832650302500783,0.9619288602629603,0.9549218382005856,0.9583278209202111,0.906972956623572,0.8234492511409655,0.35078079358312414,0.8679586501820358,1,1,1,1,1,2,2,1,1,3,1.0,1.0,1.0
89,False,0.9431577723037556,0.9673974872256997,0.9780524850671514,0.9620591919785304,0.9323748447829515,0.9602069423028119,0.917053443331071,0.8038301913337085,0.4303912098526926,0.8456779930136551,1,1,1,1,1,2,1,1,2,2,1.0,1.0,1.0
188,False,0.9492462840224236,0.9717772748113269,0.9794519457916879,0.9787515491176554,0.9438206648316748,0.9561482726905742,0.8796749093557388,0.7956125280824633,0.4209685870405948,0.8685024330346992,1,1,1,1,1,2,2,1,1,3,1.0,1.0,1.0
31,False,0.9525103096800643,0.9766686535349602,0.9828663848792698,0.9804029000892247,0.9565059728720446,0.9576592754729002,0.8970024339114349,0.8199075693690044,0.4505422136365632,0.8599525627870204,1,1,1,1,1,2,2,1,1,3,1.0,1.0,1.0
707,False,0.9406780280744441,0.9759902843168244,0.9821673764502916,0.9653777712377465,0.9525693204584349,0.9575832347241943,0.9038397829276373,0.8155778807079379,0.6411375686156959,0.8866020407877295,1,1,1,1,1,2,1,1,2,2,1.0,1.0,1.0
269,False,0.9420580935653579,0.9716075274196353,0.9783667984577179,0.972145930510618,0.9294287446851518,0.948101177222001,0.8756928494212037,0.7744164988080499,0.35883666204066855,0.8626286934252232,1,1,1,1,1,2,1,1,1,2,1.0,1.0,1.0
874,False,0.9495479376938178,0.9752843565655634,0.9789627619423522,0.9735434243125012,0.9413505068827582,0.959783654381552,0.9172046213364093,0.7443154102232757,0.36992409544232274,0.8639301185995313,1,1,1,1,1,2,1,1,1,2,1.0,1.0,1.0
286,False,0.9480360109401101,0.9724085110518113,0.9817700794891631,0.9724695691783102,0.9556042552930272,0.9576741267393434,0.8821723063949626,0.7704443771655397,0.43114250061106607,0.8759932277437182,1,1,1,1,1,2,2,1,1,3,1.0,1.0,1.0
667,False,0.9389601788082826,0.9735291405771955,0.9817457606062489,0.9775072938526898,0.9410569374070056,0.9521471358883843,0.9155152312682527,0.8332856545562572,0.5033009931683794,0.882569681055167,1,1,1,1,1,2,1,1,2,3,1.0,1.0,1.0
728,False,0.9345945945945946,0.968245394329858,0.9812060481456099,0.9698529349315027,0.9399409297741447,0.9547807328052577,0.7737456507239758,0.7417457848218708,0.491231569673698,0.8463974206788933,1,1,1,1,1,2,2,1,1,3,1.0,1.0,1.0
612,False,0.9446050493296898,0.9768193422309169,0.98180119105059,0.9675693312973973,0.9554197159707667,0.9597290386890467,0.9202014164290222,0.688130913498771,0.4607155384075763,0.8814869550389359,1,1,1,1,1,2,2,1,1,3,1.0,1.0,1.0
757,False,0.9465764646923734,0.9736485848314076,0.9833974088978737,0.9744722452092359,0.9557472550161987,0.9553465224965275,0.8590682707222637,0.7924347687354054,0.527748374414033,0.8395754243203214,1,1,1,1,1,2,2,1,1,3,1.0,1.0,1.0
879,False,0.9457322896433676,0.9729123425958326,0.9802164640111078,0.9735706870380557,0.9535574378924703,0.9506660497805687,0.884262164166334,0.8097177186235327,0.32265170189332354,0.8786022763610551,1,1,1,1,1,2,1,1,1,3,1.0,1.0,1.0
942,False,0.930560792594408,0.9671435855553916,0.9775650367314606,0.975496540410308,0.9322867253219884,0.9535191884682225,0.9072383807060894,0.8249727113093825,0.30781610036209356,0.844929069100119,1,1,1,1,1,2,1,1,1,3,1.0,1.0,1.0
696,False,0.9405500520185414,0.9788041255429442,0.9817733450920214,0.9758285935206542,0.9433522650331769,0.9549380535285733,0.8422731356693621,0.8477372907172654,0.44590851867394043,0.8704522102969757,1,1,1,1,1,2,1,1,1,3,1.0,1.0,1.0
589,False,0.9369355604424388,0.9705858417995854,0.9785332696755472,0.9733049030492067,0.9296590805520334,0.9563038659040802,0.8995609455138339,0.7792430234501198,0.2737320445180421,0.848631337730219,1,1,1,1,1,2,1,1,1,2,1.0,1.0,1.0
466,False,0.9470358531539831,0.9766462142051195,0.9832469802993411,0.9675291461629363,0.9478495236608279,0.9556899082530712,0.9063193867897206,0.7221085151573663,0.41055172121776684,0.8663583169281281,1,1,1,1,1,2,2,1,2,2,1.0,1.0,1.0
998,False,0.9403057491516161,0.9794984174301534,0.980704452368258,0.9660309395304875,0.9527271936175125,0.9579356965373074,0.9061092246858803,0.8429482894816795,0.5566455533240641,0.8681480975009401,1,1,1,1,1,2,2,1,2,3,1.0,1.0,1.0
751,False,0.9384047782249797,0.9645893641511822,0.9835186945629528,0.9720255263256586,0.951022005511202,0.956258523021609,0.8411228006466683,0.8424013453083878,0.4114404235576661,0.8534323815656827,1,1,1,1,1,2,2,1,1,3,1.0,1.0,1.0
249,False,0.9488213480475335,0.9714770057275339,0.9807428950398062,0.9730965960682554,0.9511438767567885,0.9550293816312972,0.9097797562763618,0.7755931579915395,0.5084533500313086,0.8611403929084811,1,1,1,1,1,2,2,1,1,2,1.0,1.0,1.0
360,False,0.9424870223696885,0.9742941159856014,0.9831317275775403,0.9795046412246884,0.9407822686891373,0.9546244705010364,0.8882698227111122,0.8205432037169853,0.46557685693079165,0.8227877909609637,1,1,1,1,1,2,2,1,2,2,1.0,1.0,1.0
477,False,0.9334264208371367,0.9708885348464238,0.9795163550105427,0.9680597879551136,0.953172158999463,0.9520066466376802,0.8233717846359974,0.7927988255595333,0.3119435723194701,0.8513654367312904,1,1,1,1,1,2,2,1,1,3,1.0,1.0,1.0
958,False,0.9466413831146926,0.9734222835974229,0.980077148780866,0.974087516077514,0.9573652930132792,0.9565904530189131,0.8776612363311761,0.7240922160431122,0.4853922169069571,0.8640195906944201,1,2,1,1,1,2,2,1,1,3,1.0,1.0,1.0
317,False,0.9411244579480571,0.9712445688853713,0.9804479102436932,0.9765140618985325,0.9292149628950194,0.954573651021747,0.877800581983661,0.8307637702699705,0.2835488877392654,0.8346341850080587,1,1,1,1,1,2,2,1,1,3,1.0,1.0,1.0
915,False,0.9540503082028817,0.9728875098917009,0.9781816337645557,0.975244383767842,0.9483660762060017,0.9571080432245463,0.892263668971901,0.7963999595151157,0.4158882494578118,0.8541245009564176,2,1,1,1,1,2,1,1,2,4,1.0,1.0,1.0
931,False,0.9468200046193601,0.9694305424049777,0.9835014887587328,0.9666421958190488,0.9501079371113585,0.9500986623515626,0.904189483820208,0.7003122763645827,0.5267125388964369,0.8570737665275876,1,1,1,1,1,2,2,1,1,2,1.0,1.0,1.0
312,False,0.9553165699149179,0.9688115483708429,0.9827208788855187,0.9748169838945827,0.9451368618416891,0.9551680977684142,0.9014884896569277,0.7106185165678169,0.5627587534901634,0.8725923555974663,1,1,1,1,1,2,2,1,1,3,1.0,1.0,1.0
253,False,0.9594764719770845,0.9758886227352378,0.970335230975294,0.9678619264052116,0.9439175984365489,0.9578851459087343,0.9166389174253428,0.796169680262609,0.47521854357027016,0.8831458074997781,1,1,1,1,1,2,2,1,1,2,1.0,1.0,1.0
364,False,0.956402722233536,0.9765427545375134,0.9773756553152121,0.9678621193758709,0.9418798789209929,0.9596597118742775,0.9063525515747372,0.6822796368910136,0.3455120173140449,0.8997256173609379,1,1,1,1,1,2,1,1,2,2,1.0,1.0,1.0
837,False,0.9527769753669311,0.9678877359733015,0.9824936881766116,0.9779176654924602,0.946197729968262,0.9573927123013832,0.8745543992025809,0.717805189869044,0.4945754224911329,0.874908755296388,2,1,1,1,1,2,1,1,2,3,1.0,1.0,1.0
57,False,0.9505518759676611,0.9750911815431592,0.9823208003398822,0.9711339638850984,0.9408407156534863,0.9572761757472977,0.9106460169761397,0.8149633510533906,0.3705310962533115,0.8707627754919921,1,1,1,1,1,2,1,1,1,3,1.0,1.0,1.0
657,False,0.9480631445331846,0.9707556732313533,0.9818108674668754,0.9774440617548592,0.9549903057728423,0.9513880641496496,0.897744729612746,0.8161777699240148,0.36976226515893507,0.8280111688146322,1,1,1,1,1,2,2,1,1,3,1.0,1.0,1.0
781,False,0.9485102120054416,0.9720638677471481,0.9802370008339637,0.9721404517390669,0.958779264575142,0.9570074598629478,0.9144909582466556,0.6681582743246788,0.40907397750130375,0.8609788295115631,1,1,1,1,1,2,1,1,2,2,1.0,1.0,1.0
547,False,0.9413606985771747,0.9736423458432013,0.9844013059838363,0.9784462675285859,0.9441636233607407,0.9513627047528831,0.8082676880826769,0.8043654450378035,0.5151623394935233,0.8531750937487123,1,1,1,1,1,2,2,1,2,3,1.0,1.0,1.0
210,False,0.9377069751019534,0.9737708472972441,0.9826376629158288,0.9776215420922965,0.9513368743317956,0.9578809800862016,0.8130028400847629,0.8108425527916755,0.3312092607131772,0.8543630017452007,1,1,1,1,1,2,2,1,1,3,1.0,1.0,1.0
901,False,0.9235153522489957,0.9715731569893025,0.9835481836672083,0.969529503509228,0.9445418593063081,0.9546882854263883,0.8769756175045668,0.7922320615274817,0.43421886218693245,0.8415758967322824,1,1,1,1,1,2,1,1,1,2,1.0,1.0,1.0
918,False,0.946532992023314,0.9733624725765353,0.9820082206510616,0.9709718843255091,0.9540980032566464,0.9529662144713708,0.8725945172795013,0.845919581571393,0.4450762584854095,0.8578957897328573,1,1,1,1,1,2,2,1,1,3,1.0,1.0,1.0
471,False,0.9372420082751567,0.9735680360684614,0.9797380000155205,0.9745062939915818,0.9462589307179029,0.9517012503889785,0.9220137878223351,0.7737161462187361,0.4644582470669427,0.871757066080538,1,1,1,1,1,2,1,1,2,2,1.0,1.0,0.5
759,False,0.9467525433551934,0.9674575945467803,0.9829145697382909,0.9743006280702025,0.9504393690136616,0.9537115941078971,0.9188978118323141,0.8413656391988302,0.40806496008808146,0.8656600612780214,1,1,1,1,1,2,1,1,1,3,1.0,1.0,1.0
26,False,0.9429872844452186,0.9732384164734562,0.9814230265417386,0.9723068793401531,0.9526442238821242,0.9545443970350793,0.8995682976735384,0.7997030989051772,0.6282269630692005,0.8799348523149484,1,1,1,1,1,2,2,1,2,3,1.0,1.0,1.0
743,False,0.9419913755952365,0.9679195808789142,0.9842882592053854,0.9733766489126504,0.9468156736517113,0.9569806010654337,0.8889630269251904,0.6561510286139186,0.4624471116483896,0.8643374951199161,1,1,1,1,1,2,1,1,2,2,1.0,1.0,1.0
772,False,0.9459894867236189,0.9742975427770869,0.9820331971530615,0.9751399466596898,0.9518279348465958,0.9620871551667587,0.9041996348143639,0.7921254364723668,0.33208933120075823,0.8618148242528139,1,1,1,1,1,2,2,1,2,2,1.0,1.0,1.0
464,False,0.9524565346035019,0.9701008806658487,0.980302325104646,0.9725759102091287,0.9498752980346482,0.9595466532009201,0.9043212134703428,0.7660325432056535,0.4258203471430381,0.8656299953652469,1,1,1,1,1,2,1,1,2,3,1.0,1.0,1.0
899,False,0.9464206913811802,0.9687512770893181,0.9844656012378786,0.9680476273142239,0.9570316534837375,0.9510902247843398,0.7349391009885848,0.8370748898678414,0.3917404959452491,0.8851592912352555,1,1,1,1,1,2,2,1,1,3,1.0,1.0,1.0
148,False,0.9447863554844769,0.9726842774544748,0.979289137982842,0.972362671703518,0.9528017589894924,0.9516356274627464,0.8740077924592227,0.8187160973330511,0.37751908874702717,0.863841407394927,1,1,1,1,1,2,2,1,1,3,1.0,1.0,1.0
139,False,0.9421239081304205,0.9754356379266244,0.9780307875092062,0.9719165828186888,0.9529502314558462,0.9556536633070101,0.8982604252888694,0.7716277546437094,0.3771567436208991,0.8905659157751851,1,1,1,1,1,2,1,1,1,2,1.0,1.0,1.0
699,False,0.946015754594188,0.9731172369210879,0.9797326867033669,0.9699691187955141,0.9438074806584034,0.9543665155608734,0.9042633954026359,0.7653532707560212,0.48277999013048417,0.8792322152963292,1,1,1,1,1,2,1,1,2,2,1.0,1.0,1.0
624,False,0.95113942682775,0.9760824468085106,0.9825169302242472,0.9711265537829108,0.9379246770028897,0.9585072015356173,0.898094384336141,0.7376427457755679,0.3997322873863778,0.8572305507242888,1,1,1,1,1,2,2,1,2,2,1.0,1.0,1.0
596,False,0.9513059468912395,0.9732034216184072,0.980850472265716,0.9733455774674288,0.946694340946922,0.956881066779928,0.8827746008537424,0.7960160677928796,0.34359032587714317,0.8550350393570029,1,1,1,1,1,2,2,1,1,3,1.0,1.0,1.0
295,False,0.9351990525092989,0.9719402223024828,0.9806977389163012,0.9840517323118351,0.9507273851987037,0.9538547876451965,0.9033912699101831,0.825665692389128,0.42170319442031323,0.8215153114177782,1,1,1,1,1,2,2,1,1,3,1.0,1.0,1.0
530,False,0.936869943769856,0.9760084132597346,0.9830685762825615,0.961764007104903,0.9331701626094486,0.9485848602200259,0.8175106840706827,0.8373795761078998,0.45920976655943246,0.8541488451668092,1,1,1,1,1,2,2,1,1,2,1.0,1.0,1.0
163,False,0.9461153090446675,0.975050892075337,0.979951605696557,0.97151965325329,0.9496860518357145,0.9565263528268482,0.8991884185985614,0.7671479044834308,0.44635948662313474,0.8526249648244305,1,1,1,1,1,2,1,1,1,2,1.0,1.0,1.0
426,False,0.9534466151464214,0.9733412153655839,0.9804485564591673,0.9756609753299513,0.9532645640660817,0.95855231688093,0.8934662461375216,0.8395477013944821,0.47807633931081006,0.8618371667383585,1,1,1,1,1,2,2,1,2,2,1.0,1.0,0.5
326,False,0.9458950327136676,0.9723640524168756,0.9815237283812909,0.9665827057882982,0.9477952430999843,0.9479481499838618,0.8618106057301436,0.7875633949121128,0.528171409137286,0.8780704361533629,1,1,1,1,1,2,2,1,2,2,1.0,1.0,1.0
507,False,0.9401835645927417,0.9703988855057704,0.9798088234537721,0.9610913288327678,0.9427680783159658,0.9538336113349701,0.8857353749963818,0.8141064072562709,0.48459181834564785,0.8831411032048222,1,1,1,1,1,2,2,1,1,3,1.0,1.0,1.0
92,False,0.94095623232615,0.969304235447238,0.9840023512964872,0.9684933210131483,0.9388999318789192,0.9501448211833642,0.8929807960530993,0.7856235635659853,0.4081853281853282,0.8631817145413794,1,1,1,1,1,2,2,1,1,2,1.0,1.0,1.0
556,False,0.9463393536725826,0.9692090912464949,0.9777673453595687,0.9690163320736569,0.9460813667945042,0.9605569447710834,0.9060316416639494,0.787057783018868,0.6208396650874527,0.85507569967453,1,1,1,1,1,2,1,1,1,3,1.0,1.0,1.0
865,False,0.9439533230603355,0.9724178374639929,0.9808046473187461,0.974886804955758,0.945946572165137,0.9528414056624865,0.8795543268528211,0.7871281803022968,0.5350392378393234,0.8327013272128531,1,1,1,1,1,2,1,1,1,2,1.0,1.0,1.0
16,False,0.9149386250060647,0.9777275680498047,0.9781300177420337,0.977436024505948,0.9223496292494391,0.9503464662810361,0.8987571979606106,0.7936191425722832,0.41711691259931893,0.8519127816194513,1,1,1,1,1,2,2,1,2,3,1.0,1.0,1.0
734,False,0.9463304152036525,0.9675881574344741,0.9761825918056477,0.959643995824363,0.9406780849780471,0.957464609618152,0.900277797563929,0.7525584443116773,0.45727073523241174,0.8645307820633932,1,1,1,1,1,2,1,1,1,4,1.0,1.0,1.0
76,False,0.9381612285013384,0.9749570002680933,0.9789104587818207,0.9645622804570478,0.939866918944182,0.9537717242923004,0.8882384036253298,0.8030100041318692,0.50371125481826,0.8528360518424266,1,1,1,1,1,2,1,1,1,3,1.0,1.0,1.0
228,False,0.9489147161697394,0.9676371267285695,0.9778703306681464,0.9717414381475245,0.9451612041166585,0.9557199272524238,0.835087675066497,0.805457891350858,0.4885894612152733,0.8047063598428958,1,1,1,1,1,2,2,1,1,3,1.0,1.0,1.0
773,False,0.9398351714186746,0.9760021456491248,0.9805865282194914,0.969979588820244,0.9436837787299736,0.9557676980010793,0.8419927123341634,0.8606344463735347,0.4319206119495555,0.8237768224368638,2,1,1,1,1,2,1,1,2,3,1.0,1.0,1.0
577,False,0.9429971614316336,0.974304175415498,0.9826671516463433,0.9696665727123506,0.9502204870783392,0.9539477836450466,0.904921616106925,0.6419030113915664,0.4881127039400421,0.8631968019927282,1,1,1,1,1,2,1,1,1,3,1.0,1.0,1.0
748,False,0.9526993820839917,0.9721455492932235,0.9837690111635172,0.9767362483824155,0.9466884453982293,0.9532815445814291,0.9012330685096622,0.838497579259722,0.3834682205676055,0.8299363490157882,1,1,1,1,1,2,2,1,2,3,1.0,1.0,1.0
414,False,0.9469047002396509,0.9723847727005125,0.9782292990536942,0.97547255793641,0.9474959464609405,0.9498116912327247,0.9132088337124752,0.7593311672874238,0.38548088779284834,0.852737327736585,1,1,1,1,1,2,1,1,1,3,1.0,1.0,1.0
411,False,0.9449922688909147,0.9723889014211595,0.9780536193832502,0.9645405713989154,0.9507897118956207,0.9564951050834541,0.9376774554565632,0.6728210749111799,0.4345752886728063,0.8915784564756399,1,1,1,1,1,2,1,1,1,3,1.0,1.0,1.0
925,False,0.9353960150400812,0.9710791069986421,0.9805445712348887,0.9668601256031718,0.9272041268424802,0.9527218165414689,0.8961366936886488,0.785663309808897,0.43458535866843423,0.865209619759506,1,1,1,1,1,2,1,1,1,3,1.0,1.0,1.0
472,False,0.9559883607087399,0.9730642935325751,0.9841678999375864,0.9714170139365909,0.9430331498269928,0.95400343678905,0.8881164417543164,0.821511933080935,0.37072798460415424,0.8826342369688088,1,1,1,1,1,2,2,1,2,3,1.0,1.0,1.0
127,False,0.9440741624400644,0.9671172731754767,0.9813839918853298,0.9716512129773914,0.9555075369034912,0.9544549527127925,0.8520407768941238,0.7910097468039871,0.3633136740934906,0.8598062820489257,1,1,1,1,1,2,2,1,2,3,1.0,1.0,1.0
29,False,0.9432202636564133,0.9718954680468259,0.9824318527702532,0.979470074400053,0.9630319306742645,0.9585542168674699,0.9059742529519588,0.8384897745149449,0.3792678689870819,0.8589075322917485,1,1,1,1,1,2,1,1,2,2,1.0,1.0,1.0
894,False,0.9446319006858339,0.9779179524208509,0.9817930021984009,0.960080906922872,0.9460607593940746,0.9521531552229318,0.909123813660384,0.7453531959523764,0.31367880192994546,0.8869117997104605,1,1,1,1,1,2,1,1,1,2,1.0,1.0,1.0
742,False,0.9519600064596309,0.9690675494829668,0.9809060038071677,0.9660611722716034,0.9467634924421121,0.9591938269496162,0.9028922303082192,0.8311461186902672,0.4047142647991801,0.8620558644884023,1,1,1,1,1,2,1,1,2,2,1.0,1.0,1.0
45,False,0.9520465811170931,0.9681677616238268,0.9819863481525631,0.9616404974032371,0.9245866439098582,0.9594575610729567,0.9113054006827483,0.6846087626296951,0.4235482540221796,0.85837117267236,1,1,1,1,1,2,2,1,2,3,1.0,1.0,1.0
231,False,0.936655281633475,0.9698802349999425,0.9827644588444727,0.9732843467325722,0.9431822238416286,0.9586079285041808,0.8876869902115614,0.8372602668672278,0.403132189366597,0.8485933384611799,1,1,1,1,1,2,1,1,1,2,1.0,1.0,1.0
733,False,0.927605648083621,0.9711570934481504,0.9782655122171305,0.9509664021360231,0.9289411296657905,0.9557444080226961,0.9081114493092952,0.7909413833390373,0.4380633770095716,0.863166960328058,1,2,1,1,1,2,1,1,2,2,1.0,1.0,1.0
631,False,0.944624118199408,0.9765822977384259,0.9829135737603124,0.9601902418330016,0.9450743091794551,0.9468391774745623,0.8902000238144132,0.5679563856519375,0.33568075117370894,0.7764770541357516,1,1,1,1,1,2,1,1,1,2,1.0,1.0,1.0
209,False,0.9437382777395316,0.9742157526517716,0.9858035659319547,0.9733907574781075,0.9499289195775792,0.9564949778425255,0.8119391052333522,0.851432080844174,0.38730299230409876,0.8432400852292253,1,1,1,1,1,2,2,1,1,2,1.0,1.0,1.0
706,False,0.9504723223378888,0.9744631705577518,0.9834730386558218,0.9761079420410775,0.9435136900913816,0.9601225262846038,0.8979055750878955,0.8112802105381761,0.5069120205071866,0.8564080409882066,1,2,1,1,1,2,2,1,2,3,1.0,1.0,1.0
107,False,0.9426757199233213,0.9721229994788158,0.9787628281470999,0.9688106046402984,0.9415119248225594,0.9592811379008799,0.9146793941206246,0.7544148054916969,0.37479362864783167,0.854844401209312,1,1,1,1,1,2,1,1,1,3,1.0,1.0,1.0
355,False,0.9384352546435345,0.9712082885373068,0.9789465685041678,0.9735500746905904,0.9598805946998639,0.9456185912023775,0.8816865609967176,0.8184225144827686,0.5935139514380346,0.8622333174111174,1,1,1,1,1,2,2,1,1,2,1.0,1.0,1.0
419,False,0.937572271463434,0.9727703049426722,0.9809952079456373,0.9786922937685422,0.9516513282271969,0.955343098900567,0.8402740768937952,0.8584595825829008,0.49128024874949305,0.8616115889542779,1,1,1,1,1,2,2,1,2,3,1.0,1.0,0.5
587,False,0.9400249623270486,0.9719547636691691,0.9807320278271253,0.9719478054153841,0.9289100193778768,0.9558204825517861,0.8754155786255653,0.7921184402476048,0.3933450137458513,0.8494842981881415,1,1,1,1,1,2,2,1,1,3,1.0,1.0,1.0
538,False,0.9452959894694893,0.9690404533810404,0.9821876030387687,0.9722864127245616,0.9506129952339556,0.9566555758916224,0.9149126749507828,0.7651580568219558,0.435866802789061,0.892244831628922,1,1,1,1,1,2,1,1,1,2,1.0,1.0,1.0
651,False,0.9437749194016039,0.9745980822015471,0.9838204481925582,0.9718154897206648,0.9354285726638425,0.94769971481263,0.9287310890206728,0.7513282815085794,0.3964215637367388,0.8556786464185304,1,1,1,1,1,2,1,1,1,2,1.0,1.0,1.0
68,False,0.9492095060464089,0.9777077504458699,0.9822811215928064,0.9738638209294822,0.952202325167045,0.9506423592890524,0.8772680061602378,0.8376972087378641,0.40693731915573467,0.8640353874094187,1,1,1,1,1,2,2,1,1,2,1.0,1.0,1.0
318,False,0.943653627197931,0.9708597666338985,0.9812554885988554,0.9747440963434454,0.9507154744480233,0.9565159376667921,0.8879286911343754,0.7793683253805953,0.4263538666853972,0.8896505714616715,1,1,1,1,1,2,1,1,2,3,1.0,1.0,1.0
517,False,0.9419863644739267,0.9710177846807413,0.9809116104334993,0.9710243620994924,0.9522971240739784,0.959507843081954,0.9260771173059151,0.6595862396016519,0.4790375501275975,0.8533215137585334,1,1,1,1,1,2,1,1,2,2,1.0,1.0,1.0
298,False,0.9443153832763236,0.9662633511532268,0.9809089337625906,0.9726025265379865,0.9508040802287822,0.9542672983266905,0.8926806721314158,0.857290853511735,0.3909252778289433,0.8795675675675676,1,2,1,1,1,2,1,1,2,2,1.0,1.0,1.0
647,False,0.9260655329279434,0.9718537512910906,0.9831841408173493,0.9760521841374078,0.9540750902268619,0.9535158787132944,0.8963607937651863,0.7968238443750052,0.5319638012797946,0.8341095457494053,1,1,1,1,1,2,1,1,1,2,1.0,1.0,1.0
281,False,0.947483369848704,0.9726812192626739,0.9827807394457235,0.97803235911354,0.9347741564329483,0.9595584898666139,0.9066388891222352,0.799162028530088,0.5001110441321108,0.8827004509932179,1,1,1,1,1,2,2,1,2,3,1.0,1.0,1.0
130,False,0.9419513576605055,0.9757475400005452,0.9805915635305238,0.969936289024864,0.953526427850148,0.9588176266735305,0.9048639330131757,0.8021571630038071,0.46605737744978254,0.8684935615880702,1,1,1,1,1,2,1,1,1,2,1.0,1.0,1.0
440,False,0.9325505758496294,0.9773370769835149,0.9802227489634502,0.9606168904185938,0.9399990674596476,0.9532611165820771,0.9189888761979441,0.7869180180853449,0.2951938639082401,0.8977883233504056,1,1,1,1,1,2,1,1,2,2,1.0,1.0,1.0
345,False,0.937747536396386,0.96946467193079,0.9813394145273984,0.9717356723445347,0.9549442075218448,0.9475099108203591,0.9065176401099525,0.8343366520027784,0.5873896985646991,0.8832085946291934,2,1,1,1,1,2,1,1,2,3,1.0,1.0,1.0
19,False,0.9457197499546872,0.9743788747057334,0.9826440991633574,0.9786586704246854,0.9378307194661851,0.9539896667018375,0.8959393150591094,0.7263108759919091,0.3373526668362588,0.8656351420246123,1,3,1,1,1,2,1,1,2,3,1.0,1.0,1.0
270,False,0.9476678705615852,0.9720927398756157,0.9692016029243152,0.9740843907710333,0.9421711984094867,0.9545459515409511,0.9236768544954214,0.6395663956639567,0.3030415258552845,0.8871193510260227,1,1,1,1,1,2,1,1,1,3,1.0,1.0,1.0
604,False,0.9359470637959486,0.9766473988439306,0.9811847982366593,0.9684566954805865,0.944216719458001,0.9582800998735368,0.8866168907064874,0.7753268917375628,0.5411835052427019,0.8549700444501707,1,1,1,1,1,2,2,1,2,3,1.0,1.0,0.5
429,False,0.9449178780998437,0.9764227734574559,0.9783500265240807,0.9706611186153077,0.9415703584696329,0.9568366713692499,0.8970180329604404,0.811433298502264,0.4397239047753205,0.8671332247917963,1,2,1,1,1,2,1,1,2,2,1.0,1.0,1.0
692,False,0.9564287544918669,0.9749272452792187,0.9836527237941286,0.9793126709890192,0.9509667613481615,0.9574520284982934,0.882847102907022,0.8506014274688012,0.366190829972405,0.8262267364117071,1,1,1,1,1,2,2,1,1,2,1.0,1.0,1.0
875,False,0.9385550331944711,0.9722851567918473,0.9820781096646358,0.96990369394119,0.9490253268307319,0.957729302010762,0.8866203782471435,0.8231049269954785,0.5562911988409996,0.8456057716352344,1,1,1,1,1,2,2,1,1,2,1.0,1.0,1.0
764,False,0.9484310250250286,0.9746729604450266,0.9806813448051337,0.9713051093190674,0.9527439761613351,0.9593431757310893,0.8967477167897412,0.8464732357874807,0.40222870188286886,0.8858451825748869,1,1,1,1,1,2,1,1,1,2,1.0,1.0,1.0
769,False,0.9391722620665882,0.9767169972543941,0.979606634825624,0.9653441947371919,0.9612397475888219,0.9556023495511471,0.924650870780031,0.843354752689765,0.3274754934673963,0.8916031187499331,2,1,1,1,1,2,1,1,2,2,1.0,1.0,1.0
889,False,0.948300807930579,0.9782877917204175,0.9826146871254047,0.9736615499812804,0.9499491620736749,0.9564309982391321,0.8806217150796043,0.8557443752991862,0.4567633213679255,0.8818793799841199,1,1,1,1,1,2,2,1,1,3,1.0,1.0,1.0
951,False,0.9423907238319531,0.9731992496502433,0.9795018050300393,0.970403096623872,0.9496678169008703,0.954154989791823,0.9242857591853412,0.6178749015505061,0.32172846494952356,0.8477003903613043,2,1,1,1,1,2,1,1,1,2,1.0,1.0,1.0
969,False,0.9451670444717217,0.970615199116521,0.9819996867808467,0.9727949538376532,0.9543685966285136,0.9517753089200924,0.8736504083541935,0.7920276361744581,0.5348500517063082,0.8329887333046777,1,1,1,1,1,2,1,1,2,2,1.0,1.0,1.0
344,False,0.9507058802263155,0.9714596403178586,0.9804995254422793,0.9676334015892638,0.9351028484312081,0.9597378214643099,0.898598035500889,0.7774258807115452,0.4337329509110043,0.8433640362291326,1,1,1,1,1,2,5,1,1,3,1.0,1.0,1.0
129,False,0.9461102714461452,0.9720540619179934,0.9796656730434469,0.975699075434591,0.9486099211156085,0.9551162712244704,0.9122551927765794,0.8241556990315371,0.5613568805735268,0.8524750162232316,1,1,1,1,1,2,2,1,2,3,1.0,1.0,1.0
754,False,0.9422886184701046,0.9672287106641274,0.981149759006388,0.970135773115849,0.9439964144190346,0.9583817327322297,0.8828208371908945,0.7654926472294636,0.6074072270380831,0.8788165979560568,1,1,1,1,1,2,1,1,2,3,1.0,1.0,1.0
368,False,0.9407008634485384,0.9679051745143136,0.98269954131669,0.9772478730334195,0.9404308312286176,0.9575603557814485,0.8761642366668525,0.7851113375054577,0.4651452988221058,0.8277553851554537,1,1,1,1,1,2,1,1,1,2,1.0,1.0,1.0
862,False,0.9393101042257206,0.9738611623021668,0.9827477915321273,0.9754566559061112,0.9549909306936262,0.9479917262046476,0.884386064639801,0.811119750105714,0.3561785111569473,0.8455716875756442,1,1,1,1,1,2,1,1,1,2,1.0,1.0,1.0
359,False,0.9493544948653253,0.9684431906065077,0.9829180796889326,0.9700066489277815,0.9554650175521318,0.9552048982645417,0.8687026123098404,0.8562935812622922,0.5095107116569171,0.8486572303464684,1,1,1,1,1,2,1,1,1,2,1.0,1.0,1.0
182,False,0.9552363009538872,0.9732972954077068,0.9790921250127074,0.9687124454470705,0.9590136883977829,0.9569549347726518,0.922448611408662,0.8356864625858298,0.4574141460086423,0.8805883744695417,1,1,1,1,1,2,1,1,2,3,1.0,1.0,1.0
126,False,0.9502092330761986,0.9727896205688499,0.9836950887199476,0.9765167069827587,0.9511132098710077,0.9594712313254061,0.8578627373027067,0.8006927027349815,0.6027050881419813,0.845427313610964,1,1,1,1,1,2,2,1,2,2,1.0,1.0,1.0
785,False,0.9463579220130709,0.9767547662751546,0.9825252849844198,0.9721757640261517,0.9508548832650782,0.9580564709675108,0.8189032418775133,0.8302427867698804,0.5200633579725449,0.8634508607404768,1,1,1,1,1,2,2,1,1,3,1.0,1.0,1.0
483,False,0.9448442757328173,0.9676895056412876,0.9808658246065622,0.980134760972863,0.9511937181080296,0.9535299078578697,0.8908296582423598,0.8146319750738478,0.5642456424564246,0.8863938384810846,1,1,1,1,1,2,2,1,2,3,1.0,1.0,1.0
441,False,0.9462556206126872,0.9727755272345078,0.9823163498815513,0.974700484265246,0.9546809869256887,0.955739844664583,0.8963201072319511,0.8340969858302217,0.4887124915093963,0.8831595754672678,1,1,1,1,1,2,2,1,1,2,1.0,1.0,1.0
855,False,0.943013282243251,0.9739648848611654,0.9805713478448457,0.9717894777349487,0.9471819548776874,0.9504983833299517,0.914494477343802,0.737236459288191,0.34456308151234644,0.8445568703671945,1,1,1,1,1,2,1,1,2,2,1.0,1.0,1.0
574,False,0.94464691493165,0.9697937945018861,0.981112343963243,0.9712842404263989,0.9402510331650719,0.9530570691024095,0.8904708405678684,0.8554185027441291,0.6512463507747586,0.8635270173851678,1,1,1,1,1,2,3,1,1,2,1.0,1.0,1.0
877,False,0.944715569458394,0.9761233395403066,0.9834017079839861,0.9761527236747471,0.9408860343818812,0.9532112132716948,0.8032412107539011,0.858663214631436,0.48729744291101995,0.8582384976525822,1,1,1,1,1,2,2,1,1,3,1.0,1.0,1.0
232,False,0.9453151215315122,0.9716076325954734,0.9836700726513263,0.9656526845710842,0.9586173546953,0.9562557157756766,0.8430216812960987,0.82274007459684,0.34621599528544,0.8556049776966748,1,1,1,1,1,2,2,1,1,3,1.0,1.0,1.0
289,False,0.9426017505680853,0.977320659235451,0.9845636206492865,0.9745283079369965,0.9444833378939358,0.9559984180752102,0.8641949965156042,0.8613189055858581,0.39471413426690666,0.8434022579209323,1,1,1,1,1,2,2,1,1,2,1.0,1.0,1.0
896,False,0.9372670473427367,0.970356168529429,0.9793119824285418,0.9717045689503777,0.9468465055069311,0.9563761683007427,0.9101315519556091,0.762665250459951,0.362401372212693,0.8358476294773575,1,1,1,1,1,2,1,1,1,3,1.0,1.0,1.0
346,False,0.9426721943414067,0.9718616306075052,0.9817064937765038,0.9766410434564218,0.9522918504511704,0.9591276116095243,0.9076575327020512,0.8192609302825223,0.41616094744198023,0.8673658188877261,1,1,1,1,1,2,1,1,2,2,1.0,1.0,1.0
779,False,0.9466080174074027,0.969488184125576,0.9783949200726784,0.9788348670032107,0.9483404033165538,0.9550263941613303,0.8911074705714522,0.7966274847682935,0.35832632969143957,0.8634489416451664,1,1,1,1,1,2,2,1,1,2,1.0,1.0,1.0
897,False,0.9427833505562749,0.973132351729175,0.9810957494481419,0.9687273543206668,0.9424107748330063,0.958497455264084,0.908580757396757,0.7764951179820992,0.38639371381306864,0.8847022460497963,3,1,1,1,1,2,1,1,2,2,1.0,1.0,1.0
8,False,0.9408131418704635,0.9709459795841194,0.9824729135825184,0.9759654804302387,0.9363451632720571,0.9516546212381936,0.8837882605910621,0.729005109708446,0.3034002023738777,0.8853968796542716,1,1,1,1,1,2,1,1,2,3,1.0,1.0,1.0
912,False,0.9508565949737756,0.9738114238359781,0.9820386427584873,0.9742025414512138,0.9402339397602861,0.9539229479412591,0.9058143139577615,0.8020059315179293,0.5073538175490453,0.8755642697551411,1,1,1,1,1,2,1,1,1,3,1.0,1.0,1.0
776,False,0.9521906924998038,0.9755263510223434,0.9815499189278614,0.9690294414621212,0.9587849428649053,0.9537367435168764,0.858079232961823,0.8121852188768831,0.5748248168175855,0.8566776484369281,1,1,1,1,1,2,1,1,1,3,1.0,1.0,1.0
